trial0008001, AA, 2094, 6, 349.000000, 11.333333, ZIP, 6452, 34, 189.764706, 7.529412, 
trial0008002, AA, 1380, 6, 230.000000, 8.000000, ZIP, 5474, 34, 161.000000, 6.000000, 
trial0008003, AA, 1200, 6, 200.000000, 11.000000, ZIP, 6995, 34, 205.735294, 7.411765, 
trial0008004, AA, 762, 6, 127.000000, 10.500000, ZIP, 6714, 34, 197.470588, 7.147059, 
trial0008005, AA, 2849, 6, 474.833333, 10.500000, ZIP, 5640, 34, 165.882353, 6.911765, 
trial0008006, AA, 706, 6, 117.666667, 6.500000, ZIP, 6414, 34, 188.647059, 6.852941, 
trial0008007, AA, 1988, 6, 331.333333, 12.833333, ZIP, 6648, 34, 195.529412, 7.441176, 
trial0008008, AA, 1712, 6, 285.333333, 13.500000, ZIP, 6744, 34, 198.352941, 7.205882, 
trial0008009, AA, 737, 6, 122.833333, 5.500000, ZIP, 7702, 34, 226.529412, 8.617647, 
trial0008010, AA, 1950, 6, 325.000000, 10.833333, ZIP, 6202, 34, 182.411765, 7.088235, 
trial0008011, AA, 2561, 6, 426.833333, 11.333333, ZIP, 6639, 34, 195.264706, 7.705882, 
trial0008012, AA, 1110, 6, 185.000000, 10.833333, ZIP, 6158, 34, 181.117647, 6.147059, 
trial0008013, AA, 2146, 6, 357.666667, 12.500000, ZIP, 5576, 34, 164.000000, 6.323529, 
trial0008014, AA, 1572, 6, 262.000000, 10.333333, ZIP, 6616, 34, 194.588235, 6.705882, 
trial0008015, AA, 1110, 6, 185.000000, 7.333333, ZIP, 6461, 34, 190.029412, 7.647059, 
trial0008016, AA, 234, 6, 39.000000, 3.833333, ZIP, 7074, 34, 208.058824, 7.558824, 
trial0008017, AA, 621, 6, 103.500000, 5.666667, ZIP, 7077, 34, 208.147059, 7.764706, 
trial0008018, AA, 2067, 6, 344.500000, 12.000000, ZIP, 6563, 34, 193.029412, 7.235294, 
trial0008019, AA, 827, 6, 137.833333, 5.333333, ZIP, 6084, 34, 178.941176, 6.352941, 
trial0008020, AA, 814, 6, 135.666667, 8.000000, ZIP, 6331, 34, 186.205882, 6.117647, 
trial0008021, AA, 1739, 6, 289.833333, 8.000000, ZIP, 7020, 34, 206.470588, 7.705882, 
trial0008022, AA, 143, 6, 23.833333, 2.833333, ZIP, 5351, 34, 157.382353, 5.382353, 
trial0008023, AA, 2338, 6, 389.666667, 13.333333, ZIP, 6313, 34, 185.676471, 6.470588, 
trial0008024, AA, 2232, 6, 372.000000, 8.166667, ZIP, 5837, 34, 171.676471, 7.441176, 
trial0008025, AA, 1349, 6, 224.833333, 9.000000, ZIP, 6987, 34, 205.500000, 7.411765, 
trial0008026, AA, 811, 6, 135.166667, 7.000000, ZIP, 7649, 34, 224.970588, 7.647059, 
trial0008027, AA, 1448, 6, 241.333333, 8.000000, ZIP, 5289, 34, 155.558824, 6.529412, 
trial0008028, AA, 1186, 6, 197.666667, 10.500000, ZIP, 6521, 34, 191.794118, 6.794118, 
trial0008029, AA, 987, 6, 164.500000, 6.166667, ZIP, 7243, 34, 213.029412, 6.970588, 
trial0008030, AA, 1302, 6, 217.000000, 10.333333, ZIP, 5717, 34, 168.147059, 6.352941, 
trial0008031, AA, 906, 6, 151.000000, 7.000000, ZIP, 7495, 34, 220.441176, 7.411765, 
trial0008032, AA, 1605, 6, 267.500000, 10.666667, ZIP, 6628, 34, 194.941176, 7.352941, 
trial0008033, AA, 372, 6, 62.000000, 3.666667, ZIP, 8532, 34, 250.941176, 8.647059, 
trial0008034, AA, 1796, 6, 299.333333, 8.000000, ZIP, 6740, 34, 198.235294, 7.588235, 
trial0008035, AA, 1903, 6, 317.166667, 8.666667, ZIP, 6187, 34, 181.970588, 7.411765, 
trial0008036, AA, 1873, 6, 312.166667, 8.000000, ZIP, 6160, 34, 181.176471, 7.411765, 
trial0008037, AA, 1025, 6, 170.833333, 4.333333, ZIP, 6552, 34, 192.705882, 8.294118, 
trial0008038, AA, 2004, 6, 334.000000, 8.000000, ZIP, 5420, 34, 159.411765, 6.882353, 
trial0008039, AA, 2220, 6, 370.000000, 13.000000, ZIP, 6321, 34, 185.911765, 7.117647, 
trial0008040, AA, 995, 6, 165.833333, 6.500000, ZIP, 6684, 34, 196.588235, 6.735294, 
trial0008041, AA, 849, 6, 141.500000, 5.333333, ZIP, 5882, 34, 173.000000, 5.647059, 
trial0008042, AA, 2589, 6, 431.500000, 13.666667, ZIP, 5871, 34, 172.676471, 6.647059, 
trial0008043, AA, 1250, 6, 208.333333, 11.166667, ZIP, 7397, 34, 217.558824, 7.794118, 
trial0008044, AA, 1685, 6, 280.833333, 8.333333, ZIP, 7068, 34, 207.882353, 7.823529, 
trial0008045, AA, 106, 6, 17.666667, 2.500000, ZIP, 5805, 34, 170.735294, 5.970588, 
trial0008046, AA, 1253, 6, 208.833333, 6.666667, ZIP, 7108, 34, 209.058824, 7.882353, 
trial0008047, AA, 1765, 6, 294.166667, 11.666667, ZIP, 6235, 34, 183.382353, 6.529412, 
trial0008048, AA, 1805, 6, 300.833333, 13.333333, ZIP, 6092, 34, 179.176471, 6.882353, 
trial0008049, AA, 1383, 6, 230.500000, 6.000000, ZIP, 7446, 34, 219.000000, 8.117647, 
trial0008050, AA, 836, 6, 139.333333, 5.833333, ZIP, 6994, 34, 205.705882, 6.676471, 
trial0008051, AA, 1260, 6, 210.000000, 8.000000, ZIP, 5316, 34, 156.352941, 5.352941, 
trial0008052, AA, 729, 6, 121.500000, 5.166667, ZIP, 7795, 34, 229.264706, 8.794118, 
trial0008053, AA, 70, 6, 11.666667, 2.000000, ZIP, 8280, 34, 243.529412, 8.294118, 
trial0008054, AA, 1088, 6, 181.333333, 10.000000, ZIP, 7529, 34, 221.441176, 7.411765, 
trial0008055, AA, 3061, 6, 510.166667, 12.666667, ZIP, 5707, 34, 167.852941, 7.588235, 
trial0008056, AA, 1636, 6, 272.666667, 8.500000, ZIP, 6705, 34, 197.205882, 7.794118, 
trial0008057, AA, 673, 6, 112.166667, 8.000000, ZIP, 7148, 34, 210.235294, 7.294118, 
trial0008058, AA, 1770, 6, 295.000000, 8.000000, ZIP, 5625, 34, 165.441176, 7.411765, 
trial0008059, AA, 1031, 6, 171.833333, 5.333333, ZIP, 6594, 34, 193.941176, 7.588235, 
trial0008060, AA, 1462, 6, 243.666667, 11.500000, ZIP, 7221, 34, 212.382353, 7.441176, 
trial0008061, AA, 747, 6, 124.500000, 5.166667, ZIP, 7410, 34, 217.941176, 7.970588, 
trial0008062, AA, 1019, 6, 169.833333, 5.166667, ZIP, 6759, 34, 198.794118, 7.441176, 
trial0008063, AA, 737, 6, 122.833333, 5.833333, ZIP, 5544, 34, 163.058824, 6.147059, 
trial0008064, AA, 298, 6, 49.666667, 5.333333, ZIP, 8164, 34, 240.117647, 8.058824, 
trial0008065, AA, 1661, 6, 276.833333, 10.500000, ZIP, 7195, 34, 211.617647, 7.441176, 
trial0008066, AA, 1905, 6, 317.500000, 11.500000, ZIP, 6614, 34, 194.529412, 6.911765, 
trial0008067, AA, 1132, 6, 188.666667, 6.666667, ZIP, 6066, 34, 178.411765, 6.705882, 
trial0008068, AA, 1004, 6, 167.333333, 7.833333, ZIP, 6706, 34, 197.235294, 7.147059, 
trial0008069, AA, 854, 6, 142.333333, 3.833333, ZIP, 6728, 34, 197.882353, 7.794118, 
trial0008070, AA, 957, 6, 159.500000, 5.333333, ZIP, 6582, 34, 193.588235, 7.117647, 
trial0008071, AA, 1303, 6, 217.166667, 9.166667, ZIP, 7252, 34, 213.294118, 7.676471, 
trial0008072, AA, 948, 6, 158.000000, 7.500000, ZIP, 7678, 34, 225.823529, 7.735294, 
trial0008073, AA, 1747, 6, 291.166667, 11.500000, ZIP, 6313, 34, 185.676471, 6.911765, 
trial0008074, AA, 1765, 6, 294.166667, 13.166667, ZIP, 6421, 34, 188.852941, 6.500000, 
trial0008075, AA, 1554, 6, 259.000000, 9.333333, ZIP, 6886, 34, 202.529412, 8.352941, 
trial0008076, AA, 1438, 6, 239.666667, 8.500000, ZIP, 6708, 34, 197.294118, 7.676471, 
trial0008077, AA, 222, 6, 37.000000, 3.500000, ZIP, 8029, 34, 236.147059, 7.676471, 
trial0008078, AA, 1948, 6, 324.666667, 10.000000, ZIP, 6040, 34, 177.647059, 7.294118, 
trial0008079, AA, 1555, 6, 259.166667, 6.333333, ZIP, 6704, 34, 197.176471, 6.823529, 
trial0008080, AA, 1229, 6, 204.833333, 13.500000, ZIP, 7273, 34, 213.911765, 6.794118, 
trial0008081, AA, 1116, 6, 186.000000, 7.666667, ZIP, 7529, 34, 221.441176, 7.588235, 
trial0008082, AA, 3162, 6, 527.000000, 13.166667, ZIP, 5381, 34, 158.264706, 6.558824, 
trial0008083, AA, 1305, 6, 217.500000, 10.666667, ZIP, 6583, 34, 193.617647, 7.000000, 
trial0008084, AA, 1579, 6, 263.166667, 8.166667, ZIP, 6604, 34, 194.235294, 7.029412, 
trial0008085, AA, 1232, 6, 205.333333, 8.333333, ZIP, 6652, 34, 195.647059, 6.705882, 
trial0008086, AA, 2474, 6, 412.333333, 15.666667, ZIP, 5463, 34, 160.676471, 6.117647, 
trial0008087, AA, 1613, 6, 268.833333, 8.000000, ZIP, 6954, 34, 204.529412, 8.176471, 
trial0008088, AA, 1298, 6, 216.333333, 10.833333, ZIP, 6693, 34, 196.852941, 7.205882, 
trial0008089, AA, 787, 6, 131.166667, 8.000000, ZIP, 6923, 34, 203.617647, 7.588235, 
trial0008090, AA, 735, 6, 122.500000, 10.000000, ZIP, 6913, 34, 203.323529, 7.058824, 
trial0008091, AA, 1481, 6, 246.833333, 13.166667, ZIP, 6862, 34, 201.823529, 7.323529, 
trial0008092, AA, 1809, 6, 301.500000, 8.000000, ZIP, 6817, 34, 200.500000, 7.941176, 
trial0008093, AA, 565, 6, 94.166667, 6.666667, ZIP, 6904, 34, 203.058824, 7.588235, 
trial0008094, AA, 1121, 6, 186.833333, 7.333333, ZIP, 7429, 34, 218.500000, 7.176471, 
trial0008095, AA, 2821, 6, 470.166667, 13.333333, ZIP, 5425, 34, 159.558824, 6.411765, 
trial0008096, AA, 2677, 6, 446.166667, 13.000000, ZIP, 5525, 34, 162.500000, 5.588235, 
trial0008097, AA, 1225, 6, 204.166667, 9.166667, ZIP, 6763, 34, 198.911765, 7.264706, 
trial0008098, AA, 523, 6, 87.166667, 9.666667, ZIP, 8085, 34, 237.794118, 7.529412, 
trial0008099, AA, 1048, 6, 174.666667, 8.666667, ZIP, 7735, 34, 227.500000, 8.176471, 
trial0008100, AA, 1351, 6, 225.166667, 9.000000, ZIP, 6407, 34, 188.441176, 6.823529, 
trial0008101, AA, 884, 6, 147.333333, 15.166667, ZIP, 3776, 34, 111.058824, 7.676471, 
trial0008102, AA, 1108, 6, 184.666667, 11.000000, ZIP, 3153, 34, 92.735294, 7.058824, 
trial0008103, AA, 967, 6, 161.166667, 10.500000, ZIP, 3668, 34, 107.882353, 7.500000, 
trial0008104, AA, 781, 6, 130.166667, 8.666667, ZIP, 4044, 34, 118.941176, 8.176471, 
trial0008105, AA, 949, 6, 158.166667, 9.833333, ZIP, 3567, 34, 104.911765, 7.676471, 
trial0008106, AA, 358, 6, 59.666667, 8.166667, ZIP, 4038, 34, 118.764706, 8.676471, 
trial0008107, AA, 854, 6, 142.333333, 13.000000, ZIP, 3921, 34, 115.323529, 7.411765, 
trial0008108, AA, 471, 6, 78.500000, 8.000000, ZIP, 3535, 34, 103.970588, 7.470588, 
trial0008109, AA, 398, 6, 66.333333, 6.000000, ZIP, 3974, 34, 116.882353, 8.176471, 
trial0008110, AA, 1099, 6, 183.166667, 9.666667, ZIP, 2669, 34, 78.500000, 5.588235, 
trial0008111, AA, 486, 6, 81.000000, 8.666667, ZIP, 3818, 34, 112.294118, 7.941176, 
trial0008112, AA, 1157, 6, 192.833333, 13.500000, ZIP, 3432, 34, 100.941176, 7.617647, 
trial0008113, AA, 910, 6, 151.666667, 9.500000, ZIP, 3516, 34, 103.411765, 7.852941, 
trial0008114, AA, 1263, 6, 210.500000, 12.000000, ZIP, 3099, 34, 91.147059, 6.411765, 
trial0008115, AA, 684, 6, 114.000000, 8.500000, ZIP, 3162, 34, 93.000000, 7.029412, 
trial0008116, AA, 506, 6, 84.333333, 8.666667, ZIP, 4254, 34, 125.117647, 7.882353, 
trial0008117, AA, 364, 6, 60.666667, 9.333333, ZIP, 4282, 34, 125.941176, 7.705882, 
trial0008118, AA, 604, 6, 100.666667, 10.666667, ZIP, 3500, 34, 102.941176, 6.470588, 
trial0008119, AA, 901, 6, 150.166667, 13.333333, ZIP, 3645, 34, 107.205882, 7.176471, 
trial0008120, AA, 489, 6, 81.500000, 7.666667, ZIP, 3933, 34, 115.676471, 7.823529, 
trial0008121, AA, 1303, 6, 217.166667, 9.000000, ZIP, 2669, 34, 78.500000, 6.000000, 
trial0008122, AA, 707, 6, 117.833333, 8.333333, ZIP, 3268, 34, 96.117647, 7.294118, 
trial0008123, AA, 647, 6, 107.833333, 10.000000, ZIP, 3484, 34, 102.470588, 7.000000, 
trial0008124, AA, 965, 6, 160.833333, 13.166667, ZIP, 3516, 34, 103.411765, 6.617647, 
trial0008125, AA, 473, 6, 78.833333, 6.666667, ZIP, 3607, 34, 106.088235, 7.529412, 
trial0008126, AA, 682, 6, 113.666667, 12.666667, ZIP, 3644, 34, 107.176471, 7.176471, 
trial0008127, AA, 305, 6, 50.833333, 5.500000, ZIP, 3904, 34, 114.823529, 7.382353, 
trial0008128, AA, 1156, 6, 192.666667, 10.666667, ZIP, 3148, 34, 92.588235, 6.941176, 
trial0008129, AA, 427, 6, 71.166667, 8.166667, ZIP, 3588, 34, 105.529412, 7.088235, 
trial0008130, AA, 293, 6, 48.833333, 3.333333, ZIP, 4073, 34, 119.794118, 7.941176, 
trial0008131, AA, 869, 6, 144.833333, 10.666667, ZIP, 3571, 34, 105.029412, 7.352941, 
trial0008132, AA, 1200, 6, 200.000000, 12.000000, ZIP, 2988, 34, 87.882353, 6.294118, 
trial0008133, AA, 910, 6, 151.666667, 9.833333, ZIP, 3158, 34, 92.882353, 6.147059, 
trial0008134, AA, 163, 6, 27.166667, 5.833333, ZIP, 4322, 34, 127.117647, 8.264706, 
trial0008135, AA, 1386, 6, 231.000000, 13.666667, ZIP, 3392, 34, 99.764706, 7.470588, 
trial0008136, AA, 913, 6, 152.166667, 11.666667, ZIP, 3307, 34, 97.264706, 6.411765, 
trial0008137, AA, 460, 6, 76.666667, 5.666667, ZIP, 4132, 34, 121.529412, 8.764706, 
trial0008138, AA, 204, 6, 34.000000, 5.833333, ZIP, 4142, 34, 121.823529, 8.264706, 
trial0008139, AA, 769, 6, 128.166667, 9.333333, ZIP, 3469, 34, 102.029412, 7.588235, 
trial0008140, AA, 1096, 6, 182.666667, 11.833333, ZIP, 3579, 34, 105.264706, 7.382353, 
trial0008141, AA, 446, 6, 74.333333, 6.000000, ZIP, 3446, 34, 101.352941, 6.352941, 
trial0008142, AA, 835, 6, 139.166667, 13.166667, ZIP, 3532, 34, 103.882353, 7.617647, 
trial0008143, AA, 908, 6, 151.333333, 10.500000, ZIP, 3697, 34, 108.735294, 8.147059, 
trial0008144, AA, 849, 6, 141.500000, 8.666667, ZIP, 3945, 34, 116.029412, 7.705882, 
trial0008145, AA, 643, 6, 107.166667, 11.166667, ZIP, 3620, 34, 106.470588, 5.911765, 
trial0008146, AA, 481, 6, 80.166667, 9.166667, ZIP, 4120, 34, 121.176471, 8.735294, 
trial0008147, AA, 445, 6, 74.166667, 6.833333, ZIP, 3550, 34, 104.411765, 7.911765, 
trial0008148, AA, 838, 6, 139.666667, 13.000000, ZIP, 3351, 34, 98.558824, 6.970588, 
trial0008149, AA, 239, 6, 39.833333, 3.333333, ZIP, 4084, 34, 120.117647, 8.352941, 
trial0008150, AA, 586, 6, 97.666667, 10.333333, ZIP, 3504, 34, 103.058824, 6.294118, 
trial0008151, AA, 703, 6, 117.166667, 12.333333, ZIP, 3671, 34, 107.970588, 7.411765, 
trial0008152, AA, 631, 6, 105.166667, 5.666667, ZIP, 3991, 34, 117.382353, 7.529412, 
trial0008153, AA, 261, 6, 43.500000, 4.833333, ZIP, 4300, 34, 126.470588, 8.500000, 
trial0008154, AA, 448, 6, 74.666667, 6.500000, ZIP, 4216, 34, 124.000000, 8.088235, 
trial0008155, AA, 440, 6, 73.333333, 11.000000, ZIP, 4069, 34, 119.676471, 8.470588, 
trial0008156, AA, 609, 6, 101.500000, 10.833333, ZIP, 4081, 34, 120.029412, 7.735294, 
trial0008157, AA, 737, 6, 122.833333, 8.166667, ZIP, 3974, 34, 116.882353, 7.500000, 
trial0008158, AA, 910, 6, 151.666667, 7.666667, ZIP, 3569, 34, 104.970588, 8.352941, 
trial0008159, AA, 547, 6, 91.166667, 11.333333, ZIP, 3794, 34, 111.588235, 7.470588, 
trial0008160, AA, 151, 6, 25.166667, 5.666667, ZIP, 4227, 34, 124.323529, 7.764706, 
trial0008161, AA, 291, 6, 48.500000, 7.666667, ZIP, 4436, 34, 130.470588, 8.470588, 
trial0008162, AA, 1110, 6, 185.000000, 12.166667, ZIP, 3261, 34, 95.911765, 7.205882, 
trial0008163, AA, 714, 6, 119.000000, 8.833333, ZIP, 3864, 34, 113.647059, 7.735294, 
trial0008164, AA, 1009, 6, 168.166667, 10.500000, ZIP, 3568, 34, 104.941176, 6.911765, 
trial0008165, AA, 496, 6, 82.666667, 7.500000, ZIP, 3777, 34, 111.088235, 7.323529, 
trial0008166, AA, 140, 6, 23.333333, 6.000000, ZIP, 4325, 34, 127.205882, 8.529412, 
trial0008167, AA, 611, 6, 101.833333, 5.833333, ZIP, 3739, 34, 109.970588, 7.323529, 
trial0008168, AA, 836, 6, 139.333333, 10.333333, ZIP, 3735, 34, 109.852941, 7.764706, 
trial0008169, AA, 688, 6, 114.666667, 8.666667, ZIP, 3793, 34, 111.558824, 8.058824, 
trial0008170, AA, 536, 6, 89.333333, 5.333333, ZIP, 3423, 34, 100.676471, 7.000000, 
trial0008171, AA, 654, 6, 109.000000, 6.000000, ZIP, 4111, 34, 120.911765, 9.176471, 
trial0008172, AA, 963, 6, 160.500000, 9.833333, ZIP, 3425, 34, 100.735294, 7.264706, 
trial0008173, AA, 405, 6, 67.500000, 6.500000, ZIP, 4177, 34, 122.852941, 7.970588, 
trial0008174, AA, 832, 6, 138.666667, 11.500000, ZIP, 3730, 34, 109.705882, 7.794118, 
trial0008175, AA, 1229, 6, 204.833333, 12.166667, ZIP, 3225, 34, 94.852941, 7.970588, 
trial0008176, AA, 570, 6, 95.000000, 10.166667, ZIP, 4197, 34, 123.441176, 8.558824, 
trial0008177, AA, 357, 6, 59.500000, 8.166667, ZIP, 4285, 34, 126.029412, 8.088235, 
trial0008178, AA, 473, 6, 78.833333, 10.333333, ZIP, 3912, 34, 115.058824, 7.470588, 
trial0008179, AA, 708, 6, 118.000000, 10.500000, ZIP, 3682, 34, 108.294118, 6.735294, 
trial0008180, AA, 1098, 6, 183.000000, 13.333333, ZIP, 3699, 34, 108.794118, 7.647059, 
trial0008181, AA, 1132, 6, 188.666667, 13.166667, ZIP, 3148, 34, 92.588235, 6.264706, 
trial0008182, AA, 815, 6, 135.833333, 10.000000, ZIP, 3606, 34, 106.058824, 8.235294, 
trial0008183, AA, 188, 6, 31.333333, 3.166667, ZIP, 3716, 34, 109.294118, 6.264706, 
trial0008184, AA, 184, 6, 30.666667, 4.333333, ZIP, 3974, 34, 116.882353, 8.235294, 
trial0008185, AA, 306, 6, 51.000000, 7.333333, ZIP, 4230, 34, 124.411765, 8.411765, 
trial0008186, AA, 486, 6, 81.000000, 9.666667, ZIP, 3564, 34, 104.823529, 6.647059, 
trial0008187, AA, 931, 6, 155.166667, 9.833333, ZIP, 3422, 34, 100.647059, 7.382353, 
trial0008188, AA, 798, 6, 133.000000, 9.666667, ZIP, 3455, 34, 101.617647, 7.294118, 
trial0008189, AA, 928, 6, 154.666667, 11.833333, ZIP, 3455, 34, 101.617647, 7.029412, 
trial0008190, AA, 281, 6, 46.833333, 4.833333, ZIP, 4118, 34, 121.117647, 8.382353, 
trial0008191, AA, 298, 6, 49.666667, 7.500000, ZIP, 3544, 34, 104.235294, 7.852941, 
trial0008192, AA, 143, 6, 23.833333, 6.666667, ZIP, 4603, 34, 135.382353, 8.411765, 
trial0008193, AA, 585, 6, 97.500000, 9.500000, ZIP, 3479, 34, 102.323529, 6.323529, 
trial0008194, AA, 106, 6, 17.666667, 3.166667, ZIP, 3746, 34, 110.176471, 7.441176, 
trial0008195, AA, 146, 6, 24.333333, 5.000000, ZIP, 3399, 34, 99.970588, 5.941176, 
trial0008196, AA, 545, 6, 90.833333, 8.666667, ZIP, 3836, 34, 112.823529, 8.058824, 
trial0008197, AA, 598, 6, 99.666667, 9.166667, ZIP, 2735, 34, 80.441176, 5.441176, 
trial0008198, AA, 827, 6, 137.833333, 9.666667, ZIP, 3625, 34, 106.617647, 6.823529, 
trial0008199, AA, 1096, 6, 182.666667, 10.500000, ZIP, 3224, 34, 94.823529, 7.382353, 
trial0008200, AA, 690, 6, 115.000000, 7.833333, ZIP, 3609, 34, 106.147059, 7.794118, 
trial0008201, AA, 447, 6, 74.500000, 8.666667, ZIP, 2376, 34, 69.882353, 7.352941, 
trial0008202, AA, 292, 6, 48.666667, 7.833333, ZIP, 2595, 34, 76.323529, 7.852941, 
trial0008203, AA, 167, 6, 27.833333, 6.833333, ZIP, 1855, 34, 54.558824, 4.970588, 
trial0008204, AA, 445, 6, 74.166667, 10.666667, ZIP, 2641, 34, 77.676471, 6.823529, 
trial0008205, AA, 451, 6, 75.166667, 10.166667, ZIP, 2371, 34, 69.735294, 7.205882, 
trial0008206, AA, 349, 6, 58.166667, 7.666667, ZIP, 2183, 34, 64.205882, 6.588235, 
trial0008207, AA, 408, 6, 68.000000, 6.500000, ZIP, 2702, 34, 79.470588, 7.441176, 
trial0008208, AA, 198, 6, 33.000000, 4.333333, ZIP, 2145, 34, 63.088235, 4.941176, 
trial0008209, AA, 363, 6, 60.500000, 7.500000, ZIP, 1912, 34, 56.235294, 5.323529, 
trial0008210, AA, 511, 6, 85.166667, 8.333333, ZIP, 2619, 34, 77.029412, 7.705882, 
trial0008211, AA, 363, 6, 60.500000, 6.666667, ZIP, 2599, 34, 76.441176, 7.941176, 
trial0008212, AA, 515, 6, 85.833333, 11.000000, ZIP, 2221, 34, 65.323529, 6.176471, 
trial0008213, AA, 707, 6, 117.833333, 13.333333, ZIP, 2255, 34, 66.323529, 5.764706, 
trial0008214, AA, 1020, 6, 170.000000, 13.166667, ZIP, 2029, 34, 59.676471, 6.205882, 
trial0008215, AA, 143, 6, 23.833333, 4.000000, ZIP, 2535, 34, 74.558824, 7.058824, 
trial0008216, AA, 267, 6, 44.500000, 9.000000, ZIP, 1843, 34, 54.205882, 4.941176, 
trial0008217, AA, 401, 6, 66.833333, 8.666667, ZIP, 2593, 34, 76.264706, 7.000000, 
trial0008218, AA, 503, 6, 83.833333, 10.000000, ZIP, 2226, 34, 65.470588, 7.470588, 
trial0008219, AA, 679, 6, 113.166667, 8.333333, ZIP, 1979, 34, 58.205882, 5.705882, 
trial0008220, AA, 286, 6, 47.666667, 10.166667, ZIP, 2696, 34, 79.294118, 7.676471, 
trial0008221, AA, 412, 6, 68.666667, 11.666667, ZIP, 2616, 34, 76.941176, 8.117647, 
trial0008222, AA, 557, 6, 92.833333, 15.333333, ZIP, 2011, 34, 59.147059, 6.470588, 
trial0008223, AA, 237, 6, 39.500000, 7.333333, ZIP, 2930, 34, 86.176471, 8.352941, 
trial0008224, AA, 548, 6, 91.333333, 11.333333, ZIP, 2338, 34, 68.764706, 6.529412, 
trial0008225, AA, 448, 6, 74.666667, 10.333333, ZIP, 2272, 34, 66.823529, 6.411765, 
trial0008226, AA, 812, 6, 135.333333, 15.333333, ZIP, 1973, 34, 58.029412, 6.705882, 
trial0008227, AA, 319, 6, 53.166667, 7.500000, ZIP, 2542, 34, 74.764706, 7.029412, 
trial0008228, AA, 519, 6, 86.500000, 8.166667, ZIP, 2509, 34, 73.794118, 7.147059, 
trial0008229, AA, 416, 6, 69.333333, 10.500000, ZIP, 1855, 34, 54.558824, 5.147059, 
trial0008230, AA, 305, 6, 50.833333, 5.833333, ZIP, 2507, 34, 73.735294, 6.323529, 
trial0008231, AA, 496, 6, 82.666667, 9.000000, ZIP, 2561, 34, 75.323529, 6.882353, 
trial0008232, AA, 395, 6, 65.833333, 6.666667, ZIP, 2678, 34, 78.764706, 7.117647, 
trial0008233, AA, 520, 6, 86.666667, 16.000000, ZIP, 2252, 34, 66.235294, 6.823529, 
trial0008234, AA, 193, 6, 32.166667, 6.000000, ZIP, 2817, 34, 82.852941, 7.000000, 
trial0008235, AA, 654, 6, 109.000000, 11.666667, ZIP, 2289, 34, 67.323529, 5.176471, 
trial0008236, AA, 565, 6, 94.166667, 14.333333, ZIP, 1643, 34, 48.323529, 5.470588, 
trial0008237, AA, 274, 6, 45.666667, 5.333333, ZIP, 2745, 34, 80.735294, 7.000000, 
trial0008238, AA, 529, 6, 88.166667, 10.166667, ZIP, 2146, 34, 63.117647, 6.617647, 
trial0008239, AA, 171, 6, 28.500000, 4.666667, ZIP, 2681, 34, 78.852941, 7.058824, 
trial0008240, AA, 498, 6, 83.000000, 7.500000, ZIP, 2210, 34, 65.000000, 6.205882, 
trial0008241, AA, 437, 6, 72.833333, 9.666667, ZIP, 2594, 34, 76.294118, 7.764706, 
trial0008242, AA, 265, 6, 44.166667, 5.500000, ZIP, 2433, 34, 71.558824, 6.500000, 
trial0008243, AA, 317, 6, 52.833333, 5.333333, ZIP, 2590, 34, 76.176471, 7.294118, 
trial0008244, AA, 428, 6, 71.333333, 5.333333, ZIP, 2290, 34, 67.352941, 5.647059, 
trial0008245, AA, 558, 6, 93.000000, 13.333333, ZIP, 2129, 34, 62.617647, 6.411765, 
trial0008246, AA, 117, 6, 19.500000, 2.000000, ZIP, 2155, 34, 63.382353, 4.941176, 
trial0008247, AA, 104, 6, 17.333333, 2.833333, ZIP, 2472, 34, 72.705882, 6.205882, 
trial0008248, AA, 259, 6, 43.166667, 8.666667, ZIP, 2691, 34, 79.147059, 7.000000, 
trial0008249, AA, 251, 6, 41.833333, 9.500000, ZIP, 2669, 34, 78.500000, 7.558824, 
trial0008250, AA, 400, 6, 66.666667, 8.166667, ZIP, 2505, 34, 73.676471, 6.794118, 
trial0008251, AA, 512, 6, 85.333333, 11.333333, ZIP, 2194, 34, 64.529412, 7.529412, 
trial0008252, AA, 435, 6, 72.500000, 9.333333, ZIP, 2468, 34, 72.588235, 7.176471, 
trial0008253, AA, 442, 6, 73.666667, 8.500000, ZIP, 2159, 34, 63.500000, 6.617647, 
trial0008254, AA, 474, 6, 79.000000, 11.666667, ZIP, 2038, 34, 59.941176, 7.058824, 
trial0008255, AA, 434, 6, 72.333333, 13.500000, ZIP, 1990, 34, 58.529412, 5.735294, 
trial0008256, AA, 725, 6, 120.833333, 9.333333, ZIP, 2227, 34, 65.500000, 7.294118, 
trial0008257, AA, 793, 6, 132.166667, 10.833333, ZIP, 2540, 34, 74.705882, 6.735294, 
trial0008258, AA, 463, 6, 77.166667, 10.166667, ZIP, 2170, 34, 63.823529, 6.500000, 
trial0008259, AA, 462, 6, 77.000000, 9.166667, ZIP, 2739, 34, 80.558824, 8.088235, 
trial0008260, AA, 419, 6, 69.833333, 9.000000, ZIP, 2249, 34, 66.147059, 6.705882, 
trial0008261, AA, 459, 6, 76.500000, 8.500000, ZIP, 2020, 34, 59.411765, 6.029412, 
trial0008262, AA, 197, 6, 32.833333, 3.833333, ZIP, 2497, 34, 73.441176, 6.323529, 
trial0008263, AA, 587, 6, 97.833333, 10.833333, ZIP, 1719, 34, 50.558824, 5.794118, 
trial0008264, AA, 444, 6, 74.000000, 11.000000, ZIP, 2203, 34, 64.794118, 6.705882, 
trial0008265, AA, 288, 6, 48.000000, 6.833333, ZIP, 2526, 34, 74.294118, 6.970588, 
trial0008266, AA, 505, 6, 84.166667, 8.666667, ZIP, 2200, 34, 64.705882, 7.000000, 
trial0008267, AA, 316, 6, 52.666667, 6.000000, ZIP, 2423, 34, 71.264706, 7.000000, 
trial0008268, AA, 208, 6, 34.666667, 7.666667, ZIP, 2457, 34, 72.264706, 6.764706, 
trial0008269, AA, 530, 6, 88.333333, 9.500000, ZIP, 2246, 34, 66.058824, 6.970588, 
trial0008270, AA, 463, 6, 77.166667, 11.000000, ZIP, 2514, 34, 73.941176, 7.411765, 
trial0008271, AA, 430, 6, 71.666667, 8.666667, ZIP, 2233, 34, 65.676471, 6.882353, 
trial0008272, AA, 557, 6, 92.833333, 12.833333, ZIP, 2229, 34, 65.558824, 5.382353, 
trial0008273, AA, 482, 6, 80.333333, 11.166667, ZIP, 2320, 34, 68.235294, 6.735294, 
trial0008274, AA, 416, 6, 69.333333, 14.833333, ZIP, 2270, 34, 66.764706, 7.264706, 
trial0008275, AA, 337, 6, 56.166667, 5.166667, ZIP, 2452, 34, 72.117647, 7.676471, 
trial0008276, AA, 613, 6, 102.166667, 12.000000, ZIP, 2159, 34, 63.500000, 6.529412, 
trial0008277, AA, 436, 6, 72.666667, 10.500000, ZIP, 2138, 34, 62.882353, 6.264706, 
trial0008278, AA, 417, 6, 69.500000, 10.500000, ZIP, 2011, 34, 59.147059, 5.147059, 
trial0008279, AA, 689, 6, 114.833333, 9.166667, ZIP, 2277, 34, 66.970588, 6.323529, 
trial0008280, AA, 319, 6, 53.166667, 8.333333, ZIP, 2540, 34, 74.705882, 7.235294, 
trial0008281, AA, 128, 6, 21.333333, 5.333333, ZIP, 2455, 34, 72.205882, 5.705882, 
trial0008282, AA, 828, 6, 138.000000, 9.333333, ZIP, 1663, 34, 48.911765, 4.647059, 
trial0008283, AA, 166, 6, 27.666667, 7.666667, ZIP, 2840, 34, 83.529412, 7.764706, 
trial0008284, AA, 567, 6, 94.500000, 12.500000, ZIP, 1918, 34, 56.411765, 5.441176, 
trial0008285, AA, 268, 6, 44.666667, 8.000000, ZIP, 1878, 34, 55.235294, 4.764706, 
trial0008286, AA, 178, 6, 29.666667, 10.000000, ZIP, 1642, 34, 48.294118, 3.588235, 
trial0008287, AA, 213, 6, 35.500000, 6.833333, ZIP, 2311, 34, 67.970588, 7.264706, 
trial0008288, AA, 403, 6, 67.166667, 9.333333, ZIP, 2333, 34, 68.617647, 7.352941, 
trial0008289, AA, 320, 6, 53.333333, 6.500000, ZIP, 2222, 34, 65.352941, 6.911765, 
trial0008290, AA, 292, 6, 48.666667, 10.000000, ZIP, 2526, 34, 74.294118, 6.823529, 
trial0008291, AA, 523, 6, 87.166667, 9.000000, ZIP, 2333, 34, 68.617647, 7.911765, 
trial0008292, AA, 348, 6, 58.000000, 9.333333, ZIP, 2326, 34, 68.411765, 7.117647, 
trial0008293, AA, 405, 6, 67.500000, 8.500000, ZIP, 1907, 34, 56.088235, 5.264706, 
trial0008294, AA, 428, 6, 71.333333, 10.666667, ZIP, 2314, 34, 68.058824, 6.705882, 
trial0008295, AA, 75, 6, 12.500000, 3.000000, ZIP, 2546, 34, 74.882353, 7.117647, 
trial0008296, AA, 648, 6, 108.000000, 11.333333, ZIP, 2290, 34, 67.352941, 7.117647, 
trial0008297, AA, 307, 6, 51.166667, 7.500000, ZIP, 2481, 34, 72.970588, 7.147059, 
trial0008298, AA, 483, 6, 80.500000, 12.500000, ZIP, 2606, 34, 76.647059, 6.441176, 
trial0008299, AA, 555, 6, 92.500000, 10.333333, ZIP, 1773, 34, 52.147059, 5.470588, 
trial0008300, AA, 307, 6, 51.166667, 7.500000, ZIP, 2419, 34, 71.147059, 6.676471, 
trial0008301, AA, 2092, 6, 348.666667, 13.333333, ZIP, 7165, 34, 210.735294, 7.411765, 
trial0008302, AA, 757, 6, 126.166667, 7.500000, ZIP, 8912, 34, 262.117647, 8.500000, 
trial0008303, AA, 1773, 6, 295.500000, 8.166667, ZIP, 7523, 34, 221.264706, 8.323529, 
trial0008304, AA, 1334, 6, 222.333333, 8.166667, ZIP, 7751, 34, 227.970588, 7.382353, 
trial0008305, AA, 1316, 6, 219.333333, 8.000000, ZIP, 6948, 34, 204.352941, 6.588235, 
trial0008306, AA, 753, 6, 125.500000, 7.500000, ZIP, 7924, 34, 233.058824, 7.794118, 
trial0008307, AA, 2692, 6, 448.666667, 10.666667, ZIP, 6816, 34, 200.470588, 6.941176, 
trial0008308, AA, 865, 6, 144.166667, 8.333333, ZIP, 8483, 34, 249.500000, 7.941176, 
trial0008309, AA, 777, 6, 129.500000, 6.166667, ZIP, 8226, 34, 241.941176, 8.205882, 
trial0008310, AA, 1120, 6, 186.666667, 10.166667, ZIP, 8177, 34, 240.500000, 7.676471, 
trial0008311, AA, 2235, 6, 372.500000, 12.833333, ZIP, 6392, 34, 188.000000, 6.676471, 
trial0008312, AA, 1577, 6, 262.833333, 8.500000, ZIP, 6215, 34, 182.794118, 6.147059, 
trial0008313, AA, 1282, 6, 213.666667, 5.500000, ZIP, 6769, 34, 199.088235, 7.323529, 
trial0008314, AA, 1442, 6, 240.333333, 7.500000, ZIP, 7744, 34, 227.764706, 7.852941, 
trial0008315, AA, 1169, 6, 194.833333, 5.333333, ZIP, 6447, 34, 189.617647, 6.117647, 
trial0008316, AA, 1935, 6, 322.500000, 10.833333, ZIP, 6225, 34, 183.088235, 5.500000, 
trial0008317, AA, 1492, 6, 248.666667, 8.833333, ZIP, 7595, 34, 223.382353, 6.617647, 
trial0008318, AA, 2445, 6, 407.500000, 11.666667, ZIP, 6442, 34, 189.470588, 6.588235, 
trial0008319, AA, 1157, 6, 192.833333, 10.666667, ZIP, 7482, 34, 220.058824, 7.470588, 
trial0008320, AA, 2476, 6, 412.666667, 10.333333, ZIP, 6915, 34, 203.382353, 7.176471, 
trial0008321, AA, 468, 6, 78.000000, 7.666667, ZIP, 8963, 34, 263.617647, 7.764706, 
trial0008322, AA, 1547, 6, 257.833333, 9.000000, ZIP, 8740, 34, 257.058824, 8.058824, 
trial0008323, AA, 1849, 6, 308.166667, 8.000000, ZIP, 6762, 34, 198.882353, 6.470588, 
trial0008324, AA, 1992, 6, 332.000000, 10.666667, ZIP, 6457, 34, 189.911765, 7.176471, 
trial0008325, AA, 2121, 6, 353.500000, 13.000000, ZIP, 6865, 34, 201.911765, 7.000000, 
trial0008326, AA, 1244, 6, 207.333333, 5.500000, ZIP, 6516, 34, 191.647059, 6.382353, 
trial0008327, AA, 1001, 6, 166.833333, 7.333333, ZIP, 8835, 34, 259.852941, 7.941176, 
trial0008328, AA, 1277, 6, 212.833333, 8.333333, ZIP, 6872, 34, 202.117647, 6.764706, 
trial0008329, AA, 1922, 6, 320.333333, 13.500000, ZIP, 7125, 34, 209.558824, 7.088235, 
trial0008330, AA, 1837, 6, 306.166667, 8.000000, ZIP, 6648, 34, 195.529412, 6.941176, 
trial0008331, AA, 1572, 6, 262.000000, 9.000000, ZIP, 6074, 34, 178.647059, 5.941176, 
trial0008332, AA, 585, 6, 97.500000, 8.833333, ZIP, 6518, 34, 191.705882, 5.617647, 
trial0008333, AA, 1043, 6, 173.833333, 10.666667, ZIP, 7351, 34, 216.205882, 6.823529, 
trial0008334, AA, 1441, 6, 240.166667, 8.000000, ZIP, 7343, 34, 215.970588, 6.941176, 
trial0008335, AA, 1152, 6, 192.000000, 8.333333, ZIP, 5820, 34, 171.176471, 5.764706, 
trial0008336, AA, 1375, 6, 229.166667, 7.666667, ZIP, 7018, 34, 206.411765, 6.470588, 
trial0008337, AA, 895, 6, 149.166667, 7.666667, ZIP, 8347, 34, 245.500000, 6.823529, 
trial0008338, AA, 1579, 6, 263.166667, 8.000000, ZIP, 7384, 34, 217.176471, 6.941176, 
trial0008339, AA, 897, 6, 149.500000, 5.666667, ZIP, 5866, 34, 172.529412, 5.764706, 
trial0008340, AA, 1839, 6, 306.500000, 8.833333, ZIP, 7337, 34, 215.794118, 7.352941, 
trial0008341, AA, 1161, 6, 193.500000, 10.666667, ZIP, 7056, 34, 207.529412, 7.000000, 
trial0008342, AA, 2823, 6, 470.500000, 13.333333, ZIP, 6806, 34, 200.176471, 7.058824, 
trial0008343, AA, 811, 6, 135.166667, 9.333333, ZIP, 8559, 34, 251.735294, 7.588235, 
trial0008344, AA, 2191, 6, 365.166667, 11.833333, ZIP, 7363, 34, 216.558824, 7.029412, 
trial0008345, AA, 2867, 6, 477.833333, 13.333333, ZIP, 6228, 34, 183.176471, 6.529412, 
trial0008346, AA, 1117, 6, 186.166667, 8.666667, ZIP, 7217, 34, 212.264706, 7.000000, 
trial0008347, AA, 2407, 6, 401.166667, 10.666667, ZIP, 6798, 34, 199.941176, 6.117647, 
trial0008348, AA, 2061, 6, 343.500000, 9.333333, ZIP, 6933, 34, 203.911765, 7.117647, 
trial0008349, AA, 2136, 6, 356.000000, 10.666667, ZIP, 6621, 34, 194.735294, 6.764706, 
trial0008350, AA, 609, 6, 101.500000, 5.833333, ZIP, 7647, 34, 224.911765, 6.617647, 
trial0008351, AA, 1430, 6, 238.333333, 8.500000, ZIP, 6294, 34, 185.117647, 6.852941, 
trial0008352, AA, 2043, 6, 340.500000, 13.000000, ZIP, 6917, 34, 203.441176, 7.294118, 
trial0008353, AA, 1083, 6, 180.500000, 9.000000, ZIP, 8909, 34, 262.029412, 7.647059, 
trial0008354, AA, 1333, 6, 222.166667, 8.833333, ZIP, 6903, 34, 203.029412, 6.676471, 
trial0008355, AA, 1468, 6, 244.666667, 8.500000, ZIP, 7756, 34, 228.117647, 7.323529, 
trial0008356, AA, 2073, 6, 345.500000, 10.500000, ZIP, 7471, 34, 219.735294, 6.852941, 
trial0008357, AA, 1039, 6, 173.166667, 10.333333, ZIP, 7697, 34, 226.382353, 7.588235, 
trial0008358, AA, 1028, 6, 171.333333, 4.000000, ZIP, 8036, 34, 236.352941, 7.411765, 
trial0008359, AA, 2551, 6, 425.166667, 13.333333, ZIP, 7441, 34, 218.852941, 7.470588, 
trial0008360, AA, 2103, 6, 350.500000, 8.666667, ZIP, 7771, 34, 228.558824, 7.588235, 
trial0008361, AA, 1256, 6, 209.333333, 9.666667, ZIP, 6152, 34, 180.941176, 5.000000, 
trial0008362, AA, 668, 6, 111.333333, 8.166667, ZIP, 8457, 34, 248.735294, 7.500000, 
trial0008363, AA, 659, 6, 109.833333, 8.166667, ZIP, 8616, 34, 253.411765, 7.911765, 
trial0008364, AA, 476, 6, 79.333333, 7.000000, ZIP, 9361, 34, 275.323529, 8.235294, 
trial0008365, AA, 1326, 6, 221.000000, 5.166667, ZIP, 7542, 34, 221.823529, 7.911765, 
trial0008366, AA, 905, 6, 150.833333, 8.000000, ZIP, 6983, 34, 205.382353, 7.058824, 
trial0008367, AA, 1424, 6, 237.333333, 9.333333, ZIP, 7857, 34, 231.088235, 7.117647, 
trial0008368, AA, 1549, 6, 258.166667, 8.166667, ZIP, 6736, 34, 198.117647, 6.911765, 
trial0008369, AA, 1306, 6, 217.666667, 5.666667, ZIP, 7446, 34, 219.000000, 6.823529, 
trial0008370, AA, 195, 6, 32.500000, 4.500000, ZIP, 8425, 34, 247.794118, 7.264706, 
trial0008371, AA, 695, 6, 115.833333, 7.833333, ZIP, 9030, 34, 265.588235, 8.029412, 
trial0008372, AA, 1267, 6, 211.166667, 6.000000, ZIP, 7453, 34, 219.205882, 7.647059, 
trial0008373, AA, 858, 6, 143.000000, 7.833333, ZIP, 8974, 34, 263.941176, 7.970588, 
trial0008374, AA, 1163, 6, 193.833333, 6.666667, ZIP, 8086, 34, 237.823529, 7.823529, 
trial0008375, AA, 994, 6, 165.666667, 7.500000, ZIP, 7050, 34, 207.352941, 7.441176, 
trial0008376, AA, 1813, 6, 302.166667, 10.500000, ZIP, 8016, 34, 235.764706, 7.794118, 
trial0008377, AA, 2356, 6, 392.666667, 9.333333, ZIP, 6395, 34, 188.088235, 6.352941, 
trial0008378, AA, 1275, 6, 212.500000, 6.166667, ZIP, 8577, 34, 252.264706, 8.205882, 
trial0008379, AA, 1041, 6, 173.500000, 10.333333, ZIP, 7866, 34, 231.352941, 7.647059, 
trial0008380, AA, 2605, 6, 434.166667, 7.666667, ZIP, 6798, 34, 199.941176, 7.294118, 
trial0008381, AA, 1498, 6, 249.666667, 10.000000, ZIP, 7908, 34, 232.588235, 7.117647, 
trial0008382, AA, 466, 6, 77.666667, 6.166667, ZIP, 8828, 34, 259.647059, 8.088235, 
trial0008383, AA, 2829, 6, 471.500000, 10.833333, ZIP, 6721, 34, 197.676471, 7.088235, 
trial0008384, AA, 2587, 6, 431.166667, 11.166667, ZIP, 7469, 34, 219.676471, 7.264706, 
trial0008385, AA, 2052, 6, 342.000000, 8.166667, ZIP, 7022, 34, 206.529412, 7.500000, 
trial0008386, AA, 660, 6, 110.000000, 5.333333, ZIP, 8298, 34, 244.058824, 8.000000, 
trial0008387, AA, 912, 6, 152.000000, 7.500000, ZIP, 8051, 34, 236.794118, 6.911765, 
trial0008388, AA, 1471, 6, 245.166667, 10.333333, ZIP, 7152, 34, 210.352941, 7.117647, 
trial0008389, AA, 1385, 6, 230.833333, 8.666667, ZIP, 8695, 34, 255.735294, 7.941176, 
trial0008390, AA, 107, 6, 17.833333, 3.500000, ZIP, 9416, 34, 276.941176, 8.382353, 
trial0008391, AA, 1097, 6, 182.833333, 5.500000, ZIP, 8934, 34, 262.764706, 8.500000, 
trial0008392, AA, 1516, 6, 252.666667, 11.000000, ZIP, 6612, 34, 194.470588, 6.000000, 
trial0008393, AA, 1007, 6, 167.833333, 8.000000, ZIP, 6482, 34, 190.647059, 6.352941, 
trial0008394, AA, 1519, 6, 253.166667, 9.500000, ZIP, 8182, 34, 240.647059, 7.970588, 
trial0008395, AA, 1918, 6, 319.666667, 8.333333, ZIP, 6924, 34, 203.647059, 6.764706, 
trial0008396, AA, 191, 6, 31.833333, 2.666667, ZIP, 6134, 34, 180.411765, 6.470588, 
trial0008397, AA, 547, 6, 91.166667, 5.333333, ZIP, 7847, 34, 230.794118, 7.294118, 
trial0008398, AA, 1129, 6, 188.166667, 9.166667, ZIP, 5044, 34, 148.352941, 4.323529, 
trial0008399, AA, 1577, 6, 262.833333, 10.666667, ZIP, 6605, 34, 194.264706, 6.529412, 
trial0008400, AA, 1522, 6, 253.666667, 10.666667, ZIP, 7937, 34, 233.441176, 7.764706, 
trial0008401, AA, 3637, 6, 606.166667, 10.666667, ZIP, 7070, 34, 207.941176, 6.705882, 
trial0008402, AA, 3346, 6, 557.666667, 12.333333, ZIP, 7574, 34, 222.764706, 6.470588, 
trial0008403, AA, 1117, 6, 186.166667, 8.666667, ZIP, 7425, 34, 218.382353, 6.294118, 
trial0008404, AA, 1817, 6, 302.833333, 8.000000, ZIP, 9976, 34, 293.411765, 8.000000, 
trial0008405, AA, 1143, 6, 190.500000, 5.666667, ZIP, 9907, 34, 291.382353, 7.235294, 
trial0008406, AA, 691, 6, 115.166667, 7.500000, ZIP, 9362, 34, 275.352941, 5.852941, 
trial0008407, AA, 1517, 6, 252.833333, 5.333333, ZIP, 9740, 34, 286.470588, 7.588235, 
trial0008408, AA, 1976, 6, 329.333333, 10.666667, ZIP, 8163, 34, 240.088235, 5.882353, 
trial0008409, AA, 2152, 6, 358.666667, 5.500000, ZIP, 9173, 34, 269.794118, 7.323529, 
trial0008410, AA, 1934, 6, 322.333333, 8.000000, ZIP, 7093, 34, 208.617647, 5.882353, 
trial0008411, AA, 3487, 6, 581.166667, 11.000000, ZIP, 8057, 34, 236.970588, 7.176471, 
trial0008412, AA, 3345, 6, 557.500000, 15.166667, ZIP, 9041, 34, 265.911765, 6.617647, 
trial0008413, AA, 2367, 6, 394.500000, 10.666667, ZIP, 7300, 34, 214.705882, 5.823529, 
trial0008414, AA, 1956, 6, 326.000000, 8.500000, ZIP, 7701, 34, 226.500000, 6.911765, 
trial0008415, AA, 5013, 6, 835.500000, 13.333333, ZIP, 7321, 34, 215.323529, 6.882353, 
trial0008416, AA, 2016, 6, 336.000000, 10.500000, ZIP, 8161, 34, 240.029412, 6.970588, 
trial0008417, AA, 1137, 6, 189.500000, 5.500000, ZIP, 10032, 34, 295.058824, 7.735294, 
trial0008418, AA, 1820, 6, 303.333333, 7.833333, ZIP, 10555, 34, 310.441176, 7.794118, 
trial0008419, AA, 253, 6, 42.166667, 3.833333, ZIP, 8878, 34, 261.117647, 6.323529, 
trial0008420, AA, 1323, 6, 220.500000, 7.833333, ZIP, 9339, 34, 274.676471, 7.500000, 
trial0008421, AA, 1590, 6, 265.000000, 7.666667, ZIP, 7991, 34, 235.029412, 6.294118, 
trial0008422, AA, 1923, 6, 320.500000, 9.000000, ZIP, 8005, 34, 235.441176, 5.882353, 
trial0008423, AA, 655, 6, 109.166667, 5.666667, ZIP, 7976, 34, 234.588235, 6.588235, 
trial0008424, AA, 1324, 6, 220.666667, 5.166667, ZIP, 6847, 34, 201.382353, 4.970588, 
trial0008425, AA, 1830, 6, 305.000000, 8.833333, ZIP, 6982, 34, 205.352941, 5.735294, 
trial0008426, AA, 2166, 6, 361.000000, 8.000000, ZIP, 7567, 34, 222.558824, 5.941176, 
trial0008427, AA, 961, 6, 160.166667, 3.833333, ZIP, 7731, 34, 227.382353, 7.029412, 
trial0008428, AA, 2034, 6, 339.000000, 8.500000, ZIP, 8076, 34, 237.529412, 6.970588, 
trial0008429, AA, 1267, 6, 211.166667, 2.833333, ZIP, 9959, 34, 292.911765, 8.147059, 
trial0008430, AA, 439, 6, 73.166667, 7.500000, ZIP, 8753, 34, 257.441176, 6.147059, 
trial0008431, AA, 1883, 6, 313.833333, 7.666667, ZIP, 8906, 34, 261.941176, 7.352941, 
trial0008432, AA, 2792, 6, 465.333333, 8.000000, ZIP, 7426, 34, 218.411765, 5.882353, 
trial0008433, AA, 1160, 6, 193.333333, 7.000000, ZIP, 7382, 34, 217.117647, 5.705882, 
trial0008434, AA, 2546, 6, 424.333333, 8.000000, ZIP, 7685, 34, 226.029412, 7.058824, 
trial0008435, AA, 1562, 6, 260.333333, 12.333333, ZIP, 10041, 34, 295.323529, 6.588235, 
trial0008436, AA, 1617, 6, 269.500000, 5.500000, ZIP, 6802, 34, 200.058824, 5.147059, 
trial0008437, AA, 2984, 6, 497.333333, 13.333333, ZIP, 9243, 34, 271.852941, 6.882353, 
trial0008438, AA, 2210, 6, 368.333333, 8.833333, ZIP, 10033, 34, 295.088235, 7.676471, 
trial0008439, AA, 2512, 6, 418.666667, 10.833333, ZIP, 7662, 34, 225.352941, 6.794118, 
trial0008440, AA, 1597, 6, 266.166667, 5.500000, ZIP, 8610, 34, 253.235294, 7.617647, 
trial0008441, AA, 3776, 6, 629.333333, 13.333333, ZIP, 7331, 34, 215.617647, 6.352941, 
trial0008442, AA, 1227, 6, 204.500000, 4.500000, ZIP, 8808, 34, 259.058824, 7.617647, 
trial0008443, AA, 953, 6, 158.833333, 7.000000, ZIP, 8617, 34, 253.441176, 6.529412, 
trial0008444, AA, 1655, 6, 275.833333, 6.000000, ZIP, 7106, 34, 209.000000, 6.058824, 
trial0008445, AA, 2375, 6, 395.833333, 10.333333, ZIP, 8701, 34, 255.911765, 7.294118, 
trial0008446, AA, 4036, 6, 672.666667, 14.000000, ZIP, 6468, 34, 190.235294, 5.882353, 
trial0008447, AA, 2130, 6, 355.000000, 8.000000, ZIP, 9294, 34, 273.352941, 7.529412, 
trial0008448, AA, 3833, 6, 638.833333, 10.666667, ZIP, 7688, 34, 226.117647, 7.176471, 
trial0008449, AA, 2521, 6, 420.166667, 8.000000, ZIP, 9339, 34, 274.676471, 7.235294, 
trial0008450, AA, 652, 6, 108.666667, 5.333333, ZIP, 6732, 34, 198.000000, 6.117647, 
trial0008451, AA, 662, 6, 110.333333, 7.666667, ZIP, 9934, 34, 292.176471, 7.294118, 
trial0008452, AA, 2862, 6, 477.000000, 9.833333, ZIP, 7327, 34, 215.500000, 6.911765, 
trial0008453, AA, 1894, 6, 315.666667, 7.666667, ZIP, 5569, 34, 163.794118, 4.764706, 
trial0008454, AA, 4942, 6, 823.666667, 16.000000, ZIP, 7656, 34, 225.176471, 6.941176, 
trial0008455, AA, 2280, 6, 380.000000, 7.666667, ZIP, 7622, 34, 224.176471, 5.941176, 
trial0008456, AA, 1401, 6, 233.500000, 9.333333, ZIP, 7624, 34, 224.235294, 6.294118, 
trial0008457, AA, 2720, 6, 453.333333, 10.500000, ZIP, 6888, 34, 202.588235, 4.794118, 
trial0008458, AA, 73, 6, 12.166667, 2.333333, ZIP, 9866, 34, 290.176471, 7.588235, 
trial0008459, AA, 504, 6, 84.000000, 5.000000, ZIP, 10088, 34, 296.705882, 7.352941, 
trial0008460, AA, 2770, 6, 461.666667, 8.000000, ZIP, 6595, 34, 193.970588, 6.058824, 
trial0008461, AA, 1802, 6, 300.333333, 8.833333, ZIP, 8498, 34, 249.941176, 7.382353, 
trial0008462, AA, 2151, 6, 358.500000, 8.000000, ZIP, 7408, 34, 217.882353, 5.764706, 
trial0008463, AA, 1807, 6, 301.166667, 7.500000, ZIP, 8229, 34, 242.029412, 6.147059, 
trial0008464, AA, 117, 6, 19.500000, 2.333333, ZIP, 11287, 34, 331.970588, 7.705882, 
trial0008465, AA, 1831, 6, 305.166667, 5.333333, ZIP, 6832, 34, 200.941176, 5.294118, 
trial0008466, AA, 2372, 6, 395.333333, 8.333333, ZIP, 8837, 34, 259.911765, 7.176471, 
trial0008467, AA, 1686, 6, 281.000000, 8.000000, ZIP, 9383, 34, 275.970588, 6.823529, 
trial0008468, AA, 917, 6, 152.833333, 10.000000, ZIP, 8901, 34, 261.794118, 6.235294, 
trial0008469, AA, 2149, 6, 358.166667, 13.333333, ZIP, 8345, 34, 245.441176, 6.529412, 
trial0008470, AA, 2343, 6, 390.500000, 8.000000, ZIP, 8661, 34, 254.735294, 7.117647, 
trial0008471, AA, 3259, 6, 543.166667, 10.666667, ZIP, 7739, 34, 227.617647, 6.529412, 
trial0008472, AA, 2341, 6, 390.166667, 13.166667, ZIP, 6586, 34, 193.705882, 5.500000, 
trial0008473, AA, 2844, 6, 474.000000, 10.500000, ZIP, 8450, 34, 248.529412, 7.205882, 
trial0008474, AA, 2518, 6, 419.666667, 7.500000, ZIP, 8440, 34, 248.235294, 7.264706, 
trial0008475, AA, 862, 6, 143.666667, 7.666667, ZIP, 7437, 34, 218.735294, 6.176471, 
trial0008476, AA, 1164, 6, 194.000000, 5.666667, ZIP, 9541, 34, 280.617647, 7.823529, 
trial0008477, AA, 1821, 6, 303.500000, 6.500000, ZIP, 7472, 34, 219.764706, 6.617647, 
trial0008478, AA, 1879, 6, 313.166667, 9.166667, ZIP, 8555, 34, 251.617647, 6.735294, 
trial0008479, AA, 1630, 6, 271.666667, 8.000000, ZIP, 9654, 34, 283.941176, 7.294118, 
trial0008480, AA, 3078, 6, 513.000000, 10.833333, ZIP, 8896, 34, 261.647059, 7.264706, 
trial0008481, AA, 1437, 6, 239.500000, 9.333333, ZIP, 7527, 34, 221.382353, 6.294118, 
trial0008482, AA, 3699, 6, 616.500000, 13.000000, ZIP, 8298, 34, 244.058824, 7.470588, 
trial0008483, AA, 1762, 6, 293.666667, 8.333333, ZIP, 9010, 34, 265.000000, 7.000000, 
trial0008484, AA, 2136, 6, 356.000000, 8.000000, ZIP, 8997, 34, 264.617647, 7.000000, 
trial0008485, AA, 155, 6, 25.833333, 4.333333, ZIP, 7503, 34, 220.676471, 5.352941, 
trial0008486, AA, 1150, 6, 191.666667, 8.166667, ZIP, 7953, 34, 233.911765, 6.911765, 
trial0008487, AA, 1550, 6, 258.333333, 5.500000, ZIP, 8669, 34, 254.970588, 7.205882, 
trial0008488, AA, 1538, 6, 256.333333, 10.333333, ZIP, 8910, 34, 262.058824, 6.470588, 
trial0008489, AA, 1691, 6, 281.833333, 7.000000, ZIP, 10792, 34, 317.411765, 7.882353, 
trial0008490, AA, 822, 6, 137.000000, 10.500000, ZIP, 9016, 34, 265.176471, 7.029412, 
trial0008491, AA, 2706, 6, 451.000000, 11.166667, ZIP, 7385, 34, 217.205882, 6.441176, 
trial0008492, AA, 3133, 6, 522.166667, 10.666667, ZIP, 6471, 34, 190.323529, 4.117647, 
trial0008493, AA, 2477, 6, 412.833333, 9.500000, ZIP, 8551, 34, 251.500000, 6.852941, 
trial0008494, AA, 775, 6, 129.166667, 3.666667, ZIP, 7190, 34, 211.470588, 5.941176, 
trial0008495, AA, 1631, 6, 271.833333, 8.000000, ZIP, 8654, 34, 254.529412, 7.000000, 
trial0008496, AA, 3147, 6, 524.500000, 11.166667, ZIP, 5805, 34, 170.735294, 5.676471, 
trial0008497, AA, 890, 6, 148.333333, 6.500000, ZIP, 8833, 34, 259.794118, 7.205882, 
trial0008498, AA, 1465, 6, 244.166667, 7.500000, ZIP, 5785, 34, 170.147059, 4.852941, 
trial0008499, AA, 2584, 6, 430.666667, 6.000000, ZIP, 8746, 34, 257.235294, 7.117647, 
trial0008500, AA, 1034, 6, 172.333333, 3.833333, ZIP, 7254, 34, 213.352941, 6.029412, 
