trial0004001, GDX, 122, 22, 5.545455, 0.500000, 0.007801, 0.007368, 0.000433, ZIP, 150, 18, 8.333333, 0.222222, 0.000659, 0.000005, 0.000654, 
trial0004002, GDX, 106, 22, 4.818182, 0.454545, 0.005748, 0.005490, 0.000258, ZIP, 383, 18, 21.277778, 0.777778, 0.000406, 0.000005, 0.000401, 
trial0004003, GDX, 139, 22, 6.318182, 0.272727, 0.006586, 0.006571, 0.000015, ZIP, 288, 18, 16.000000, 0.555556, 0.000026, 0.000005, 0.000020, 
trial0004004, GDX, 235, 22, 10.681818, 0.545455, 0.005883, 0.005657, 0.000226, ZIP, 416, 18, 23.111111, 0.666667, 0.000024, 0.000005, 0.000018, 
trial0004005, GDX, 342, 22, 15.545455, 0.500000, 0.005252, 0.004837, 0.000415, ZIP, 469, 18, 26.055556, 0.944444, 0.000663, 0.000346, 0.000316, 
trial0004006, GDX, 484, 22, 22.000000, 0.772727, 0.006718, 0.006700, 0.000018, ZIP, 166, 18, 9.222222, 0.277778, 0.000025, 0.000005, 0.000020, 
trial0004007, GDX, 373, 22, 16.954545, 0.772727, 0.004964, 0.004716, 0.000248, ZIP, 305, 18, 16.944444, 0.722222, 0.000280, 0.000005, 0.000275, 
trial0004008, GDX, 382, 22, 17.363636, 0.818182, 0.005305, 0.005287, 0.000018, ZIP, 333, 18, 18.500000, 0.666667, 0.000277, 0.000005, 0.000272, 
trial0004009, GDX, 145, 22, 6.590909, 0.590909, 0.005371, 0.005355, 0.000016, ZIP, 508, 18, 28.222222, 0.722222, 0.000252, 0.000005, 0.000247, 
trial0004010, GDX, 232, 22, 10.545455, 0.681818, 0.007170, 0.006986, 0.000184, ZIP, 306, 18, 17.000000, 0.555556, 0.000034, 0.000006, 0.000028, 
trial0004011, GDX, 211, 22, 9.590909, 0.500000, 0.005140, 0.005127, 0.000013, ZIP, 151, 18, 8.388889, 0.277778, 0.000277, 0.000261, 0.000016, 
trial0004012, GDX, 209, 22, 9.500000, 0.590909, 0.006484, 0.005673, 0.000811, ZIP, 399, 18, 22.166667, 0.611111, 0.001365, 0.000005, 0.001360, 
trial0004013, GDX, 432, 22, 19.636364, 0.772727, 0.005563, 0.005543, 0.000020, ZIP, 241, 18, 13.388889, 0.611111, 0.000990, 0.000006, 0.000984, 
trial0004014, GDX, 97, 22, 4.409091, 0.227273, 0.005464, 0.005210, 0.000254, ZIP, 185, 18, 10.277778, 0.333333, 0.000022, 0.000005, 0.000016, 
trial0004015, GDX, 212, 22, 9.636364, 0.590909, 0.005641, 0.005620, 0.000021, ZIP, 465, 18, 25.833333, 0.833333, 0.000713, 0.000006, 0.000707, 
trial0004016, GDX, 179, 22, 8.136364, 0.590909, 0.008904, 0.008649, 0.000255, ZIP, 418, 18, 23.222222, 0.555556, 0.000365, 0.000005, 0.000359, 
trial0004017, GDX, 480, 22, 21.818182, 1.227273, 0.005731, 0.005236, 0.000495, ZIP, 401, 18, 22.277778, 0.833333, 0.000653, 0.000005, 0.000648, 
trial0004018, GDX, 342, 22, 15.545455, 0.863636, 0.003967, 0.003760, 0.000207, ZIP, 813, 18, 45.166667, 1.277778, 0.000755, 0.000385, 0.000370, 
trial0004019, GDX, 192, 22, 8.727273, 0.909091, 0.005881, 0.005622, 0.000259, ZIP, 799, 18, 44.388889, 1.333333, 0.000028, 0.000005, 0.000023, 
trial0004020, GDX, 22, 22, 1.000000, 0.181818, 0.007225, 0.006931, 0.000294, ZIP, 438, 18, 24.333333, 0.666667, 0.000023, 0.000005, 0.000018, 
trial0004021, GDX, 46, 22, 2.090909, 0.318182, 0.005944, 0.005691, 0.000253, ZIP, 376, 18, 20.888889, 0.611111, 0.000023, 0.000005, 0.000018, 
trial0004022, GDX, 362, 22, 16.454545, 0.954545, 0.005298, 0.005093, 0.000204, ZIP, 457, 18, 25.388889, 0.722222, 0.000779, 0.000005, 0.000773, 
trial0004023, GDX, 663, 22, 30.136364, 1.318182, 0.005165, 0.005141, 0.000024, ZIP, 682, 18, 37.888889, 1.277778, 0.000035, 0.000006, 0.000029, 
trial0004024, GDX, 221, 22, 10.045455, 0.727273, 0.005677, 0.005656, 0.000021, ZIP, 755, 18, 41.944444, 1.333333, 0.000484, 0.000005, 0.000479, 
trial0004025, GDX, 94, 22, 4.272727, 0.272727, 0.007172, 0.007157, 0.000015, ZIP, 215, 18, 11.944444, 0.333333, 0.000023, 0.000005, 0.000018, 
trial0004026, GDX, 94, 22, 4.272727, 0.363636, 0.005574, 0.005346, 0.000228, ZIP, 702, 18, 39.000000, 1.333333, 0.000438, 0.000005, 0.000432, 
trial0004027, GDX, 391, 22, 17.772727, 0.818182, 0.005576, 0.005557, 0.000020, ZIP, 469, 18, 26.055556, 0.888889, 0.000824, 0.000290, 0.000534, 
trial0004028, GDX, 539, 22, 24.500000, 1.090909, 0.004104, 0.003873, 0.000231, ZIP, 579, 18, 32.166667, 1.333333, 0.000232, 0.000005, 0.000227, 
trial0004029, GDX, 340, 22, 15.454545, 1.000000, 0.004384, 0.004155, 0.000229, ZIP, 554, 18, 30.777778, 1.000000, 0.000253, 0.000232, 0.000021, 
trial0004030, GDX, 210, 22, 9.545455, 0.818182, 0.005162, 0.004516, 0.000646, ZIP, 541, 18, 30.055556, 0.888889, 0.000543, 0.000261, 0.000282, 
trial0004031, GDX, 106, 22, 4.818182, 0.363636, 0.004790, 0.004332, 0.000458, ZIP, 610, 18, 33.888889, 1.111111, 0.000254, 0.000006, 0.000248, 
trial0004032, GDX, 108, 22, 4.909091, 0.500000, 0.006624, 0.006269, 0.000355, ZIP, 614, 18, 34.111111, 1.055556, 0.000326, 0.000005, 0.000321, 
trial0004033, GDX, 634, 22, 28.818182, 1.227273, 0.005416, 0.005153, 0.000262, ZIP, 426, 18, 23.666667, 0.944444, 0.000585, 0.000005, 0.000579, 
trial0004034, GDX, 131, 22, 5.954545, 0.409091, 0.004989, 0.004975, 0.000014, ZIP, 347, 18, 19.277778, 0.500000, 0.000248, 0.000005, 0.000243, 
trial0004035, GDX, 115, 22, 5.227273, 0.363636, 0.005929, 0.005911, 0.000018, ZIP, 720, 18, 40.000000, 1.222222, 0.000252, 0.000232, 0.000020, 
trial0004036, GDX, 201, 22, 9.136364, 0.454545, 0.004725, 0.004710, 0.000016, ZIP, 389, 18, 21.611111, 0.777778, 0.000543, 0.000006, 0.000537, 
trial0004037, GDX, 184, 22, 8.363636, 0.363636, 0.007653, 0.007078, 0.000576, ZIP, 153, 18, 8.500000, 0.333333, 0.000541, 0.000006, 0.000536, 
trial0004038, GDX, 373, 22, 16.954545, 0.727273, 0.005184, 0.004743, 0.000440, ZIP, 509, 18, 28.277778, 1.166667, 0.000257, 0.000005, 0.000252, 
trial0004039, GDX, 84, 22, 3.818182, 0.454545, 0.006295, 0.006278, 0.000017, ZIP, 399, 18, 22.166667, 0.666667, 0.000027, 0.000005, 0.000021, 
trial0004040, GDX, 51, 22, 2.318182, 0.409091, 0.004862, 0.004846, 0.000016, ZIP, 396, 18, 22.000000, 0.611111, 0.000024, 0.000006, 0.000019, 
trial0004041, GDX, 22, 22, 1.000000, 0.227273, 0.005804, 0.005582, 0.000222, ZIP, 230, 18, 12.777778, 0.277778, 0.000603, 0.000005, 0.000598, 
trial0004042, GDX, 517, 22, 23.500000, 1.000000, 0.004047, 0.003630, 0.000417, ZIP, 460, 18, 25.555556, 1.000000, 0.000257, 0.000005, 0.000252, 
trial0004043, GDX, 327, 22, 14.863636, 0.636364, 0.005710, 0.005695, 0.000016, ZIP, 346, 18, 19.222222, 0.777778, 0.000024, 0.000006, 0.000019, 
trial0004044, GDX, 712, 22, 32.363636, 1.272727, 0.004901, 0.004882, 0.000019, ZIP, 268, 18, 14.888889, 0.555556, 0.000233, 0.000005, 0.000227, 
trial0004045, GDX, 890, 22, 40.454545, 1.727273, 0.005502, 0.005242, 0.000260, ZIP, 494, 18, 27.444444, 1.222222, 0.000591, 0.000261, 0.000330, 
trial0004046, GDX, 27, 22, 1.227273, 0.318182, 0.006106, 0.005812, 0.000294, ZIP, 264, 18, 14.666667, 0.500000, 0.000024, 0.000006, 0.000018, 
trial0004047, GDX, 53, 22, 2.409091, 0.590909, 0.006150, 0.006132, 0.000018, ZIP, 580, 18, 32.222222, 0.833333, 0.000025, 0.000005, 0.000020, 
trial0004048, GDX, 62, 22, 2.818182, 0.227273, 0.008326, 0.008309, 0.000017, ZIP, 285, 18, 15.833333, 0.500000, 0.001055, 0.000006, 0.001049, 
trial0004049, GDX, 152, 22, 6.909091, 0.500000, 0.005782, 0.005766, 0.000017, ZIP, 442, 18, 24.555556, 0.722222, 0.000573, 0.000298, 0.000275, 
trial0004050, GDX, 129, 22, 5.863636, 0.454545, 0.005924, 0.005669, 0.000255, ZIP, 369, 18, 20.500000, 0.555556, 0.000277, 0.000005, 0.000272, 
trial0004051, GDX, 60, 22, 2.727273, 0.363636, 0.007426, 0.007407, 0.000019, ZIP, 409, 18, 22.722222, 0.555556, 0.000442, 0.000006, 0.000436, 
trial0004052, GDX, 322, 22, 14.636364, 0.818182, 0.004903, 0.004672, 0.000230, ZIP, 590, 18, 32.777778, 1.000000, 0.000369, 0.000006, 0.000364, 
trial0004053, GDX, 78, 22, 3.545455, 0.454545, 0.005125, 0.004627, 0.000498, ZIP, 503, 18, 27.944444, 1.000000, 0.000639, 0.000006, 0.000634, 
trial0004054, GDX, 365, 22, 16.590909, 0.727273, 0.005238, 0.005010, 0.000228, ZIP, 480, 18, 26.666667, 1.111111, 0.000811, 0.000233, 0.000578, 
trial0004055, GDX, 586, 22, 26.636364, 1.363636, 0.004642, 0.004435, 0.000208, ZIP, 378, 18, 21.000000, 0.666667, 0.000489, 0.000233, 0.000256, 
trial0004056, GDX, 311, 22, 14.136364, 1.090909, 0.005520, 0.005498, 0.000022, ZIP, 905, 18, 50.277778, 1.555556, 0.000264, 0.000006, 0.000258, 
trial0004057, GDX, 207, 22, 9.409091, 0.590909, 0.006246, 0.005684, 0.000561, ZIP, 422, 18, 23.444444, 0.500000, 0.000027, 0.000005, 0.000021, 
trial0004058, GDX, 216, 22, 9.818182, 0.500000, 0.005232, 0.004606, 0.000626, ZIP, 630, 18, 35.000000, 1.166667, 0.000457, 0.000006, 0.000452, 
trial0004059, GDX, 383, 22, 17.409091, 1.045455, 0.005774, 0.005753, 0.000022, ZIP, 529, 18, 29.388889, 0.722222, 0.000584, 0.000006, 0.000578, 
trial0004060, GDX, 31, 22, 1.409091, 0.318182, 0.006325, 0.005844, 0.000481, ZIP, 454, 18, 25.222222, 0.722222, 0.000025, 0.000006, 0.000019, 
trial0004061, GDX, 292, 22, 13.272727, 0.727273, 0.005416, 0.005397, 0.000018, ZIP, 642, 18, 35.666667, 1.055556, 0.000489, 0.000005, 0.000483, 
trial0004062, GDX, 371, 22, 16.863636, 1.000000, 0.004508, 0.004276, 0.000232, ZIP, 662, 18, 36.777778, 1.222222, 0.000490, 0.000005, 0.000485, 
trial0004063, GDX, 60, 22, 2.727273, 0.318182, 0.006261, 0.006007, 0.000254, ZIP, 258, 18, 14.333333, 0.388889, 0.000024, 0.000006, 0.000018, 
trial0004064, GDX, 64, 22, 2.909091, 0.363636, 0.006276, 0.005717, 0.000559, ZIP, 394, 18, 21.888889, 0.444444, 0.000024, 0.000005, 0.000019, 
trial0004065, GDX, 284, 22, 12.909091, 0.818182, 0.006779, 0.006576, 0.000203, ZIP, 395, 18, 21.944444, 0.555556, 0.000576, 0.000006, 0.000571, 
trial0004066, GDX, 125, 22, 5.681818, 0.318182, 0.006750, 0.006730, 0.000020, ZIP, 757, 18, 42.055556, 1.166667, 0.000733, 0.000005, 0.000728, 
trial0004067, GDX, 174, 22, 7.909091, 0.590909, 0.005011, 0.004474, 0.000538, ZIP, 417, 18, 23.166667, 0.833333, 0.000373, 0.000006, 0.000367, 
trial0004068, GDX, 131, 22, 5.954545, 0.681818, 0.004548, 0.004528, 0.000020, ZIP, 1019, 18, 56.611111, 1.500000, 0.000691, 0.000259, 0.000432, 
trial0004069, GDX, 142, 22, 6.454545, 0.363636, 0.006792, 0.006493, 0.000298, ZIP, 515, 18, 28.611111, 0.888889, 0.000899, 0.000006, 0.000893, 
trial0004070, GDX, 73, 22, 3.318182, 0.454545, 0.007275, 0.007256, 0.000020, ZIP, 400, 18, 22.222222, 0.666667, 0.000952, 0.000005, 0.000946, 
trial0004071, GDX, 127, 22, 5.772727, 0.409091, 0.010877, 0.010582, 0.000295, ZIP, 214, 18, 11.888889, 0.388889, 0.000028, 0.000005, 0.000023, 
trial0004072, GDX, 258, 22, 11.727273, 0.500000, 0.006213, 0.006197, 0.000016, ZIP, 189, 18, 10.500000, 0.388889, 0.000318, 0.000005, 0.000313, 
trial0004073, GDX, 120, 22, 5.454545, 0.545455, 0.005708, 0.005553, 0.000154, ZIP, 391, 18, 21.722222, 0.444444, 0.000023, 0.000005, 0.000018, 
trial0004074, GDX, 165, 22, 7.500000, 0.545455, 0.004607, 0.004590, 0.000017, ZIP, 485, 18, 26.944444, 1.000000, 0.000483, 0.000007, 0.000476, 
trial0004075, GDX, 34, 22, 1.545455, 0.181818, 0.006866, 0.006441, 0.000425, ZIP, 212, 18, 11.777778, 0.388889, 0.000530, 0.000005, 0.000525, 
trial0004076, GDX, 455, 22, 20.681818, 1.000000, 0.005346, 0.005329, 0.000018, ZIP, 465, 18, 25.833333, 0.888889, 0.000032, 0.000005, 0.000027, 
trial0004077, GDX, 114, 22, 5.181818, 0.590909, 0.005654, 0.005467, 0.000187, ZIP, 453, 18, 25.166667, 0.833333, 0.000029, 0.000005, 0.000024, 
trial0004078, GDX, 475, 22, 21.590909, 0.863636, 0.006297, 0.005548, 0.000749, ZIP, 288, 18, 16.000000, 0.611111, 0.000027, 0.000005, 0.000022, 
trial0004079, GDX, 80, 22, 3.636364, 0.318182, 0.007287, 0.006856, 0.000431, ZIP, 167, 18, 9.277778, 0.277778, 0.000022, 0.000006, 0.000016, 
trial0004080, GDX, 74, 22, 3.363636, 0.136364, 0.006361, 0.006072, 0.000290, ZIP, 213, 18, 11.833333, 0.388889, 0.000019, 0.000006, 0.000013, 
trial0004081, GDX, 328, 22, 14.909091, 0.909091, 0.006232, 0.006210, 0.000022, ZIP, 541, 18, 30.055556, 0.888889, 0.000033, 0.000005, 0.000028, 
trial0004082, GDX, 279, 22, 12.681818, 0.636364, 0.005459, 0.005231, 0.000228, ZIP, 269, 18, 14.944444, 0.555556, 0.000614, 0.000298, 0.000316, 
trial0004083, GDX, 45, 22, 2.045455, 0.318182, 0.006135, 0.006120, 0.000015, ZIP, 395, 18, 21.944444, 0.388889, 0.000707, 0.000005, 0.000702, 
trial0004084, GDX, 3, 22, 0.136364, 0.272727, 0.005559, 0.005306, 0.000253, ZIP, 369, 18, 20.500000, 0.555556, 0.000658, 0.000005, 0.000652, 
trial0004085, GDX, 226, 22, 10.272727, 0.636364, 0.005718, 0.005492, 0.000226, ZIP, 492, 18, 27.333333, 0.888889, 0.000509, 0.000260, 0.000249, 
trial0004086, GDX, 245, 22, 11.136364, 1.000000, 0.006215, 0.005674, 0.000541, ZIP, 553, 18, 30.722222, 0.666667, 0.000961, 0.000005, 0.000956, 
trial0004087, GDX, 209, 22, 9.500000, 0.590909, 0.005253, 0.004999, 0.000254, ZIP, 373, 18, 20.722222, 0.388889, 0.000278, 0.000260, 0.000017, 
trial0004088, GDX, 211, 22, 9.590909, 0.681818, 0.005944, 0.005735, 0.000209, ZIP, 460, 18, 25.555556, 0.722222, 0.000029, 0.000005, 0.000024, 
trial0004089, GDX, 80, 22, 3.636364, 0.454545, 0.006046, 0.005551, 0.000494, ZIP, 400, 18, 22.222222, 0.888889, 0.000449, 0.000006, 0.000444, 
trial0004090, GDX, 194, 22, 8.818182, 0.500000, 0.006081, 0.005644, 0.000437, ZIP, 229, 18, 12.722222, 0.388889, 0.000278, 0.000005, 0.000273, 
trial0004091, GDX, 119, 22, 5.409091, 0.363636, 0.006665, 0.006412, 0.000253, ZIP, 226, 18, 12.555556, 0.333333, 0.000637, 0.000006, 0.000631, 
trial0004092, GDX, 92, 22, 4.181818, 0.545455, 0.005336, 0.005320, 0.000016, ZIP, 467, 18, 25.944444, 0.666667, 0.000252, 0.000005, 0.000247, 
trial0004093, GDX, 579, 22, 26.318182, 1.318182, 0.005546, 0.004844, 0.000702, ZIP, 515, 18, 28.611111, 1.055556, 0.000034, 0.000006, 0.000028, 
trial0004094, GDX, 446, 22, 20.272727, 1.227273, 0.005181, 0.005160, 0.000020, ZIP, 491, 18, 27.277778, 0.833333, 0.000286, 0.000005, 0.000281, 
trial0004095, GDX, 147, 22, 6.681818, 0.318182, 0.006412, 0.006157, 0.000256, ZIP, 283, 18, 15.722222, 0.500000, 0.000318, 0.000006, 0.000312, 
trial0004096, GDX, 76, 22, 3.454545, 0.136364, 0.008357, 0.008344, 0.000013, ZIP, 117, 18, 6.500000, 0.277778, 0.000025, 0.000006, 0.000019, 
trial0004097, GDX, 331, 22, 15.045455, 1.000000, 0.004551, 0.004290, 0.000261, ZIP, 769, 18, 42.722222, 1.333333, 0.000036, 0.000005, 0.000030, 
trial0004098, GDX, 185, 22, 8.409091, 0.409091, 0.008451, 0.008435, 0.000016, ZIP, 162, 18, 9.000000, 0.222222, 0.000027, 0.000006, 0.000021, 
trial0004099, GDX, 131, 22, 5.954545, 0.590909, 0.005279, 0.005053, 0.000226, ZIP, 412, 18, 22.888889, 0.722222, 0.000282, 0.000006, 0.000277, 
trial0004100, GDX, 33, 22, 1.500000, 0.181818, 0.010123, 0.010108, 0.000015, ZIP, 156, 18, 8.666667, 0.388889, 0.000435, 0.000414, 0.000021, 
trial0004101, GDX, 143, 22, 6.500000, 0.590909, 0.002915, 0.002259, 0.000656, ZIP, 868, 18, 48.222222, 1.611111, 0.000229, 0.000210, 0.000019, 
trial0004102, GDX, 772, 22, 35.090909, 1.727273, 0.002529, 0.002507, 0.000022, ZIP, 1595, 18, 88.611111, 1.888889, 0.000031, 0.000005, 0.000025, 
trial0004103, GDX, 825, 22, 37.500000, 1.227273, 0.002727, 0.002706, 0.000021, ZIP, 1226, 18, 68.111111, 2.277778, 0.000355, 0.000006, 0.000349, 
trial0004104, GDX, 286, 22, 13.000000, 0.954545, 0.003019, 0.002871, 0.000148, ZIP, 1685, 18, 93.611111, 2.500000, 0.000317, 0.000005, 0.000312, 
trial0004105, GDX, 825, 22, 37.500000, 1.181818, 0.002880, 0.002858, 0.000022, ZIP, 1105, 18, 61.388889, 2.222222, 0.000188, 0.000005, 0.000183, 
trial0004106, GDX, 296, 22, 13.454545, 0.818182, 0.002530, 0.002358, 0.000172, ZIP, 1293, 18, 71.833333, 2.000000, 0.000369, 0.000005, 0.000364, 
trial0004107, GDX, 721, 22, 32.772727, 1.181818, 0.002881, 0.002555, 0.000326, ZIP, 1234, 18, 68.555556, 2.111111, 0.000644, 0.000151, 0.000493, 
trial0004108, GDX, 545, 22, 24.772727, 0.863636, 0.002837, 0.002662, 0.000175, ZIP, 1335, 18, 74.166667, 2.388889, 0.000196, 0.000005, 0.000192, 
trial0004109, GDX, 845, 22, 38.409091, 1.318182, 0.002093, 0.001905, 0.000188, ZIP, 1248, 18, 69.333333, 2.055556, 0.000401, 0.000005, 0.000396, 
trial0004110, GDX, 807, 22, 36.681818, 1.500000, 0.003460, 0.003438, 0.000022, ZIP, 1369, 18, 76.055556, 2.277778, 0.000236, 0.000005, 0.000231, 
trial0004111, GDX, 324, 22, 14.727273, 0.590909, 0.002991, 0.002975, 0.000017, ZIP, 991, 18, 55.055556, 1.722222, 0.000466, 0.000191, 0.000275, 
trial0004112, GDX, 541, 22, 24.590909, 1.000000, 0.002855, 0.002517, 0.000338, ZIP, 1269, 18, 70.500000, 2.111111, 0.000025, 0.000005, 0.000019, 
trial0004113, GDX, 756, 22, 34.363636, 1.409091, 0.002721, 0.002419, 0.000303, ZIP, 1588, 18, 88.222222, 2.611111, 0.000370, 0.000005, 0.000365, 
trial0004114, GDX, 1066, 22, 48.454545, 1.636364, 0.003305, 0.002928, 0.000377, ZIP, 1328, 18, 73.777778, 2.111111, 0.000200, 0.000005, 0.000196, 
trial0004115, GDX, 689, 22, 31.318182, 1.181818, 0.001881, 0.001451, 0.000430, ZIP, 1553, 18, 86.277778, 2.555556, 0.000027, 0.000005, 0.000022, 
trial0004116, GDX, 1164, 22, 52.909091, 1.590909, 0.002689, 0.002668, 0.000021, ZIP, 1259, 18, 69.944444, 2.277778, 0.000200, 0.000005, 0.000194, 
trial0004117, GDX, 575, 22, 26.136364, 1.181818, 0.002631, 0.002471, 0.000160, ZIP, 1643, 18, 91.277778, 2.444444, 0.000028, 0.000005, 0.000023, 
trial0004118, GDX, 626, 22, 28.454545, 0.818182, 0.003115, 0.003098, 0.000017, ZIP, 710, 18, 39.444444, 1.222222, 0.000308, 0.000005, 0.000303, 
trial0004119, GDX, 453, 22, 20.590909, 0.909091, 0.003151, 0.002995, 0.000156, ZIP, 829, 18, 46.055556, 1.444444, 0.000534, 0.000005, 0.000528, 
trial0004120, GDX, 721, 22, 32.772727, 1.318182, 0.002509, 0.002350, 0.000159, ZIP, 1167, 18, 64.833333, 1.944444, 0.000214, 0.000005, 0.000208, 
trial0004121, GDX, 533, 22, 24.227273, 1.000000, 0.002762, 0.002584, 0.000178, ZIP, 2287, 18, 127.055556, 2.888889, 0.000167, 0.000006, 0.000160, 
trial0004122, GDX, 277, 22, 12.590909, 1.045455, 0.003574, 0.003263, 0.000311, ZIP, 1118, 18, 62.111111, 1.611111, 0.000437, 0.000005, 0.000432, 
trial0004123, GDX, 224, 22, 10.181818, 0.681818, 0.003210, 0.003192, 0.000018, ZIP, 1226, 18, 68.111111, 2.166667, 0.000520, 0.000500, 0.000019, 
trial0004124, GDX, 1190, 22, 54.090909, 1.863636, 0.002128, 0.001976, 0.000152, ZIP, 1832, 18, 101.777778, 2.944444, 0.001072, 0.000005, 0.001067, 
trial0004125, GDX, 1525, 22, 69.318182, 2.090909, 0.002728, 0.002706, 0.000022, ZIP, 617, 18, 34.277778, 1.277778, 0.000347, 0.000005, 0.000342, 
trial0004126, GDX, 813, 22, 36.954545, 1.772727, 0.002974, 0.002481, 0.000493, ZIP, 820, 18, 45.555556, 1.277778, 0.000200, 0.000006, 0.000195, 
trial0004127, GDX, 1185, 22, 53.863636, 1.818182, 0.002590, 0.002567, 0.000024, ZIP, 928, 18, 51.555556, 2.000000, 0.000390, 0.000005, 0.000385, 
trial0004128, GDX, 922, 22, 41.909091, 1.272727, 0.002106, 0.001983, 0.000123, ZIP, 1545, 18, 85.833333, 2.777778, 0.000143, 0.000005, 0.000138, 
trial0004129, GDX, 256, 22, 11.636364, 0.681818, 0.002559, 0.002542, 0.000018, ZIP, 1341, 18, 74.500000, 2.277778, 0.000186, 0.000167, 0.000019, 
trial0004130, GDX, 856, 22, 38.909091, 1.500000, 0.002692, 0.002668, 0.000024, ZIP, 1702, 18, 94.555556, 2.388889, 0.000029, 0.000005, 0.000024, 
trial0004131, GDX, 110, 22, 5.000000, 0.409091, 0.003481, 0.003314, 0.000167, ZIP, 427, 18, 23.722222, 1.277778, 0.000175, 0.000005, 0.000169, 
trial0004132, GDX, 1420, 22, 64.545455, 2.136364, 0.003127, 0.002919, 0.000208, ZIP, 735, 18, 40.833333, 1.277778, 0.000207, 0.000005, 0.000201, 
trial0004133, GDX, 1463, 22, 66.500000, 1.590909, 0.002947, 0.002464, 0.000483, ZIP, 824, 18, 45.777778, 1.944444, 0.000370, 0.000005, 0.000364, 
trial0004134, GDX, 709, 22, 32.227273, 1.454545, 0.003108, 0.002605, 0.000503, ZIP, 1502, 18, 83.444444, 2.111111, 0.000233, 0.000005, 0.000228, 
trial0004135, GDX, 315, 22, 14.318182, 0.636364, 0.002379, 0.002226, 0.000153, ZIP, 835, 18, 46.388889, 1.111111, 0.000171, 0.000005, 0.000166, 
trial0004136, GDX, 590, 22, 26.818182, 0.954545, 0.002282, 0.001565, 0.000717, ZIP, 1335, 18, 74.166667, 2.611111, 0.000024, 0.000005, 0.000019, 
trial0004137, GDX, 1716, 22, 78.000000, 2.500000, 0.002517, 0.002308, 0.000209, ZIP, 538, 18, 29.888889, 1.500000, 0.000357, 0.000156, 0.000201, 
trial0004138, GDX, 1333, 22, 60.590909, 1.954545, 0.003055, 0.002615, 0.000440, ZIP, 738, 18, 41.000000, 1.277778, 0.000218, 0.000005, 0.000213, 
trial0004139, GDX, 534, 22, 24.272727, 1.636364, 0.002948, 0.002929, 0.000019, ZIP, 1283, 18, 71.277778, 1.333333, 0.000026, 0.000005, 0.000021, 
trial0004140, GDX, 494, 22, 22.454545, 1.136364, 0.002794, 0.002618, 0.000176, ZIP, 2371, 18, 131.722222, 3.388889, 0.000389, 0.000005, 0.000383, 
trial0004141, GDX, 1102, 22, 50.090909, 1.818182, 0.002391, 0.002200, 0.000191, ZIP, 933, 18, 51.833333, 1.777778, 0.000412, 0.000180, 0.000232, 
trial0004142, GDX, 1134, 22, 51.545455, 1.909091, 0.003767, 0.003572, 0.000194, ZIP, 1329, 18, 73.833333, 2.111111, 0.000427, 0.000006, 0.000421, 
trial0004143, GDX, 713, 22, 32.409091, 1.363636, 0.003981, 0.003806, 0.000176, ZIP, 1101, 18, 61.166667, 1.666667, 0.000377, 0.000005, 0.000372, 
trial0004144, GDX, 906, 22, 41.181818, 1.636364, 0.002694, 0.002532, 0.000162, ZIP, 1180, 18, 65.555556, 2.000000, 0.000389, 0.000191, 0.000198, 
trial0004145, GDX, 229, 22, 10.409091, 0.727273, 0.003315, 0.003132, 0.000183, ZIP, 700, 18, 38.888889, 1.333333, 0.000180, 0.000005, 0.000175, 
trial0004146, GDX, 836, 22, 38.000000, 1.454545, 0.003091, 0.003070, 0.000022, ZIP, 1504, 18, 83.555556, 2.444444, 0.000298, 0.000005, 0.000292, 
trial0004147, GDX, 915, 22, 41.590909, 1.727273, 0.002834, 0.002672, 0.000162, ZIP, 1375, 18, 76.388889, 1.888889, 0.000816, 0.000005, 0.000811, 
trial0004148, GDX, 1009, 22, 45.863636, 1.545455, 0.002661, 0.002510, 0.000151, ZIP, 1102, 18, 61.222222, 2.333333, 0.000416, 0.000163, 0.000253, 
trial0004149, GDX, 424, 22, 19.272727, 0.954545, 0.002730, 0.002356, 0.000374, ZIP, 1322, 18, 73.444444, 2.055556, 0.000185, 0.000005, 0.000180, 
trial0004150, GDX, 666, 22, 30.272727, 0.818182, 0.002687, 0.002666, 0.000021, ZIP, 1661, 18, 92.277778, 3.388889, 0.000475, 0.000303, 0.000173, 
trial0004151, GDX, 1025, 22, 46.590909, 1.727273, 0.003463, 0.003286, 0.000176, ZIP, 1059, 18, 58.833333, 2.333333, 0.000034, 0.000005, 0.000029, 
trial0004152, GDX, 635, 22, 28.863636, 0.863636, 0.002966, 0.002624, 0.000342, ZIP, 967, 18, 53.722222, 1.722222, 0.000400, 0.000005, 0.000395, 
trial0004153, GDX, 1295, 22, 58.863636, 2.045455, 0.002808, 0.002478, 0.000331, ZIP, 1084, 18, 60.222222, 2.166667, 0.000655, 0.000232, 0.000423, 
trial0004154, GDX, 350, 22, 15.909091, 0.954545, 0.002220, 0.002199, 0.000021, ZIP, 1522, 18, 84.555556, 2.277778, 0.000488, 0.000175, 0.000313, 
trial0004155, GDX, 827, 22, 37.590909, 1.545455, 0.002937, 0.002761, 0.000175, ZIP, 1312, 18, 72.888889, 2.333333, 0.000382, 0.000005, 0.000377, 
trial0004156, GDX, 1069, 22, 48.590909, 1.545455, 0.002705, 0.002416, 0.000289, ZIP, 1112, 18, 61.777778, 2.000000, 0.000519, 0.000005, 0.000514, 
trial0004157, GDX, 1360, 22, 61.818182, 2.318182, 0.003214, 0.002836, 0.000378, ZIP, 862, 18, 47.888889, 1.611111, 0.000647, 0.000005, 0.000641, 
trial0004158, GDX, 924, 22, 42.000000, 1.409091, 0.003305, 0.003099, 0.000206, ZIP, 1137, 18, 63.166667, 2.055556, 0.000387, 0.000005, 0.000382, 
trial0004159, GDX, 932, 22, 42.363636, 1.227273, 0.002615, 0.002335, 0.000280, ZIP, 1268, 18, 70.444444, 2.388889, 0.000366, 0.000005, 0.000361, 
trial0004160, GDX, 952, 22, 43.272727, 2.000000, 0.002935, 0.002518, 0.000417, ZIP, 1532, 18, 85.111111, 2.222222, 0.000259, 0.000005, 0.000254, 
trial0004161, GDX, 567, 22, 25.772727, 0.954545, 0.002927, 0.002907, 0.000020, ZIP, 905, 18, 50.277778, 1.722222, 0.000343, 0.000006, 0.000338, 
trial0004162, GDX, 1116, 22, 50.727273, 1.954545, 0.002074, 0.002050, 0.000024, ZIP, 880, 18, 48.888889, 1.944444, 0.000391, 0.000005, 0.000385, 
trial0004163, GDX, 587, 22, 26.681818, 1.181818, 0.003335, 0.003132, 0.000203, ZIP, 551, 18, 30.611111, 0.777778, 0.000489, 0.000005, 0.000484, 
trial0004164, GDX, 1702, 22, 77.363636, 2.227273, 0.002614, 0.002085, 0.000528, ZIP, 869, 18, 48.277778, 1.944444, 0.000520, 0.000005, 0.000515, 
trial0004165, GDX, 629, 22, 28.590909, 1.136364, 0.002753, 0.002735, 0.000018, ZIP, 1230, 18, 68.333333, 1.722222, 0.000024, 0.000005, 0.000019, 
trial0004166, GDX, 1277, 22, 58.045455, 2.045455, 0.002548, 0.002388, 0.000160, ZIP, 1380, 18, 76.666667, 2.055556, 0.000158, 0.000005, 0.000153, 
trial0004167, GDX, 574, 22, 26.090909, 1.409091, 0.002812, 0.002792, 0.000020, ZIP, 1263, 18, 70.166667, 1.833333, 0.000502, 0.000163, 0.000339, 
trial0004168, GDX, 982, 22, 44.636364, 1.681818, 0.003047, 0.003023, 0.000024, ZIP, 942, 18, 52.333333, 1.388889, 0.000444, 0.000005, 0.000439, 
trial0004169, GDX, 1368, 22, 62.181818, 2.181818, 0.002271, 0.002080, 0.000191, ZIP, 994, 18, 55.222222, 1.555556, 0.000805, 0.000168, 0.000637, 
trial0004170, GDX, 609, 22, 27.681818, 1.090909, 0.002825, 0.002805, 0.000020, ZIP, 1008, 18, 56.000000, 1.777778, 0.000385, 0.000005, 0.000379, 
trial0004171, GDX, 1215, 22, 55.227273, 1.545455, 0.002595, 0.002255, 0.000341, ZIP, 1059, 18, 58.833333, 1.666667, 0.000175, 0.000005, 0.000170, 
trial0004172, GDX, 424, 22, 19.272727, 0.818182, 0.002769, 0.002612, 0.000157, ZIP, 1320, 18, 73.333333, 1.888889, 0.000025, 0.000005, 0.000019, 
trial0004173, GDX, 1894, 22, 86.090909, 2.136364, 0.002610, 0.002319, 0.000291, ZIP, 934, 18, 51.888889, 2.055556, 0.000679, 0.000176, 0.000503, 
trial0004174, GDX, 421, 22, 19.136364, 0.590909, 0.002812, 0.002318, 0.000494, ZIP, 1535, 18, 85.277778, 2.833333, 0.000179, 0.000005, 0.000174, 
trial0004175, GDX, 292, 22, 13.272727, 0.772727, 0.003169, 0.003150, 0.000019, ZIP, 1248, 18, 69.333333, 1.944444, 0.000343, 0.000320, 0.000023, 
trial0004176, GDX, 1389, 22, 63.136364, 2.045455, 0.002695, 0.002671, 0.000023, ZIP, 1056, 18, 58.666667, 1.944444, 0.000032, 0.000005, 0.000027, 
trial0004177, GDX, 1349, 22, 61.318182, 1.818182, 0.002050, 0.001863, 0.000188, ZIP, 911, 18, 50.611111, 1.777778, 0.000301, 0.000005, 0.000296, 
trial0004178, GDX, 482, 22, 21.909091, 0.727273, 0.003944, 0.003927, 0.000017, ZIP, 765, 18, 42.500000, 1.666667, 0.000023, 0.000005, 0.000018, 
trial0004179, GDX, 1322, 22, 60.090909, 1.954545, 0.003016, 0.002826, 0.000189, ZIP, 1192, 18, 66.222222, 2.388889, 0.000381, 0.000005, 0.000376, 
trial0004180, GDX, 1084, 22, 49.272727, 1.500000, 0.002670, 0.002342, 0.000328, ZIP, 1047, 18, 58.166667, 2.277778, 0.000235, 0.000005, 0.000230, 
trial0004181, GDX, 478, 22, 21.727273, 0.954545, 0.002624, 0.002604, 0.000020, ZIP, 999, 18, 55.500000, 2.055556, 0.000199, 0.000005, 0.000194, 
trial0004182, GDX, 773, 22, 35.136364, 1.272727, 0.002294, 0.002137, 0.000158, ZIP, 879, 18, 48.833333, 1.666667, 0.000212, 0.000005, 0.000207, 
trial0004183, GDX, 1147, 22, 52.136364, 2.045455, 0.003015, 0.002824, 0.000191, ZIP, 1004, 18, 55.777778, 1.722222, 0.000373, 0.000005, 0.000368, 
trial0004184, GDX, 647, 22, 29.409091, 1.227273, 0.002728, 0.002416, 0.000313, ZIP, 1430, 18, 79.444444, 2.388889, 0.000429, 0.000005, 0.000423, 
trial0004185, GDX, 671, 22, 30.500000, 0.954545, 0.002692, 0.002545, 0.000146, ZIP, 679, 18, 37.722222, 1.833333, 0.000340, 0.000005, 0.000335, 
trial0004186, GDX, 652, 22, 29.636364, 1.318182, 0.003534, 0.003357, 0.000177, ZIP, 1415, 18, 78.611111, 1.944444, 0.000453, 0.000005, 0.000447, 
trial0004187, GDX, 389, 22, 17.681818, 0.636364, 0.002820, 0.002805, 0.000015, ZIP, 597, 18, 33.166667, 1.333333, 0.000173, 0.000005, 0.000168, 
trial0004188, GDX, 1273, 22, 57.863636, 2.045455, 0.002725, 0.002551, 0.000175, ZIP, 611, 18, 33.944444, 1.500000, 0.000260, 0.000233, 0.000027, 
trial0004189, GDX, 835, 22, 37.954545, 1.318182, 0.002159, 0.002002, 0.000157, ZIP, 909, 18, 50.500000, 1.388889, 0.000183, 0.000005, 0.000178, 
trial0004190, GDX, 858, 22, 39.000000, 1.590909, 0.003172, 0.002795, 0.000377, ZIP, 984, 18, 54.666667, 1.500000, 0.000633, 0.000191, 0.000441, 
trial0004191, GDX, 764, 22, 34.727273, 1.636364, 0.002813, 0.002319, 0.000494, ZIP, 1001, 18, 55.611111, 1.222222, 0.000489, 0.000162, 0.000327, 
trial0004192, GDX, 1271, 22, 57.772727, 1.909091, 0.002990, 0.002828, 0.000163, ZIP, 1312, 18, 72.888889, 2.333333, 0.000461, 0.000134, 0.000327, 
trial0004193, GDX, 368, 22, 16.727273, 0.818182, 0.003114, 0.002909, 0.000205, ZIP, 1135, 18, 63.055556, 1.888889, 0.000457, 0.000005, 0.000451, 
trial0004194, GDX, 1210, 22, 55.000000, 1.727273, 0.002855, 0.002715, 0.000141, ZIP, 1136, 18, 63.111111, 2.111111, 0.000567, 0.000005, 0.000562, 
trial0004195, GDX, 1297, 22, 58.954545, 2.454545, 0.002487, 0.002463, 0.000024, ZIP, 1584, 18, 88.000000, 2.222222, 0.000326, 0.000151, 0.000175, 
trial0004196, GDX, 607, 22, 27.590909, 0.954545, 0.002941, 0.002920, 0.000021, ZIP, 1392, 18, 77.333333, 2.277778, 0.000383, 0.000005, 0.000378, 
trial0004197, GDX, 659, 22, 29.954545, 1.363636, 0.002505, 0.002330, 0.000174, ZIP, 1068, 18, 59.333333, 1.666667, 0.000686, 0.000006, 0.000680, 
trial0004198, GDX, 972, 22, 44.181818, 1.318182, 0.002801, 0.002652, 0.000149, ZIP, 780, 18, 43.333333, 2.000000, 0.000349, 0.000191, 0.000158, 
trial0004199, GDX, 796, 22, 36.181818, 1.090909, 0.003103, 0.002957, 0.000146, ZIP, 832, 18, 46.222222, 1.333333, 0.000025, 0.000005, 0.000019, 
trial0004200, GDX, 1356, 22, 61.636364, 2.090909, 0.003051, 0.003025, 0.000026, ZIP, 1087, 18, 60.388889, 2.222222, 0.000243, 0.000005, 0.000237, 
trial0004201, GDX, 571, 22, 25.954545, 0.909091, 0.004973, 0.004540, 0.000432, ZIP, 370, 18, 20.555556, 0.777778, 0.000028, 0.000005, 0.000023, 
trial0004202, GDX, 103, 22, 4.681818, 0.318182, 0.005046, 0.004358, 0.000689, ZIP, 1061, 18, 58.944444, 1.388889, 0.000415, 0.000005, 0.000410, 
trial0004203, GDX, 713, 22, 32.409091, 1.090909, 0.004372, 0.004352, 0.000020, ZIP, 1215, 18, 67.500000, 1.777778, 0.000029, 0.000005, 0.000023, 
trial0004204, GDX, 573, 22, 26.045455, 0.863636, 0.006055, 0.005871, 0.000185, ZIP, 367, 18, 20.388889, 0.611111, 0.000027, 0.000005, 0.000022, 
trial0004205, GDX, 692, 22, 31.454545, 1.136364, 0.004323, 0.004303, 0.000020, ZIP, 619, 18, 34.388889, 1.055556, 0.000235, 0.000005, 0.000230, 
trial0004206, GDX, 535, 22, 24.318182, 1.318182, 0.004341, 0.004319, 0.000022, ZIP, 829, 18, 46.055556, 1.388889, 0.000218, 0.000005, 0.000213, 
trial0004207, GDX, 579, 22, 26.318182, 1.090909, 0.004341, 0.004319, 0.000021, ZIP, 942, 18, 52.333333, 1.333333, 0.000371, 0.000005, 0.000366, 
trial0004208, GDX, 70, 22, 3.181818, 0.500000, 0.004338, 0.004176, 0.000162, ZIP, 598, 18, 33.222222, 0.722222, 0.000363, 0.000005, 0.000358, 
trial0004209, GDX, 412, 22, 18.727273, 0.909091, 0.003679, 0.003474, 0.000205, ZIP, 855, 18, 47.500000, 1.111111, 0.000027, 0.000005, 0.000022, 
trial0004210, GDX, 413, 22, 18.772727, 1.136364, 0.004472, 0.004212, 0.000260, ZIP, 739, 18, 41.055556, 0.833333, 0.000444, 0.000006, 0.000438, 
trial0004211, GDX, 157, 22, 7.136364, 0.454545, 0.004423, 0.004219, 0.000203, ZIP, 1142, 18, 63.444444, 1.222222, 0.000023, 0.000005, 0.000018, 
trial0004212, GDX, 485, 22, 22.045455, 0.772727, 0.004157, 0.004135, 0.000022, ZIP, 902, 18, 50.111111, 1.500000, 0.000257, 0.000234, 0.000024, 
trial0004213, GDX, 587, 22, 26.681818, 0.863636, 0.005345, 0.005044, 0.000301, ZIP, 1188, 18, 66.000000, 1.611111, 0.000027, 0.000005, 0.000022, 
trial0004214, GDX, 554, 22, 25.181818, 1.181818, 0.003760, 0.003741, 0.000020, ZIP, 736, 18, 40.888889, 1.111111, 0.000234, 0.000005, 0.000229, 
trial0004215, GDX, 985, 22, 44.772727, 1.318182, 0.005072, 0.005051, 0.000021, ZIP, 582, 18, 32.333333, 1.055556, 0.000235, 0.000005, 0.000230, 
trial0004216, GDX, 319, 22, 14.500000, 0.636364, 0.005306, 0.005008, 0.000298, ZIP, 999, 18, 55.500000, 1.555556, 0.000031, 0.000006, 0.000026, 
trial0004217, GDX, 691, 22, 31.409091, 0.954545, 0.004616, 0.004384, 0.000231, ZIP, 955, 18, 53.055556, 1.388889, 0.000617, 0.000006, 0.000611, 
trial0004218, GDX, 374, 22, 17.000000, 0.545455, 0.004173, 0.003966, 0.000207, ZIP, 1092, 18, 60.666667, 1.444444, 0.000279, 0.000006, 0.000274, 
trial0004219, GDX, 63, 22, 2.863636, 0.454545, 0.004082, 0.004066, 0.000016, ZIP, 981, 18, 54.500000, 1.222222, 0.000023, 0.000005, 0.000018, 
trial0004220, GDX, 567, 22, 25.772727, 0.909091, 0.005532, 0.005512, 0.000020, ZIP, 405, 18, 22.500000, 0.555556, 0.000612, 0.000005, 0.000607, 
trial0004221, GDX, 194, 22, 8.818182, 0.500000, 0.004900, 0.004883, 0.000017, ZIP, 921, 18, 51.166667, 1.277778, 0.000598, 0.000005, 0.000593, 
trial0004222, GDX, 676, 22, 30.727273, 1.181818, 0.004147, 0.004127, 0.000020, ZIP, 856, 18, 47.555556, 1.444444, 0.000440, 0.000210, 0.000230, 
trial0004223, GDX, 559, 22, 25.409091, 1.227273, 0.004113, 0.004091, 0.000021, ZIP, 916, 18, 50.888889, 1.166667, 0.000327, 0.000006, 0.000321, 
trial0004224, GDX, 245, 22, 11.136364, 0.590909, 0.004531, 0.004302, 0.000229, ZIP, 949, 18, 52.722222, 1.500000, 0.000511, 0.000006, 0.000505, 
trial0004225, GDX, 601, 22, 27.318182, 1.045455, 0.004378, 0.004357, 0.000021, ZIP, 608, 18, 33.777778, 1.055556, 0.000286, 0.000006, 0.000280, 
trial0004226, GDX, 659, 22, 29.954545, 1.000000, 0.004869, 0.004848, 0.000022, ZIP, 908, 18, 50.444444, 1.333333, 0.000645, 0.000211, 0.000434, 
trial0004227, GDX, 118, 22, 5.363636, 0.681818, 0.004738, 0.004722, 0.000017, ZIP, 1004, 18, 55.777778, 1.166667, 0.000213, 0.000006, 0.000207, 
trial0004228, GDX, 762, 22, 34.636364, 1.045455, 0.006365, 0.005593, 0.000772, ZIP, 871, 18, 48.388889, 1.444444, 0.000584, 0.000005, 0.000579, 
trial0004229, GDX, 877, 22, 39.863636, 1.045455, 0.004251, 0.003861, 0.000390, ZIP, 477, 18, 26.500000, 0.833333, 0.000459, 0.000005, 0.000454, 
trial0004230, GDX, 373, 22, 16.954545, 0.863636, 0.006938, 0.006379, 0.000559, ZIP, 711, 18, 39.500000, 1.166667, 0.000542, 0.000262, 0.000281, 
trial0004231, GDX, 931, 22, 42.318182, 1.409091, 0.006566, 0.006469, 0.000097, ZIP, 802, 18, 44.555556, 1.388889, 0.000552, 0.000006, 0.000546, 
trial0004232, GDX, 770, 22, 35.000000, 1.181818, 0.004022, 0.004004, 0.000018, ZIP, 860, 18, 47.777778, 1.222222, 0.000726, 0.000005, 0.000721, 
trial0004233, GDX, 308, 22, 14.000000, 0.545455, 0.004174, 0.003876, 0.000298, ZIP, 728, 18, 40.444444, 1.111111, 0.000902, 0.000005, 0.000897, 
trial0004234, GDX, 442, 22, 20.090909, 0.681818, 0.005095, 0.004863, 0.000231, ZIP, 802, 18, 44.555556, 1.277778, 0.000033, 0.000005, 0.000028, 
trial0004235, GDX, 752, 22, 34.181818, 1.500000, 0.004744, 0.004720, 0.000024, ZIP, 1020, 18, 56.666667, 1.277778, 0.000239, 0.000006, 0.000234, 
trial0004236, GDX, 234, 22, 10.636364, 0.727273, 0.004403, 0.004173, 0.000230, ZIP, 927, 18, 51.500000, 1.222222, 0.000233, 0.000210, 0.000023, 
trial0004237, GDX, 785, 22, 35.681818, 1.500000, 0.003864, 0.003651, 0.000213, ZIP, 939, 18, 52.166667, 1.333333, 0.000220, 0.000191, 0.000029, 
trial0004238, GDX, 473, 22, 21.500000, 0.772727, 0.007694, 0.007395, 0.000299, ZIP, 441, 18, 24.500000, 0.833333, 0.000030, 0.000005, 0.000025, 
trial0004239, GDX, 681, 22, 30.954545, 1.045455, 0.005273, 0.005043, 0.000230, ZIP, 700, 18, 38.888889, 1.166667, 0.000028, 0.000005, 0.000023, 
trial0004240, GDX, 534, 22, 24.272727, 1.090909, 0.004948, 0.004928, 0.000020, ZIP, 1074, 18, 59.666667, 1.444444, 0.000234, 0.000005, 0.000229, 
trial0004241, GDX, 522, 22, 23.727273, 0.863636, 0.006095, 0.005762, 0.000333, ZIP, 796, 18, 44.222222, 1.277778, 0.000030, 0.000006, 0.000024, 
trial0004242, GDX, 291, 22, 13.227273, 0.681818, 0.004203, 0.003971, 0.000231, ZIP, 975, 18, 54.166667, 1.388889, 0.000257, 0.000005, 0.000252, 
trial0004243, GDX, 515, 22, 23.409091, 0.772727, 0.004731, 0.004563, 0.000167, ZIP, 280, 18, 15.555556, 0.611111, 0.000024, 0.000005, 0.000019, 
trial0004244, GDX, 717, 22, 32.590909, 1.272727, 0.005607, 0.004693, 0.000914, ZIP, 581, 18, 32.277778, 0.666667, 0.000974, 0.000347, 0.000626, 
trial0004245, GDX, 40, 22, 1.818182, 0.454545, 0.004124, 0.004107, 0.000017, ZIP, 1250, 18, 69.444444, 1.222222, 0.000317, 0.000005, 0.000312, 
trial0004246, GDX, 305, 22, 13.863636, 0.590909, 0.005752, 0.005526, 0.000226, ZIP, 479, 18, 26.611111, 0.833333, 0.000025, 0.000006, 0.000019, 
trial0004247, GDX, 186, 22, 8.454545, 0.318182, 0.004406, 0.004156, 0.000250, ZIP, 857, 18, 47.611111, 1.333333, 0.000026, 0.000005, 0.000021, 
trial0004248, GDX, 581, 22, 26.409091, 0.954545, 0.004088, 0.004066, 0.000021, ZIP, 1123, 18, 62.388889, 1.500000, 0.000031, 0.000005, 0.000025, 
trial0004249, GDX, 423, 22, 19.227273, 0.772727, 0.006399, 0.006377, 0.000022, ZIP, 855, 18, 47.500000, 1.166667, 0.000619, 0.000297, 0.000322, 
trial0004250, GDX, 603, 22, 27.409091, 0.818182, 0.004637, 0.004615, 0.000021, ZIP, 893, 18, 49.611111, 1.666667, 0.000255, 0.000006, 0.000249, 
trial0004251, GDX, 896, 22, 40.727273, 1.272727, 0.005158, 0.004613, 0.000545, ZIP, 855, 18, 47.500000, 1.222222, 0.000036, 0.000005, 0.000031, 
trial0004252, GDX, 736, 22, 33.454545, 0.954545, 0.003592, 0.003568, 0.000024, ZIP, 990, 18, 55.000000, 1.611111, 0.000261, 0.000005, 0.000256, 
trial0004253, GDX, 325, 22, 14.772727, 0.954545, 0.004446, 0.004426, 0.000020, ZIP, 1037, 18, 57.611111, 1.000000, 0.000255, 0.000005, 0.000251, 
trial0004254, GDX, 443, 22, 20.136364, 0.772727, 0.005959, 0.005752, 0.000207, ZIP, 595, 18, 33.055556, 1.055556, 0.000652, 0.000298, 0.000353, 
trial0004255, GDX, 571, 22, 25.954545, 0.772727, 0.003969, 0.003949, 0.000020, ZIP, 804, 18, 44.666667, 1.277778, 0.000985, 0.000756, 0.000229, 
trial0004256, GDX, 208, 22, 9.454545, 0.636364, 0.005872, 0.005853, 0.000019, ZIP, 1133, 18, 62.944444, 1.555556, 0.000027, 0.000005, 0.000022, 
trial0004257, GDX, 735, 22, 33.409091, 1.181818, 0.004661, 0.004405, 0.000256, ZIP, 565, 18, 31.388889, 1.000000, 0.000034, 0.000005, 0.000029, 
trial0004258, GDX, 1167, 22, 53.045455, 1.590909, 0.004639, 0.004428, 0.000211, ZIP, 971, 18, 53.944444, 1.388889, 0.000036, 0.000005, 0.000031, 
trial0004259, GDX, 781, 22, 35.500000, 1.181818, 0.003696, 0.003506, 0.000190, ZIP, 1302, 18, 72.333333, 2.000000, 0.000033, 0.000005, 0.000028, 
trial0004260, GDX, 899, 22, 40.863636, 1.272727, 0.004161, 0.003534, 0.000628, ZIP, 740, 18, 41.111111, 1.333333, 0.000487, 0.000005, 0.000482, 
trial0004261, GDX, 289, 22, 13.136364, 0.727273, 0.007338, 0.004599, 0.002739, ZIP, 502, 18, 27.888889, 0.611111, 0.000607, 0.000006, 0.000601, 
trial0004262, GDX, 1020, 22, 46.363636, 1.318182, 0.004191, 0.003901, 0.000290, ZIP, 868, 18, 48.222222, 1.500000, 0.000586, 0.000005, 0.000581, 
trial0004263, GDX, 705, 22, 32.045455, 1.000000, 0.005157, 0.004949, 0.000208, ZIP, 858, 18, 47.666667, 1.555556, 0.000258, 0.000233, 0.000025, 
trial0004264, GDX, 681, 22, 30.954545, 0.954545, 0.006182, 0.005836, 0.000347, ZIP, 913, 18, 50.722222, 1.500000, 0.000261, 0.000006, 0.000256, 
trial0004265, GDX, 191, 22, 8.681818, 0.500000, 0.004357, 0.003737, 0.000621, ZIP, 695, 18, 38.611111, 1.055556, 0.000739, 0.000233, 0.000506, 
trial0004266, GDX, 376, 22, 17.090909, 0.545455, 0.004934, 0.004680, 0.000254, ZIP, 388, 18, 21.555556, 0.555556, 0.000022, 0.000005, 0.000017, 
trial0004267, GDX, 451, 22, 20.500000, 1.136364, 0.004439, 0.004068, 0.000371, ZIP, 1138, 18, 63.222222, 1.277778, 0.000489, 0.000005, 0.000484, 
trial0004268, GDX, 394, 22, 17.909091, 0.772727, 0.004400, 0.004192, 0.000208, ZIP, 1166, 18, 64.777778, 1.611111, 0.000026, 0.000005, 0.000021, 
trial0004269, GDX, 673, 22, 30.590909, 1.000000, 0.004917, 0.004732, 0.000185, ZIP, 548, 18, 30.444444, 0.833333, 0.000289, 0.000006, 0.000283, 
trial0004270, GDX, 461, 22, 20.954545, 1.000000, 0.004086, 0.003879, 0.000207, ZIP, 875, 18, 48.611111, 1.444444, 0.000510, 0.000260, 0.000250, 
trial0004271, GDX, 980, 22, 44.545455, 1.454545, 0.004214, 0.003582, 0.000632, ZIP, 740, 18, 41.111111, 1.111111, 0.000439, 0.000412, 0.000027, 
trial0004272, GDX, 817, 22, 37.136364, 1.136364, 0.004691, 0.004504, 0.000187, ZIP, 791, 18, 43.944444, 1.277778, 0.000260, 0.000005, 0.000254, 
trial0004273, GDX, 565, 22, 25.681818, 0.818182, 0.004246, 0.004227, 0.000019, ZIP, 881, 18, 48.944444, 1.222222, 0.000253, 0.000005, 0.000248, 
trial0004274, GDX, 492, 22, 22.363636, 0.681818, 0.006404, 0.006386, 0.000017, ZIP, 518, 18, 28.777778, 0.722222, 0.000614, 0.000006, 0.000608, 
trial0004275, GDX, 407, 22, 18.500000, 0.681818, 0.005224, 0.005205, 0.000019, ZIP, 375, 18, 20.833333, 0.611111, 0.000950, 0.000347, 0.000603, 
trial0004276, GDX, 272, 22, 12.363636, 0.454545, 0.004450, 0.004428, 0.000022, ZIP, 1395, 18, 77.500000, 2.111111, 0.000254, 0.000005, 0.000248, 
trial0004277, GDX, 974, 22, 44.272727, 1.818182, 0.004517, 0.003941, 0.000576, ZIP, 1193, 18, 66.277778, 1.444444, 0.000292, 0.000005, 0.000287, 
trial0004278, GDX, 766, 22, 34.818182, 1.318182, 0.004664, 0.004007, 0.000657, ZIP, 651, 18, 36.166667, 1.055556, 0.000773, 0.000233, 0.000540, 
trial0004279, GDX, 256, 22, 11.636364, 0.772727, 0.005134, 0.004876, 0.000258, ZIP, 1137, 18, 63.166667, 1.388889, 0.000436, 0.000006, 0.000430, 
trial0004280, GDX, 652, 22, 29.636364, 0.863636, 0.004695, 0.004071, 0.000624, ZIP, 817, 18, 45.388889, 1.277778, 0.000256, 0.000005, 0.000251, 
trial0004281, GDX, 1171, 22, 53.227273, 1.500000, 0.003249, 0.003041, 0.000208, ZIP, 940, 18, 52.222222, 1.611111, 0.000949, 0.000515, 0.000434, 
trial0004282, GDX, 449, 22, 20.409091, 0.863636, 0.006542, 0.006523, 0.000019, ZIP, 389, 18, 21.611111, 0.666667, 0.000615, 0.000005, 0.000609, 
trial0004283, GDX, 105, 22, 4.772727, 0.409091, 0.004370, 0.004000, 0.000370, ZIP, 1048, 18, 58.222222, 1.388889, 0.000021, 0.000005, 0.000017, 
trial0004284, GDX, 1251, 22, 56.863636, 1.727273, 0.004782, 0.004279, 0.000503, ZIP, 775, 18, 43.055556, 1.444444, 0.000470, 0.000006, 0.000464, 
trial0004285, GDX, 718, 22, 32.636364, 1.000000, 0.004310, 0.004101, 0.000209, ZIP, 629, 18, 34.944444, 1.222222, 0.000758, 0.000006, 0.000753, 
trial0004286, GDX, 79, 22, 3.590909, 0.363636, 0.005193, 0.004893, 0.000299, ZIP, 1196, 18, 66.444444, 1.666667, 0.000031, 0.000005, 0.000026, 
trial0004287, GDX, 1124, 22, 51.090909, 1.863636, 0.004790, 0.004407, 0.000383, ZIP, 1068, 18, 59.333333, 1.500000, 0.000496, 0.000261, 0.000235, 
trial0004288, GDX, 689, 22, 31.318182, 1.045455, 0.004667, 0.004365, 0.000302, ZIP, 633, 18, 35.166667, 1.055556, 0.000036, 0.000005, 0.000031, 
trial0004289, GDX, 451, 22, 20.500000, 1.090909, 0.003998, 0.003809, 0.000189, ZIP, 1171, 18, 65.055556, 1.555556, 0.001058, 0.000006, 0.001052, 
trial0004290, GDX, 518, 22, 23.545455, 1.090909, 0.004019, 0.003998, 0.000021, ZIP, 1134, 18, 63.000000, 1.555556, 0.000486, 0.000005, 0.000480, 
trial0004291, GDX, 839, 22, 38.136364, 1.318182, 0.004584, 0.004354, 0.000230, ZIP, 815, 18, 45.277778, 1.388889, 0.000890, 0.000233, 0.000657, 
trial0004292, GDX, 189, 22, 8.590909, 0.636364, 0.005011, 0.004571, 0.000440, ZIP, 1432, 18, 79.555556, 1.888889, 0.000261, 0.000233, 0.000028, 
trial0004293, GDX, 911, 22, 41.409091, 1.227273, 0.005220, 0.004992, 0.000228, ZIP, 327, 18, 18.166667, 0.611111, 0.000321, 0.000005, 0.000315, 
trial0004294, GDX, 718, 22, 32.636364, 0.954545, 0.004133, 0.004114, 0.000018, ZIP, 748, 18, 41.555556, 1.166667, 0.000237, 0.000005, 0.000231, 
trial0004295, GDX, 423, 22, 19.227273, 0.772727, 0.004614, 0.004594, 0.000020, ZIP, 863, 18, 47.944444, 1.388889, 0.000285, 0.000006, 0.000280, 
trial0004296, GDX, 1121, 22, 50.954545, 1.272727, 0.004586, 0.004397, 0.000189, ZIP, 583, 18, 32.388889, 1.222222, 0.000233, 0.000209, 0.000024, 
trial0004297, GDX, 453, 22, 20.590909, 0.818182, 0.003238, 0.003219, 0.000019, ZIP, 1108, 18, 61.555556, 1.555556, 0.000604, 0.000005, 0.000599, 
trial0004298, GDX, 179, 22, 8.136364, 0.454545, 0.004489, 0.004288, 0.000201, ZIP, 717, 18, 39.833333, 1.222222, 0.000249, 0.000005, 0.000244, 
trial0004299, GDX, 235, 22, 10.681818, 0.500000, 0.005272, 0.004627, 0.000644, ZIP, 563, 18, 31.277778, 1.166667, 0.000770, 0.000006, 0.000764, 
trial0004300, GDX, 509, 22, 23.136364, 0.818182, 0.003539, 0.002979, 0.000561, ZIP, 1370, 18, 76.111111, 1.888889, 0.000462, 0.000005, 0.000456, 
trial0004301, GDX, 293, 22, 13.318182, 0.863636, 0.004786, 0.004347, 0.000439, ZIP, 782, 18, 43.444444, 1.333333, 0.000550, 0.000006, 0.000544, 
trial0004302, GDX, 268, 22, 12.181818, 0.863636, 0.004789, 0.004372, 0.000417, ZIP, 797, 18, 44.277778, 1.388889, 0.000034, 0.000005, 0.000029, 
trial0004303, GDX, 368, 22, 16.727273, 0.636364, 0.006596, 0.006285, 0.000311, ZIP, 316, 18, 17.555556, 0.777778, 0.000715, 0.000006, 0.000709, 
trial0004304, GDX, 803, 22, 36.500000, 1.227273, 0.004660, 0.004078, 0.000583, ZIP, 486, 18, 27.000000, 0.944444, 0.000419, 0.000210, 0.000209, 
trial0004305, GDX, 49, 22, 2.227273, 0.272727, 0.005585, 0.005570, 0.000015, ZIP, 509, 18, 28.277778, 0.888889, 0.000022, 0.000005, 0.000016, 
trial0004306, GDX, 380, 22, 17.272727, 1.045455, 0.004759, 0.004571, 0.000188, ZIP, 549, 18, 30.500000, 1.055556, 0.000033, 0.000005, 0.000028, 
trial0004307, GDX, 549, 22, 24.954545, 1.136364, 0.003719, 0.003516, 0.000203, ZIP, 632, 18, 35.111111, 0.944444, 0.000252, 0.000233, 0.000020, 
trial0004308, GDX, 465, 22, 21.136364, 0.954545, 0.004820, 0.004386, 0.000434, ZIP, 938, 18, 52.111111, 1.722222, 0.000030, 0.000005, 0.000025, 
trial0004309, GDX, 80, 22, 3.636364, 0.636364, 0.004506, 0.004488, 0.000018, ZIP, 1125, 18, 62.500000, 1.333333, 0.000434, 0.000209, 0.000225, 
trial0004310, GDX, 356, 22, 16.181818, 0.727273, 0.004439, 0.004421, 0.000018, ZIP, 459, 18, 25.500000, 0.777778, 0.001057, 0.000005, 0.001052, 
trial0004311, GDX, 297, 22, 13.500000, 0.818182, 0.005431, 0.005202, 0.000229, ZIP, 609, 18, 33.833333, 1.000000, 0.000031, 0.000006, 0.000025, 
trial0004312, GDX, 410, 22, 18.636364, 0.818182, 0.004662, 0.004436, 0.000226, ZIP, 467, 18, 25.944444, 0.777778, 0.000507, 0.000006, 0.000501, 
trial0004313, GDX, 617, 22, 28.045455, 1.136364, 0.004808, 0.004790, 0.000018, ZIP, 398, 18, 22.111111, 0.833333, 0.000233, 0.000209, 0.000024, 
trial0004314, GDX, 294, 22, 13.363636, 0.590909, 0.006773, 0.006205, 0.000568, ZIP, 413, 18, 22.944444, 0.833333, 0.000319, 0.000005, 0.000313, 
trial0004315, GDX, 167, 22, 7.590909, 0.454545, 0.005531, 0.005513, 0.000018, ZIP, 509, 18, 28.277778, 0.888889, 0.000321, 0.000005, 0.000316, 
trial0004316, GDX, 458, 22, 20.818182, 1.136364, 0.004395, 0.003699, 0.000695, ZIP, 731, 18, 40.611111, 1.166667, 0.000697, 0.000210, 0.000487, 
trial0004317, GDX, 289, 22, 13.136364, 0.681818, 0.005949, 0.005205, 0.000743, ZIP, 493, 18, 27.388889, 0.944444, 0.000252, 0.000005, 0.000247, 
trial0004318, GDX, 323, 22, 14.681818, 0.636364, 0.006772, 0.006416, 0.000356, ZIP, 278, 18, 15.444444, 0.666667, 0.000372, 0.000005, 0.000367, 
trial0004319, GDX, 216, 22, 9.818182, 0.545455, 0.006711, 0.006357, 0.000354, ZIP, 381, 18, 21.166667, 0.555556, 0.000029, 0.000006, 0.000022, 
trial0004320, GDX, 498, 22, 22.636364, 1.045455, 0.005951, 0.005275, 0.000676, ZIP, 432, 18, 24.000000, 0.944444, 0.001352, 0.000006, 0.001347, 
trial0004321, GDX, 552, 22, 25.090909, 1.136364, 0.005813, 0.005794, 0.000019, ZIP, 410, 18, 22.777778, 0.500000, 0.000285, 0.000005, 0.000280, 
trial0004322, GDX, 392, 22, 17.818182, 0.863636, 0.005775, 0.005477, 0.000298, ZIP, 630, 18, 35.000000, 1.055556, 0.000630, 0.000005, 0.000625, 
trial0004323, GDX, 377, 22, 17.136364, 1.000000, 0.004849, 0.004642, 0.000206, ZIP, 753, 18, 41.833333, 1.000000, 0.000462, 0.000211, 0.000252, 
trial0004324, GDX, 159, 22, 7.227273, 0.454545, 0.005683, 0.005388, 0.000295, ZIP, 505, 18, 28.055556, 0.833333, 0.000027, 0.000006, 0.000022, 
trial0004325, GDX, 291, 22, 13.227273, 0.863636, 0.004896, 0.004690, 0.000206, ZIP, 522, 18, 29.000000, 0.944444, 0.000539, 0.000006, 0.000533, 
trial0004326, GDX, 450, 22, 20.454545, 1.000000, 0.004599, 0.004367, 0.000233, ZIP, 724, 18, 40.222222, 1.333333, 0.000955, 0.000006, 0.000949, 
trial0004327, GDX, 472, 22, 21.454545, 0.681818, 0.004536, 0.004348, 0.000188, ZIP, 632, 18, 35.111111, 1.277778, 0.000471, 0.000006, 0.000466, 
trial0004328, GDX, 142, 22, 6.454545, 0.772727, 0.005755, 0.005103, 0.000652, ZIP, 670, 18, 37.222222, 0.888889, 0.000255, 0.000232, 0.000023, 
trial0004329, GDX, 233, 22, 10.590909, 0.500000, 0.005650, 0.005450, 0.000200, ZIP, 132, 18, 7.333333, 0.277778, 0.000362, 0.000346, 0.000016, 
trial0004330, GDX, 420, 22, 19.090909, 1.090909, 0.004889, 0.004264, 0.000625, ZIP, 784, 18, 43.555556, 1.444444, 0.000031, 0.000005, 0.000026, 
trial0004331, GDX, 321, 22, 14.590909, 0.727273, 0.005755, 0.005736, 0.000019, ZIP, 547, 18, 30.388889, 0.888889, 0.000028, 0.000005, 0.000023, 
trial0004332, GDX, 332, 22, 15.090909, 1.000000, 0.005648, 0.005628, 0.000020, ZIP, 732, 18, 40.666667, 1.111111, 0.000028, 0.000005, 0.000023, 
trial0004333, GDX, 188, 22, 8.545455, 0.636364, 0.004757, 0.004738, 0.000019, ZIP, 786, 18, 43.666667, 1.222222, 0.000526, 0.000006, 0.000520, 
trial0004334, GDX, 649, 22, 29.500000, 1.272727, 0.004995, 0.004578, 0.000417, ZIP, 414, 18, 23.000000, 0.666667, 0.000354, 0.000005, 0.000349, 
trial0004335, GDX, 336, 22, 15.272727, 0.727273, 0.007125, 0.007105, 0.000019, ZIP, 361, 18, 20.055556, 0.666667, 0.000373, 0.000006, 0.000367, 
trial0004336, GDX, 285, 22, 12.954545, 0.681818, 0.006458, 0.006137, 0.000321, ZIP, 283, 18, 15.722222, 0.333333, 0.000029, 0.000005, 0.000024, 
trial0004337, GDX, 331, 22, 15.045455, 0.954545, 0.004455, 0.004434, 0.000021, ZIP, 874, 18, 48.555556, 1.277778, 0.000607, 0.000192, 0.000415, 
trial0004338, GDX, 75, 22, 3.409091, 0.181818, 0.006590, 0.006575, 0.000014, ZIP, 175, 18, 9.722222, 0.444444, 0.000724, 0.000006, 0.000719, 
trial0004339, GDX, 337, 22, 15.318182, 0.863636, 0.005766, 0.005513, 0.000253, ZIP, 480, 18, 26.666667, 0.722222, 0.000258, 0.000234, 0.000024, 
trial0004340, GDX, 122, 22, 5.545455, 0.590909, 0.004856, 0.004835, 0.000021, ZIP, 785, 18, 43.611111, 1.500000, 0.000733, 0.000414, 0.000318, 
trial0004341, GDX, 202, 22, 9.181818, 0.772727, 0.003348, 0.003332, 0.000016, ZIP, 670, 18, 37.222222, 0.722222, 0.000252, 0.000005, 0.000246, 
trial0004342, GDX, 136, 22, 6.181818, 0.363636, 0.005692, 0.005679, 0.000013, ZIP, 228, 18, 12.666667, 0.388889, 0.000705, 0.000346, 0.000359, 
trial0004343, GDX, 658, 22, 29.909091, 1.227273, 0.005755, 0.005734, 0.000021, ZIP, 445, 18, 24.722222, 1.055556, 0.000697, 0.000413, 0.000284, 
trial0004344, GDX, 65, 22, 2.954545, 0.272727, 0.009065, 0.009052, 0.000014, ZIP, 186, 18, 10.333333, 0.333333, 0.000434, 0.000005, 0.000429, 
trial0004345, GDX, 482, 22, 21.909091, 1.181818, 0.005877, 0.004991, 0.000887, ZIP, 650, 18, 36.111111, 1.222222, 0.000040, 0.000005, 0.000035, 
trial0004346, GDX, 677, 22, 30.772727, 1.636364, 0.004266, 0.004076, 0.000190, ZIP, 668, 18, 37.111111, 1.222222, 0.000319, 0.000005, 0.000314, 
trial0004347, GDX, 100, 22, 4.545455, 0.454545, 0.004534, 0.004121, 0.000412, ZIP, 479, 18, 26.611111, 0.888889, 0.000255, 0.000005, 0.000250, 
trial0004348, GDX, 387, 22, 17.590909, 0.545455, 0.006293, 0.006274, 0.000019, ZIP, 222, 18, 12.333333, 0.555556, 0.000661, 0.000005, 0.000655, 
trial0004349, GDX, 217, 22, 9.863636, 0.545455, 0.007081, 0.006138, 0.000943, ZIP, 431, 18, 23.944444, 0.666667, 0.000370, 0.000005, 0.000365, 
trial0004350, GDX, 609, 22, 27.681818, 1.136364, 0.004701, 0.004683, 0.000018, ZIP, 257, 18, 14.277778, 0.722222, 0.000030, 0.000005, 0.000025, 
trial0004351, GDX, 481, 22, 21.863636, 1.045455, 0.004877, 0.004437, 0.000440, ZIP, 653, 18, 36.277778, 1.166667, 0.000288, 0.000005, 0.000283, 
trial0004352, GDX, 85, 22, 3.863636, 0.454545, 0.004344, 0.004328, 0.000017, ZIP, 609, 18, 33.833333, 0.888889, 0.000027, 0.000006, 0.000021, 
trial0004353, GDX, 76, 22, 3.454545, 0.363636, 0.005914, 0.005656, 0.000257, ZIP, 797, 18, 44.277778, 1.111111, 0.000321, 0.000005, 0.000316, 
trial0004354, GDX, 384, 22, 17.454545, 1.045455, 0.004142, 0.003935, 0.000207, ZIP, 686, 18, 38.111111, 1.166667, 0.000508, 0.000005, 0.000503, 
trial0004355, GDX, 406, 22, 18.454545, 0.727273, 0.008200, 0.007499, 0.000700, ZIP, 435, 18, 24.166667, 1.000000, 0.000374, 0.000006, 0.000369, 
trial0004356, GDX, 23, 22, 1.045455, 0.227273, 0.007116, 0.007102, 0.000014, ZIP, 448, 18, 24.888889, 0.611111, 0.000247, 0.000005, 0.000242, 
trial0004357, GDX, 401, 22, 18.227273, 0.863636, 0.007036, 0.006426, 0.000610, ZIP, 507, 18, 28.166667, 1.055556, 0.000321, 0.000006, 0.000316, 
trial0004358, GDX, 571, 22, 25.954545, 1.363636, 0.005577, 0.005554, 0.000023, ZIP, 870, 18, 48.333333, 1.333333, 0.000031, 0.000005, 0.000025, 
trial0004359, GDX, 360, 22, 16.363636, 0.681818, 0.004113, 0.004095, 0.000019, ZIP, 630, 18, 35.000000, 1.055556, 0.000252, 0.000005, 0.000247, 
trial0004360, GDX, 137, 22, 6.227273, 0.590909, 0.005103, 0.004875, 0.000228, ZIP, 751, 18, 41.722222, 1.166667, 0.000230, 0.000005, 0.000225, 
trial0004361, GDX, 212, 22, 9.636364, 0.590909, 0.004921, 0.004907, 0.000015, ZIP, 479, 18, 26.611111, 0.500000, 0.000226, 0.000005, 0.000221, 
trial0004362, GDX, 331, 22, 15.045455, 0.772727, 0.004631, 0.004611, 0.000020, ZIP, 781, 18, 43.388889, 1.166667, 0.000576, 0.000006, 0.000570, 
trial0004363, GDX, 209, 22, 9.500000, 0.636364, 0.005994, 0.005978, 0.000016, ZIP, 260, 18, 14.444444, 0.555556, 0.000023, 0.000005, 0.000018, 
trial0004364, GDX, 59, 22, 2.681818, 0.409091, 0.006634, 0.006618, 0.000016, ZIP, 463, 18, 25.722222, 0.833333, 0.000028, 0.000005, 0.000023, 
trial0004365, GDX, 81, 22, 3.681818, 0.363636, 0.005100, 0.005084, 0.000016, ZIP, 634, 18, 35.222222, 1.111111, 0.000024, 0.000005, 0.000019, 
trial0004366, GDX, 556, 22, 25.272727, 0.863636, 0.004908, 0.004889, 0.000019, ZIP, 446, 18, 24.777778, 1.166667, 0.000512, 0.000006, 0.000506, 
trial0004367, GDX, 226, 22, 10.272727, 0.363636, 0.007270, 0.007254, 0.000016, ZIP, 383, 18, 21.277778, 0.666667, 0.000433, 0.000005, 0.000428, 
trial0004368, GDX, 503, 22, 22.863636, 1.227273, 0.005026, 0.004817, 0.000209, ZIP, 590, 18, 32.777778, 1.277778, 0.000327, 0.000298, 0.000030, 
trial0004369, GDX, 156, 22, 7.090909, 0.818182, 0.005072, 0.005052, 0.000020, ZIP, 890, 18, 49.444444, 1.444444, 0.000625, 0.000258, 0.000367, 
trial0004370, GDX, 130, 22, 5.909091, 0.409091, 0.006217, 0.005327, 0.000890, ZIP, 528, 18, 29.333333, 1.055556, 0.000369, 0.000005, 0.000364, 
trial0004371, GDX, 48, 22, 2.181818, 0.409091, 0.004846, 0.004591, 0.000255, ZIP, 514, 18, 28.555556, 0.722222, 0.000594, 0.000346, 0.000248, 
trial0004372, GDX, 672, 22, 30.545455, 0.909091, 0.005266, 0.005037, 0.000230, ZIP, 420, 18, 23.333333, 1.111111, 0.000579, 0.000005, 0.000573, 
trial0004373, GDX, 220, 22, 10.000000, 0.590909, 0.004399, 0.004196, 0.000203, ZIP, 495, 18, 27.500000, 0.833333, 0.000253, 0.000005, 0.000248, 
trial0004374, GDX, 260, 22, 11.818182, 0.727273, 0.005315, 0.005299, 0.000016, ZIP, 334, 18, 18.555556, 0.555556, 0.000735, 0.000233, 0.000502, 
trial0004375, GDX, 306, 22, 13.909091, 0.590909, 0.004389, 0.004368, 0.000021, ZIP, 837, 18, 46.500000, 1.500000, 0.000487, 0.000233, 0.000254, 
trial0004376, GDX, 36, 22, 1.636364, 0.181818, 0.007910, 0.007657, 0.000253, ZIP, 160, 18, 8.888889, 0.222222, 0.000022, 0.000006, 0.000016, 
trial0004377, GDX, 179, 22, 8.136364, 0.681818, 0.005400, 0.005382, 0.000018, ZIP, 619, 18, 34.388889, 0.944444, 0.000026, 0.000005, 0.000021, 
trial0004378, GDX, 324, 22, 14.727273, 0.681818, 0.005246, 0.005229, 0.000017, ZIP, 389, 18, 21.611111, 0.722222, 0.001088, 0.000006, 0.001082, 
trial0004379, GDX, 546, 22, 24.818182, 1.227273, 0.006065, 0.006042, 0.000022, ZIP, 402, 18, 22.333333, 0.500000, 0.000379, 0.000006, 0.000373, 
trial0004380, GDX, 205, 22, 9.318182, 0.863636, 0.005141, 0.004851, 0.000290, ZIP, 1193, 18, 66.277778, 2.388889, 0.000813, 0.000289, 0.000524, 
trial0004381, GDX, 105, 22, 4.772727, 0.409091, 0.007606, 0.007351, 0.000255, ZIP, 455, 18, 25.277778, 0.611111, 0.000608, 0.000005, 0.000603, 
trial0004382, GDX, 299, 22, 13.590909, 0.681818, 0.007143, 0.006859, 0.000283, ZIP, 457, 18, 25.388889, 0.833333, 0.000283, 0.000005, 0.000277, 
trial0004383, GDX, 272, 22, 12.363636, 0.727273, 0.009637, 0.009327, 0.000310, ZIP, 457, 18, 25.388889, 0.944444, 0.000032, 0.000005, 0.000027, 
trial0004384, GDX, 377, 22, 17.136364, 0.863636, 0.003823, 0.003802, 0.000020, ZIP, 817, 18, 45.388889, 1.277778, 0.000600, 0.000005, 0.000594, 
trial0004385, GDX, 454, 22, 20.636364, 1.000000, 0.004564, 0.004096, 0.000468, ZIP, 861, 18, 47.833333, 1.444444, 0.000938, 0.000257, 0.000681, 
trial0004386, GDX, 116, 22, 5.272727, 0.818182, 0.004496, 0.004291, 0.000204, ZIP, 1113, 18, 61.833333, 1.333333, 0.000210, 0.000005, 0.000205, 
trial0004387, GDX, 92, 22, 4.181818, 0.272727, 0.010598, 0.010243, 0.000355, ZIP, 396, 18, 22.000000, 0.833333, 0.000444, 0.000006, 0.000439, 
trial0004388, GDX, 8, 22, 0.363636, 0.227273, 0.005352, 0.005335, 0.000017, ZIP, 744, 18, 41.333333, 1.166667, 0.000765, 0.000006, 0.000759, 
trial0004389, GDX, 344, 22, 15.636364, 0.636364, 0.005382, 0.005365, 0.000017, ZIP, 328, 18, 18.222222, 0.555556, 0.000321, 0.000005, 0.000315, 
trial0004390, GDX, 349, 22, 15.863636, 0.681818, 0.005261, 0.005244, 0.000018, ZIP, 590, 18, 32.777778, 1.166667, 0.000613, 0.000298, 0.000315, 
trial0004391, GDX, 321, 22, 14.590909, 0.727273, 0.005205, 0.004909, 0.000296, ZIP, 559, 18, 31.055556, 0.888889, 0.000892, 0.000210, 0.000682, 
trial0004392, GDX, 409, 22, 18.590909, 0.818182, 0.006030, 0.005615, 0.000415, ZIP, 481, 18, 26.722222, 1.055556, 0.000543, 0.000233, 0.000311, 
trial0004393, GDX, 302, 22, 13.727273, 0.636364, 0.006367, 0.006350, 0.000017, ZIP, 197, 18, 10.944444, 0.444444, 0.000372, 0.000006, 0.000367, 
trial0004394, GDX, 134, 22, 6.090909, 0.545455, 0.004541, 0.004526, 0.000015, ZIP, 670, 18, 37.222222, 0.777778, 0.000023, 0.000005, 0.000018, 
trial0004395, GDX, 839, 22, 38.136364, 1.545455, 0.004508, 0.004279, 0.000229, ZIP, 666, 18, 37.000000, 1.222222, 0.000235, 0.000209, 0.000026, 
trial0004396, GDX, 270, 22, 12.272727, 0.590909, 0.004883, 0.004395, 0.000488, ZIP, 490, 18, 27.222222, 0.722222, 0.000620, 0.000005, 0.000614, 
trial0004397, GDX, 264, 22, 12.000000, 0.727273, 0.008116, 0.008098, 0.000018, ZIP, 221, 18, 12.277778, 0.333333, 0.000883, 0.000346, 0.000537, 
trial0004398, GDX, 372, 22, 16.909091, 0.818182, 0.004809, 0.004788, 0.000021, ZIP, 711, 18, 39.500000, 1.333333, 0.000643, 0.000006, 0.000637, 
trial0004399, GDX, 513, 22, 23.318182, 0.818182, 0.004989, 0.004572, 0.000417, ZIP, 667, 18, 37.055556, 1.222222, 0.000715, 0.000009, 0.000706, 
trial0004400, GDX, 363, 22, 16.500000, 0.954545, 0.005974, 0.005417, 0.000557, ZIP, 437, 18, 24.277778, 0.833333, 0.000289, 0.000006, 0.000283, 
trial0004401, GDX, 505, 22, 22.954545, 1.090909, 0.002562, 0.002424, 0.000138, ZIP, 820, 18, 45.555556, 1.777778, 0.000958, 0.000415, 0.000543, 
trial0004402, GDX, 346, 22, 15.727273, 0.954545, 0.002563, 0.002416, 0.000147, ZIP, 1275, 18, 70.833333, 1.833333, 0.000028, 0.000005, 0.000023, 
trial0004403, GDX, 1108, 22, 50.363636, 1.727273, 0.003283, 0.003022, 0.000261, ZIP, 709, 18, 39.388889, 1.666667, 0.000449, 0.000005, 0.000444, 
trial0004404, GDX, 960, 22, 43.636364, 1.181818, 0.002606, 0.002432, 0.000174, ZIP, 1275, 18, 70.833333, 3.000000, 0.000349, 0.000190, 0.000159, 
trial0004405, GDX, 776, 22, 35.272727, 1.454545, 0.003001, 0.002175, 0.000825, ZIP, 816, 18, 45.333333, 2.000000, 0.000477, 0.000005, 0.000472, 
trial0004406, GDX, 1024, 22, 46.545455, 1.590909, 0.002482, 0.002187, 0.000295, ZIP, 674, 18, 37.444444, 1.166667, 0.000025, 0.000005, 0.000020, 
trial0004407, GDX, 1541, 22, 70.045455, 2.000000, 0.002820, 0.002610, 0.000209, ZIP, 1120, 18, 62.222222, 2.222222, 0.000483, 0.000005, 0.000477, 
trial0004408, GDX, 563, 22, 25.590909, 1.136364, 0.002478, 0.002305, 0.000173, ZIP, 1377, 18, 76.500000, 2.500000, 0.000233, 0.000005, 0.000228, 
trial0004409, GDX, 1097, 22, 49.863636, 2.272727, 0.002459, 0.002318, 0.000141, ZIP, 1638, 18, 91.000000, 2.555556, 0.000180, 0.000005, 0.000175, 
trial0004410, GDX, 1273, 22, 57.863636, 2.090909, 0.002962, 0.002670, 0.000292, ZIP, 1256, 18, 69.777778, 2.222222, 0.000030, 0.000005, 0.000025, 
trial0004411, GDX, 723, 22, 32.863636, 1.272727, 0.002594, 0.002408, 0.000186, ZIP, 567, 18, 31.500000, 1.111111, 0.001097, 0.000698, 0.000398, 
trial0004412, GDX, 629, 22, 28.590909, 1.181818, 0.003208, 0.003052, 0.000157, ZIP, 755, 18, 41.944444, 1.333333, 0.000357, 0.000005, 0.000352, 
trial0004413, GDX, 329, 22, 14.954545, 0.545455, 0.002910, 0.002739, 0.000171, ZIP, 722, 18, 40.111111, 1.666667, 0.000023, 0.000005, 0.000018, 
trial0004414, GDX, 682, 22, 31.000000, 1.500000, 0.002656, 0.002315, 0.000342, ZIP, 1213, 18, 67.388889, 2.166667, 0.000372, 0.000005, 0.000367, 
trial0004415, GDX, 636, 22, 28.909091, 1.409091, 0.003266, 0.002786, 0.000481, ZIP, 1034, 18, 57.444444, 1.833333, 0.000427, 0.000005, 0.000422, 
trial0004416, GDX, 1451, 22, 65.954545, 2.181818, 0.002032, 0.001555, 0.000477, ZIP, 1065, 18, 59.166667, 2.222222, 0.000285, 0.000005, 0.000280, 
trial0004417, GDX, 665, 22, 30.227273, 1.181818, 0.003142, 0.002798, 0.000344, ZIP, 1262, 18, 70.111111, 2.444444, 0.000217, 0.000005, 0.000212, 
trial0004418, GDX, 1300, 22, 59.090909, 1.590909, 0.002968, 0.002488, 0.000480, ZIP, 413, 18, 22.944444, 1.277778, 0.000563, 0.000005, 0.000558, 
trial0004419, GDX, 1018, 22, 46.272727, 2.454545, 0.002480, 0.001989, 0.000491, ZIP, 1797, 18, 99.833333, 2.555556, 0.000264, 0.000232, 0.000032, 
trial0004420, GDX, 586, 22, 26.636364, 1.000000, 0.002739, 0.002017, 0.000723, ZIP, 1311, 18, 72.833333, 2.333333, 0.000029, 0.000005, 0.000024, 
trial0004421, GDX, 1113, 22, 50.590909, 2.227273, 0.003196, 0.002793, 0.000403, ZIP, 1050, 18, 58.333333, 1.944444, 0.000209, 0.000005, 0.000204, 
trial0004422, GDX, 1229, 22, 55.863636, 1.954545, 0.003086, 0.002924, 0.000161, ZIP, 946, 18, 52.555556, 2.055556, 0.000232, 0.000208, 0.000023, 
trial0004423, GDX, 1029, 22, 46.772727, 1.863636, 0.003821, 0.003588, 0.000233, ZIP, 788, 18, 43.777778, 1.833333, 0.000388, 0.000175, 0.000213, 
trial0004424, GDX, 1197, 22, 54.409091, 1.636364, 0.002373, 0.002013, 0.000360, ZIP, 1215, 18, 67.500000, 2.333333, 0.000180, 0.000005, 0.000174, 
trial0004425, GDX, 1148, 22, 52.181818, 1.636364, 0.002447, 0.002258, 0.000189, ZIP, 1080, 18, 60.000000, 2.000000, 0.000319, 0.000005, 0.000313, 
trial0004426, GDX, 869, 22, 39.500000, 1.681818, 0.003225, 0.002898, 0.000327, ZIP, 1328, 18, 73.777778, 2.166667, 0.000176, 0.000005, 0.000171, 
trial0004427, GDX, 806, 22, 36.636364, 1.545455, 0.003649, 0.003628, 0.000021, ZIP, 820, 18, 45.555556, 1.277778, 0.000027, 0.000006, 0.000021, 
trial0004428, GDX, 531, 22, 24.136364, 1.363636, 0.002310, 0.002292, 0.000018, ZIP, 995, 18, 55.277778, 1.555556, 0.000164, 0.000005, 0.000158, 
trial0004429, GDX, 1032, 22, 46.909091, 1.409091, 0.002889, 0.002872, 0.000018, ZIP, 735, 18, 40.833333, 1.388889, 0.000197, 0.000005, 0.000192, 
trial0004430, GDX, 1222, 22, 55.545455, 1.727273, 0.003356, 0.003029, 0.000327, ZIP, 666, 18, 37.000000, 1.777778, 0.000032, 0.000005, 0.000027, 
trial0004431, GDX, 806, 22, 36.636364, 1.590909, 0.002940, 0.002918, 0.000022, ZIP, 902, 18, 50.111111, 1.611111, 0.000373, 0.000005, 0.000368, 
trial0004432, GDX, 601, 22, 27.318182, 0.909091, 0.002697, 0.002525, 0.000172, ZIP, 942, 18, 52.333333, 2.000000, 0.000027, 0.000005, 0.000022, 
trial0004433, GDX, 485, 22, 22.045455, 1.181818, 0.002480, 0.002156, 0.000324, ZIP, 956, 18, 53.111111, 1.222222, 0.000386, 0.000005, 0.000381, 
trial0004434, GDX, 1017, 22, 46.227273, 1.954545, 0.002756, 0.002454, 0.000301, ZIP, 1614, 18, 89.666667, 2.722222, 0.000563, 0.000005, 0.000558, 
trial0004435, GDX, 969, 22, 44.045455, 2.090909, 0.002353, 0.002026, 0.000327, ZIP, 1174, 18, 65.222222, 1.888889, 0.000567, 0.000005, 0.000562, 
trial0004436, GDX, 997, 22, 45.318182, 1.636364, 0.002932, 0.002770, 0.000163, ZIP, 1128, 18, 62.666667, 2.222222, 0.000468, 0.000005, 0.000462, 
trial0004437, GDX, 999, 22, 45.409091, 1.636364, 0.002731, 0.002711, 0.000020, ZIP, 1043, 18, 57.944444, 2.111111, 0.000364, 0.000005, 0.000359, 
trial0004438, GDX, 759, 22, 34.500000, 1.090909, 0.003718, 0.003697, 0.000021, ZIP, 628, 18, 34.888889, 1.666667, 0.000029, 0.000005, 0.000024, 
trial0004439, GDX, 837, 22, 38.045455, 1.272727, 0.003318, 0.003158, 0.000160, ZIP, 1005, 18, 55.833333, 1.666667, 0.000417, 0.000005, 0.000411, 
trial0004440, GDX, 734, 22, 33.363636, 1.500000, 0.003298, 0.003066, 0.000232, ZIP, 961, 18, 53.388889, 1.500000, 0.000740, 0.000005, 0.000734, 
trial0004441, GDX, 730, 22, 33.181818, 1.409091, 0.002983, 0.002566, 0.000417, ZIP, 1092, 18, 60.666667, 2.277778, 0.000030, 0.000005, 0.000026, 
trial0004442, GDX, 1561, 22, 70.954545, 2.681818, 0.002077, 0.001650, 0.000428, ZIP, 1017, 18, 56.500000, 1.500000, 0.000031, 0.000005, 0.000025, 
trial0004443, GDX, 691, 22, 31.409091, 1.863636, 0.002572, 0.002551, 0.000021, ZIP, 1475, 18, 81.944444, 1.833333, 0.000340, 0.000005, 0.000335, 
trial0004444, GDX, 404, 22, 18.363636, 0.681818, 0.002967, 0.002951, 0.000016, ZIP, 735, 18, 40.833333, 1.277778, 0.000838, 0.000005, 0.000833, 
trial0004445, GDX, 848, 22, 38.545455, 1.181818, 0.002517, 0.002342, 0.000175, ZIP, 1212, 18, 67.333333, 2.444444, 0.000548, 0.000177, 0.000371, 
trial0004446, GDX, 543, 22, 24.681818, 0.863636, 0.002739, 0.002720, 0.000019, ZIP, 661, 18, 36.722222, 1.611111, 0.000386, 0.000006, 0.000380, 
trial0004447, GDX, 1018, 22, 46.272727, 1.545455, 0.003004, 0.002519, 0.000484, ZIP, 1382, 18, 76.777778, 2.777778, 0.000534, 0.000005, 0.000529, 
trial0004448, GDX, 499, 22, 22.681818, 1.181818, 0.004354, 0.004334, 0.000020, ZIP, 671, 18, 37.277778, 1.222222, 0.000570, 0.000005, 0.000565, 
trial0004449, GDX, 1252, 22, 56.909091, 2.136364, 0.002069, 0.001908, 0.000161, ZIP, 1007, 18, 55.944444, 2.055556, 0.000409, 0.000006, 0.000403, 
trial0004450, GDX, 526, 22, 23.909091, 0.636364, 0.002928, 0.002772, 0.000156, ZIP, 758, 18, 42.111111, 1.555556, 0.000228, 0.000005, 0.000223, 
trial0004451, GDX, 1453, 22, 66.045455, 2.227273, 0.003091, 0.002764, 0.000327, ZIP, 787, 18, 43.722222, 1.500000, 0.000663, 0.000175, 0.000488, 
trial0004452, GDX, 294, 22, 13.363636, 0.818182, 0.002392, 0.002374, 0.000018, ZIP, 1622, 18, 90.111111, 2.111111, 0.000367, 0.000005, 0.000362, 
trial0004453, GDX, 592, 22, 26.909091, 1.454545, 0.002030, 0.001704, 0.000326, ZIP, 1194, 18, 66.333333, 1.888889, 0.000510, 0.000006, 0.000504, 
trial0004454, GDX, 849, 22, 38.590909, 1.818182, 0.003487, 0.003139, 0.000348, ZIP, 1217, 18, 67.611111, 2.000000, 0.000411, 0.000005, 0.000405, 
trial0004455, GDX, 798, 22, 36.272727, 1.636364, 0.003547, 0.003218, 0.000329, ZIP, 1115, 18, 61.944444, 2.000000, 0.000219, 0.000005, 0.000214, 
trial0004456, GDX, 980, 22, 44.545455, 1.409091, 0.002253, 0.002232, 0.000021, ZIP, 848, 18, 47.111111, 1.833333, 0.000346, 0.000006, 0.000340, 
trial0004457, GDX, 903, 22, 41.045455, 1.409091, 0.001545, 0.001524, 0.000021, ZIP, 1305, 18, 72.500000, 2.388889, 0.000185, 0.000163, 0.000022, 
trial0004458, GDX, 676, 22, 30.727273, 1.363636, 0.002673, 0.002653, 0.000020, ZIP, 1245, 18, 69.166667, 2.000000, 0.000373, 0.000005, 0.000368, 
trial0004459, GDX, 1026, 22, 46.636364, 1.818182, 0.002894, 0.002731, 0.000163, ZIP, 1293, 18, 71.833333, 2.222222, 0.000335, 0.000005, 0.000330, 
trial0004460, GDX, 627, 22, 28.500000, 1.000000, 0.002637, 0.002470, 0.000166, ZIP, 844, 18, 46.888889, 1.555556, 0.000352, 0.000005, 0.000347, 
trial0004461, GDX, 769, 22, 34.954545, 1.954545, 0.002376, 0.002355, 0.000022, ZIP, 1519, 18, 84.388889, 1.944444, 0.000167, 0.000005, 0.000162, 
trial0004462, GDX, 880, 22, 40.000000, 1.318182, 0.003455, 0.003294, 0.000161, ZIP, 687, 18, 38.166667, 1.833333, 0.000029, 0.000005, 0.000024, 
trial0004463, GDX, 986, 22, 44.818182, 1.681818, 0.002222, 0.002048, 0.000173, ZIP, 1073, 18, 59.611111, 2.055556, 0.000160, 0.000005, 0.000155, 
trial0004464, GDX, 559, 22, 25.409091, 1.227273, 0.002557, 0.002537, 0.000020, ZIP, 997, 18, 55.388889, 1.722222, 0.000469, 0.000446, 0.000022, 
trial0004465, GDX, 325, 22, 14.772727, 0.954545, 0.002872, 0.002573, 0.000299, ZIP, 1019, 18, 56.611111, 1.944444, 0.000357, 0.000005, 0.000351, 
trial0004466, GDX, 768, 22, 34.909091, 1.772727, 0.002485, 0.002335, 0.000150, ZIP, 1313, 18, 72.944444, 1.833333, 0.000179, 0.000005, 0.000173, 
trial0004467, GDX, 502, 22, 22.818182, 1.090909, 0.002714, 0.002388, 0.000326, ZIP, 884, 18, 49.111111, 1.444444, 0.000026, 0.000005, 0.000021, 
trial0004468, GDX, 715, 22, 32.500000, 1.545455, 0.002428, 0.002408, 0.000021, ZIP, 949, 18, 52.722222, 1.444444, 0.000470, 0.000006, 0.000465, 
trial0004469, GDX, 809, 22, 36.772727, 1.318182, 0.003088, 0.002586, 0.000502, ZIP, 684, 18, 38.000000, 1.388889, 0.000186, 0.000005, 0.000181, 
trial0004470, GDX, 941, 22, 42.772727, 1.954545, 0.002338, 0.001595, 0.000743, ZIP, 975, 18, 54.166667, 1.611111, 0.000568, 0.000210, 0.000358, 
trial0004471, GDX, 818, 22, 37.181818, 1.227273, 0.002779, 0.002591, 0.000188, ZIP, 1237, 18, 68.722222, 2.277778, 0.000171, 0.000005, 0.000166, 
trial0004472, GDX, 863, 22, 39.227273, 1.500000, 0.002743, 0.002725, 0.000018, ZIP, 1249, 18, 69.388889, 1.833333, 0.000151, 0.000005, 0.000146, 
trial0004473, GDX, 1243, 22, 56.500000, 1.909091, 0.002397, 0.001925, 0.000472, ZIP, 1257, 18, 69.833333, 2.555556, 0.000462, 0.000297, 0.000165, 
trial0004474, GDX, 790, 22, 35.909091, 1.181818, 0.002973, 0.002952, 0.000021, ZIP, 1229, 18, 68.277778, 2.444444, 0.000027, 0.000005, 0.000022, 
trial0004475, GDX, 1391, 22, 63.227273, 2.318182, 0.002466, 0.002323, 0.000142, ZIP, 1214, 18, 67.444444, 2.055556, 0.000388, 0.000005, 0.000383, 
trial0004476, GDX, 320, 22, 14.545455, 0.818182, 0.003680, 0.003507, 0.000173, ZIP, 867, 18, 48.166667, 2.111111, 0.000027, 0.000005, 0.000022, 
trial0004477, GDX, 729, 22, 33.136364, 1.500000, 0.003137, 0.002481, 0.000656, ZIP, 1030, 18, 57.222222, 2.055556, 0.000170, 0.000005, 0.000165, 
trial0004478, GDX, 1586, 22, 72.090909, 2.272727, 0.002890, 0.002866, 0.000024, ZIP, 1022, 18, 56.777778, 2.444444, 0.000032, 0.000005, 0.000027, 
trial0004479, GDX, 765, 22, 34.772727, 1.363636, 0.002844, 0.002671, 0.000173, ZIP, 880, 18, 48.888889, 1.888889, 0.000030, 0.000005, 0.000025, 
trial0004480, GDX, 885, 22, 40.227273, 2.000000, 0.002404, 0.002382, 0.000022, ZIP, 1555, 18, 86.388889, 2.333333, 0.000169, 0.000005, 0.000164, 
trial0004481, GDX, 602, 22, 27.363636, 0.909091, 0.002954, 0.002429, 0.000525, ZIP, 835, 18, 46.388889, 2.000000, 0.000214, 0.000005, 0.000208, 
trial0004482, GDX, 796, 22, 36.181818, 1.636364, 0.002632, 0.002470, 0.000162, ZIP, 1350, 18, 75.000000, 2.277778, 0.000187, 0.000163, 0.000024, 
trial0004483, GDX, 1094, 22, 49.727273, 1.954545, 0.002861, 0.002318, 0.000543, ZIP, 1047, 18, 58.166667, 2.500000, 0.000547, 0.000005, 0.000541, 
trial0004484, GDX, 910, 22, 41.363636, 1.818182, 0.002822, 0.002798, 0.000024, ZIP, 1001, 18, 55.611111, 1.666667, 0.000990, 0.000289, 0.000701, 
trial0004485, GDX, 1134, 22, 51.545455, 1.681818, 0.002551, 0.002528, 0.000023, ZIP, 1062, 18, 59.000000, 1.944444, 0.000679, 0.000338, 0.000341, 
trial0004486, GDX, 962, 22, 43.727273, 1.681818, 0.002623, 0.002260, 0.000364, ZIP, 1436, 18, 79.777778, 2.611111, 0.000507, 0.000345, 0.000162, 
trial0004487, GDX, 611, 22, 27.772727, 1.318182, 0.002699, 0.002537, 0.000162, ZIP, 1285, 18, 71.388889, 2.166667, 0.000326, 0.000179, 0.000146, 
trial0004488, GDX, 1069, 22, 48.590909, 1.727273, 0.002396, 0.002082, 0.000314, ZIP, 1263, 18, 70.166667, 2.222222, 0.000031, 0.000005, 0.000026, 
trial0004489, GDX, 499, 22, 22.681818, 1.000000, 0.004119, 0.004098, 0.000021, ZIP, 1068, 18, 59.333333, 2.000000, 0.000032, 0.000005, 0.000026, 
trial0004490, GDX, 651, 22, 29.590909, 1.000000, 0.003109, 0.002786, 0.000323, ZIP, 656, 18, 36.444444, 1.333333, 0.000199, 0.000005, 0.000194, 
trial0004491, GDX, 595, 22, 27.045455, 1.363636, 0.002726, 0.002569, 0.000157, ZIP, 883, 18, 49.055556, 1.555556, 0.000170, 0.000005, 0.000165, 
trial0004492, GDX, 900, 22, 40.909091, 1.181818, 0.003088, 0.002607, 0.000481, ZIP, 1050, 18, 58.333333, 1.888889, 0.000258, 0.000005, 0.000252, 
trial0004493, GDX, 707, 22, 32.136364, 1.272727, 0.002742, 0.002566, 0.000176, ZIP, 1769, 18, 98.277778, 3.333333, 0.000217, 0.000005, 0.000212, 
trial0004494, GDX, 140, 22, 6.363636, 0.590909, 0.003275, 0.003258, 0.000018, ZIP, 841, 18, 46.722222, 1.388889, 0.000180, 0.000005, 0.000175, 
trial0004495, GDX, 1128, 22, 51.272727, 1.545455, 0.002535, 0.002206, 0.000328, ZIP, 1063, 18, 59.055556, 2.222222, 0.000029, 0.000006, 0.000023, 
trial0004496, GDX, 712, 22, 32.363636, 1.545455, 0.002238, 0.002063, 0.000175, ZIP, 1603, 18, 89.055556, 2.333333, 0.000199, 0.000005, 0.000194, 
trial0004497, GDX, 582, 22, 26.454545, 1.136364, 0.003921, 0.003745, 0.000175, ZIP, 1166, 18, 64.777778, 2.055556, 0.000031, 0.000005, 0.000026, 
trial0004498, GDX, 1322, 22, 60.090909, 2.090909, 0.002471, 0.002263, 0.000208, ZIP, 709, 18, 39.388889, 1.444444, 0.000407, 0.000005, 0.000401, 
trial0004499, GDX, 1076, 22, 48.909091, 1.727273, 0.002389, 0.002062, 0.000327, ZIP, 1413, 18, 78.500000, 2.666667, 0.000373, 0.000005, 0.000368, 
trial0004500, GDX, 1397, 22, 63.500000, 2.318182, 0.002910, 0.002731, 0.000178, ZIP, 1038, 18, 57.666667, 1.944444, 0.000030, 0.000005, 0.000026, 
