trial0014001, GDX, 593, 20, 29.650000, 1.200000, 0.003561, 0.003538, 0.000023, ZIC, 604, 20, 30.200000, 1.100000, 0.000393, 0.000175, 0.000219, 
trial0014002, GDX, 466, 20, 23.300000, 0.950000, 0.004347, 0.004327, 0.000019, ZIC, 454, 20, 22.700000, 0.750000, 0.000250, 0.000238, 0.000012, 
trial0014003, GDX, 319, 20, 15.950000, 0.800000, 0.003912, 0.003689, 0.000222, ZIC, 783, 20, 39.150000, 0.800000, 0.000204, 0.000008, 0.000196, 
trial0014004, GDX, 925, 20, 46.250000, 1.650000, 0.004775, 0.004570, 0.000206, ZIC, 693, 20, 34.650000, 0.950000, 0.000020, 0.000007, 0.000013, 
trial0014005, GDX, 362, 20, 18.100000, 0.850000, 0.003531, 0.003514, 0.000017, ZIC, 700, 20, 35.000000, 1.150000, 0.000346, 0.000007, 0.000338, 
trial0014006, GDX, 196, 20, 9.800000, 0.950000, 0.003646, 0.003322, 0.000325, ZIC, 396, 20, 19.800000, 0.450000, 0.000863, 0.000212, 0.000651, 
trial0014007, GDX, 917, 20, 45.850000, 1.450000, 0.004218, 0.004014, 0.000204, ZIC, 495, 20, 24.750000, 0.750000, 0.000188, 0.000008, 0.000180, 
trial0014008, GDX, 96, 20, 4.800000, 0.700000, 0.004651, 0.004426, 0.000225, ZIC, 1014, 20, 50.700000, 1.400000, 0.000392, 0.000379, 0.000013, 
trial0014009, GDX, 808, 20, 40.400000, 1.850000, 0.005191, 0.005169, 0.000022, ZIC, 354, 20, 17.700000, 0.550000, 0.000023, 0.000008, 0.000015, 
trial0014010, GDX, 648, 20, 32.400000, 1.250000, 0.004366, 0.004347, 0.000019, ZIC, 547, 20, 27.350000, 0.750000, 0.000355, 0.000008, 0.000347, 
trial0014011, GDX, 533, 20, 26.650000, 0.950000, 0.004186, 0.003983, 0.000203, ZIC, 327, 20, 16.350000, 0.650000, 0.000371, 0.000008, 0.000363, 
trial0014012, GDX, 509, 20, 25.450000, 0.950000, 0.003980, 0.003960, 0.000019, ZIC, 529, 20, 26.450000, 0.850000, 0.000020, 0.000008, 0.000013, 
trial0014013, GDX, 378, 20, 18.900000, 1.400000, 0.004908, 0.004886, 0.000022, ZIC, 378, 20, 18.900000, 0.600000, 0.000228, 0.000212, 0.000016, 
trial0014014, GDX, 215, 20, 10.750000, 0.700000, 0.003812, 0.003561, 0.000251, ZIC, 650, 20, 32.500000, 1.000000, 0.000799, 0.000581, 0.000217, 
trial0014015, GDX, 600, 20, 30.000000, 1.300000, 0.004270, 0.003756, 0.000514, ZIC, 616, 20, 30.800000, 0.700000, 0.000392, 0.000007, 0.000385, 
trial0014016, GDX, 555, 20, 27.750000, 1.300000, 0.004720, 0.004359, 0.000361, ZIC, 544, 20, 27.200000, 0.600000, 0.000019, 0.000007, 0.000012, 
trial0014017, GDX, 421, 20, 21.050000, 0.950000, 0.003838, 0.003820, 0.000018, ZIC, 322, 20, 16.100000, 0.750000, 0.000173, 0.000007, 0.000165, 
trial0014018, GDX, 413, 20, 20.650000, 1.150000, 0.004406, 0.004384, 0.000022, ZIC, 1028, 20, 51.400000, 1.350000, 0.000174, 0.000008, 0.000167, 
trial0014019, GDX, 496, 20, 24.800000, 1.150000, 0.005486, 0.005466, 0.000020, ZIC, 772, 20, 38.600000, 1.050000, 0.000021, 0.000007, 0.000014, 
trial0014020, GDX, 594, 20, 29.700000, 1.300000, 0.004564, 0.004543, 0.000022, ZIC, 580, 20, 29.000000, 1.000000, 0.000224, 0.000007, 0.000217, 
trial0014021, GDX, 353, 20, 17.650000, 0.850000, 0.004479, 0.004235, 0.000244, ZIC, 463, 20, 23.150000, 0.750000, 0.000203, 0.000007, 0.000196, 
trial0014022, GDX, 436, 20, 21.800000, 0.950000, 0.003512, 0.003495, 0.000017, ZIC, 669, 20, 33.450000, 0.950000, 0.000159, 0.000007, 0.000152, 
trial0014023, GDX, 431, 20, 21.550000, 1.050000, 0.004276, 0.003862, 0.000414, ZIC, 716, 20, 35.800000, 1.150000, 0.000173, 0.000007, 0.000166, 
trial0014024, GDX, 617, 20, 30.850000, 1.450000, 0.004184, 0.003958, 0.000226, ZIC, 1175, 20, 58.750000, 1.350000, 0.000021, 0.000007, 0.000014, 
trial0014025, GDX, 692, 20, 34.600000, 1.300000, 0.004523, 0.004501, 0.000022, ZIC, 638, 20, 31.900000, 1.200000, 0.000173, 0.000161, 0.000012, 
trial0014026, GDX, 469, 20, 23.450000, 1.150000, 0.006085, 0.006065, 0.000020, ZIC, 98, 20, 4.900000, 0.200000, 0.000548, 0.000270, 0.000278, 
trial0014027, GDX, 789, 20, 39.450000, 1.050000, 0.003869, 0.003642, 0.000227, ZIC, 597, 20, 29.850000, 1.250000, 0.000557, 0.000008, 0.000549, 
trial0014028, GDX, 614, 20, 30.700000, 1.450000, 0.004238, 0.004215, 0.000024, ZIC, 807, 20, 40.350000, 0.950000, 0.000411, 0.000008, 0.000403, 
trial0014029, GDX, 264, 20, 13.200000, 0.550000, 0.007280, 0.007008, 0.000272, ZIC, 225, 20, 11.250000, 0.450000, 0.000018, 0.000008, 0.000010, 
trial0014030, GDX, 534, 20, 26.700000, 0.850000, 0.004085, 0.003801, 0.000283, ZIC, 690, 20, 34.500000, 1.050000, 0.000019, 0.000007, 0.000012, 
trial0014031, GDX, 504, 20, 25.200000, 1.150000, 0.004435, 0.004416, 0.000019, ZIC, 398, 20, 19.900000, 0.550000, 0.000187, 0.000008, 0.000180, 
trial0014032, GDX, 667, 20, 33.350000, 1.500000, 0.003836, 0.003626, 0.000210, ZIC, 1122, 20, 56.100000, 1.500000, 0.000208, 0.000008, 0.000200, 
trial0014033, GDX, 269, 20, 13.450000, 0.750000, 0.007193, 0.006664, 0.000529, ZIC, 175, 20, 8.750000, 0.250000, 0.000282, 0.000007, 0.000275, 
trial0014034, GDX, 601, 20, 30.050000, 1.050000, 0.003676, 0.003449, 0.000226, ZIC, 549, 20, 27.450000, 1.050000, 0.000372, 0.000008, 0.000365, 
trial0014035, GDX, 634, 20, 31.700000, 1.450000, 0.003564, 0.003357, 0.000207, ZIC, 836, 20, 41.800000, 1.150000, 0.000175, 0.000008, 0.000168, 
trial0014036, GDX, 246, 20, 12.300000, 0.900000, 0.004019, 0.004000, 0.000019, ZIC, 534, 20, 26.700000, 0.800000, 0.000019, 0.000007, 0.000012, 
trial0014037, GDX, 341, 20, 17.050000, 1.250000, 0.005498, 0.005212, 0.000285, ZIC, 277, 20, 13.850000, 0.450000, 0.000286, 0.000008, 0.000279, 
trial0014038, GDX, 600, 20, 30.000000, 1.350000, 0.004973, 0.004952, 0.000021, ZIC, 747, 20, 37.350000, 1.150000, 0.000020, 0.000007, 0.000013, 
trial0014039, GDX, 277, 20, 13.850000, 0.850000, 0.004592, 0.004574, 0.000018, ZIC, 483, 20, 24.150000, 0.650000, 0.000221, 0.000007, 0.000214, 
trial0014040, GDX, 1149, 20, 57.450000, 1.500000, 0.004912, 0.004688, 0.000225, ZIC, 289, 20, 14.450000, 0.600000, 0.000021, 0.000008, 0.000013, 
trial0014041, GDX, 1081, 20, 54.050000, 1.550000, 0.003758, 0.003534, 0.000225, ZIC, 607, 20, 30.350000, 1.050000, 0.000162, 0.000008, 0.000155, 
trial0014042, GDX, 810, 20, 40.500000, 1.250000, 0.003161, 0.003139, 0.000022, ZIC, 844, 20, 42.200000, 1.450000, 0.000354, 0.000007, 0.000347, 
trial0014043, GDX, 503, 20, 25.150000, 1.150000, 0.003987, 0.003966, 0.000021, ZIC, 885, 20, 44.250000, 1.150000, 0.000021, 0.000007, 0.000013, 
trial0014044, GDX, 238, 20, 11.900000, 0.850000, 0.004159, 0.003831, 0.000328, ZIC, 879, 20, 43.950000, 1.350000, 0.000187, 0.000007, 0.000180, 
trial0014045, GDX, 822, 20, 41.100000, 1.700000, 0.003836, 0.003585, 0.000251, ZIC, 717, 20, 35.850000, 1.000000, 0.000598, 0.000212, 0.000386, 
trial0014046, GDX, 887, 20, 44.350000, 1.650000, 0.004952, 0.004747, 0.000205, ZIC, 326, 20, 16.300000, 0.550000, 0.000412, 0.000192, 0.000219, 
trial0014047, GDX, 690, 20, 34.500000, 1.200000, 0.004002, 0.003747, 0.000256, ZIC, 643, 20, 32.150000, 1.000000, 0.000459, 0.000008, 0.000451, 
trial0014048, GDX, 371, 20, 18.550000, 1.050000, 0.004245, 0.003877, 0.000368, ZIC, 701, 20, 35.050000, 0.950000, 0.000358, 0.000345, 0.000013, 
trial0014049, GDX, 464, 20, 23.200000, 1.000000, 0.004626, 0.004439, 0.000187, ZIC, 739, 20, 36.950000, 1.100000, 0.000203, 0.000007, 0.000196, 
trial0014050, GDX, 367, 20, 18.350000, 0.900000, 0.004034, 0.003829, 0.000205, ZIC, 883, 20, 44.150000, 1.300000, 0.000021, 0.000008, 0.000013, 
trial0014051, GDX, 492, 20, 24.600000, 0.750000, 0.004878, 0.004491, 0.000387, ZIC, 671, 20, 33.550000, 0.950000, 0.000020, 0.000007, 0.000013, 
trial0014052, GDX, 572, 20, 28.600000, 1.300000, 0.004526, 0.004508, 0.000018, ZIC, 328, 20, 16.400000, 0.400000, 0.000224, 0.000212, 0.000013, 
trial0014053, GDX, 559, 20, 27.950000, 1.150000, 0.004433, 0.004228, 0.000205, ZIC, 699, 20, 34.950000, 1.150000, 0.000187, 0.000007, 0.000180, 
trial0014054, GDX, 519, 20, 25.950000, 1.150000, 0.004350, 0.003962, 0.000388, ZIC, 565, 20, 28.250000, 0.950000, 0.000020, 0.000008, 0.000013, 
trial0014055, GDX, 155, 20, 7.750000, 0.900000, 0.004653, 0.004629, 0.000024, ZIC, 788, 20, 39.400000, 1.400000, 0.000373, 0.000008, 0.000366, 
trial0014056, GDX, 748, 20, 37.400000, 1.450000, 0.003498, 0.003477, 0.000020, ZIC, 547, 20, 27.350000, 0.750000, 0.000188, 0.000175, 0.000013, 
trial0014057, GDX, 1184, 20, 59.200000, 1.850000, 0.004112, 0.004085, 0.000027, ZIC, 890, 20, 44.500000, 1.650000, 0.000023, 0.000007, 0.000016, 
trial0014058, GDX, 1139, 20, 56.950000, 2.100000, 0.004122, 0.004100, 0.000022, ZIC, 363, 20, 18.150000, 0.600000, 0.000253, 0.000008, 0.000245, 
trial0014059, GDX, 473, 20, 23.650000, 1.050000, 0.004346, 0.003958, 0.000388, ZIC, 854, 20, 42.700000, 1.050000, 0.000019, 0.000007, 0.000012, 
trial0014060, GDX, 659, 20, 32.950000, 1.150000, 0.003962, 0.003941, 0.000021, ZIC, 751, 20, 37.550000, 1.150000, 0.000019, 0.000007, 0.000012, 
trial0014061, GDX, 936, 20, 46.800000, 1.800000, 0.003179, 0.003156, 0.000023, ZIC, 774, 20, 38.700000, 1.200000, 0.000285, 0.000008, 0.000277, 
trial0014062, GDX, 293, 20, 14.650000, 0.800000, 0.005526, 0.005092, 0.000433, ZIC, 475, 20, 23.750000, 0.700000, 0.000019, 0.000007, 0.000012, 
trial0014063, GDX, 765, 20, 38.250000, 1.250000, 0.004405, 0.004386, 0.000020, ZIC, 568, 20, 28.400000, 0.850000, 0.000173, 0.000161, 0.000012, 
trial0014064, GDX, 674, 20, 33.700000, 1.100000, 0.004179, 0.004159, 0.000019, ZIC, 522, 20, 26.100000, 0.900000, 0.000203, 0.000007, 0.000196, 
trial0014065, GDX, 257, 20, 12.850000, 0.750000, 0.004509, 0.004284, 0.000225, ZIC, 953, 20, 47.650000, 1.250000, 0.000021, 0.000008, 0.000014, 
trial0014066, GDX, 353, 20, 17.650000, 0.850000, 0.006238, 0.005678, 0.000560, ZIC, 297, 20, 14.850000, 0.350000, 0.000021, 0.000008, 0.000013, 
trial0014067, GDX, 1078, 20, 53.900000, 1.850000, 0.004741, 0.004719, 0.000022, ZIC, 663, 20, 33.150000, 0.950000, 0.000021, 0.000007, 0.000014, 
trial0014068, GDX, 455, 20, 22.750000, 0.900000, 0.004077, 0.004058, 0.000019, ZIC, 632, 20, 31.600000, 0.900000, 0.000172, 0.000007, 0.000165, 
trial0014069, GDX, 579, 20, 28.950000, 1.350000, 0.004781, 0.004763, 0.000019, ZIC, 252, 20, 12.600000, 0.450000, 0.000429, 0.000212, 0.000217, 
trial0014070, GDX, 692, 20, 34.600000, 1.000000, 0.004114, 0.004092, 0.000022, ZIC, 791, 20, 39.550000, 1.200000, 0.000429, 0.000211, 0.000218, 
trial0014071, GDX, 628, 20, 31.400000, 1.200000, 0.004880, 0.004857, 0.000023, ZIC, 501, 20, 25.050000, 0.800000, 0.000227, 0.000008, 0.000220, 
trial0014072, GDX, 414, 20, 20.700000, 0.850000, 0.004038, 0.003814, 0.000224, ZIC, 721, 20, 36.050000, 1.050000, 0.000019, 0.000007, 0.000012, 
trial0014073, GDX, 532, 20, 26.600000, 0.950000, 0.004468, 0.004264, 0.000205, ZIC, 811, 20, 40.550000, 1.250000, 0.000187, 0.000174, 0.000013, 
trial0014074, GDX, 570, 20, 28.500000, 1.050000, 0.004226, 0.003818, 0.000407, ZIC, 341, 20, 17.050000, 0.750000, 0.000335, 0.000324, 0.000012, 
trial0014075, GDX, 272, 20, 13.600000, 1.200000, 0.004209, 0.004189, 0.000020, ZIC, 767, 20, 38.350000, 0.900000, 0.000283, 0.000008, 0.000275, 
trial0014076, GDX, 392, 20, 19.600000, 0.750000, 0.003716, 0.003697, 0.000019, ZIC, 678, 20, 33.900000, 0.950000, 0.000172, 0.000160, 0.000011, 
trial0014077, GDX, 394, 20, 19.700000, 0.900000, 0.003715, 0.003698, 0.000018, ZIC, 638, 20, 31.900000, 1.000000, 0.000417, 0.000235, 0.000182, 
trial0014078, GDX, 456, 20, 22.800000, 1.000000, 0.003766, 0.003746, 0.000019, ZIC, 756, 20, 37.800000, 0.900000, 0.000708, 0.000192, 0.000517, 
trial0014079, GDX, 317, 20, 15.850000, 0.700000, 0.004585, 0.004260, 0.000325, ZIC, 629, 20, 31.450000, 0.900000, 0.000185, 0.000175, 0.000011, 
trial0014080, GDX, 266, 20, 13.300000, 0.750000, 0.004075, 0.004057, 0.000019, ZIC, 643, 20, 32.150000, 0.850000, 0.000353, 0.000175, 0.000178, 
trial0014081, GDX, 529, 20, 26.450000, 1.300000, 0.004364, 0.004136, 0.000228, ZIC, 784, 20, 39.200000, 1.200000, 0.000021, 0.000008, 0.000013, 
trial0014082, GDX, 747, 20, 37.350000, 1.100000, 0.003339, 0.002910, 0.000430, ZIC, 526, 20, 26.300000, 0.800000, 0.000021, 0.000008, 0.000013, 
trial0014083, GDX, 590, 20, 29.500000, 1.050000, 0.004024, 0.004003, 0.000021, ZIC, 585, 20, 29.250000, 0.850000, 0.000173, 0.000007, 0.000165, 
trial0014084, GDX, 634, 20, 31.700000, 1.150000, 0.003870, 0.003665, 0.000205, ZIC, 413, 20, 20.650000, 0.750000, 0.000204, 0.000191, 0.000013, 
trial0014085, GDX, 586, 20, 29.300000, 0.900000, 0.003807, 0.003215, 0.000592, ZIC, 444, 20, 22.200000, 1.100000, 0.000206, 0.000008, 0.000198, 
trial0014086, GDX, 520, 20, 26.000000, 1.050000, 0.004451, 0.004199, 0.000253, ZIC, 606, 20, 30.300000, 0.850000, 0.000020, 0.000007, 0.000013, 
trial0014087, GDX, 383, 20, 19.150000, 0.950000, 0.004175, 0.003766, 0.000409, ZIC, 759, 20, 37.950000, 1.050000, 0.000252, 0.000238, 0.000014, 
trial0014088, GDX, 432, 20, 21.600000, 0.850000, 0.004199, 0.003705, 0.000495, ZIC, 795, 20, 39.750000, 1.050000, 0.000183, 0.000171, 0.000011, 
trial0014089, GDX, 564, 20, 28.200000, 0.800000, 0.003399, 0.003377, 0.000022, ZIC, 750, 20, 37.500000, 1.300000, 0.000593, 0.000191, 0.000402, 
trial0014090, GDX, 487, 20, 24.350000, 0.650000, 0.004896, 0.004693, 0.000203, ZIC, 676, 20, 33.800000, 1.050000, 0.000018, 0.000007, 0.000011, 
trial0014091, GDX, 822, 20, 41.100000, 1.300000, 0.003953, 0.003727, 0.000226, ZIC, 515, 20, 25.750000, 0.800000, 0.000409, 0.000007, 0.000401, 
trial0014092, GDX, 139, 20, 6.950000, 0.550000, 0.006152, 0.005869, 0.000283, ZIC, 384, 20, 19.200000, 0.550000, 0.000022, 0.000008, 0.000014, 
trial0014093, GDX, 144, 20, 7.200000, 0.450000, 0.003660, 0.003643, 0.000016, ZIC, 703, 20, 35.150000, 0.850000, 0.000690, 0.000496, 0.000194, 
trial0014094, GDX, 1006, 20, 50.300000, 2.000000, 0.003525, 0.002938, 0.000587, ZIC, 729, 20, 36.450000, 1.300000, 0.000022, 0.000007, 0.000015, 
trial0014095, GDX, 730, 20, 36.500000, 1.400000, 0.003616, 0.003596, 0.000021, ZIC, 407, 20, 20.350000, 0.800000, 0.000614, 0.000212, 0.000402, 
trial0014096, GDX, 704, 20, 35.200000, 1.450000, 0.003683, 0.003457, 0.000226, ZIC, 518, 20, 25.900000, 0.850000, 0.000187, 0.000175, 0.000012, 
trial0014097, GDX, 368, 20, 18.400000, 0.700000, 0.005064, 0.005046, 0.000018, ZIC, 639, 20, 31.950000, 0.900000, 0.000185, 0.000174, 0.000011, 
trial0014098, GDX, 373, 20, 18.650000, 0.850000, 0.004245, 0.004225, 0.000020, ZIC, 565, 20, 28.250000, 0.950000, 0.000507, 0.000175, 0.000332, 
trial0014099, GDX, 981, 20, 49.050000, 1.350000, 0.003916, 0.003643, 0.000273, ZIC, 631, 20, 31.550000, 0.950000, 0.000020, 0.000008, 0.000013, 
trial0014100, GDX, 737, 20, 36.850000, 1.250000, 0.003745, 0.003314, 0.000431, ZIC, 453, 20, 22.650000, 0.850000, 0.000189, 0.000176, 0.000013, 
trial0014101, GDX, 355, 20, 17.750000, 0.700000, 0.004707, 0.004486, 0.000222, ZIC, 502, 20, 25.100000, 0.700000, 0.000203, 0.000008, 0.000196, 
trial0014102, GDX, 1005, 20, 50.250000, 1.500000, 0.004089, 0.003913, 0.000176, ZIC, 1177, 20, 58.850000, 1.200000, 0.000305, 0.000008, 0.000297, 
trial0014103, GDX, 472, 20, 23.600000, 0.750000, 0.004613, 0.004594, 0.000019, ZIC, 900, 20, 45.000000, 0.950000, 0.000186, 0.000175, 0.000011, 
trial0014104, GDX, 682, 20, 34.100000, 1.600000, 0.003634, 0.003429, 0.000205, ZIC, 825, 20, 41.250000, 0.700000, 0.000188, 0.000007, 0.000181, 
trial0014105, GDX, 810, 20, 40.500000, 1.100000, 0.003628, 0.003608, 0.000020, ZIC, 818, 20, 40.900000, 0.900000, 0.000585, 0.000008, 0.000578, 
trial0014106, GDX, 247, 20, 12.350000, 0.650000, 0.004873, 0.004650, 0.000223, ZIC, 645, 20, 32.250000, 0.850000, 0.000020, 0.000008, 0.000012, 
trial0014107, GDX, 474, 20, 23.700000, 0.750000, 0.003860, 0.003843, 0.000017, ZIC, 601, 20, 30.050000, 0.750000, 0.000413, 0.000234, 0.000179, 
trial0014108, GDX, 555, 20, 27.750000, 0.900000, 0.003246, 0.003229, 0.000017, ZIC, 433, 20, 21.650000, 0.700000, 0.000313, 0.000149, 0.000164, 
trial0014109, GDX, 347, 20, 17.350000, 0.550000, 0.004574, 0.004556, 0.000018, ZIC, 721, 20, 36.050000, 0.850000, 0.000203, 0.000191, 0.000011, 
trial0014110, GDX, 1159, 20, 57.950000, 1.600000, 0.004161, 0.004140, 0.000021, ZIC, 954, 20, 47.700000, 1.100000, 0.000496, 0.000315, 0.000181, 
trial0014111, GDX, 601, 20, 30.050000, 0.900000, 0.004584, 0.004565, 0.000019, ZIC, 642, 20, 32.100000, 0.700000, 0.000353, 0.000342, 0.000011, 
trial0014112, GDX, 362, 20, 18.100000, 1.100000, 0.004006, 0.003614, 0.000392, ZIC, 945, 20, 47.250000, 1.000000, 0.000020, 0.000008, 0.000012, 
trial0014113, GDX, 977, 20, 48.850000, 1.250000, 0.004233, 0.003600, 0.000633, ZIC, 554, 20, 27.700000, 0.850000, 0.000409, 0.000007, 0.000402, 
trial0014114, GDX, 992, 20, 49.600000, 1.450000, 0.004478, 0.004046, 0.000432, ZIC, 965, 20, 48.250000, 1.150000, 0.000023, 0.000008, 0.000015, 
trial0014115, GDX, 654, 20, 32.700000, 1.250000, 0.003670, 0.003648, 0.000022, ZIC, 1470, 20, 73.500000, 1.400000, 0.000020, 0.000007, 0.000013, 
trial0014116, GDX, 1677, 20, 83.850000, 2.500000, 0.003950, 0.003662, 0.000288, ZIC, 846, 20, 42.300000, 1.000000, 0.001739, 0.000139, 0.001600, 
trial0014117, GDX, 526, 20, 26.300000, 1.050000, 0.004023, 0.003594, 0.000430, ZIC, 1001, 20, 50.050000, 0.850000, 0.000019, 0.000007, 0.000012, 
trial0014118, GDX, 724, 20, 36.200000, 1.300000, 0.003109, 0.003088, 0.000021, ZIC, 1190, 20, 59.500000, 1.200000, 0.000469, 0.000008, 0.000461, 
trial0014119, GDX, 336, 20, 16.800000, 0.700000, 0.004548, 0.004528, 0.000020, ZIC, 1113, 20, 55.650000, 1.200000, 0.000020, 0.000008, 0.000013, 
trial0014120, GDX, 539, 20, 26.950000, 1.300000, 0.002896, 0.002672, 0.000224, ZIC, 785, 20, 39.250000, 1.100000, 0.000621, 0.000008, 0.000613, 
trial0014121, GDX, 599, 20, 29.950000, 1.000000, 0.004157, 0.003968, 0.000189, ZIC, 1353, 20, 67.650000, 1.600000, 0.000526, 0.000008, 0.000518, 
trial0014122, GDX, 1000, 20, 50.000000, 1.300000, 0.004250, 0.004229, 0.000022, ZIC, 634, 20, 31.700000, 0.900000, 0.000021, 0.000008, 0.000013, 
trial0014123, GDX, 436, 20, 21.800000, 1.000000, 0.003953, 0.003764, 0.000189, ZIC, 982, 20, 49.100000, 1.200000, 0.000188, 0.000008, 0.000181, 
trial0014124, GDX, 930, 20, 46.500000, 1.400000, 0.003564, 0.003544, 0.000020, ZIC, 1338, 20, 66.900000, 1.400000, 0.000515, 0.000318, 0.000197, 
trial0014125, GDX, 479, 20, 23.950000, 1.100000, 0.004273, 0.004253, 0.000020, ZIC, 626, 20, 31.300000, 0.800000, 0.000511, 0.000161, 0.000350, 
trial0014126, GDX, 464, 20, 23.200000, 0.700000, 0.005640, 0.005622, 0.000018, ZIC, 619, 20, 30.950000, 0.800000, 0.000247, 0.000008, 0.000239, 
trial0014127, GDX, 816, 20, 40.800000, 1.100000, 0.003389, 0.002981, 0.000408, ZIC, 800, 20, 40.000000, 1.100000, 0.000326, 0.000007, 0.000319, 
trial0014128, GDX, 1047, 20, 52.350000, 1.150000, 0.002622, 0.002436, 0.000186, ZIC, 717, 20, 35.850000, 0.950000, 0.000443, 0.000291, 0.000152, 
trial0014129, GDX, 726, 20, 36.300000, 0.800000, 0.004032, 0.003642, 0.000389, ZIC, 719, 20, 35.950000, 0.900000, 0.000159, 0.000007, 0.000152, 
trial0014130, GDX, 1188, 20, 59.400000, 1.550000, 0.003954, 0.003766, 0.000188, ZIC, 741, 20, 37.050000, 0.650000, 0.000190, 0.000007, 0.000183, 
trial0014131, GDX, 746, 20, 37.300000, 1.050000, 0.005022, 0.005002, 0.000020, ZIC, 604, 20, 30.200000, 0.850000, 0.000188, 0.000008, 0.000180, 
trial0014132, GDX, 383, 20, 19.150000, 0.750000, 0.003625, 0.003047, 0.000578, ZIC, 864, 20, 43.200000, 1.050000, 0.000202, 0.000192, 0.000010, 
trial0014133, GDX, 365, 20, 18.250000, 0.650000, 0.004462, 0.004444, 0.000018, ZIC, 535, 20, 26.750000, 0.750000, 0.000202, 0.000008, 0.000194, 
trial0014134, GDX, 340, 20, 17.000000, 0.750000, 0.003758, 0.003739, 0.000019, ZIC, 873, 20, 43.650000, 1.050000, 0.000625, 0.000383, 0.000242, 
trial0014135, GDX, 329, 20, 16.450000, 0.800000, 0.003538, 0.003519, 0.000018, ZIC, 1175, 20, 58.750000, 1.000000, 0.000345, 0.000008, 0.000337, 
trial0014136, GDX, 467, 20, 23.350000, 0.750000, 0.004059, 0.004039, 0.000019, ZIC, 700, 20, 35.000000, 0.950000, 0.000187, 0.000175, 0.000012, 
trial0014137, GDX, 495, 20, 24.750000, 0.700000, 0.003938, 0.003736, 0.000203, ZIC, 699, 20, 34.950000, 0.900000, 0.000187, 0.000008, 0.000179, 
trial0014138, GDX, 633, 20, 31.650000, 0.900000, 0.003567, 0.003179, 0.000388, ZIC, 1007, 20, 50.350000, 1.300000, 0.000315, 0.000303, 0.000012, 
trial0014139, GDX, 885, 20, 44.250000, 1.400000, 0.004140, 0.003748, 0.000392, ZIC, 945, 20, 47.250000, 0.900000, 0.000021, 0.000008, 0.000013, 
trial0014140, GDX, 714, 20, 35.700000, 1.200000, 0.004378, 0.004065, 0.000313, ZIC, 926, 20, 46.300000, 1.000000, 0.000021, 0.000008, 0.000013, 
trial0014141, GDX, 676, 20, 33.800000, 1.400000, 0.003248, 0.003226, 0.000022, ZIC, 1682, 20, 84.100000, 1.700000, 0.000163, 0.000008, 0.000155, 
trial0014142, GDX, 959, 20, 47.950000, 1.300000, 0.005180, 0.004541, 0.000639, ZIC, 1074, 20, 53.700000, 1.100000, 0.000019, 0.000007, 0.000012, 
trial0014143, GDX, 771, 20, 38.550000, 1.150000, 0.003752, 0.003733, 0.000019, ZIC, 842, 20, 42.100000, 0.850000, 0.000019, 0.000008, 0.000011, 
trial0014144, GDX, 382, 20, 19.100000, 0.800000, 0.006750, 0.006734, 0.000016, ZIC, 479, 20, 23.950000, 0.400000, 0.000428, 0.000212, 0.000216, 
trial0014145, GDX, 516, 20, 25.800000, 1.000000, 0.003290, 0.003103, 0.000187, ZIC, 1222, 20, 61.100000, 1.100000, 0.000315, 0.000007, 0.000307, 
trial0014146, GDX, 670, 20, 33.500000, 0.850000, 0.004242, 0.003857, 0.000385, ZIC, 490, 20, 24.500000, 0.650000, 0.000202, 0.000190, 0.000011, 
trial0014147, GDX, 606, 20, 30.300000, 0.700000, 0.003322, 0.003136, 0.000186, ZIC, 1088, 20, 54.400000, 1.200000, 0.000302, 0.000149, 0.000153, 
trial0014148, GDX, 383, 20, 19.150000, 0.750000, 0.005270, 0.004762, 0.000508, ZIC, 313, 20, 15.650000, 0.250000, 0.000513, 0.000502, 0.000011, 
trial0014149, GDX, 471, 20, 23.550000, 1.250000, 0.003558, 0.003537, 0.000022, ZIC, 1353, 20, 67.650000, 1.350000, 0.000357, 0.000175, 0.000182, 
trial0014150, GDX, 480, 20, 24.000000, 0.950000, 0.006397, 0.006174, 0.000222, ZIC, 303, 20, 15.150000, 0.350000, 0.000019, 0.000007, 0.000012, 
trial0014151, GDX, 1039, 20, 51.950000, 1.350000, 0.003875, 0.003518, 0.000357, ZIC, 836, 20, 41.800000, 0.950000, 0.000019, 0.000008, 0.000012, 
trial0014152, GDX, 679, 20, 33.950000, 1.000000, 0.004193, 0.003763, 0.000430, ZIC, 1108, 20, 55.400000, 1.100000, 0.000508, 0.000175, 0.000333, 
trial0014153, GDX, 1479, 20, 73.950000, 1.950000, 0.003956, 0.003931, 0.000025, ZIC, 1121, 20, 56.050000, 1.450000, 0.000176, 0.000161, 0.000015, 
trial0014154, GDX, 857, 20, 42.850000, 1.250000, 0.004967, 0.004741, 0.000227, ZIC, 372, 20, 18.600000, 0.550000, 0.000390, 0.000192, 0.000198, 
trial0014155, GDX, 980, 20, 49.000000, 1.500000, 0.002992, 0.002763, 0.000229, ZIC, 1478, 20, 73.900000, 1.800000, 0.000163, 0.000007, 0.000156, 
trial0014156, GDX, 1030, 20, 51.500000, 1.900000, 0.003617, 0.003591, 0.000026, ZIC, 1471, 20, 73.550000, 1.200000, 0.000022, 0.000007, 0.000015, 
trial0014157, GDX, 336, 20, 16.800000, 0.700000, 0.003935, 0.003749, 0.000185, ZIC, 918, 20, 45.900000, 1.100000, 0.000171, 0.000161, 0.000010, 
trial0014158, GDX, 628, 20, 31.400000, 1.000000, 0.003793, 0.003299, 0.000493, ZIC, 878, 20, 43.900000, 1.000000, 0.000019, 0.000007, 0.000011, 
trial0014159, GDX, 801, 20, 40.050000, 1.250000, 0.003166, 0.003146, 0.000020, ZIC, 1569, 20, 78.450000, 1.250000, 0.000174, 0.000161, 0.000012, 
trial0014160, GDX, 342, 20, 17.100000, 0.950000, 0.003793, 0.003772, 0.000021, ZIC, 1372, 20, 68.600000, 1.450000, 0.000019, 0.000007, 0.000012, 
trial0014161, GDX, 376, 20, 18.800000, 1.000000, 0.003215, 0.003197, 0.000018, ZIC, 1216, 20, 60.800000, 1.200000, 0.000019, 0.000007, 0.000012, 
trial0014162, GDX, 541, 20, 27.050000, 0.950000, 0.003570, 0.003367, 0.000204, ZIC, 755, 20, 37.750000, 0.950000, 0.000371, 0.000007, 0.000364, 
trial0014163, GDX, 759, 20, 37.950000, 1.350000, 0.004831, 0.004811, 0.000020, ZIC, 689, 20, 34.450000, 0.850000, 0.000020, 0.000008, 0.000013, 
trial0014164, GDX, 769, 20, 38.450000, 1.250000, 0.003731, 0.003710, 0.000021, ZIC, 954, 20, 47.700000, 1.150000, 0.000481, 0.000315, 0.000166, 
trial0014165, GDX, 633, 20, 31.650000, 1.250000, 0.004144, 0.003941, 0.000203, ZIC, 1206, 20, 60.300000, 1.050000, 0.000149, 0.000007, 0.000142, 
trial0014166, GDX, 956, 20, 47.800000, 1.200000, 0.004955, 0.004317, 0.000639, ZIC, 502, 20, 25.100000, 0.600000, 0.000019, 0.000007, 0.000012, 
trial0014167, GDX, 641, 20, 32.050000, 0.950000, 0.003854, 0.003467, 0.000386, ZIC, 471, 20, 23.550000, 0.650000, 0.000390, 0.000379, 0.000011, 
trial0014168, GDX, 811, 20, 40.550000, 1.400000, 0.004207, 0.004022, 0.000185, ZIC, 565, 20, 28.250000, 0.500000, 0.000227, 0.000007, 0.000219, 
trial0014169, GDX, 696, 20, 34.800000, 1.250000, 0.004627, 0.004607, 0.000020, ZIC, 886, 20, 44.300000, 0.750000, 0.000243, 0.000007, 0.000236, 
trial0014170, GDX, 714, 20, 35.700000, 1.250000, 0.004405, 0.003828, 0.000577, ZIC, 1386, 20, 69.300000, 1.350000, 0.000188, 0.000008, 0.000180, 
trial0014171, GDX, 607, 20, 30.350000, 1.000000, 0.004050, 0.003826, 0.000224, ZIC, 756, 20, 37.800000, 0.900000, 0.000187, 0.000175, 0.000012, 
trial0014172, GDX, 431, 20, 21.550000, 0.650000, 0.004046, 0.004027, 0.000019, ZIC, 1113, 20, 55.650000, 1.250000, 0.000019, 0.000007, 0.000011, 
trial0014173, GDX, 281, 20, 14.050000, 0.700000, 0.005823, 0.005601, 0.000222, ZIC, 323, 20, 16.150000, 0.300000, 0.000839, 0.000533, 0.000305, 
trial0014174, GDX, 589, 20, 29.450000, 1.400000, 0.004575, 0.004202, 0.000373, ZIC, 984, 20, 49.200000, 1.100000, 0.000327, 0.000008, 0.000319, 
trial0014175, GDX, 680, 20, 34.000000, 1.350000, 0.005794, 0.005569, 0.000225, ZIC, 574, 20, 28.700000, 0.550000, 0.000021, 0.000007, 0.000014, 
trial0014176, GDX, 717, 20, 35.850000, 0.950000, 0.004315, 0.004297, 0.000019, ZIC, 533, 20, 26.650000, 0.850000, 0.000357, 0.000161, 0.000196, 
trial0014177, GDX, 356, 20, 17.800000, 0.550000, 0.004396, 0.004214, 0.000182, ZIC, 606, 20, 30.300000, 0.750000, 0.000073, 0.000007, 0.000066, 
trial0014178, GDX, 296, 20, 14.800000, 0.750000, 0.003988, 0.003707, 0.000282, ZIC, 839, 20, 41.950000, 1.100000, 0.000019, 0.000007, 0.000012, 
trial0014179, GDX, 485, 20, 24.250000, 0.750000, 0.004670, 0.004242, 0.000427, ZIC, 840, 20, 42.000000, 0.950000, 0.000371, 0.000359, 0.000012, 
trial0014180, GDX, 927, 20, 46.350000, 1.400000, 0.002985, 0.002963, 0.000023, ZIC, 1678, 20, 83.900000, 1.600000, 0.000162, 0.000148, 0.000014, 
trial0014181, GDX, 272, 20, 13.600000, 0.700000, 0.003790, 0.003771, 0.000019, ZIC, 808, 20, 40.400000, 1.000000, 0.000203, 0.000008, 0.000196, 
trial0014182, GDX, 1149, 20, 57.450000, 1.700000, 0.003648, 0.003624, 0.000023, ZIC, 903, 20, 45.150000, 1.200000, 0.000175, 0.000161, 0.000014, 
trial0014183, GDX, 1050, 20, 52.500000, 1.850000, 0.003540, 0.003145, 0.000395, ZIC, 892, 20, 44.600000, 1.050000, 0.000330, 0.000175, 0.000156, 
trial0014184, GDX, 199, 20, 9.950000, 0.450000, 0.004757, 0.004741, 0.000015, ZIC, 415, 20, 20.750000, 0.450000, 0.000016, 0.000007, 0.000009, 
trial0014185, GDX, 490, 20, 24.500000, 0.950000, 0.004232, 0.004212, 0.000020, ZIC, 740, 20, 37.000000, 0.950000, 0.000187, 0.000175, 0.000012, 
trial0014186, GDX, 502, 20, 25.100000, 0.900000, 0.004717, 0.004466, 0.000251, ZIC, 620, 20, 31.000000, 0.800000, 0.000019, 0.000007, 0.000011, 
trial0014187, GDX, 836, 20, 41.800000, 1.050000, 0.003619, 0.003416, 0.000202, ZIC, 1185, 20, 59.250000, 1.050000, 0.000019, 0.000007, 0.000012, 
trial0014188, GDX, 284, 20, 14.200000, 0.700000, 0.003781, 0.003579, 0.000201, ZIC, 682, 20, 34.100000, 0.700000, 0.000186, 0.000007, 0.000179, 
trial0014189, GDX, 938, 20, 46.900000, 1.450000, 0.004516, 0.004288, 0.000228, ZIC, 992, 20, 49.600000, 1.150000, 0.000206, 0.000191, 0.000015, 
trial0014190, GDX, 597, 20, 29.850000, 1.000000, 0.004133, 0.004114, 0.000020, ZIC, 766, 20, 38.300000, 0.800000, 0.000728, 0.000008, 0.000720, 
trial0014191, GDX, 848, 20, 42.400000, 1.500000, 0.003848, 0.003642, 0.000206, ZIC, 1028, 20, 51.400000, 1.300000, 0.000022, 0.000008, 0.000014, 
trial0014192, GDX, 456, 20, 22.800000, 0.850000, 0.003117, 0.003098, 0.000019, ZIC, 1278, 20, 63.900000, 1.350000, 0.000313, 0.000161, 0.000153, 
trial0014193, GDX, 1429, 20, 71.450000, 1.350000, 0.004034, 0.003831, 0.000203, ZIC, 556, 20, 27.800000, 0.850000, 0.000245, 0.000007, 0.000238, 
trial0014194, GDX, 1157, 20, 57.850000, 1.700000, 0.002424, 0.002198, 0.000226, ZIC, 1040, 20, 52.000000, 1.100000, 0.000188, 0.000175, 0.000014, 
trial0014195, GDX, 860, 20, 43.000000, 1.200000, 0.004670, 0.004445, 0.000225, ZIC, 551, 20, 27.550000, 0.700000, 0.000020, 0.000007, 0.000013, 
trial0014196, GDX, 676, 20, 33.800000, 1.050000, 0.003430, 0.003409, 0.000021, ZIC, 971, 20, 48.550000, 1.150000, 0.000174, 0.000007, 0.000167, 
trial0014197, GDX, 877, 20, 43.850000, 1.350000, 0.003149, 0.002961, 0.000188, ZIC, 1292, 20, 64.600000, 1.350000, 0.000021, 0.000008, 0.000014, 
trial0014198, GDX, 965, 20, 48.250000, 1.550000, 0.004045, 0.003616, 0.000430, ZIC, 833, 20, 41.650000, 0.750000, 0.000226, 0.000008, 0.000218, 
trial0014199, GDX, 973, 20, 48.650000, 1.150000, 0.004039, 0.003815, 0.000225, ZIC, 549, 20, 27.450000, 0.850000, 0.000407, 0.000394, 0.000014, 
trial0014200, GDX, 707, 20, 35.350000, 1.050000, 0.004354, 0.004166, 0.000188, ZIC, 930, 20, 46.500000, 1.250000, 0.000514, 0.000164, 0.000350, 
trial0014201, GDX, 99, 20, 4.950000, 0.450000, 0.006613, 0.006368, 0.000245, ZIC, 22, 20, 1.100000, 0.050000, 0.000016, 0.000008, 0.000009, 
trial0014202, GDX, 109, 20, 5.450000, 0.850000, 0.004286, 0.004271, 0.000015, ZIC, 60, 20, 3.000000, 0.150000, 0.000018, 0.000007, 0.000010, 
trial0014203, GDX, 67, 20, 3.350000, 0.250000, 0.006290, 0.006279, 0.000011, ZIC, 22, 20, 1.100000, 0.050000, 0.000476, 0.000238, 0.000238, 
trial0014204, GDX, 43, 20, 2.150000, 0.350000, 0.005317, 0.005306, 0.000012, ZIC, 16, 20, 0.800000, 0.050000, 0.000015, 0.000008, 0.000008, 
trial0014205, GDX, 109, 20, 5.450000, 0.400000, 0.004527, 0.004106, 0.000421, ZIC, 30, 20, 1.500000, 0.100000, 0.000200, 0.000008, 0.000192, 
trial0014206, GDX, 52, 20, 2.600000, 0.250000, 0.004028, 0.004017, 0.000011, ZIC, 12, 20, 0.600000, 0.050000, 0.000015, 0.000007, 0.000007, 
trial0014207, GDX, 46, 20, 2.300000, 0.300000, 0.004755, 0.004742, 0.000012, ZIC, 23, 20, 1.150000, 0.100000, 0.000014, 0.000007, 0.000007, 
trial0014208, GDX, 6, 20, 0.300000, 0.150000, 0.006292, 0.005814, 0.000479, ZIC, 45, 20, 2.250000, 0.150000, 0.000218, 0.000211, 0.000007, 
trial0014209, GDX, 117, 20, 5.850000, 0.700000, 0.004448, 0.004124, 0.000324, ZIC, 35, 20, 1.750000, 0.100000, 0.000283, 0.000008, 0.000275, 
trial0014210, GDX, 85, 20, 4.250000, 0.600000, 0.004610, 0.004024, 0.000586, ZIC, 24, 20, 1.200000, 0.200000, 0.000352, 0.000008, 0.000344, 
trial0014211, GDX, 46, 20, 2.300000, 0.350000, 0.004672, 0.004367, 0.000304, ZIC, 11, 20, 0.550000, 0.050000, 0.000245, 0.000007, 0.000238, 
trial0014212, GDX, 56, 20, 2.800000, 0.550000, 0.004942, 0.004929, 0.000013, ZIC, 53, 20, 2.650000, 0.150000, 0.000016, 0.000007, 0.000009, 
trial0014213, GDX, 34, 20, 1.700000, 0.250000, 0.005399, 0.005388, 0.000011, ZIC, 22, 20, 1.100000, 0.050000, 0.000198, 0.000191, 0.000007, 
trial0014214, GDX, 72, 20, 3.600000, 0.500000, 0.003960, 0.003716, 0.000244, ZIC, 67, 20, 3.350000, 0.200000, 0.000017, 0.000007, 0.000009, 
trial0014215, GDX, 32, 20, 1.600000, 0.250000, 0.004219, 0.004021, 0.000198, ZIC, 83, 20, 4.150000, 0.250000, 0.000410, 0.000402, 0.000008, 
trial0014216, GDX, 64, 20, 3.200000, 0.300000, 0.008279, 0.008268, 0.000011, ZIC, 23, 20, 1.150000, 0.050000, 0.000015, 0.000007, 0.000008, 
trial0014217, GDX, 42, 20, 2.100000, 0.300000, 0.006891, 0.006878, 0.000013, ZIC, 0, 20, 0.000000, 0.000000, 0.000016, 0.000008, 0.000008, 
trial0014218, GDX, 12, 20, 0.600000, 0.100000, 0.005305, 0.005296, 0.000009, ZIC, 0, 20, 0.000000, 0.000000, 0.000015, 0.000008, 0.000007, 
trial0014219, GDX, 30, 20, 1.500000, 0.250000, 0.004353, 0.004159, 0.000195, ZIC, 62, 20, 3.100000, 0.150000, 0.000016, 0.000008, 0.000008, 
trial0014220, GDX, 3, 20, 0.150000, 0.300000, 0.004691, 0.004217, 0.000474, ZIC, 160, 20, 8.000000, 0.300000, 0.000200, 0.000191, 0.000009, 
trial0014221, GDX, 33, 20, 1.650000, 0.300000, 0.004683, 0.004177, 0.000505, ZIC, 30, 20, 1.500000, 0.100000, 0.000016, 0.000007, 0.000009, 
trial0014222, GDX, 50, 20, 2.500000, 0.450000, 0.005017, 0.005002, 0.000015, ZIC, 107, 20, 5.350000, 0.250000, 0.000016, 0.000008, 0.000009, 
trial0014223, GDX, 33, 20, 1.650000, 0.250000, 0.005465, 0.005191, 0.000274, ZIC, 43, 20, 2.150000, 0.100000, 0.000477, 0.000008, 0.000469, 
trial0014224, GDX, 93, 20, 4.650000, 0.400000, 0.004687, 0.004505, 0.000182, ZIC, 94, 20, 4.700000, 0.400000, 0.000170, 0.000161, 0.000009, 
trial0014225, GDX, 64, 20, 3.200000, 0.350000, 0.007938, 0.007397, 0.000541, ZIC, 0, 20, 0.000000, 0.000000, 0.000880, 0.000300, 0.000580, 
trial0014226, GDX, 103, 20, 5.150000, 0.650000, 0.004180, 0.003776, 0.000405, ZIC, 117, 20, 5.850000, 0.350000, 0.000203, 0.000007, 0.000196, 
trial0014227, GDX, 49, 20, 2.450000, 0.350000, 0.005218, 0.005205, 0.000013, ZIC, 68, 20, 3.400000, 0.150000, 0.000016, 0.000007, 0.000008, 
trial0014228, GDX, 13, 20, 0.650000, 0.150000, 0.004756, 0.004312, 0.000444, ZIC, 8, 20, 0.400000, 0.050000, 0.000269, 0.000007, 0.000262, 
trial0014229, GDX, 68, 20, 3.400000, 0.450000, 0.004617, 0.004195, 0.000422, ZIC, 82, 20, 4.100000, 0.150000, 0.000200, 0.000008, 0.000192, 
trial0014230, GDX, 45, 20, 2.250000, 0.250000, 0.006629, 0.006618, 0.000011, ZIC, 2, 20, 0.100000, 0.050000, 0.000015, 0.000007, 0.000007, 
trial0014231, GDX, 41, 20, 2.050000, 0.300000, 0.005347, 0.005170, 0.000177, ZIC, 88, 20, 4.400000, 0.300000, 0.000016, 0.000007, 0.000008, 
trial0014232, GDX, 118, 20, 5.900000, 0.650000, 0.004409, 0.004190, 0.000219, ZIC, 62, 20, 3.100000, 0.250000, 0.000369, 0.000007, 0.000362, 
trial0014233, GDX, 2, 20, 0.100000, 0.200000, 0.005636, 0.005395, 0.000241, ZIC, 44, 20, 2.200000, 0.100000, 0.000219, 0.000212, 0.000007, 
trial0014234, GDX, 61, 20, 3.050000, 0.350000, 0.006476, 0.006463, 0.000013, ZIC, 51, 20, 2.550000, 0.050000, 0.000475, 0.000009, 0.000466, 
trial0014235, GDX, 109, 20, 5.450000, 0.400000, 0.007145, 0.006825, 0.000319, ZIC, 0, 20, 0.000000, 0.000000, 0.000542, 0.000271, 0.000272, 
trial0014236, GDX, 85, 20, 4.250000, 0.700000, 0.003870, 0.003856, 0.000014, ZIC, 55, 20, 2.750000, 0.100000, 0.000200, 0.000007, 0.000193, 
trial0014237, GDX, 97, 20, 4.850000, 0.500000, 0.004562, 0.003682, 0.000880, ZIC, 0, 20, 0.000000, 0.000000, 0.000218, 0.000210, 0.000008, 
trial0014238, GDX, 78, 20, 3.900000, 0.400000, 0.005575, 0.005298, 0.000277, ZIC, 34, 20, 1.700000, 0.100000, 0.000774, 0.000501, 0.000272, 
trial0014239, GDX, 3, 20, 0.150000, 0.100000, 0.005587, 0.005346, 0.000241, ZIC, 25, 20, 1.250000, 0.100000, 0.000014, 0.000007, 0.000007, 
trial0014240, GDX, 66, 20, 3.300000, 0.500000, 0.003477, 0.003235, 0.000242, ZIC, 86, 20, 4.300000, 0.300000, 0.000968, 0.000790, 0.000177, 
trial0014241, GDX, 96, 20, 4.800000, 0.600000, 0.005344, 0.004869, 0.000476, ZIC, 33, 20, 1.650000, 0.100000, 0.000018, 0.000008, 0.000010, 
trial0014242, GDX, 96, 20, 4.800000, 0.550000, 0.005356, 0.005137, 0.000218, ZIC, 38, 20, 1.900000, 0.150000, 0.000199, 0.000007, 0.000192, 
trial0014243, GDX, 51, 20, 2.550000, 0.400000, 0.005454, 0.005006, 0.000448, ZIC, 15, 20, 0.750000, 0.100000, 0.000247, 0.000237, 0.000010, 
trial0014244, GDX, 51, 20, 2.550000, 0.350000, 0.004997, 0.004818, 0.000179, ZIC, 94, 20, 4.700000, 0.250000, 0.000182, 0.000174, 0.000008, 
trial0014245, GDX, 16, 20, 0.800000, 0.200000, 0.005201, 0.005190, 0.000011, ZIC, 37, 20, 1.850000, 0.100000, 0.000885, 0.000443, 0.000442, 
trial0014246, GDX, 44, 20, 2.200000, 0.300000, 0.004000, 0.003783, 0.000217, ZIC, 44, 20, 2.200000, 0.200000, 0.000199, 0.000192, 0.000008, 
trial0014247, GDX, 29, 20, 1.450000, 0.450000, 0.004305, 0.003901, 0.000403, ZIC, 176, 20, 8.800000, 0.450000, 0.000184, 0.000174, 0.000009, 
trial0014248, GDX, 29, 20, 1.450000, 0.400000, 0.004755, 0.004742, 0.000013, ZIC, 63, 20, 3.150000, 0.200000, 0.000016, 0.000008, 0.000008, 
trial0014249, GDX, 60, 20, 3.000000, 0.200000, 0.006325, 0.006049, 0.000276, ZIC, 0, 20, 0.000000, 0.000000, 0.000385, 0.000008, 0.000377, 
trial0014250, GDX, 39, 20, 1.950000, 0.350000, 0.004255, 0.004012, 0.000243, ZIC, 33, 20, 1.650000, 0.150000, 0.000182, 0.000007, 0.000174, 
trial0014251, GDX, 80, 20, 4.000000, 0.650000, 0.005821, 0.005807, 0.000015, ZIC, 27, 20, 1.350000, 0.050000, 0.000017, 0.000007, 0.000009, 
trial0014252, GDX, 43, 20, 2.150000, 0.350000, 0.008550, 0.008536, 0.000015, ZIC, 104, 20, 5.200000, 0.100000, 0.000324, 0.000008, 0.000316, 
trial0014253, GDX, 52, 20, 2.600000, 0.250000, 0.005716, 0.005703, 0.000013, ZIC, 8, 20, 0.400000, 0.050000, 0.000324, 0.000315, 0.000009, 
trial0014254, GDX, 61, 20, 3.050000, 0.500000, 0.005284, 0.005103, 0.000181, ZIC, 82, 20, 4.100000, 0.200000, 0.000246, 0.000007, 0.000239, 
trial0014255, GDX, 85, 20, 4.250000, 0.450000, 0.004970, 0.004729, 0.000241, ZIC, 8, 20, 0.400000, 0.050000, 0.000015, 0.000007, 0.000007, 
trial0014256, GDX, 27, 20, 1.350000, 0.250000, 0.005139, 0.004863, 0.000276, ZIC, 33, 20, 1.650000, 0.150000, 0.000015, 0.000007, 0.000008, 
trial0014257, GDX, 18, 20, 0.900000, 0.300000, 0.004637, 0.004396, 0.000241, ZIC, 100, 20, 5.000000, 0.300000, 0.000368, 0.000360, 0.000008, 
trial0014258, GDX, 166, 20, 8.300000, 0.700000, 0.005074, 0.005059, 0.000015, ZIC, 0, 20, 0.000000, 0.000000, 0.000248, 0.000238, 0.000010, 
trial0014259, GDX, 110, 20, 5.500000, 0.650000, 0.006784, 0.006459, 0.000325, ZIC, 47, 20, 2.350000, 0.150000, 0.000623, 0.000008, 0.000615, 
trial0014260, GDX, 80, 20, 4.000000, 0.400000, 0.005261, 0.004840, 0.000421, ZIC, 26, 20, 1.300000, 0.100000, 0.000016, 0.000007, 0.000009, 
trial0014261, GDX, 2, 20, 0.100000, 0.200000, 0.004923, 0.004443, 0.000479, ZIC, 22, 20, 1.100000, 0.100000, 0.000219, 0.000212, 0.000007, 
trial0014262, GDX, 109, 20, 5.450000, 0.450000, 0.004430, 0.004235, 0.000195, ZIC, 1, 20, 0.050000, 0.050000, 0.000016, 0.000007, 0.000009, 
trial0014263, GDX, 21, 20, 1.050000, 0.150000, 0.006424, 0.006413, 0.000011, ZIC, 31, 20, 1.550000, 0.050000, 0.000015, 0.000008, 0.000008, 
trial0014264, GDX, 33, 20, 1.650000, 0.300000, 0.004310, 0.004094, 0.000216, ZIC, 48, 20, 2.400000, 0.100000, 0.000350, 0.000175, 0.000175, 
trial0014265, GDX, 67, 20, 3.350000, 0.350000, 0.004642, 0.004401, 0.000242, ZIC, 13, 20, 0.650000, 0.050000, 0.000014, 0.000007, 0.000007, 
trial0014266, GDX, 10, 20, 0.500000, 0.250000, 0.005038, 0.005027, 0.000011, ZIC, 44, 20, 2.200000, 0.150000, 0.000015, 0.000007, 0.000007, 
trial0014267, GDX, 39, 20, 1.950000, 0.300000, 0.004220, 0.004004, 0.000216, ZIC, 35, 20, 1.750000, 0.100000, 0.000014, 0.000007, 0.000007, 
trial0014268, GDX, 58, 20, 2.900000, 0.550000, 0.005409, 0.005395, 0.000015, ZIC, 31, 20, 1.550000, 0.050000, 0.000016, 0.000007, 0.000009, 
trial0014269, GDX, 9, 20, 0.450000, 0.250000, 0.004594, 0.004581, 0.000013, ZIC, 124, 20, 6.200000, 0.250000, 0.000182, 0.000007, 0.000175, 
trial0014270, GDX, 73, 20, 3.650000, 0.450000, 0.004624, 0.004609, 0.000015, ZIC, 170, 20, 8.500000, 0.450000, 0.000812, 0.000573, 0.000239, 
trial0014271, GDX, 45, 20, 2.250000, 0.250000, 0.005219, 0.005002, 0.000217, ZIC, 37, 20, 1.850000, 0.150000, 0.000016, 0.000008, 0.000008, 
trial0014272, GDX, 93, 20, 4.650000, 0.650000, 0.004709, 0.004463, 0.000246, ZIC, 35, 20, 1.750000, 0.150000, 0.000018, 0.000007, 0.000010, 
trial0014273, GDX, 76, 20, 3.800000, 0.450000, 0.005062, 0.005048, 0.000015, ZIC, 0, 20, 0.000000, 0.000000, 0.000556, 0.000008, 0.000548, 
trial0014274, GDX, 3, 20, 0.150000, 0.100000, 0.004060, 0.004049, 0.000010, ZIC, 0, 20, 0.000000, 0.000000, 0.000447, 0.000236, 0.000211, 
trial0014275, GDX, 21, 20, 1.050000, 0.300000, 0.004920, 0.004724, 0.000196, ZIC, 50, 20, 2.500000, 0.200000, 0.000182, 0.000007, 0.000175, 
trial0014276, GDX, 16, 20, 0.800000, 0.100000, 0.005759, 0.005749, 0.000010, ZIC, 0, 20, 0.000000, 0.000000, 0.000653, 0.000213, 0.000440, 
trial0014277, GDX, 61, 20, 3.050000, 0.500000, 0.005728, 0.005715, 0.000013, ZIC, 52, 20, 2.600000, 0.100000, 0.000015, 0.000007, 0.000008, 
trial0014278, GDX, 68, 20, 3.400000, 0.350000, 0.004715, 0.004703, 0.000013, ZIC, 31, 20, 1.550000, 0.150000, 0.000199, 0.000007, 0.000192, 
trial0014279, GDX, 33, 20, 1.650000, 0.500000, 0.004539, 0.004525, 0.000014, ZIC, 65, 20, 3.250000, 0.200000, 0.000840, 0.000601, 0.000239, 
trial0014280, GDX, 165, 20, 8.250000, 0.750000, 0.004639, 0.004623, 0.000016, ZIC, 31, 20, 1.550000, 0.150000, 0.000017, 0.000007, 0.000010, 
trial0014281, GDX, 35, 20, 1.750000, 0.300000, 0.004774, 0.004762, 0.000012, ZIC, 19, 20, 0.950000, 0.100000, 0.000219, 0.000212, 0.000008, 
trial0014282, GDX, 35, 20, 1.750000, 0.350000, 0.003560, 0.003321, 0.000239, ZIC, 20, 20, 1.000000, 0.050000, 0.000424, 0.000008, 0.000416, 
trial0014283, GDX, 0, 20, 0.000000, 0.100000, 0.004847, 0.004405, 0.000441, ZIC, 52, 20, 2.600000, 0.100000, 0.000218, 0.000211, 0.000006, 
trial0014284, GDX, 54, 20, 2.700000, 0.300000, 0.005663, 0.005358, 0.000305, ZIC, 28, 20, 1.400000, 0.100000, 0.000280, 0.000008, 0.000272, 
trial0014285, GDX, 142, 20, 7.100000, 0.550000, 0.003940, 0.003928, 0.000012, ZIC, 20, 20, 1.000000, 0.150000, 0.000551, 0.000358, 0.000193, 
trial0014286, GDX, 35, 20, 1.750000, 0.250000, 0.005138, 0.005126, 0.000011, ZIC, 13, 20, 0.650000, 0.050000, 0.000014, 0.000007, 0.000007, 
trial0014287, GDX, 12, 20, 0.600000, 0.350000, 0.005420, 0.005175, 0.000245, ZIC, 122, 20, 6.100000, 0.350000, 0.000017, 0.000007, 0.000009, 
trial0014288, GDX, 13, 20, 0.650000, 0.400000, 0.003991, 0.003977, 0.000014, ZIC, 187, 20, 9.350000, 0.400000, 0.000015, 0.000007, 0.000008, 
trial0014289, GDX, 4, 20, 0.200000, 0.100000, 0.005296, 0.005285, 0.000011, ZIC, 33, 20, 1.650000, 0.100000, 0.000013, 0.000007, 0.000006, 
trial0014290, GDX, 60, 20, 3.000000, 0.400000, 0.004224, 0.004007, 0.000217, ZIC, 21, 20, 1.050000, 0.100000, 0.000425, 0.000212, 0.000213, 
trial0014291, GDX, 31, 20, 1.550000, 0.300000, 0.005102, 0.004884, 0.000217, ZIC, 73, 20, 3.650000, 0.200000, 0.000017, 0.000008, 0.000008, 
trial0014292, GDX, 35, 20, 1.750000, 0.250000, 0.004383, 0.004370, 0.000012, ZIC, 59, 20, 2.950000, 0.150000, 0.000015, 0.000007, 0.000008, 
trial0014293, GDX, 45, 20, 2.250000, 0.200000, 0.005904, 0.005892, 0.000012, ZIC, 0, 20, 0.000000, 0.000000, 0.000014, 0.000008, 0.000007, 
trial0014294, GDX, 86, 20, 4.300000, 0.500000, 0.005004, 0.004759, 0.000245, ZIC, 35, 20, 1.750000, 0.100000, 0.000221, 0.000008, 0.000213, 
trial0014295, GDX, 51, 20, 2.550000, 0.300000, 0.004704, 0.004506, 0.000198, ZIC, 63, 20, 3.150000, 0.200000, 0.000016, 0.000007, 0.000008, 
trial0014296, GDX, 51, 20, 2.550000, 0.300000, 0.005083, 0.005070, 0.000013, ZIC, 39, 20, 1.950000, 0.200000, 0.000200, 0.000192, 0.000008, 
trial0014297, GDX, 29, 20, 1.450000, 0.200000, 0.005751, 0.005536, 0.000215, ZIC, 0, 20, 0.000000, 0.000000, 0.000218, 0.000007, 0.000211, 
trial0014298, GDX, 75, 20, 3.750000, 0.350000, 0.005564, 0.005346, 0.000217, ZIC, 12, 20, 0.600000, 0.050000, 0.001066, 0.000264, 0.000801, 
trial0014299, GDX, 47, 20, 2.350000, 0.450000, 0.005534, 0.005336, 0.000198, ZIC, 63, 20, 3.150000, 0.150000, 0.000451, 0.000442, 0.000008, 
trial0014300, GDX, 103, 20, 5.150000, 0.300000, 0.005240, 0.005228, 0.000011, ZIC, 0, 20, 0.000000, 0.000000, 0.000198, 0.000007, 0.000191, 
trial0014301, GDX, 203, 20, 10.150000, 0.650000, 0.005647, 0.005446, 0.000201, ZIC, 536, 20, 26.800000, 0.650000, 0.000018, 0.000007, 0.000010, 
trial0014302, GDX, 219, 20, 10.950000, 0.950000, 0.005159, 0.005139, 0.000020, ZIC, 910, 20, 45.500000, 0.950000, 0.000019, 0.000008, 0.000012, 
trial0014303, GDX, 189, 20, 9.450000, 0.600000, 0.006726, 0.006223, 0.000503, ZIC, 225, 20, 11.250000, 0.300000, 0.000020, 0.000007, 0.000013, 
trial0014304, GDX, 429, 20, 21.450000, 0.900000, 0.005012, 0.004995, 0.000017, ZIC, 488, 20, 24.400000, 0.600000, 0.000387, 0.000008, 0.000380, 
trial0014305, GDX, 289, 20, 14.450000, 0.800000, 0.004368, 0.004350, 0.000018, ZIC, 459, 20, 22.950000, 0.700000, 0.000018, 0.000007, 0.000011, 
trial0014306, GDX, 184, 20, 9.200000, 0.700000, 0.008088, 0.007806, 0.000282, ZIC, 159, 20, 7.950000, 0.300000, 0.000283, 0.000008, 0.000275, 
trial0014307, GDX, 363, 20, 18.150000, 0.750000, 0.004957, 0.004771, 0.000186, ZIC, 339, 20, 16.950000, 0.450000, 0.000019, 0.000007, 0.000012, 
trial0014308, GDX, 227, 20, 11.350000, 0.700000, 0.004967, 0.004949, 0.000018, ZIC, 597, 20, 29.850000, 0.600000, 0.000251, 0.000008, 0.000243, 
trial0014309, GDX, 115, 20, 5.750000, 0.400000, 0.005107, 0.004862, 0.000246, ZIC, 582, 20, 29.100000, 0.700000, 0.000016, 0.000007, 0.000009, 
trial0014310, GDX, 211, 20, 10.550000, 0.400000, 0.005465, 0.005449, 0.000016, ZIC, 449, 20, 22.450000, 0.600000, 0.000451, 0.000009, 0.000442, 
trial0014311, GDX, 510, 20, 25.500000, 1.050000, 0.004672, 0.004350, 0.000323, ZIC, 473, 20, 23.650000, 0.550000, 0.000019, 0.000008, 0.000012, 
trial0014312, GDX, 271, 20, 13.550000, 0.750000, 0.005436, 0.005416, 0.000020, ZIC, 420, 20, 21.000000, 0.650000, 0.000313, 0.000009, 0.000304, 
trial0014313, GDX, 103, 20, 5.150000, 0.450000, 0.005464, 0.005448, 0.000016, ZIC, 527, 20, 26.350000, 0.550000, 0.000224, 0.000213, 0.000011, 
trial0014314, GDX, 153, 20, 7.650000, 0.650000, 0.004693, 0.004102, 0.000591, ZIC, 706, 20, 35.300000, 0.750000, 0.000511, 0.000007, 0.000504, 
trial0014315, GDX, 353, 20, 17.650000, 0.800000, 0.005607, 0.005590, 0.000017, ZIC, 550, 20, 27.500000, 0.800000, 0.000017, 0.000007, 0.000010, 
trial0014316, GDX, 224, 20, 11.200000, 0.650000, 0.003752, 0.003569, 0.000183, ZIC, 562, 20, 28.100000, 0.750000, 0.000186, 0.000007, 0.000179, 
trial0014317, GDX, 519, 20, 25.950000, 1.200000, 0.004968, 0.004541, 0.000427, ZIC, 455, 20, 22.750000, 0.600000, 0.000222, 0.000211, 0.000011, 
trial0014318, GDX, 318, 20, 15.900000, 0.800000, 0.007010, 0.006763, 0.000247, ZIC, 220, 20, 11.000000, 0.250000, 0.000022, 0.000008, 0.000014, 
trial0014319, GDX, 399, 20, 19.950000, 0.700000, 0.004489, 0.004103, 0.000386, ZIC, 518, 20, 25.900000, 0.950000, 0.000019, 0.000007, 0.000012, 
trial0014320, GDX, 400, 20, 20.000000, 0.900000, 0.006959, 0.006376, 0.000582, ZIC, 349, 20, 17.450000, 0.500000, 0.000021, 0.000007, 0.000014, 
trial0014321, GDX, 351, 20, 17.550000, 0.900000, 0.004010, 0.003989, 0.000022, ZIC, 843, 20, 42.150000, 1.200000, 0.000021, 0.000007, 0.000014, 
trial0014322, GDX, 73, 20, 3.650000, 0.750000, 0.004918, 0.004900, 0.000018, ZIC, 936, 20, 46.800000, 0.850000, 0.000017, 0.000007, 0.000011, 
trial0014323, GDX, 447, 20, 22.350000, 1.100000, 0.005246, 0.004587, 0.000659, ZIC, 356, 20, 17.800000, 0.600000, 0.000409, 0.000008, 0.000401, 
trial0014324, GDX, 175, 20, 8.750000, 0.600000, 0.005944, 0.005926, 0.000017, ZIC, 396, 20, 19.800000, 0.400000, 0.000019, 0.000007, 0.000012, 
trial0014325, GDX, 383, 20, 19.150000, 1.000000, 0.004401, 0.003515, 0.000886, ZIC, 815, 20, 40.750000, 0.800000, 0.000454, 0.000008, 0.000446, 
trial0014326, GDX, 216, 20, 10.800000, 0.600000, 0.005357, 0.005125, 0.000232, ZIC, 522, 20, 26.100000, 0.700000, 0.000017, 0.000008, 0.000010, 
trial0014327, GDX, 300, 20, 15.000000, 1.000000, 0.004871, 0.004849, 0.000022, ZIC, 565, 20, 28.250000, 0.800000, 0.000021, 0.000008, 0.000013, 
trial0014328, GDX, 357, 20, 17.850000, 1.100000, 0.005378, 0.005067, 0.000311, ZIC, 468, 20, 23.400000, 0.700000, 0.000204, 0.000008, 0.000196, 
trial0014329, GDX, 146, 20, 7.300000, 0.850000, 0.004963, 0.004669, 0.000294, ZIC, 935, 20, 46.750000, 0.850000, 0.000572, 0.000306, 0.000266, 
trial0014330, GDX, 278, 20, 13.900000, 0.750000, 0.005727, 0.005704, 0.000023, ZIC, 436, 20, 21.800000, 0.650000, 0.000743, 0.000424, 0.000319, 
trial0014331, GDX, 378, 20, 18.900000, 1.150000, 0.004990, 0.004722, 0.000268, ZIC, 520, 20, 26.000000, 0.850000, 0.000434, 0.000418, 0.000016, 
trial0014332, GDX, 113, 20, 5.650000, 0.500000, 0.004610, 0.004097, 0.000513, ZIC, 452, 20, 22.600000, 0.700000, 0.000408, 0.000191, 0.000216, 
trial0014333, GDX, 253, 20, 12.650000, 0.500000, 0.007764, 0.007483, 0.000281, ZIC, 171, 20, 8.550000, 0.400000, 0.000389, 0.000008, 0.000381, 
trial0014334, GDX, 603, 20, 30.150000, 1.100000, 0.004891, 0.004687, 0.000204, ZIC, 442, 20, 22.100000, 0.700000, 0.000019, 0.000008, 0.000011, 
trial0014335, GDX, 133, 20, 6.650000, 0.350000, 0.004427, 0.004412, 0.000015, ZIC, 367, 20, 18.350000, 0.450000, 0.000250, 0.000010, 0.000240, 
trial0014336, GDX, 155, 20, 7.750000, 0.600000, 0.004875, 0.004856, 0.000018, ZIC, 354, 20, 17.700000, 0.600000, 0.000486, 0.000270, 0.000216, 
trial0014337, GDX, 234, 20, 11.700000, 0.800000, 0.005930, 0.005139, 0.000790, ZIC, 375, 20, 18.750000, 0.300000, 0.000020, 0.000007, 0.000013, 
trial0014338, GDX, 222, 20, 11.100000, 0.350000, 0.006363, 0.006118, 0.000245, ZIC, 116, 20, 5.800000, 0.350000, 0.000477, 0.000467, 0.000009, 
trial0014339, GDX, 359, 20, 17.950000, 1.050000, 0.005715, 0.005694, 0.000021, ZIC, 456, 20, 22.800000, 0.550000, 0.000022, 0.000008, 0.000015, 
trial0014340, GDX, 410, 20, 20.500000, 1.050000, 0.005333, 0.005313, 0.000020, ZIC, 556, 20, 27.800000, 0.850000, 0.000019, 0.000007, 0.000012, 
trial0014341, GDX, 101, 20, 5.050000, 0.650000, 0.005060, 0.005042, 0.000018, ZIC, 579, 20, 28.950000, 0.850000, 0.000019, 0.000007, 0.000011, 
trial0014342, GDX, 447, 20, 22.350000, 1.200000, 0.004583, 0.004563, 0.000020, ZIC, 556, 20, 27.800000, 0.700000, 0.000532, 0.000008, 0.000524, 
trial0014343, GDX, 460, 20, 23.000000, 1.100000, 0.005213, 0.005192, 0.000021, ZIC, 545, 20, 27.250000, 0.700000, 0.000021, 0.000007, 0.000013, 
trial0014344, GDX, 108, 20, 5.400000, 0.600000, 0.004842, 0.004823, 0.000019, ZIC, 682, 20, 34.100000, 1.000000, 0.000408, 0.000192, 0.000216, 
trial0014345, GDX, 160, 20, 8.000000, 0.650000, 0.006613, 0.006362, 0.000251, ZIC, 216, 20, 10.800000, 0.200000, 0.000633, 0.000008, 0.000626, 
trial0014346, GDX, 378, 20, 18.900000, 0.900000, 0.004942, 0.004688, 0.000254, ZIC, 496, 20, 24.800000, 0.500000, 0.000346, 0.000334, 0.000012, 
trial0014347, GDX, 397, 20, 19.850000, 0.700000, 0.004100, 0.004082, 0.000018, ZIC, 550, 20, 27.500000, 0.800000, 0.000019, 0.000007, 0.000012, 
trial0014348, GDX, 109, 20, 5.450000, 0.600000, 0.004804, 0.004292, 0.000512, ZIC, 751, 20, 37.550000, 0.700000, 0.000018, 0.000007, 0.000011, 
trial0014349, GDX, 490, 20, 24.500000, 1.100000, 0.006095, 0.006074, 0.000021, ZIC, 454, 20, 22.700000, 0.700000, 0.000020, 0.000008, 0.000013, 
trial0014350, GDX, 255, 20, 12.750000, 0.550000, 0.005910, 0.005322, 0.000588, ZIC, 491, 20, 24.550000, 0.650000, 0.000407, 0.000396, 0.000010, 
trial0014351, GDX, 413, 20, 20.650000, 1.100000, 0.004393, 0.004374, 0.000018, ZIC, 292, 20, 14.600000, 0.400000, 0.000222, 0.000211, 0.000011, 
trial0014352, GDX, 155, 20, 7.750000, 0.450000, 0.005661, 0.005646, 0.000016, ZIC, 163, 20, 8.150000, 0.350000, 0.000017, 0.000007, 0.000010, 
trial0014353, GDX, 434, 20, 21.700000, 1.000000, 0.004924, 0.004675, 0.000248, ZIC, 191, 20, 9.550000, 0.200000, 0.000020, 0.000008, 0.000013, 
trial0014354, GDX, 281, 20, 14.050000, 0.750000, 0.006780, 0.006048, 0.000732, ZIC, 75, 20, 3.750000, 0.150000, 0.000391, 0.000377, 0.000014, 
trial0014355, GDX, 136, 20, 6.800000, 0.250000, 0.005318, 0.005308, 0.000010, ZIC, 91, 20, 4.550000, 0.150000, 0.000014, 0.000007, 0.000007, 
trial0014356, GDX, 348, 20, 17.400000, 0.950000, 0.004689, 0.004668, 0.000021, ZIC, 688, 20, 34.400000, 0.900000, 0.000204, 0.000007, 0.000197, 
trial0014357, GDX, 477, 20, 23.850000, 0.950000, 0.005253, 0.005234, 0.000018, ZIC, 359, 20, 17.950000, 0.350000, 0.000250, 0.000008, 0.000242, 
trial0014358, GDX, 403, 20, 20.150000, 0.900000, 0.004812, 0.004487, 0.000324, ZIC, 384, 20, 19.200000, 0.600000, 0.000658, 0.000237, 0.000421, 
trial0014359, GDX, 265, 20, 13.250000, 0.450000, 0.004783, 0.004770, 0.000013, ZIC, 261, 20, 13.050000, 0.550000, 0.000170, 0.000161, 0.000009, 
trial0014360, GDX, 516, 20, 25.800000, 1.250000, 0.005512, 0.005079, 0.000433, ZIC, 311, 20, 15.550000, 0.450000, 0.000224, 0.000009, 0.000215, 
trial0014361, GDX, 404, 20, 20.200000, 0.900000, 0.004865, 0.004356, 0.000509, ZIC, 219, 20, 10.950000, 0.300000, 0.000633, 0.000008, 0.000624, 
trial0014362, GDX, 313, 20, 15.650000, 0.950000, 0.004788, 0.004770, 0.000018, ZIC, 717, 20, 35.850000, 0.650000, 0.000312, 0.000008, 0.000304, 
trial0014363, GDX, 210, 20, 10.500000, 0.550000, 0.005430, 0.005413, 0.000017, ZIC, 483, 20, 24.150000, 0.650000, 0.000405, 0.000394, 0.000011, 
trial0014364, GDX, 209, 20, 10.450000, 0.550000, 0.005134, 0.004885, 0.000250, ZIC, 674, 20, 33.700000, 0.950000, 0.000455, 0.000238, 0.000217, 
trial0014365, GDX, 834, 20, 41.700000, 1.200000, 0.004700, 0.004681, 0.000018, ZIC, 246, 20, 12.300000, 0.700000, 0.000410, 0.000008, 0.000403, 
trial0014366, GDX, 563, 20, 28.150000, 0.950000, 0.005249, 0.005027, 0.000223, ZIC, 634, 20, 31.700000, 0.850000, 0.000018, 0.000007, 0.000011, 
trial0014367, GDX, 233, 20, 11.650000, 0.650000, 0.005758, 0.005740, 0.000018, ZIC, 550, 20, 27.500000, 0.750000, 0.000019, 0.000008, 0.000011, 
trial0014368, GDX, 388, 20, 19.400000, 1.100000, 0.005137, 0.005117, 0.000019, ZIC, 416, 20, 20.800000, 0.500000, 0.000455, 0.000442, 0.000013, 
trial0014369, GDX, 179, 20, 8.950000, 0.500000, 0.004887, 0.004871, 0.000016, ZIC, 434, 20, 21.700000, 0.700000, 0.000018, 0.000007, 0.000011, 
trial0014370, GDX, 230, 20, 11.500000, 0.600000, 0.004307, 0.004290, 0.000017, ZIC, 382, 20, 19.100000, 0.500000, 0.000202, 0.000008, 0.000194, 
trial0014371, GDX, 267, 20, 13.350000, 0.650000, 0.004330, 0.004313, 0.000017, ZIC, 643, 20, 32.150000, 0.750000, 0.000407, 0.000212, 0.000195, 
trial0014372, GDX, 151, 20, 7.550000, 0.750000, 0.004924, 0.004907, 0.000017, ZIC, 546, 20, 27.300000, 0.650000, 0.000142, 0.000131, 0.000010, 
trial0014373, GDX, 286, 20, 14.300000, 0.700000, 0.005582, 0.005565, 0.000017, ZIC, 247, 20, 12.350000, 0.300000, 0.000538, 0.000271, 0.000267, 
trial0014374, GDX, 349, 20, 17.450000, 1.050000, 0.005764, 0.005744, 0.000020, ZIC, 600, 20, 30.000000, 0.750000, 0.000409, 0.000008, 0.000401, 
trial0014375, GDX, 119, 20, 5.950000, 0.350000, 0.006012, 0.005998, 0.000015, ZIC, 160, 20, 8.000000, 0.350000, 0.000512, 0.000238, 0.000274, 
trial0014376, GDX, 225, 20, 11.250000, 0.750000, 0.004754, 0.004552, 0.000202, ZIC, 857, 20, 42.850000, 0.900000, 0.000186, 0.000008, 0.000178, 
trial0014377, GDX, 399, 20, 19.950000, 0.900000, 0.005155, 0.004905, 0.000250, ZIC, 561, 20, 28.050000, 0.800000, 0.000251, 0.000008, 0.000243, 
trial0014378, GDX, 271, 20, 13.550000, 0.850000, 0.006569, 0.006090, 0.000479, ZIC, 316, 20, 15.800000, 0.350000, 0.000024, 0.000008, 0.000015, 
trial0014379, GDX, 92, 20, 4.600000, 0.650000, 0.005899, 0.005881, 0.000018, ZIC, 548, 20, 27.400000, 0.550000, 0.000020, 0.000008, 0.000012, 
trial0014380, GDX, 241, 20, 12.050000, 0.850000, 0.004427, 0.004408, 0.000019, ZIC, 619, 20, 30.950000, 0.850000, 0.000203, 0.000008, 0.000196, 
trial0014381, GDX, 138, 20, 6.900000, 0.600000, 0.005876, 0.005592, 0.000283, ZIC, 389, 20, 19.450000, 0.600000, 0.000224, 0.000212, 0.000012, 
trial0014382, GDX, 253, 20, 12.650000, 0.700000, 0.004970, 0.004727, 0.000243, ZIC, 333, 20, 16.650000, 0.400000, 0.000201, 0.000008, 0.000194, 
trial0014383, GDX, 134, 20, 6.700000, 0.850000, 0.007577, 0.007558, 0.000019, ZIC, 623, 20, 31.150000, 0.850000, 0.000019, 0.000007, 0.000011, 
trial0014384, GDX, 388, 20, 19.400000, 1.050000, 0.006516, 0.006497, 0.000020, ZIC, 233, 20, 11.650000, 0.350000, 0.000023, 0.000008, 0.000015, 
trial0014385, GDX, 583, 20, 29.150000, 1.200000, 0.004609, 0.004361, 0.000249, ZIC, 440, 20, 22.000000, 0.700000, 0.000390, 0.000174, 0.000216, 
trial0014386, GDX, 495, 20, 24.750000, 1.150000, 0.004957, 0.004934, 0.000022, ZIC, 580, 20, 29.000000, 0.750000, 0.000227, 0.000211, 0.000016, 
trial0014387, GDX, 406, 20, 20.300000, 1.050000, 0.005211, 0.004985, 0.000225, ZIC, 515, 20, 25.750000, 0.650000, 0.000204, 0.000008, 0.000196, 
trial0014388, GDX, 390, 20, 19.500000, 1.100000, 0.004123, 0.004102, 0.000021, ZIC, 968, 20, 48.400000, 1.100000, 0.000021, 0.000007, 0.000014, 
trial0014389, GDX, 351, 20, 17.550000, 0.600000, 0.006071, 0.005910, 0.000160, ZIC, 212, 20, 10.600000, 0.400000, 0.000636, 0.000008, 0.000628, 
trial0014390, GDX, 482, 20, 24.100000, 1.250000, 0.007243, 0.007220, 0.000022, ZIC, 217, 20, 10.850000, 0.250000, 0.000334, 0.000008, 0.000326, 
trial0014391, GDX, 316, 20, 15.800000, 0.600000, 0.007723, 0.007706, 0.000017, ZIC, 102, 20, 5.100000, 0.300000, 0.000897, 0.000621, 0.000276, 
trial0014392, GDX, 306, 20, 15.300000, 0.800000, 0.005323, 0.004869, 0.000453, ZIC, 583, 20, 29.150000, 0.700000, 0.000019, 0.000007, 0.000012, 
trial0014393, GDX, 266, 20, 13.300000, 0.950000, 0.005971, 0.005495, 0.000476, ZIC, 244, 20, 12.200000, 0.250000, 0.000282, 0.000008, 0.000275, 
trial0014394, GDX, 434, 20, 21.700000, 0.750000, 0.005283, 0.005265, 0.000017, ZIC, 282, 20, 14.100000, 0.550000, 0.000223, 0.000212, 0.000011, 
trial0014395, GDX, 399, 20, 19.950000, 0.950000, 0.006420, 0.006059, 0.000361, ZIC, 260, 20, 13.000000, 0.350000, 0.000022, 0.000007, 0.000014, 
trial0014396, GDX, 702, 20, 35.100000, 1.200000, 0.004392, 0.004372, 0.000020, ZIC, 473, 20, 23.650000, 0.700000, 0.000339, 0.000160, 0.000179, 
trial0014397, GDX, 365, 20, 18.250000, 0.900000, 0.005024, 0.004433, 0.000591, ZIC, 739, 20, 36.950000, 0.900000, 0.000019, 0.000007, 0.000012, 
trial0014398, GDX, 345, 20, 17.250000, 0.850000, 0.005807, 0.005787, 0.000020, ZIC, 431, 20, 21.550000, 0.600000, 0.000454, 0.000008, 0.000446, 
trial0014399, GDX, 369, 20, 18.450000, 0.700000, 0.006018, 0.006001, 0.000017, ZIC, 273, 20, 13.650000, 0.300000, 0.000695, 0.000009, 0.000686, 
trial0014400, GDX, 187, 20, 9.350000, 0.500000, 0.005168, 0.005152, 0.000015, ZIC, 482, 20, 24.100000, 0.600000, 0.000016, 0.000007, 0.000009, 
trial0014401, GDX, 149, 20, 7.450000, 0.700000, 0.004535, 0.004515, 0.000020, ZIC, 1301, 20, 65.050000, 1.300000, 0.000435, 0.000008, 0.000428, 
trial0014402, GDX, 1765, 20, 88.250000, 2.000000, 0.004507, 0.004319, 0.000188, ZIC, 432, 20, 21.600000, 0.600000, 0.000188, 0.000175, 0.000013, 
trial0014403, GDX, 96, 20, 4.800000, 0.650000, 0.004335, 0.004317, 0.000018, ZIC, 965, 20, 48.250000, 0.950000, 0.000203, 0.000191, 0.000012, 
trial0014404, GDX, 870, 20, 43.500000, 1.600000, 0.004062, 0.003572, 0.000489, ZIC, 728, 20, 36.400000, 1.000000, 0.000189, 0.000008, 0.000181, 
trial0014405, GDX, 357, 20, 17.850000, 1.000000, 0.004512, 0.004491, 0.000021, ZIC, 1495, 20, 74.750000, 1.600000, 0.000021, 0.000007, 0.000013, 
trial0014406, GDX, 1004, 20, 50.200000, 1.150000, 0.004645, 0.004401, 0.000244, ZIC, 492, 20, 24.600000, 0.750000, 0.000159, 0.000007, 0.000152, 
trial0014407, GDX, 512, 20, 25.600000, 0.850000, 0.004558, 0.004540, 0.000018, ZIC, 1042, 20, 52.100000, 1.150000, 0.000187, 0.000008, 0.000180, 
trial0014408, GDX, 1392, 20, 69.600000, 1.950000, 0.004555, 0.003731, 0.000824, ZIC, 1161, 20, 58.050000, 1.650000, 0.000023, 0.000007, 0.000015, 
trial0014409, GDX, 1050, 20, 52.500000, 1.550000, 0.003921, 0.003464, 0.000457, ZIC, 1164, 20, 58.200000, 1.350000, 0.000374, 0.000176, 0.000198, 
trial0014410, GDX, 251, 20, 12.550000, 0.850000, 0.005460, 0.005440, 0.000020, ZIC, 1003, 20, 50.150000, 1.050000, 0.000019, 0.000007, 0.000012, 
trial0014411, GDX, 605, 20, 30.250000, 1.150000, 0.004031, 0.003601, 0.000430, ZIC, 912, 20, 45.600000, 0.850000, 0.000206, 0.000008, 0.000198, 
trial0014412, GDX, 1063, 20, 53.150000, 1.500000, 0.003626, 0.003605, 0.000021, ZIC, 824, 20, 41.200000, 0.900000, 0.000174, 0.000161, 0.000013, 
trial0014413, GDX, 619, 20, 30.950000, 0.750000, 0.005304, 0.005286, 0.000018, ZIC, 531, 20, 26.550000, 0.750000, 0.000017, 0.000007, 0.000010, 
trial0014414, GDX, 695, 20, 34.750000, 1.450000, 0.003012, 0.002991, 0.000021, ZIC, 1292, 20, 64.600000, 1.650000, 0.000309, 0.000007, 0.000302, 
trial0014415, GDX, 623, 20, 31.150000, 0.900000, 0.004364, 0.004344, 0.000019, ZIC, 590, 20, 29.500000, 0.700000, 0.000407, 0.000191, 0.000216, 
trial0014416, GDX, 920, 20, 46.000000, 1.500000, 0.003689, 0.003668, 0.000021, ZIC, 864, 20, 43.200000, 0.900000, 0.000174, 0.000160, 0.000014, 
trial0014417, GDX, 1417, 20, 70.850000, 1.650000, 0.004232, 0.004029, 0.000203, ZIC, 586, 20, 29.300000, 0.650000, 0.000019, 0.000007, 0.000011, 
trial0014418, GDX, 765, 20, 38.250000, 1.250000, 0.003227, 0.003205, 0.000022, ZIC, 1053, 20, 52.650000, 1.350000, 0.000174, 0.000007, 0.000166, 
trial0014419, GDX, 353, 20, 17.650000, 0.650000, 0.004705, 0.004689, 0.000016, ZIC, 576, 20, 28.800000, 0.750000, 0.000016, 0.000007, 0.000009, 
trial0014420, GDX, 821, 20, 41.050000, 1.200000, 0.003985, 0.003759, 0.000226, ZIC, 1002, 20, 50.100000, 1.100000, 0.000225, 0.000008, 0.000217, 
trial0014421, GDX, 414, 20, 20.700000, 0.900000, 0.004187, 0.003631, 0.000556, ZIC, 981, 20, 49.050000, 1.100000, 0.000390, 0.000192, 0.000198, 
trial0014422, GDX, 787, 20, 39.350000, 0.900000, 0.004595, 0.004393, 0.000202, ZIC, 533, 20, 26.650000, 0.750000, 0.000172, 0.000007, 0.000164, 
trial0014423, GDX, 606, 20, 30.300000, 1.000000, 0.005466, 0.004852, 0.000614, ZIC, 446, 20, 22.300000, 0.500000, 0.000225, 0.000008, 0.000217, 
trial0014424, GDX, 951, 20, 47.550000, 1.650000, 0.002491, 0.002467, 0.000024, ZIC, 1200, 20, 60.000000, 1.550000, 0.000357, 0.000007, 0.000349, 
trial0014425, GDX, 325, 20, 16.250000, 1.050000, 0.003847, 0.003829, 0.000019, ZIC, 1284, 20, 64.200000, 1.050000, 0.000019, 0.000007, 0.000012, 
trial0014426, GDX, 429, 20, 21.450000, 0.900000, 0.004622, 0.004077, 0.000544, ZIC, 696, 20, 34.800000, 0.900000, 0.000249, 0.000237, 0.000012, 
trial0014427, GDX, 667, 20, 33.350000, 1.450000, 0.004065, 0.003653, 0.000413, ZIC, 1001, 20, 50.050000, 1.150000, 0.000394, 0.000379, 0.000015, 
trial0014428, GDX, 791, 20, 39.550000, 1.050000, 0.004560, 0.004354, 0.000206, ZIC, 821, 20, 41.050000, 1.050000, 0.000327, 0.000161, 0.000166, 
trial0014429, GDX, 1114, 20, 55.700000, 1.550000, 0.004208, 0.004017, 0.000191, ZIC, 1414, 20, 70.700000, 1.450000, 0.000021, 0.000007, 0.000014, 
trial0014430, GDX, 810, 20, 40.500000, 1.550000, 0.003958, 0.003936, 0.000022, ZIC, 1295, 20, 64.750000, 1.250000, 0.000174, 0.000008, 0.000167, 
trial0014431, GDX, 519, 20, 25.950000, 1.300000, 0.004401, 0.004213, 0.000188, ZIC, 1069, 20, 53.450000, 1.400000, 0.000174, 0.000161, 0.000012, 
trial0014432, GDX, 801, 20, 40.050000, 1.350000, 0.003816, 0.003532, 0.000284, ZIC, 1077, 20, 53.850000, 1.050000, 0.000021, 0.000008, 0.000013, 
trial0014433, GDX, 917, 20, 45.850000, 1.150000, 0.004099, 0.004080, 0.000019, ZIC, 382, 20, 19.100000, 0.750000, 0.000388, 0.000192, 0.000196, 
trial0014434, GDX, 1439, 20, 71.950000, 2.350000, 0.003691, 0.003404, 0.000287, ZIC, 413, 20, 20.650000, 0.550000, 0.000512, 0.000008, 0.000504, 
trial0014435, GDX, 644, 20, 32.200000, 1.050000, 0.004457, 0.004211, 0.000247, ZIC, 672, 20, 33.600000, 0.750000, 0.000372, 0.000192, 0.000180, 
trial0014436, GDX, 1484, 20, 74.200000, 2.000000, 0.003649, 0.003423, 0.000226, ZIC, 654, 20, 32.700000, 0.800000, 0.000248, 0.000007, 0.000241, 
trial0014437, GDX, 415, 20, 20.750000, 1.100000, 0.003743, 0.003722, 0.000021, ZIC, 1079, 20, 53.950000, 1.350000, 0.000161, 0.000008, 0.000153, 
trial0014438, GDX, 838, 20, 41.900000, 1.600000, 0.003458, 0.003437, 0.000020, ZIC, 927, 20, 46.350000, 0.900000, 0.000175, 0.000161, 0.000014, 
trial0014439, GDX, 1052, 20, 52.600000, 1.400000, 0.004263, 0.003856, 0.000407, ZIC, 789, 20, 39.450000, 0.900000, 0.000187, 0.000008, 0.000179, 
trial0014440, GDX, 1020, 20, 51.000000, 1.750000, 0.003049, 0.003027, 0.000023, ZIC, 705, 20, 35.250000, 0.950000, 0.000483, 0.000161, 0.000321, 
trial0014441, GDX, 619, 20, 30.950000, 1.000000, 0.004817, 0.004797, 0.000020, ZIC, 857, 20, 42.850000, 1.100000, 0.000020, 0.000007, 0.000013, 
trial0014442, GDX, 421, 20, 21.050000, 1.050000, 0.003271, 0.002912, 0.000358, ZIC, 1377, 20, 68.850000, 1.350000, 0.000190, 0.000008, 0.000182, 
trial0014443, GDX, 1312, 20, 65.600000, 1.500000, 0.004091, 0.003662, 0.000429, ZIC, 409, 20, 20.450000, 0.600000, 0.000019, 0.000007, 0.000012, 
trial0014444, GDX, 1214, 20, 60.700000, 1.700000, 0.004539, 0.003692, 0.000847, ZIC, 863, 20, 43.150000, 1.100000, 0.000208, 0.000008, 0.000200, 
trial0014445, GDX, 1255, 20, 62.750000, 1.650000, 0.003514, 0.003120, 0.000394, ZIC, 695, 20, 34.750000, 0.950000, 0.000407, 0.000161, 0.000246, 
trial0014446, GDX, 680, 20, 34.000000, 1.200000, 0.003405, 0.003387, 0.000018, ZIC, 922, 20, 46.100000, 1.000000, 0.000161, 0.000149, 0.000011, 
trial0014447, GDX, 858, 20, 42.900000, 1.050000, 0.004455, 0.004437, 0.000018, ZIC, 499, 20, 24.950000, 0.650000, 0.000202, 0.000007, 0.000195, 
trial0014448, GDX, 510, 20, 25.500000, 0.750000, 0.004204, 0.004187, 0.000017, ZIC, 521, 20, 26.050000, 0.750000, 0.000017, 0.000007, 0.000010, 
trial0014449, GDX, 979, 20, 48.950000, 1.050000, 0.003671, 0.003392, 0.000280, ZIC, 572, 20, 28.600000, 0.850000, 0.000160, 0.000149, 0.000011, 
trial0014450, GDX, 405, 20, 20.250000, 1.000000, 0.004656, 0.004054, 0.000602, ZIC, 842, 20, 42.100000, 1.100000, 0.000433, 0.000237, 0.000196, 
trial0014451, GDX, 711, 20, 35.550000, 1.400000, 0.003715, 0.003527, 0.000188, ZIC, 1223, 20, 61.150000, 1.400000, 0.000020, 0.000008, 0.000013, 
trial0014452, GDX, 774, 20, 38.700000, 0.850000, 0.004096, 0.004079, 0.000017, ZIC, 364, 20, 18.200000, 0.650000, 0.000172, 0.000008, 0.000164, 
trial0014453, GDX, 773, 20, 38.650000, 1.250000, 0.004309, 0.004033, 0.000276, ZIC, 806, 20, 40.300000, 1.050000, 0.000020, 0.000008, 0.000012, 
trial0014454, GDX, 432, 20, 21.600000, 0.500000, 0.004569, 0.004140, 0.000429, ZIC, 539, 20, 26.950000, 0.700000, 0.000202, 0.000007, 0.000194, 
trial0014455, GDX, 247, 20, 12.350000, 0.800000, 0.003077, 0.002648, 0.000429, ZIC, 1075, 20, 53.750000, 1.100000, 0.000173, 0.000007, 0.000165, 
trial0014456, GDX, 496, 20, 24.800000, 1.250000, 0.003944, 0.003603, 0.000341, ZIC, 1297, 20, 64.850000, 1.450000, 0.000173, 0.000008, 0.000166, 
trial0014457, GDX, 1308, 20, 65.400000, 1.450000, 0.004715, 0.004511, 0.000204, ZIC, 665, 20, 33.250000, 0.950000, 0.000355, 0.000008, 0.000348, 
trial0014458, GDX, 663, 20, 33.150000, 1.000000, 0.004344, 0.004325, 0.000019, ZIC, 740, 20, 37.000000, 0.800000, 0.000187, 0.000008, 0.000179, 
trial0014459, GDX, 761, 20, 38.050000, 1.050000, 0.006694, 0.006675, 0.000018, ZIC, 232, 20, 11.600000, 0.350000, 0.000482, 0.000238, 0.000244, 
trial0014460, GDX, 916, 20, 45.800000, 1.350000, 0.004091, 0.003868, 0.000223, ZIC, 566, 20, 28.300000, 0.750000, 0.000019, 0.000007, 0.000012, 
trial0014461, GDX, 1176, 20, 58.800000, 1.750000, 0.003124, 0.003103, 0.000022, ZIC, 683, 20, 34.150000, 0.750000, 0.000189, 0.000008, 0.000181, 
trial0014462, GDX, 698, 20, 34.900000, 0.900000, 0.003895, 0.003209, 0.000687, ZIC, 947, 20, 47.350000, 1.200000, 0.000173, 0.000161, 0.000012, 
trial0014463, GDX, 819, 20, 40.950000, 1.600000, 0.004865, 0.004613, 0.000252, ZIC, 832, 20, 41.600000, 0.800000, 0.000205, 0.000007, 0.000198, 
trial0014464, GDX, 886, 20, 44.300000, 1.350000, 0.004635, 0.004614, 0.000021, ZIC, 702, 20, 35.100000, 0.750000, 0.000020, 0.000007, 0.000013, 
trial0014465, GDX, 501, 20, 25.050000, 0.950000, 0.003884, 0.003661, 0.000223, ZIC, 703, 20, 35.150000, 0.850000, 0.000018, 0.000007, 0.000011, 
trial0014466, GDX, 594, 20, 29.700000, 1.200000, 0.004083, 0.003690, 0.000394, ZIC, 1379, 20, 68.950000, 1.200000, 0.000356, 0.000007, 0.000349, 
trial0014467, GDX, 653, 20, 32.650000, 1.050000, 0.004318, 0.004299, 0.000018, ZIC, 766, 20, 38.300000, 0.850000, 0.000173, 0.000008, 0.000165, 
trial0014468, GDX, 744, 20, 37.200000, 1.450000, 0.003236, 0.003212, 0.000024, ZIC, 1250, 20, 62.500000, 1.250000, 0.000563, 0.000008, 0.000555, 
trial0014469, GDX, 773, 20, 38.650000, 1.350000, 0.004323, 0.004065, 0.000258, ZIC, 904, 20, 45.200000, 0.850000, 0.000392, 0.000192, 0.000199, 
trial0014470, GDX, 1197, 20, 59.850000, 1.700000, 0.004161, 0.003587, 0.000575, ZIC, 669, 20, 33.450000, 1.100000, 0.000524, 0.000342, 0.000182, 
trial0014471, GDX, 1595, 20, 79.750000, 1.900000, 0.003372, 0.003350, 0.000022, ZIC, 1202, 20, 60.100000, 1.400000, 0.000283, 0.000007, 0.000276, 
trial0014472, GDX, 653, 20, 32.650000, 1.000000, 0.004419, 0.004233, 0.000186, ZIC, 638, 20, 31.900000, 0.800000, 0.000171, 0.000160, 0.000011, 
trial0014473, GDX, 394, 20, 19.700000, 1.100000, 0.003485, 0.003094, 0.000390, ZIC, 1050, 20, 52.500000, 1.100000, 0.000357, 0.000192, 0.000165, 
trial0014474, GDX, 757, 20, 37.850000, 1.100000, 0.004261, 0.003721, 0.000540, ZIC, 1153, 20, 57.650000, 1.300000, 0.000020, 0.000007, 0.000013, 
trial0014475, GDX, 588, 20, 29.400000, 1.200000, 0.004440, 0.004070, 0.000370, ZIC, 1229, 20, 61.450000, 1.400000, 0.000021, 0.000007, 0.000013, 
trial0014476, GDX, 856, 20, 42.800000, 1.300000, 0.003107, 0.002901, 0.000206, ZIC, 1427, 20, 71.350000, 1.500000, 0.000611, 0.000161, 0.000450, 
trial0014477, GDX, 390, 20, 19.500000, 1.000000, 0.004588, 0.003998, 0.000590, ZIC, 776, 20, 38.800000, 1.000000, 0.000205, 0.000193, 0.000012, 
trial0014478, GDX, 1093, 20, 54.650000, 1.750000, 0.005229, 0.005207, 0.000022, ZIC, 506, 20, 25.300000, 0.550000, 0.000483, 0.000008, 0.000475, 
trial0014479, GDX, 987, 20, 49.350000, 1.200000, 0.003771, 0.003522, 0.000249, ZIC, 632, 20, 31.600000, 0.800000, 0.000021, 0.000007, 0.000013, 
trial0014480, GDX, 1385, 20, 69.250000, 1.900000, 0.004184, 0.003959, 0.000225, ZIC, 659, 20, 32.950000, 0.800000, 0.000423, 0.000149, 0.000274, 
trial0014481, GDX, 1050, 20, 52.500000, 1.350000, 0.004083, 0.004063, 0.000020, ZIC, 528, 20, 26.400000, 0.750000, 0.000019, 0.000007, 0.000012, 
trial0014482, GDX, 964, 20, 48.200000, 1.600000, 0.003902, 0.003440, 0.000461, ZIC, 1170, 20, 58.500000, 1.450000, 0.000190, 0.000007, 0.000183, 
trial0014483, GDX, 786, 20, 39.300000, 1.300000, 0.003601, 0.003579, 0.000022, ZIC, 1512, 20, 75.600000, 1.400000, 0.000205, 0.000008, 0.000197, 
trial0014484, GDX, 530, 20, 26.500000, 1.250000, 0.004125, 0.004104, 0.000021, ZIC, 479, 20, 23.950000, 0.750000, 0.000022, 0.000008, 0.000014, 
trial0014485, GDX, 454, 20, 22.700000, 0.800000, 0.003819, 0.003799, 0.000020, ZIC, 1238, 20, 61.900000, 1.400000, 0.000187, 0.000174, 0.000012, 
trial0014486, GDX, 307, 20, 15.350000, 0.800000, 0.003885, 0.003662, 0.000222, ZIC, 1138, 20, 56.900000, 0.900000, 0.000558, 0.000008, 0.000551, 
trial0014487, GDX, 715, 20, 35.750000, 1.050000, 0.004261, 0.004242, 0.000020, ZIC, 698, 20, 34.900000, 0.950000, 0.000020, 0.000007, 0.000012, 
trial0014488, GDX, 504, 20, 25.200000, 0.900000, 0.003881, 0.003655, 0.000226, ZIC, 1170, 20, 58.500000, 1.100000, 0.000187, 0.000007, 0.000180, 
trial0014489, GDX, 832, 20, 41.600000, 1.300000, 0.005269, 0.004838, 0.000431, ZIC, 378, 20, 18.900000, 0.600000, 0.000432, 0.000212, 0.000220, 
trial0014490, GDX, 302, 20, 15.100000, 0.850000, 0.004345, 0.004326, 0.000019, ZIC, 850, 20, 42.500000, 1.050000, 0.000173, 0.000161, 0.000012, 
trial0014491, GDX, 608, 20, 30.400000, 0.950000, 0.004542, 0.004521, 0.000021, ZIC, 936, 20, 46.800000, 1.150000, 0.000019, 0.000007, 0.000012, 
trial0014492, GDX, 1081, 20, 54.050000, 1.650000, 0.003257, 0.003030, 0.000226, ZIC, 713, 20, 35.650000, 0.850000, 0.000513, 0.000315, 0.000198, 
trial0014493, GDX, 696, 20, 34.800000, 1.150000, 0.003921, 0.003901, 0.000020, ZIC, 771, 20, 38.550000, 0.950000, 0.000191, 0.000008, 0.000184, 
trial0014494, GDX, 658, 20, 32.900000, 1.000000, 0.003507, 0.003490, 0.000018, ZIC, 807, 20, 40.350000, 1.200000, 0.000141, 0.000130, 0.000011, 
trial0014495, GDX, 779, 20, 38.950000, 1.150000, 0.004468, 0.004449, 0.000020, ZIC, 646, 20, 32.300000, 0.650000, 0.000021, 0.000008, 0.000013, 
trial0014496, GDX, 324, 20, 16.200000, 0.900000, 0.004560, 0.004153, 0.000407, ZIC, 906, 20, 45.300000, 0.800000, 0.000018, 0.000007, 0.000011, 
trial0014497, GDX, 421, 20, 21.050000, 0.850000, 0.004942, 0.004922, 0.000020, ZIC, 901, 20, 45.050000, 0.900000, 0.000019, 0.000007, 0.000012, 
trial0014498, GDX, 1891, 20, 94.550000, 2.700000, 0.003835, 0.003643, 0.000192, ZIC, 804, 20, 40.200000, 1.100000, 0.000322, 0.000007, 0.000315, 
trial0014499, GDX, 1071, 20, 53.550000, 1.700000, 0.004256, 0.003969, 0.000287, ZIC, 785, 20, 39.250000, 0.900000, 0.000191, 0.000008, 0.000183, 
trial0014500, GDX, 394, 20, 19.700000, 1.100000, 0.004503, 0.004113, 0.000390, ZIC, 1166, 20, 58.300000, 1.400000, 0.000331, 0.000008, 0.000323, 
