trial0000501, AA, 285, 24, 11.899462, 2.541667, 0.000313, 0.051712, GDX, 189, 16, 11.838307, 1.562500, 0.004722, 0.000318, 
trial0000502, AA, 440, 24, 18.362478, 3.083333, 0.000020, 0.047040, GDX, 147, 16, 9.206283, 1.000000, 0.004788, 0.000418, 
trial0000503, AA, 214, 24, 8.935929, 1.500000, 0.000736, 0.051840, GDX, 303, 16, 18.971106, 2.875000, 0.005049, 0.000468, 
trial0000504, AA, 461, 24, 19.240891, 2.958333, 0.000062, 0.072054, GDX, 122, 16, 7.638664, 1.062500, 0.004805, 0.000304, 
trial0000505, AA, 524, 24, 21.845512, 3.416667, 0.000084, 0.042782, GDX, 94, 16, 5.919232, 1.000000, 0.004911, 0.000458, 
trial0000506, AA, 652, 24, 27.192558, 4.083333, 0.000023, 0.041124, GDX, 18, 16, 1.148663, 0.125000, 0.004312, 0.000325, 
trial0000507, AA, 415, 24, 17.300161, 2.750000, 0.000267, 0.037767, GDX, 108, 16, 6.799759, 1.250000, 0.004933, 0.000298, 
trial0000508, AA, 138, 24, 5.752151, 0.958333, 0.000089, 0.043437, GDX, 268, 16, 16.809273, 2.562500, 0.004416, 0.000404, 
trial0000509, AA, 471, 24, 19.663003, 2.875000, 0.000021, 0.031001, GDX, 109, 16, 6.817995, 1.437500, 0.004627, 0.000452, 
trial0000510, AA, 385, 24, 16.042087, 3.250000, 0.000047, 0.058350, GDX, 106, 16, 6.686870, 0.750000, 0.004503, 0.000463, 
trial0000511, AA, 292, 24, 12.181594, 2.375000, 0.000039, 0.030492, GDX, 165, 16, 10.352610, 1.687500, 0.004680, 0.000428, 
trial0000512, AA, 247, 24, 10.321605, 1.833333, 0.000028, 0.045340, GDX, 183, 16, 11.455093, 1.375000, 0.004616, 0.000393, 
trial0000513, AA, 569, 24, 23.722454, 3.166667, 0.000250, 0.046978, GDX, 30, 16, 1.916319, 0.500000, 0.004096, 0.000379, 
trial0000514, AA, 550, 24, 22.927835, 3.958333, 0.000023, 0.034746, GDX, 76, 16, 4.795748, 0.812500, 0.005235, 0.000342, 
trial0000515, AA, 447, 24, 18.651861, 3.458333, 0.000010, 0.003476, GDX, 85, 16, 5.334709, 0.687500, 0.000538, 0.000068, 
trial0000516, AA, 617, 24, 25.711547, 3.458333, 0.000013, 0.010152, GDX, 46, 16, 2.932680, 0.812500, 0.001207, 0.000083, 
trial0000517, AA, 440, 24, 18.349264, 2.291667, 0.000781, 0.042276, GDX, 121, 16, 7.601105, 1.437500, 0.004235, 0.000386, 
trial0000518, AA, 330, 24, 13.783051, 2.208333, 0.000038, 0.059539, GDX, 147, 16, 9.200424, 1.437500, 0.004395, 0.000303, 
trial0000519, AA, 565, 24, 23.552469, 3.708333, 0.000063, 0.035203, GDX, 37, 16, 2.358796, 0.437500, 0.004947, 0.000338, 
trial0000520, AA, 216, 24, 9.020610, 2.333333, 0.000029, 0.037814, GDX, 173, 16, 10.844085, 1.375000, 0.004547, 0.000468, 
trial0000521, AA, 261, 24, 10.876103, 1.958333, 0.000053, 0.038185, GDX, 133, 16, 8.373345, 1.562500, 0.004415, 0.000341, 
trial0000522, AA, 534, 24, 22.282613, 3.791667, 0.000019, 0.052818, GDX, 57, 16, 3.576080, 0.562500, 0.004633, 0.000388, 
trial0000523, AA, 232, 24, 9.694777, 1.583333, 0.000409, 0.023596, GDX, 317, 16, 19.832834, 2.875000, 0.005108, 0.000470, 
trial0000524, AA, 269, 24, 11.224164, 2.041667, 0.000795, 0.042180, GDX, 157, 16, 9.851255, 1.312500, 0.004246, 0.000391, 
trial0000525, AA, 462, 24, 19.269945, 3.041667, 0.000011, 0.069880, GDX, 119, 16, 7.470082, 0.937500, 0.004284, 0.000348, 
trial0000526, AA, 635, 24, 26.496914, 4.208333, 0.000078, 0.033336, GDX, 18, 16, 1.129630, 0.687500, 0.005146, 0.000361, 
trial0000527, AA, 279, 24, 11.660986, 1.916667, 0.000017, 0.049630, GDX, 155, 16, 9.696021, 1.750000, 0.004598, 0.000415, 
trial0000528, AA, 464, 24, 19.365761, 3.333333, 0.000033, 0.047299, GDX, 96, 16, 6.013859, 0.875000, 0.004826, 0.000362, 
trial0000529, AA, 312, 24, 13.018107, 2.083333, 0.000059, 0.039270, GDX, 140, 16, 8.785339, 1.125000, 0.004745, 0.000354, 
trial0000530, AA, 651, 24, 27.160518, 4.000000, 0.000118, 0.034273, GDX, 17, 16, 1.071723, 0.250000, 0.005046, 0.000338, 
trial0000531, AA, 390, 24, 16.266668, 2.791667, 0.000368, 0.049556, GDX, 174, 16, 10.912498, 1.437500, 0.004557, 0.000397, 
trial0000532, AA, 416, 24, 17.343445, 2.916667, 0.000017, 0.018736, GDX, 78, 16, 4.922332, 1.000000, 0.002511, 0.000242, 
trial0000533, AA, 365, 24, 15.209792, 3.250000, 0.000010, 0.006155, GDX, 107, 16, 6.747811, 0.750000, 0.000588, 0.000040, 
trial0000534, AA, 521, 24, 21.708333, 3.958333, 0.000074, 0.026668, GDX, 47, 16, 2.937500, 0.437500, 0.003960, 0.000260, 
trial0000535, AA, 363, 24, 15.145482, 2.458333, 0.000042, 0.022382, GDX, 138, 16, 8.656777, 1.562500, 0.004490, 0.000420, 
trial0000536, AA, 495, 24, 20.638117, 4.041667, 0.000012, 0.050901, GDX, 55, 16, 3.480324, 0.312500, 0.004477, 0.000451, 
trial0000537, AA, 480, 24, 20.033524, 3.000000, 0.001740, 0.044469, GDX, 92, 16, 5.762214, 0.875000, 0.005029, 0.000363, 
trial0000538, AA, 300, 24, 12.509413, 3.333333, 0.000048, 0.046544, GDX, 208, 16, 13.048381, 1.500000, 0.004863, 0.000401, 
trial0000539, AA, 520, 24, 21.671585, 3.250000, 0.000601, 0.033635, GDX, 87, 16, 5.492623, 1.000000, 0.004674, 0.000382, 
trial0000540, AA, 631, 24, 26.312414, 4.250000, 0.000032, 0.059018, GDX, 22, 16, 1.406379, 0.250000, 0.005367, 0.000401, 
trial0000541, AA, 496, 24, 20.688649, 2.958333, 0.000039, 0.035780, GDX, 105, 16, 6.592027, 1.437500, 0.004742, 0.000374, 
trial0000542, AA, 513, 24, 21.381464, 3.416667, 0.000530, 0.051102, GDX, 64, 16, 4.052803, 0.625000, 0.005028, 0.000412, 
trial0000543, AA, 261, 24, 10.882345, 2.000000, 0.000070, 0.052710, GDX, 170, 16, 10.676482, 1.625000, 0.004132, 0.000439, 
trial0000544, AA, 166, 24, 6.935686, 1.500000, 0.000205, 0.041446, GDX, 420, 16, 26.283971, 3.875000, 0.004727, 0.000778, 
trial0000545, AA, 370, 24, 15.453909, 2.375000, 0.000274, 0.025735, GDX, 127, 16, 7.944137, 1.562500, 0.004367, 0.000421, 
trial0000546, AA, 451, 24, 18.826046, 3.041667, 0.000041, 0.030510, GDX, 91, 16, 5.698431, 0.812500, 0.004974, 0.000410, 
trial0000547, AA, 452, 24, 18.844179, 3.041667, 0.000022, 0.061315, GDX, 73, 16, 4.608732, 0.937500, 0.004868, 0.000375, 
trial0000548, AA, 361, 24, 15.043880, 2.583333, 0.000027, 0.043068, GDX, 124, 16, 7.809179, 1.625000, 0.004668, 0.000360, 
trial0000549, AA, 443, 24, 18.477797, 2.916667, 0.000010, 0.020160, GDX, 129, 16, 8.095804, 1.250000, 0.002596, 0.000258, 
trial0000550, AA, 279, 24, 11.629522, 2.166667, 0.000009, 0.004047, GDX, 283, 16, 17.743217, 2.625000, 0.000496, 0.000052, 
trial0000551, AA, 263, 24, 10.989505, 2.291667, 0.000044, 0.021301, GDX, 198, 16, 12.390742, 1.937500, 0.002650, 0.000240, 
trial0000552, AA, 292, 24, 12.175429, 2.166667, 0.000051, 0.041117, GDX, 109, 16, 6.861857, 1.125000, 0.004641, 0.000337, 
trial0000553, AA, 527, 24, 21.992387, 3.541667, 0.000054, 0.028912, GDX, 86, 16, 5.386420, 1.062500, 0.004841, 0.000405, 
trial0000554, AA, 500, 24, 20.840312, 3.958333, 0.000029, 0.048343, GDX, 48, 16, 3.052032, 0.312500, 0.004945, 0.000310, 
trial0000555, AA, 395, 24, 16.469728, 3.291667, 0.000063, 0.027444, GDX, 122, 16, 7.670408, 1.062500, 0.004450, 0.000377, 
trial0000556, AA, 344, 24, 14.349486, 2.041667, 0.000020, 0.038022, GDX, 143, 16, 8.975772, 1.437500, 0.004635, 0.000405, 
trial0000557, AA, 224, 24, 9.357012, 2.041667, 0.000024, 0.043755, GDX, 187, 16, 11.714481, 1.937500, 0.003911, 0.000369, 
trial0000558, AA, 302, 24, 12.601109, 2.291667, 0.000035, 0.026961, GDX, 142, 16, 8.910836, 1.812500, 0.004303, 0.000375, 
trial0000559, AA, 621, 24, 25.887967, 3.916667, 0.000223, 0.036309, GDX, 34, 16, 2.168050, 0.375000, 0.005432, 0.000354, 
trial0000560, AA, 0, 24, 0.000000, 0.000000, 0.000131, 0.038193, GDX, 0, 16, 0.000000, 0.000000, 0.006500, 0.000783, 
trial0000561, AA, 546, 24, 22.781869, 3.625000, 0.000037, 0.081296, GDX, 87, 16, 5.452197, 0.687500, 0.008718, 0.000764, 
trial0000562, AA, 556, 24, 23.196990, 3.583333, 0.000017, 0.030739, GDX, 70, 16, 4.392015, 1.000000, 0.004530, 0.000361, 
trial0000563, AA, 499, 24, 20.818038, 3.125000, 0.000056, 0.033922, GDX, 58, 16, 3.647942, 0.812500, 0.004902, 0.000346, 
trial0000564, AA, 556, 24, 23.198799, 3.541667, 0.000018, 0.062480, GDX, 34, 16, 2.139301, 0.687500, 0.004756, 0.000317, 
trial0000565, AA, 498, 24, 20.787309, 2.958333, 0.000017, 0.026658, GDX, 76, 16, 4.756536, 1.062500, 0.001914, 0.000152, 
trial0000566, AA, 710, 24, 29.596951, 4.666667, 0.000011, 0.003793, GDX, 5, 16, 0.354574, 0.125000, 0.000815, 0.000050, 
trial0000567, AA, 270, 24, 11.254745, 2.375000, 0.000064, 0.051746, GDX, 315, 16, 19.742882, 2.687500, 0.003729, 0.000431, 
trial0000568, AA, 458, 24, 19.105382, 3.791667, 0.000040, 0.030622, GDX, 123, 16, 7.716927, 1.062500, 0.004730, 0.000421, 
trial0000569, AA, 411, 24, 17.127469, 3.083333, 0.000100, 0.051840, GDX, 109, 16, 6.871296, 0.750000, 0.004674, 0.000427, 
trial0000570, AA, 302, 24, 12.601875, 2.458333, 0.000083, 0.032039, GDX, 158, 16, 9.909687, 1.562500, 0.004823, 0.000309, 
trial0000571, AA, 291, 24, 12.130145, 2.333333, 0.000016, 0.031659, GDX, 173, 16, 10.867282, 1.500000, 0.004663, 0.000424, 
trial0000572, AA, 438, 24, 18.289124, 3.041667, 0.000031, 0.067960, GDX, 83, 16, 5.191314, 0.687500, 0.004978, 0.000380, 
trial0000573, AA, 299, 24, 12.493734, 3.125000, 0.000041, 0.028452, GDX, 175, 16, 10.946899, 1.187500, 0.004948, 0.000364, 
trial0000574, AA, 437, 24, 18.229361, 3.291667, 0.000040, 0.052127, GDX, 118, 16, 7.405958, 0.937500, 0.005312, 0.000336, 
trial0000575, AA, 634, 24, 26.432099, 3.750000, 0.000062, 0.034751, GDX, 13, 16, 0.851852, 0.500000, 0.004888, 0.000315, 
trial0000576, AA, 270, 24, 11.272363, 1.875000, 0.000561, 0.034389, GDX, 165, 16, 10.341455, 1.437500, 0.004972, 0.000414, 
trial0000577, AA, 319, 24, 13.296149, 2.125000, 0.000011, 0.022864, GDX, 216, 16, 13.555777, 2.437500, 0.003983, 0.000385, 
trial0000578, AA, 693, 24, 28.898986, 4.750000, 0.000029, 0.022378, GDX, 2, 16, 0.151520, 0.250000, 0.004776, 0.000356, 
trial0000579, AA, 702, 24, 29.256213, 4.833333, 0.000017, 0.013530, GDX, 9, 16, 0.615680, 0.125000, 0.005415, 0.000430, 
trial0000580, AA, 198, 24, 8.286904, 1.541667, 0.000012, 0.053705, GDX, 219, 16, 13.694644, 2.437500, 0.004174, 0.000385, 
trial0000581, AA, 0, 24, 0.000000, 0.000000, 0.000061, 0.028455, GDX, 0, 16, 0.000000, 0.000000, 0.003891, 0.000478, 
trial0000582, AA, 110, 24, 4.586634, 1.458333, 0.000032, 0.021785, GDX, 215, 16, 13.495048, 2.062500, 0.002225, 0.000194, 
trial0000583, AA, 341, 24, 14.225884, 2.791667, 0.000011, 0.003558, GDX, 164, 16, 10.286173, 1.187500, 0.000523, 0.000046, 
trial0000584, AA, 467, 24, 19.458333, 3.375000, 0.000020, 0.048957, GDX, 71, 16, 4.437500, 0.937500, 0.002905, 0.000191, 
trial0000585, AA, 333, 24, 13.883416, 2.833333, 0.000572, 0.044314, GDX, 172, 16, 10.799876, 1.500000, 0.004497, 0.000396, 
trial0000586, AA, 504, 24, 21.026959, 4.041667, 0.000076, 0.030945, GDX, 38, 16, 2.397062, 0.187500, 0.005310, 0.000390, 
trial0000587, AA, 201, 24, 8.382985, 1.875000, 0.000018, 0.039770, GDX, 185, 16, 11.613022, 1.687500, 0.004488, 0.000362, 
trial0000588, AA, 372, 24, 15.503723, 2.291667, 0.000022, 0.032176, GDX, 127, 16, 7.994416, 1.687500, 0.004199, 0.000383, 
trial0000589, AA, 112, 24, 4.690806, 1.125000, 0.000211, 0.037333, GDX, 451, 16, 28.213791, 3.812500, 0.004662, 0.000483, 
trial0000590, AA, 396, 24, 16.522196, 2.833333, 0.000347, 0.044100, GDX, 160, 16, 10.029206, 1.375000, 0.004523, 0.000366, 
trial0000591, AA, 402, 24, 16.769422, 2.375000, 0.000053, 0.029982, GDX, 159, 16, 9.970867, 1.812500, 0.004511, 0.000460, 
trial0000592, AA, 203, 24, 8.491892, 2.500000, 0.000058, 0.038087, GDX, 168, 16, 10.512163, 1.250000, 0.004830, 0.000400, 
trial0000593, AA, 522, 24, 21.759300, 2.666667, 0.000058, 0.032867, GDX, 80, 16, 5.048550, 1.375000, 0.004951, 0.000399, 
trial0000594, AA, 94, 24, 3.949257, 1.791667, 0.000315, 0.049685, GDX, 258, 16, 16.138615, 2.312500, 0.004652, 0.000527, 
trial0000595, AA, 677, 24, 28.216506, 4.833333, 0.000166, 0.045320, GDX, 17, 16, 1.112741, 0.250000, 0.005636, 0.000346, 
trial0000596, AA, 431, 24, 17.990350, 3.500000, 0.000260, 0.032206, GDX, 148, 16, 9.264475, 0.875000, 0.004731, 0.000363, 
trial0000597, AA, 418, 24, 17.451574, 2.541667, 0.000066, 0.047589, GDX, 136, 16, 8.510139, 1.437500, 0.005442, 0.000407, 
trial0000598, AA, 430, 24, 17.936155, 3.125000, 0.000163, 0.061251, GDX, 173, 16, 10.845768, 1.562500, 0.004757, 0.000410, 
trial0000599, AA, 265, 24, 11.066808, 2.958333, 0.000109, 0.036350, GDX, 164, 16, 10.274787, 1.062500, 0.003850, 0.000397, 
trial0000600, AA, 133, 24, 5.562011, 1.625000, 0.000010, 0.005993, GDX, 226, 16, 14.156984, 2.312500, 0.000447, 0.000043, 
trial0000601, AA, 13689, 24, 570.395998, 12.333333, 0.000011, 0.001144, GDX, 9395, 16, 587.218503, 11.000000, 0.001506, 0.000246, 
trial0000602, AA, 13916, 24, 579.868616, 15.625000, 0.000081, 0.007553, GDX, 8307, 16, 519.197076, 7.937500, 0.010162, 0.000311, 
trial0000603, AA, 16699, 24, 695.813244, 14.666667, 0.000076, 0.006752, GDX, 8385, 16, 524.092633, 10.500000, 0.008249, 0.001121, 
trial0000604, AA, 16475, 24, 686.470588, 14.083333, 0.000122, 0.019902, GDX, 7560, 16, 472.544118, 8.875000, 0.008900, 0.000454, 
trial0000605, AA, 13526, 24, 563.610127, 13.666667, 0.000108, 0.006716, GDX, 8885, 16, 555.334810, 9.750000, 0.008778, 0.000862, 
trial0000606, AA, 20237, 24, 843.233068, 15.833333, 0.000109, 0.008064, GDX, 4996, 16, 312.275398, 7.500000, 0.007548, 0.000486, 
trial0000607, AA, 17622, 24, 734.267550, 13.791667, 0.000152, 0.007765, GDX, 6787, 16, 424.223675, 9.062500, 0.007455, 0.000872, 
trial0000608, AA, 15621, 24, 650.894008, 13.916667, 0.000179, 0.010626, GDX, 7215, 16, 450.971489, 9.000000, 0.009341, 0.000946, 
trial0000609, AA, 18782, 24, 782.619234, 14.791667, 0.000037, 0.014709, GDX, 4709, 16, 294.321148, 6.812500, 0.007793, 0.000462, 
trial0000610, AA, 17661, 24, 735.875599, 14.875000, 0.000112, 0.027295, GDX, 6217, 16, 388.624101, 8.562500, 0.007941, 0.000572, 
trial0000611, AA, 14946, 24, 622.765900, 14.708333, 0.000088, 0.015662, GDX, 8881, 16, 555.101150, 9.562500, 0.008764, 0.000822, 
trial0000612, AA, 15289, 24, 637.077724, 13.458333, 0.000386, 0.022047, GDX, 8349, 16, 521.820914, 9.187500, 0.007861, 0.001092, 
trial0000613, AA, 17505, 24, 729.395129, 15.208333, 0.000298, 0.012564, GDX, 6303, 16, 393.969807, 7.812500, 0.008696, 0.001026, 
trial0000614, AA, 14330, 24, 597.094986, 14.333333, 0.000164, 0.011191, GDX, 7934, 16, 495.920021, 8.875000, 0.010286, 0.000529, 
trial0000615, AA, 13532, 24, 563.855765, 13.958333, 0.000309, 0.008214, GDX, 9756, 16, 609.778853, 10.187500, 0.009082, 0.001301, 
trial0000616, AA, 12526, 24, 521.947869, 14.833333, 0.000070, 0.011961, GDX, 8832, 16, 552.015696, 8.875000, 0.008983, 0.000548, 
trial0000617, AA, 16195, 24, 674.832194, 16.333333, 0.000011, 0.000592, GDX, 8773, 16, 548.314209, 8.750000, 0.000896, 0.000105, 
trial0000618, AA, 16228, 24, 676.199153, 13.333333, 0.000024, 0.004385, GDX, 7576, 16, 473.513770, 8.500000, 0.002605, 0.000302, 
trial0000619, AA, 13705, 24, 571.073484, 15.666667, 0.000122, 0.004980, GDX, 9296, 16, 581.014774, 9.000000, 0.008941, 0.001458, 
trial0000620, AA, 14097, 24, 587.395370, 13.375000, 0.000062, 0.012990, GDX, 9071, 16, 566.969445, 10.312500, 0.009447, 0.001162, 
trial0000621, AA, 12287, 24, 511.959608, 14.125000, 0.000122, 0.004821, GDX, 10323, 16, 645.248088, 10.562500, 0.010176, 0.000664, 
trial0000622, AA, 14819, 24, 617.493270, 13.958333, 0.000058, 0.006076, GDX, 8681, 16, 542.572595, 9.562500, 0.008786, 0.000811, 
trial0000623, AA, 15752, 24, 656.365571, 14.583333, 0.000106, 0.007637, GDX, 7767, 16, 485.451644, 9.750000, 0.008794, 0.001123, 
trial0000624, AA, 17072, 24, 711.359715, 15.875000, 0.000143, 0.010283, GDX, 6922, 16, 432.647927, 7.812500, 0.009063, 0.000629, 
trial0000625, AA, 17749, 24, 739.548451, 15.583333, 0.000060, 0.006337, GDX, 6238, 16, 389.927323, 7.750000, 0.009008, 0.000935, 
trial0000626, AA, 16444, 24, 685.170841, 14.583333, 0.000241, 0.009408, GDX, 7895, 16, 493.493739, 9.125000, 0.008542, 0.001115, 
trial0000627, AA, 15245, 24, 635.217224, 15.041667, 0.000118, 0.014309, GDX, 7272, 16, 454.549164, 8.312500, 0.009429, 0.001116, 
trial0000628, AA, 14246, 24, 593.589216, 15.250000, 0.000231, 0.008299, GDX, 7926, 16, 495.428675, 7.500000, 0.010220, 0.000467, 
trial0000629, AA, 17126, 24, 713.612499, 15.583333, 0.000143, 0.006243, GDX, 6508, 16, 406.768751, 6.875000, 0.007817, 0.001162, 
trial0000630, AA, 18051, 24, 752.153981, 13.708333, 0.000063, 0.011310, GDX, 6499, 16, 406.206528, 9.437500, 0.007631, 0.000844, 
trial0000631, AA, 13374, 24, 557.288308, 13.291667, 0.000076, 0.007584, GDX, 9985, 16, 624.067537, 10.187500, 0.009534, 0.000697, 
trial0000632, AA, 15077, 24, 628.218425, 13.458333, 0.000022, 0.007173, GDX, 8233, 16, 514.609862, 9.562500, 0.008483, 0.000822, 
trial0000633, AA, 17044, 24, 710.176871, 14.583333, 0.000233, 0.005712, GDX, 7301, 16, 456.359693, 9.250000, 0.006799, 0.000749, 
trial0000634, AA, 14308, 24, 596.174148, 14.791667, 0.000011, 0.001306, GDX, 9192, 16, 574.551278, 9.187500, 0.000984, 0.000085, 
trial0000635, AA, 18188, 24, 757.835168, 15.208333, 0.000011, 0.002666, GDX, 6022, 16, 376.434748, 7.687500, 0.003946, 0.000259, 
trial0000636, AA, 15070, 24, 627.940862, 14.208333, 0.000083, 0.019823, GDX, 8449, 16, 528.088706, 9.062500, 0.009360, 0.000936, 
trial0000637, AA, 15576, 24, 649.009933, 15.166667, 0.000092, 0.006668, GDX, 7766, 16, 485.422600, 9.250000, 0.008851, 0.000584, 
trial0000638, AA, 16197, 24, 674.895966, 14.875000, 0.000031, 0.006029, GDX, 6780, 16, 423.781051, 7.812500, 0.008533, 0.000782, 
trial0000639, AA, 17538, 24, 730.754079, 15.166667, 0.000164, 0.007667, GDX, 6738, 16, 421.181381, 7.750000, 0.007552, 0.000974, 
trial0000640, AA, 19140, 24, 797.509288, 15.958333, 0.000240, 0.006691, GDX, 5230, 16, 326.923568, 6.312500, 0.007502, 0.000502, 
trial0000641, AA, 17156, 24, 714.860768, 14.416667, 0.000291, 0.015068, GDX, 6838, 16, 427.396349, 8.625000, 0.008688, 0.000596, 
trial0000642, AA, 16432, 24, 684.669271, 15.125000, 0.000064, 0.017804, GDX, 7101, 16, 443.871094, 7.312500, 0.008836, 0.000562, 
trial0000643, AA, 14375, 24, 598.984036, 15.500000, 0.000050, 0.015472, GDX, 8877, 16, 554.836446, 8.500000, 0.009725, 0.001316, 
trial0000644, AA, 13678, 24, 569.931738, 13.083333, 0.000116, 0.017429, GDX, 7950, 16, 496.914892, 8.875000, 0.008397, 0.001183, 
trial0000645, AA, 14041, 24, 585.042628, 14.000000, 0.000139, 0.008998, GDX, 9856, 16, 616.061058, 10.500000, 0.010076, 0.000885, 
trial0000646, AA, 19597, 24, 816.568117, 16.375000, 0.000047, 0.007507, GDX, 4888, 16, 305.522825, 6.312500, 0.008477, 0.000545, 
trial0000647, AA, 19924, 24, 830.204945, 16.250000, 0.000135, 0.008109, GDX, 5159, 16, 322.442582, 7.125000, 0.007014, 0.001026, 
trial0000648, AA, 14726, 24, 613.587521, 15.333333, 0.000075, 0.008272, GDX, 7294, 16, 455.931219, 7.875000, 0.009382, 0.000524, 
trial0000649, AA, 14841, 24, 618.398270, 14.291667, 0.000053, 0.007859, GDX, 9362, 16, 585.152595, 10.437500, 0.008982, 0.000572, 
trial0000650, AA, 15130, 24, 630.446353, 14.458333, 0.000280, 0.005394, GDX, 8083, 16, 505.205471, 8.437500, 0.003198, 0.000807, 
trial0000651, AA, 16486, 24, 686.954024, 14.541667, 0.000011, 0.000835, GDX, 7587, 16, 474.193964, 9.312500, 0.001135, 0.000126, 
trial0000652, AA, 18102, 24, 754.278009, 15.125000, 0.000012, 0.006027, GDX, 6546, 16, 409.145486, 7.312500, 0.006450, 0.000614, 
trial0000653, AA, 14982, 24, 624.288995, 13.916667, 0.000026, 0.006041, GDX, 9445, 16, 590.316507, 11.250000, 0.008165, 0.001030, 
trial0000654, AA, 15341, 24, 639.248543, 14.375000, 0.000013, 0.007328, GDX, 8939, 16, 558.689686, 10.562500, 0.009323, 0.000606, 
trial0000655, AA, 14279, 24, 594.979741, 13.916667, 0.000109, 0.009139, GDX, 8377, 16, 523.592888, 9.750000, 0.009043, 0.000973, 
trial0000656, AA, 15822, 24, 659.250159, 13.625000, 0.000050, 0.011603, GDX, 7039, 16, 439.999761, 8.937500, 0.009516, 0.000864, 
trial0000657, AA, 15328, 24, 638.675108, 14.708333, 0.000152, 0.006502, GDX, 7996, 16, 499.799838, 9.062500, 0.009320, 0.001193, 
trial0000658, AA, 14334, 24, 597.251714, 13.583333, 0.000100, 0.007917, GDX, 8849, 16, 553.122429, 9.625000, 0.008983, 0.001367, 
trial0000659, AA, 15856, 24, 660.691544, 14.875000, 0.000013, 0.006387, GDX, 7170, 16, 448.150185, 8.312500, 0.007554, 0.001148, 
trial0000660, AA, 14014, 24, 583.924228, 14.333333, 0.000092, 0.024674, GDX, 9275, 16, 579.738658, 10.375000, 0.009375, 0.000517, 
trial0000661, AA, 16921, 24, 705.064013, 15.375000, 0.000030, 0.009854, GDX, 7864, 16, 491.528981, 9.062500, 0.008827, 0.000703, 
trial0000662, AA, 18879, 24, 786.647815, 14.250000, 0.000013, 0.007176, GDX, 6043, 16, 377.715778, 8.375000, 0.007059, 0.000916, 
trial0000663, AA, 18618, 24, 775.770769, 14.666667, 0.000058, 0.006844, GDX, 6501, 16, 406.343847, 9.375000, 0.007546, 0.000995, 
trial0000664, AA, 16413, 24, 683.888140, 13.250000, 0.000050, 0.010071, GDX, 6283, 16, 392.730290, 7.875000, 0.009288, 0.000468, 
trial0000665, AA, 16194, 24, 674.760827, 15.458333, 0.000161, 0.007241, GDX, 7751, 16, 484.483760, 8.312500, 0.009144, 0.000775, 
trial0000666, AA, 18263, 24, 760.975431, 14.291667, 0.000213, 0.007503, GDX, 5975, 16, 373.474354, 7.812500, 0.008371, 0.000728, 
trial0000667, AA, 15586, 24, 649.438377, 12.125000, 0.000193, 0.005740, GDX, 7027, 16, 439.217434, 9.812500, 0.006456, 0.000650, 
trial0000668, AA, 14309, 24, 596.241764, 15.166667, 0.000011, 0.000721, GDX, 9366, 16, 585.387355, 9.000000, 0.000969, 0.000101, 
trial0000669, AA, 14312, 24, 596.368899, 14.916667, 0.000053, 0.004735, GDX, 8478, 16, 529.884151, 9.250000, 0.004532, 0.000198, 
trial0000670, AA, 18615, 24, 775.660852, 15.083333, 0.000115, 0.011422, GDX, 6185, 16, 386.571223, 8.875000, 0.008483, 0.000532, 
trial0000671, AA, 15129, 24, 630.404537, 13.416667, 0.000048, 0.025807, GDX, 8165, 16, 510.330695, 10.125000, 0.008997, 0.000913, 
trial0000672, AA, 15097, 24, 629.044750, 15.625000, 0.000189, 0.006313, GDX, 8916, 16, 557.307876, 9.312500, 0.009405, 0.000858, 
trial0000673, AA, 15091, 24, 628.832508, 14.541667, 0.000125, 0.008695, GDX, 7952, 16, 497.001238, 8.937500, 0.007949, 0.001481, 
trial0000674, AA, 16513, 24, 688.050504, 14.416667, 0.000343, 0.012246, GDX, 7517, 16, 469.861744, 9.500000, 0.008046, 0.001519, 
trial0000675, AA, 17246, 24, 718.620545, 15.166667, 0.000093, 0.008446, GDX, 6820, 16, 426.256683, 8.375000, 0.008489, 0.000944, 
trial0000676, AA, 15654, 24, 652.251296, 14.166667, 0.000028, 0.006422, GDX, 7301, 16, 456.373056, 8.625000, 0.009117, 0.000605, 
trial0000677, AA, 13112, 24, 546.356989, 12.916667, 0.000096, 0.007936, GDX, 11073, 16, 692.089516, 11.625000, 0.009002, 0.001152, 
trial0000678, AA, 14591, 24, 607.968395, 14.125000, 0.000179, 0.007381, GDX, 8665, 16, 541.609908, 9.562500, 0.008723, 0.000858, 
trial0000679, AA, 13241, 24, 551.747521, 13.250000, 0.000013, 0.012866, GDX, 9187, 16, 574.191219, 10.250000, 0.009270, 0.001358, 
trial0000680, AA, 19726, 24, 821.925634, 13.916667, 0.000171, 0.020864, GDX, 4934, 16, 308.424049, 8.000000, 0.006542, 0.000951, 
trial0000681, AA, 16836, 24, 701.537607, 16.125000, 0.000079, 0.006711, GDX, 7082, 16, 442.631090, 8.187500, 0.008503, 0.000652, 
trial0000682, AA, 17252, 24, 718.867395, 15.416667, 0.000204, 0.016164, GDX, 6735, 16, 420.948907, 8.875000, 0.009092, 0.000705, 
trial0000683, AA, 15391, 24, 641.314502, 13.916667, 0.000055, 0.008148, GDX, 7749, 16, 484.340747, 9.000000, 0.008710, 0.000739, 
trial0000684, AA, 17178, 24, 715.770318, 14.791667, 0.000098, 0.006889, GDX, 6525, 16, 407.844523, 9.187500, 0.008257, 0.000547, 
trial0000685, AA, 20002, 24, 833.449944, 16.541667, 0.000012, 0.002373, GDX, 5095, 16, 318.450084, 6.937500, 0.002024, 0.000219, 
trial0000686, AA, 16881, 24, 703.375173, 13.375000, 0.000028, 0.000756, GDX, 8164, 16, 510.312241, 10.687500, 0.001127, 0.000121, 
trial0000687, AA, 12649, 24, 527.043046, 13.250000, 0.000027, 0.004240, GDX, 10577, 16, 661.122931, 11.875000, 0.007119, 0.000415, 
trial0000688, AA, 16899, 24, 704.162417, 14.625000, 0.000125, 0.008622, GDX, 6437, 16, 402.318874, 8.812500, 0.008807, 0.000674, 
trial0000689, AA, 17117, 24, 713.228194, 15.458333, 0.000279, 0.006232, GDX, 6864, 16, 429.032709, 7.812500, 0.008990, 0.001143, 
trial0000690, AA, 13341, 24, 555.908825, 13.916667, 0.000239, 0.014513, GDX, 8985, 16, 561.574263, 9.500000, 0.012192, 0.002619, 
trial0000691, AA, 16242, 24, 676.754876, 15.791667, 0.000014, 0.006248, GDX, 8026, 16, 501.680186, 8.437500, 0.009053, 0.000741, 
trial0000692, AA, 12424, 24, 517.680698, 13.166667, 0.000213, 0.006860, GDX, 10333, 16, 645.853954, 10.875000, 0.009419, 0.001063, 
trial0000693, AA, 15479, 24, 644.959611, 15.416667, 0.000064, 0.006723, GDX, 8742, 16, 546.435583, 9.375000, 0.008563, 0.001017, 
trial0000694, AA, 15739, 24, 655.806323, 15.041667, 0.000056, 0.011555, GDX, 8349, 16, 521.853015, 9.687500, 0.009310, 0.000839, 
trial0000695, AA, 15963, 24, 665.164026, 13.500000, 0.000267, 0.022249, GDX, 7037, 16, 439.816461, 8.875000, 0.008483, 0.000550, 
trial0000696, AA, 14756, 24, 614.845682, 12.583333, 0.000044, 0.012131, GDX, 8479, 16, 529.981478, 10.375000, 0.008331, 0.000982, 
trial0000697, AA, 14755, 24, 614.809430, 12.916667, 0.000057, 0.006623, GDX, 9053, 16, 565.848355, 11.250000, 0.007903, 0.000839, 
trial0000698, AA, 18647, 24, 776.970135, 16.500000, 0.000141, 0.007621, GDX, 5521, 16, 345.107297, 7.125000, 0.008749, 0.000427, 
trial0000699, AA, 17520, 24, 730.015374, 14.291667, 0.000199, 0.007755, GDX, 7044, 16, 440.289439, 8.812500, 0.008364, 0.000566, 
trial0000700, AA, 16030, 24, 667.948004, 13.833333, 0.000100, 0.006614, GDX, 7397, 16, 462.327993, 9.375000, 0.008666, 0.000815, 
trial0000701, AA, 6376, 24, 265.695493, 9.625000, 0.000071, 0.040854, GDX, 6212, 16, 388.269260, 8.687500, 0.007469, 0.000558, 
trial0000702, AA, 9804, 24, 408.519682, 11.333333, 0.000059, 0.021701, GDX, 3112, 16, 194.532977, 5.625000, 0.002604, 0.000231, 
trial0000703, AA, 9244, 24, 385.192828, 10.875000, 0.000010, 0.004515, GDX, 3759, 16, 234.960758, 7.812500, 0.000822, 0.000066, 
trial0000704, AA, 8233, 24, 343.067320, 11.375000, 0.000042, 0.006974, GDX, 4197, 16, 262.336521, 6.062500, 0.005278, 0.000313, 
trial0000705, AA, 7853, 24, 327.248446, 8.750000, 0.000162, 0.046849, GDX, 4964, 16, 310.252331, 8.625000, 0.006149, 0.000439, 
trial0000706, AA, 8651, 24, 360.499113, 11.541667, 0.000062, 0.011666, GDX, 4448, 16, 278.001331, 7.437500, 0.007305, 0.000738, 
trial0000707, AA, 12149, 24, 506.230867, 14.083333, 0.000203, 0.018385, GDX, 1679, 16, 104.966200, 3.625000, 0.005838, 0.000486, 
trial0000708, AA, 9532, 24, 397.185452, 11.458333, 0.000107, 0.019245, GDX, 3517, 16, 219.846822, 6.437500, 0.006705, 0.000432, 
trial0000709, AA, 11306, 24, 471.120014, 13.000000, 0.000013, 0.015822, GDX, 2489, 16, 155.569979, 5.000000, 0.005706, 0.000726, 
trial0000710, AA, 9109, 24, 379.580301, 10.291667, 0.000012, 0.029559, GDX, 3824, 16, 239.004548, 6.812500, 0.006456, 0.000660, 
trial0000711, AA, 9457, 24, 394.078777, 10.625000, 0.000094, 0.036624, GDX, 3447, 16, 215.444335, 6.687500, 0.006416, 0.000443, 
trial0000712, AA, 7647, 24, 318.629798, 11.125000, 0.000177, 0.037206, GDX, 4270, 16, 266.930303, 6.562500, 0.007581, 0.000420, 
trial0000713, AA, 7089, 24, 295.391433, 9.541667, 0.000099, 0.017431, GDX, 5732, 16, 358.287850, 9.312500, 0.006934, 0.000723, 
trial0000714, AA, 12059, 24, 502.498590, 14.083333, 0.000072, 0.011670, GDX, 2462, 16, 153.877114, 4.875000, 0.005836, 0.000599, 
trial0000715, AA, 6470, 24, 269.598206, 11.541667, 0.000045, 0.019231, GDX, 4783, 16, 298.977692, 5.562500, 0.010567, 0.000648, 
trial0000716, AA, 7557, 24, 314.907773, 11.625000, 0.000144, 0.040137, GDX, 4529, 16, 283.075841, 6.062500, 0.007536, 0.000419, 
trial0000717, AA, 9674, 24, 403.118234, 12.000000, 0.000064, 0.019450, GDX, 3932, 16, 245.760150, 6.750000, 0.006254, 0.000577, 
trial0000718, AA, 10110, 24, 421.267868, 12.708333, 0.000024, 0.023680, GDX, 2980, 16, 186.285698, 4.687500, 0.006552, 0.000491, 
trial0000719, AA, 8799, 24, 366.641514, 9.541667, 0.000012, 0.020883, GDX, 4849, 16, 303.100228, 9.062500, 0.006502, 0.000802, 
trial0000720, AA, 7506, 24, 312.768063, 9.416667, 0.000011, 0.010359, GDX, 5090, 16, 318.160406, 7.875000, 0.002995, 0.000288, 
trial0000721, AA, 7283, 24, 303.486453, 10.166667, 0.000010, 0.002893, GDX, 5127, 16, 320.457820, 8.625000, 0.000756, 0.000090, 
trial0000722, AA, 9635, 24, 401.481906, 12.375000, 0.000050, 0.006327, GDX, 3647, 16, 227.964641, 5.562500, 0.003851, 0.000205, 
trial0000723, AA, 9769, 24, 407.062049, 11.208333, 0.000070, 0.017991, GDX, 3009, 16, 188.094427, 4.937500, 0.006221, 0.000413, 
trial0000724, AA, 8307, 24, 346.141636, 10.166667, 0.000023, 0.019697, GDX, 4271, 16, 266.975046, 8.250000, 0.006157, 0.000544, 
trial0000725, AA, 7054, 24, 293.923625, 11.541667, 0.000135, 0.043456, GDX, 5852, 16, 365.802062, 7.437500, 0.007318, 0.000565, 
trial0000726, AA, 7563, 24, 315.135285, 10.875000, 0.000163, 0.029021, GDX, 5335, 16, 333.484572, 7.437500, 0.006850, 0.000585, 
trial0000727, AA, 8906, 24, 371.090021, 10.791667, 0.000081, 0.011263, GDX, 4176, 16, 261.052469, 6.687500, 0.007414, 0.000498, 
trial0000728, AA, 9995, 24, 416.461382, 11.208333, 0.000052, 0.036426, GDX, 3368, 16, 210.557927, 6.937500, 0.006493, 0.000496, 
trial0000729, AA, 10387, 24, 432.812634, 11.375000, 0.000096, 0.017697, GDX, 3023, 16, 188.968549, 6.187500, 0.006975, 0.000348, 
trial0000730, AA, 10904, 24, 454.343385, 13.583333, 0.000061, 0.008000, GDX, 3106, 16, 194.172423, 5.625000, 0.006327, 0.000619, 
trial0000731, AA, 8182, 24, 340.951588, 11.375000, 0.000086, 0.027663, GDX, 4104, 16, 256.510118, 6.062500, 0.007744, 0.000465, 
trial0000732, AA, 7979, 24, 332.472718, 11.000000, 0.000198, 0.028873, GDX, 4812, 16, 300.790923, 7.625000, 0.007415, 0.000489, 
trial0000733, AA, 6880, 24, 286.677646, 11.500000, 0.000080, 0.019600, GDX, 4942, 16, 308.921031, 6.375000, 0.008097, 0.000427, 
trial0000734, AA, 12476, 24, 519.840459, 15.125000, 0.000162, 0.011579, GDX, 1740, 16, 108.801811, 2.937500, 0.006223, 0.000530, 
trial0000735, AA, 10586, 24, 441.119370, 12.250000, 0.000059, 0.040475, GDX, 2625, 16, 164.070945, 5.250000, 0.006088, 0.000566, 
trial0000736, AA, 9572, 24, 398.854286, 13.333333, 0.000114, 0.011802, GDX, 3488, 16, 218.031071, 4.875000, 0.007063, 0.000360, 
trial0000737, AA, 9447, 24, 393.664968, 12.041667, 0.000036, 0.016403, GDX, 3910, 16, 244.377547, 6.687500, 0.006217, 0.000511, 
trial0000738, AA, 10198, 24, 424.935295, 11.458333, 0.000069, 0.007845, GDX, 3402, 16, 212.659557, 5.937500, 0.003182, 0.000302, 
trial0000739, AA, 9608, 24, 400.351559, 11.833333, 0.000010, 0.003334, GDX, 3524, 16, 220.285162, 5.000000, 0.000898, 0.000057, 
trial0000740, AA, 11137, 24, 464.074378, 13.083333, 0.000072, 0.013983, GDX, 2739, 16, 171.200932, 5.250000, 0.004998, 0.000328, 
trial0000741, AA, 8880, 24, 370.000123, 12.166667, 0.000253, 0.026561, GDX, 4149, 16, 259.374815, 6.750000, 0.006658, 0.000557, 
trial0000742, AA, 8776, 24, 365.694615, 12.291667, 0.000171, 0.016109, GDX, 4079, 16, 254.958077, 5.687500, 0.007635, 0.000496, 
trial0000743, AA, 6739, 24, 280.809031, 11.750000, 0.000296, 0.021645, GDX, 5482, 16, 342.661454, 6.750000, 0.007917, 0.000524, 
trial0000744, AA, 8192, 24, 341.351548, 9.708333, 0.000112, 0.017550, GDX, 4852, 16, 303.285179, 9.687500, 0.005369, 0.000580, 
trial0000745, AA, 8273, 24, 344.731284, 9.916667, 0.000118, 0.031676, GDX, 4583, 16, 286.465573, 7.625000, 0.007114, 0.000552, 
trial0000746, AA, 11446, 24, 476.940087, 14.375000, 0.000064, 0.022617, GDX, 1785, 16, 111.589870, 3.312500, 0.006745, 0.000429, 
trial0000747, AA, 10555, 24, 439.826366, 13.208333, 0.000045, 0.012335, GDX, 2888, 16, 180.510451, 4.437500, 0.006415, 0.000521, 
trial0000748, AA, 9335, 24, 388.962240, 11.750000, 0.000160, 0.027939, GDX, 3885, 16, 242.869140, 5.625000, 0.007380, 0.000412, 
trial0000749, AA, 8281, 24, 345.055750, 12.041667, 0.000055, 0.024978, GDX, 4905, 16, 306.603876, 7.562500, 0.006960, 0.000534, 
trial0000750, AA, 11009, 24, 458.732236, 12.000000, 0.000049, 0.015476, GDX, 2154, 16, 134.651646, 4.875000, 0.005960, 0.000465, 
trial0000751, AA, 9964, 24, 415.187962, 12.708333, 0.000094, 0.020213, GDX, 3074, 16, 192.155557, 5.437500, 0.006203, 0.000631, 
trial0000752, AA, 8898, 24, 370.761268, 12.208333, 0.000060, 0.011659, GDX, 4263, 16, 266.483098, 7.062500, 0.005814, 0.000835, 
trial0000753, AA, 7114, 24, 296.456241, 10.208333, 0.000149, 0.020616, GDX, 5222, 16, 326.378139, 7.312500, 0.007501, 0.000466, 
trial0000754, AA, 7618, 24, 317.453041, 10.750000, 0.000026, 0.028061, GDX, 5371, 16, 335.695438, 7.750000, 0.006795, 0.000627, 
trial0000755, AA, 11395, 24, 474.820158, 12.500000, 0.000095, 0.017852, GDX, 2454, 16, 153.394763, 5.000000, 0.006095, 0.000589, 
trial0000756, AA, 8761, 24, 365.075860, 11.791667, 0.000045, 0.021152, GDX, 4798, 16, 299.886210, 6.437500, 0.002395, 0.000389, 
trial0000757, AA, 10272, 24, 428.039561, 12.208333, 0.000010, 0.003731, GDX, 3591, 16, 224.440659, 6.562500, 0.000701, 0.000094, 
trial0000758, AA, 9655, 24, 402.313422, 13.166667, 0.000044, 0.012808, GDX, 3894, 16, 243.404867, 5.625000, 0.005432, 0.000298, 
trial0000759, AA, 8698, 24, 362.417872, 10.833333, 0.000092, 0.024117, GDX, 4276, 16, 267.310692, 7.875000, 0.006776, 0.000632, 
trial0000760, AA, 9026, 24, 376.092084, 11.250000, 0.000069, 0.025929, GDX, 3865, 16, 241.611875, 6.625000, 0.006059, 0.000647, 
trial0000761, AA, 6498, 24, 270.757533, 9.416667, 0.000109, 0.026969, GDX, 6005, 16, 375.363700, 8.500000, 0.007269, 0.000463, 
trial0000762, AA, 9866, 24, 411.099812, 12.833333, 0.000127, 0.029033, GDX, 3241, 16, 202.600282, 5.625000, 0.006477, 0.000636, 
trial0000763, AA, 9622, 24, 400.933420, 13.000000, 0.000163, 0.019596, GDX, 3920, 16, 245.037370, 5.875000, 0.006782, 0.000531, 
trial0000764, AA, 9248, 24, 385.369985, 11.458333, 0.000088, 0.015514, GDX, 3886, 16, 242.882522, 6.687500, 0.006080, 0.000777, 
trial0000765, AA, 9635, 24, 401.483063, 14.791667, 0.000191, 0.014333, GDX, 3669, 16, 229.337906, 3.937500, 0.007366, 0.000535, 
trial0000766, AA, 9293, 24, 387.243230, 12.333333, 0.000081, 0.014250, GDX, 3676, 16, 229.760156, 5.375000, 0.007093, 0.000686, 
trial0000767, AA, 8260, 24, 344.197805, 12.166667, 0.000591, 0.032667, GDX, 4094, 16, 255.890792, 6.375000, 0.007014, 0.000619, 
trial0000768, AA, 10025, 24, 417.715460, 11.416667, 0.000072, 0.020042, GDX, 3538, 16, 221.176810, 7.375000, 0.005418, 0.000718, 
trial0000769, AA, 10571, 24, 440.465845, 11.541667, 0.000095, 0.020253, GDX, 3057, 16, 191.113733, 5.687500, 0.006681, 0.000381, 
trial0000770, AA, 10439, 24, 434.997868, 12.875000, 0.000105, 0.012063, GDX, 3392, 16, 212.003198, 5.187500, 0.006642, 0.000491, 
trial0000771, AA, 9093, 24, 378.905136, 10.583333, 0.000012, 0.036301, GDX, 3943, 16, 246.454796, 6.625000, 0.006351, 0.000565, 
trial0000772, AA, 9315, 24, 388.145141, 10.541667, 0.000011, 0.036259, GDX, 4208, 16, 263.032288, 7.937500, 0.005649, 0.000478, 
trial0000773, AA, 8331, 24, 347.162591, 10.666667, 0.000030, 0.017780, GDX, 4418, 16, 276.131114, 8.000000, 0.006545, 0.000593, 
trial0000774, AA, 8689, 24, 362.080702, 12.041667, 0.000038, 0.009970, GDX, 4287, 16, 267.941447, 6.687500, 0.004473, 0.000371, 
trial0000775, AA, 8874, 24, 369.787158, 10.875000, 0.000010, 0.002775, GDX, 4099, 16, 256.194262, 7.062500, 0.000712, 0.000048, 
trial0000776, AA, 8699, 24, 362.497666, 10.583333, 0.000076, 0.008661, GDX, 4015, 16, 250.941002, 6.125000, 0.002639, 0.000108, 
trial0000777, AA, 11979, 24, 499.144029, 14.083333, 0.000046, 0.010630, GDX, 2161, 16, 135.096456, 4.250000, 0.005453, 0.000674, 
trial0000778, AA, 7844, 24, 326.847567, 10.375000, 0.000010, 0.019850, GDX, 4367, 16, 272.978649, 7.312500, 0.006311, 0.000599, 
trial0000779, AA, 10075, 24, 419.822068, 11.416667, 0.000059, 0.022070, GDX, 3684, 16, 230.266898, 6.500000, 0.006142, 0.000584, 
trial0000780, AA, 11123, 24, 463.461332, 12.416667, 0.000058, 0.019301, GDX, 2385, 16, 149.120502, 4.250000, 0.007078, 0.000394, 
trial0000781, AA, 7989, 24, 332.896630, 11.166667, 0.000108, 0.051405, GDX, 4756, 16, 297.280056, 7.125000, 0.006838, 0.000579, 
trial0000782, AA, 11908, 24, 496.189622, 13.625000, 0.000068, 0.006177, GDX, 2064, 16, 129.028068, 3.562500, 0.006437, 0.000447, 
trial0000783, AA, 11337, 24, 472.400626, 12.833333, 0.000013, 0.029446, GDX, 2717, 16, 169.836561, 5.625000, 0.005987, 0.000781, 
trial0000784, AA, 10216, 24, 425.700532, 13.208333, 0.000066, 0.015782, GDX, 2885, 16, 180.324201, 4.562500, 0.006991, 0.000395, 
trial0000785, AA, 8202, 24, 341.774259, 11.666667, 0.000125, 0.035846, GDX, 4326, 16, 270.401111, 6.625000, 0.006788, 0.000496, 
trial0000786, AA, 6459, 24, 269.147992, 9.166667, 0.000012, 0.022443, GDX, 5379, 16, 336.215511, 8.250000, 0.007044, 0.000620, 
trial0000787, AA, 9724, 24, 405.198899, 13.625000, 0.000055, 0.018406, GDX, 3642, 16, 227.639151, 4.937500, 0.007290, 0.000547, 
trial0000788, AA, 8340, 24, 347.523987, 11.958333, 0.000041, 0.019550, GDX, 4532, 16, 283.276520, 6.937500, 0.006258, 0.000469, 
trial0000789, AA, 6632, 24, 276.352177, 11.000000, 0.000060, 0.025660, GDX, 5592, 16, 349.534234, 7.125000, 0.007599, 0.000580, 
trial0000790, AA, 8714, 24, 363.120883, 12.041667, 0.000190, 0.012883, GDX, 4433, 16, 277.068676, 7.312500, 0.006380, 0.000577, 
trial0000791, AA, 8900, 24, 370.863630, 12.000000, 0.000072, 0.022487, GDX, 4508, 16, 281.767055, 6.000000, 0.006427, 0.000546, 
trial0000792, AA, 9302, 24, 387.616765, 12.791667, 0.000026, 0.009986, GDX, 3778, 16, 236.137352, 5.937500, 0.004228, 0.000300, 
trial0000793, AA, 8651, 24, 360.466667, 11.458333, 0.000011, 0.001443, GDX, 3963, 16, 247.737499, 5.937500, 0.000802, 0.000042, 
trial0000794, AA, 8998, 24, 374.950354, 10.375000, 0.000011, 0.009704, GDX, 3897, 16, 243.574470, 7.312500, 0.003041, 0.000115, 
trial0000795, AA, 8921, 24, 371.730983, 11.625000, 0.000219, 0.006671, GDX, 4619, 16, 288.716026, 7.187500, 0.006785, 0.000580, 
trial0000796, AA, 10377, 24, 432.411276, 12.000000, 0.000081, 0.036404, GDX, 3372, 16, 210.758086, 6.375000, 0.005966, 0.000767, 
trial0000797, AA, 8488, 24, 353.705258, 10.333333, 0.000070, 0.029032, GDX, 4996, 16, 312.254613, 9.250000, 0.005862, 0.000626, 
trial0000798, AA, 11811, 24, 492.165699, 13.541667, 0.000068, 0.012393, GDX, 2673, 16, 167.063952, 5.312500, 0.005021, 0.000887, 
trial0000799, AA, 10007, 24, 416.975753, 13.250000, 0.000182, 0.008417, GDX, 3726, 16, 232.911370, 6.125000, 0.006100, 0.000490, 
trial0000800, AA, 11986, 24, 499.437232, 12.583333, 0.000026, 0.010519, GDX, 1868, 16, 116.781652, 4.375000, 0.006542, 0.000409, 
trial0000801, AA, 2122, 24, 88.425863, 7.375000, 0.000090, 0.055294, GDX, 265, 16, 16.611205, 0.812500, 0.005380, 0.000399, 
trial0000802, AA, 2057, 24, 85.735076, 7.666667, 0.000081, 0.025242, GDX, 368, 16, 23.022386, 1.000000, 0.005254, 0.000414, 
trial0000803, AA, 1700, 24, 70.864019, 5.708333, 0.000089, 0.037309, GDX, 428, 16, 26.766472, 2.187500, 0.005193, 0.000414, 
trial0000804, AA, 1586, 24, 66.098193, 5.500000, 0.000017, 0.037877, GDX, 544, 16, 34.040210, 1.875000, 0.005905, 0.000290, 
trial0000805, AA, 1691, 24, 70.485054, 5.708333, 0.000066, 0.022768, GDX, 548, 16, 34.272418, 2.187500, 0.006002, 0.000399, 
trial0000806, AA, 1290, 24, 53.773293, 3.875000, 0.000085, 0.026196, GDX, 1046, 16, 65.402560, 4.687500, 0.004398, 0.000510, 
trial0000807, AA, 1311, 24, 54.652833, 5.458333, 0.000022, 0.024585, GDX, 664, 16, 41.520751, 2.687500, 0.005303, 0.000403, 
trial0000808, AA, 1336, 24, 55.690852, 5.125000, 0.000011, 0.043220, GDX, 641, 16, 40.088722, 2.312500, 0.004645, 0.000341, 
trial0000809, AA, 1124, 24, 46.853087, 4.541667, 0.000096, 0.044857, GDX, 914, 16, 57.157869, 3.812500, 0.005081, 0.000381, 
trial0000810, AA, 1947, 24, 81.136509, 6.875000, 0.000076, 0.020997, GDX, 364, 16, 22.795236, 1.562500, 0.003695, 0.000339, 
trial0000811, AA, 1692, 24, 70.527399, 5.458333, 0.000010, 0.005632, GDX, 446, 16, 27.896401, 1.812500, 0.000613, 0.000039, 
trial0000812, AA, 1899, 24, 79.142174, 6.375000, 0.000033, 0.021124, GDX, 537, 16, 33.599239, 2.312500, 0.002506, 0.000217, 
trial0000813, AA, 2060, 24, 85.856465, 7.125000, 0.000089, 0.034271, GDX, 271, 16, 16.965302, 1.187500, 0.004832, 0.000390, 
trial0000814, AA, 1289, 24, 53.719959, 5.041667, 0.000056, 0.046036, GDX, 906, 16, 56.670061, 3.312500, 0.004468, 0.000464, 
trial0000815, AA, 1344, 24, 56.016338, 4.833333, 0.000021, 0.034196, GDX, 899, 16, 56.225493, 3.625000, 0.004247, 0.000501, 
trial0000816, AA, 1229, 24, 51.231158, 5.166667, 0.000248, 0.038570, GDX, 867, 16, 54.215763, 2.625000, 0.005091, 0.000346, 
trial0000817, AA, 632, 24, 26.357491, 3.333333, 0.000032, 0.042231, GDX, 1145, 16, 71.588764, 4.500000, 0.004925, 0.000419, 
trial0000818, AA, 1400, 24, 58.356672, 5.208333, 0.000073, 0.036644, GDX, 739, 16, 46.214992, 2.812500, 0.005008, 0.000369, 
trial0000819, AA, 2067, 24, 86.132517, 6.416667, 0.000068, 0.027761, GDX, 252, 16, 15.801224, 1.625000, 0.004846, 0.000387, 
trial0000820, AA, 2616, 24, 109.036878, 8.500000, 0.000031, 0.027982, GDX, 47, 16, 2.944683, 0.375000, 0.005583, 0.000387, 
trial0000821, AA, 1963, 24, 81.803504, 6.583333, 0.000131, 0.034178, GDX, 579, 16, 36.232244, 2.625000, 0.004767, 0.000391, 
trial0000822, AA, 1362, 24, 56.768686, 5.583333, 0.000070, 0.028440, GDX, 839, 16, 52.471972, 2.875000, 0.004734, 0.000460, 
trial0000823, AA, 1139, 24, 47.484251, 5.125000, 0.000416, 0.033005, GDX, 831, 16, 51.961123, 3.062500, 0.004584, 0.000396, 
trial0000824, AA, 1256, 24, 52.359964, 4.000000, 0.000012, 0.053880, GDX, 887, 16, 55.460054, 3.625000, 0.004490, 0.000460, 
trial0000825, AA, 1497, 24, 62.395555, 4.791667, 0.000056, 0.047759, GDX, 589, 16, 36.844167, 2.937500, 0.004424, 0.000384, 
trial0000826, AA, 2020, 24, 84.182815, 6.250000, 0.000054, 0.031680, GDX, 403, 16, 25.225778, 2.250000, 0.005311, 0.000370, 
trial0000827, AA, 1163, 24, 48.475957, 5.875000, 0.000079, 0.024960, GDX, 777, 16, 48.598565, 1.937500, 0.005735, 0.000336, 
trial0000828, AA, 1198, 24, 49.940271, 4.291667, 0.000032, 0.021808, GDX, 908, 16, 56.777093, 3.437500, 0.003167, 0.000441, 
trial0000829, AA, 2150, 24, 89.619176, 6.125000, 0.000010, 0.004026, GDX, 475, 16, 29.696237, 2.687500, 0.000507, 0.000048, 
trial0000830, AA, 1367, 24, 56.975256, 3.708333, 0.000010, 0.015142, GDX, 569, 16, 35.599616, 2.812500, 0.002234, 0.000127, 
trial0000831, AA, 2362, 24, 98.422220, 6.541667, 0.000034, 0.036246, GDX, 191, 16, 11.991670, 1.687500, 0.004986, 0.000391, 
trial0000832, AA, 2434, 24, 101.429870, 6.916667, 0.000277, 0.024389, GDX, 205, 16, 12.855195, 1.750000, 0.005194, 0.000390, 
trial0000833, AA, 1193, 24, 49.718767, 3.458333, 0.000022, 0.040961, GDX, 799, 16, 49.984349, 3.062500, 0.004653, 0.000378, 
trial0000834, AA, 1062, 24, 44.265066, 5.041667, 0.000011, 0.051338, GDX, 986, 16, 61.664901, 3.187500, 0.004675, 0.000350, 
trial0000835, AA, 1223, 24, 50.975170, 5.041667, 0.000067, 0.050670, GDX, 706, 16, 44.162245, 2.812500, 0.004978, 0.000317, 
trial0000836, AA, 1610, 24, 67.092720, 4.500000, 0.000016, 0.044176, GDX, 663, 16, 41.485920, 3.125000, 0.004726, 0.000324, 
trial0000837, AA, 1817, 24, 75.729786, 5.500000, 0.000182, 0.040751, GDX, 472, 16, 29.530321, 2.500000, 0.004950, 0.000359, 
trial0000838, AA, 1639, 24, 68.298390, 5.500000, 0.000036, 0.055795, GDX, 635, 16, 39.739916, 2.625000, 0.005043, 0.000455, 
trial0000839, AA, 2075, 24, 86.469142, 6.791667, 0.000081, 0.034054, GDX, 449, 16, 28.108787, 1.687500, 0.004899, 0.000404, 
trial0000840, AA, 1447, 24, 60.325065, 4.666667, 0.000051, 0.029377, GDX, 677, 16, 42.324902, 2.750000, 0.004853, 0.000389, 
trial0000841, AA, 1719, 24, 71.643635, 5.875000, 0.000066, 0.039666, GDX, 614, 16, 38.409548, 2.437500, 0.004487, 0.000392, 
trial0000842, AA, 1138, 24, 47.430057, 4.625000, 0.000025, 0.032881, GDX, 813, 16, 50.854914, 3.187500, 0.004725, 0.000397, 
trial0000843, AA, 1953, 24, 81.387794, 6.541667, 0.000100, 0.040763, GDX, 460, 16, 28.793309, 1.812500, 0.005433, 0.000432, 
trial0000844, AA, 1515, 24, 63.129352, 5.916667, 0.000027, 0.033346, GDX, 741, 16, 46.368472, 2.625000, 0.004612, 0.000459, 
trial0000845, AA, 1708, 24, 71.208033, 5.333333, 0.000042, 0.031171, GDX, 563, 16, 35.187950, 2.625000, 0.004796, 0.000491, 
trial0000846, AA, 1506, 24, 62.777880, 5.833333, 0.000075, 0.030007, GDX, 578, 16, 36.145680, 1.750000, 0.003877, 0.000323, 
trial0000847, AA, 1975, 24, 82.322186, 5.375000, 0.000010, 0.004374, GDX, 317, 16, 19.829222, 2.062500, 0.000525, 0.000041, 
trial0000848, AA, 1604, 24, 66.868777, 6.583333, 0.000013, 0.009592, GDX, 494, 16, 30.884334, 1.500000, 0.001865, 0.000155, 
trial0000849, AA, 1822, 24, 75.931535, 6.000000, 0.000024, 0.036954, GDX, 501, 16, 31.352698, 1.875000, 0.004750, 0.000386, 
trial0000850, AA, 1002, 24, 41.751909, 3.958333, 0.000015, 0.023542, GDX, 1265, 16, 79.122136, 5.062500, 0.003832, 0.000606, 
trial0000851, AA, 1490, 24, 62.111077, 5.375000, 0.000078, 0.039911, GDX, 671, 16, 41.958384, 2.687500, 0.004577, 0.000414, 
trial0000852, AA, 1611, 24, 67.152506, 5.958333, 0.000041, 0.032687, GDX, 700, 16, 43.771241, 2.562500, 0.004635, 0.000438, 
trial0000853, AA, 1198, 24, 49.958192, 3.583333, 0.000089, 0.049192, GDX, 807, 16, 50.437712, 3.750000, 0.004600, 0.000409, 
trial0000854, AA, 1920, 24, 80.029022, 5.833333, 0.000083, 0.053403, GDX, 396, 16, 24.768967, 2.000000, 0.004888, 0.000300, 
trial0000855, AA, 1641, 24, 68.375537, 5.250000, 0.000108, 0.028823, GDX, 711, 16, 44.499195, 2.875000, 0.004391, 0.000467, 
trial0000856, AA, 1368, 24, 57.041580, 4.083333, 0.000017, 0.041765, GDX, 725, 16, 45.312631, 2.875000, 0.004453, 0.000382, 
trial0000857, AA, 1314, 24, 54.752513, 6.125000, 0.000101, 0.044987, GDX, 679, 16, 42.496231, 2.187500, 0.005500, 0.000337, 
trial0000858, AA, 2111, 24, 87.990142, 6.083333, 0.000136, 0.033416, GDX, 318, 16, 19.889787, 1.625000, 0.005141, 0.000472, 
trial0000859, AA, 1686, 24, 70.251623, 6.958333, 0.000158, 0.035489, GDX, 493, 16, 30.872566, 1.562500, 0.005873, 0.000412, 
trial0000860, AA, 1389, 24, 57.914679, 4.125000, 0.000102, 0.045266, GDX, 522, 16, 32.627982, 2.937500, 0.005171, 0.000399, 
trial0000861, AA, 1794, 24, 74.763564, 5.625000, 0.000065, 0.037441, GDX, 515, 16, 32.229655, 2.687500, 0.004297, 0.000364, 
trial0000862, AA, 1763, 24, 73.459032, 6.333333, 0.000061, 0.042508, GDX, 462, 16, 28.936452, 1.625000, 0.005527, 0.000334, 
trial0000863, AA, 2336, 24, 97.366467, 7.083333, 0.000107, 0.047235, GDX, 172, 16, 10.762800, 0.750000, 0.005578, 0.000364, 
trial0000864, AA, 982, 24, 40.922269, 4.083333, 0.000031, 0.030364, GDX, 1036, 16, 64.804096, 3.875000, 0.004078, 0.000510, 
trial0000865, AA, 1455, 24, 60.627163, 5.875000, 0.000010, 0.003982, GDX, 841, 16, 52.621755, 2.687500, 0.000536, 0.000043, 
trial0000866, AA, 1023, 24, 42.665497, 4.541667, 0.000026, 0.010989, GDX, 967, 16, 60.439254, 3.562500, 0.001237, 0.000087, 
trial0000867, AA, 2439, 24, 101.630715, 7.958333, 0.000077, 0.040529, GDX, 170, 16, 10.678928, 0.812500, 0.005179, 0.000368, 
trial0000868, AA, 490, 24, 20.423037, 3.458333, 0.000040, 0.033415, GDX, 1284, 16, 80.302945, 4.437500, 0.004418, 0.000409, 
trial0000869, AA, 1723, 24, 71.811023, 5.500000, 0.000044, 0.038081, GDX, 537, 16, 33.595965, 2.375000, 0.004726, 0.000403, 
trial0000870, AA, 2084, 24, 86.846710, 6.416667, 0.000098, 0.052787, GDX, 323, 16, 20.229935, 1.750000, 0.004524, 0.000383, 
trial0000871, AA, 1603, 24, 66.808344, 5.083333, 0.000014, 0.055967, GDX, 573, 16, 35.849983, 2.750000, 0.005018, 0.000363, 
trial0000872, AA, 1563, 24, 65.133373, 4.875000, 0.000099, 0.027042, GDX, 550, 16, 34.424941, 2.687500, 0.004888, 0.000347, 
trial0000873, AA, 1674, 24, 69.755810, 4.958333, 0.000084, 0.032015, GDX, 595, 16, 37.241285, 2.812500, 0.004591, 0.000547, 
trial0000874, AA, 1298, 24, 54.118100, 5.875000, 0.000064, 0.025341, GDX, 902, 16, 56.385350, 2.937500, 0.004955, 0.000397, 
trial0000875, AA, 1636, 24, 68.203295, 5.250000, 0.000032, 0.045629, GDX, 579, 16, 36.195057, 2.625000, 0.004492, 0.000443, 
trial0000876, AA, 1528, 24, 63.674355, 5.125000, 0.000011, 0.041074, GDX, 716, 16, 44.800968, 2.812500, 0.005707, 0.000370, 
trial0000877, AA, 2056, 24, 85.690958, 5.625000, 0.000163, 0.023845, GDX, 370, 16, 23.151062, 2.687500, 0.004675, 0.000408, 
trial0000878, AA, 2135, 24, 88.958632, 6.333333, 0.000169, 0.052679, GDX, 222, 16, 13.937052, 1.375000, 0.004749, 0.000415, 
trial0000879, AA, 1523, 24, 63.467081, 4.833333, 0.000048, 0.049886, GDX, 520, 16, 32.549378, 2.625000, 0.004899, 0.000385, 
trial0000880, AA, 854, 24, 35.594251, 4.375000, 0.000041, 0.054293, GDX, 1039, 16, 64.983623, 3.312500, 0.004877, 0.000496, 
trial0000881, AA, 1565, 24, 65.233360, 5.250000, 0.000022, 0.031360, GDX, 621, 16, 38.837460, 2.625000, 0.005006, 0.000416, 
trial0000882, AA, 1492, 24, 62.184225, 5.333333, 0.000020, 0.027038, GDX, 684, 16, 42.786162, 2.625000, 0.005213, 0.000380, 
trial0000883, AA, 1952, 24, 81.372242, 5.958333, 0.000049, 0.005642, GDX, 292, 16, 18.254138, 1.812500, 0.000747, 0.000078, 
trial0000884, AA, 1871, 24, 77.991915, 5.083333, 0.000016, 0.006377, GDX, 554, 16, 34.637128, 3.250000, 0.000848, 0.000055, 
trial0000885, AA, 1161, 24, 48.410505, 5.791667, 0.000016, 0.036266, GDX, 799, 16, 49.946742, 2.312500, 0.004809, 0.000348, 
trial0000886, AA, 985, 24, 41.070497, 3.208333, 0.000427, 0.050638, GDX, 998, 16, 62.394254, 4.312500, 0.004550, 0.000389, 
trial0000887, AA, 1673, 24, 69.716393, 5.666667, 0.000044, 0.030133, GDX, 600, 16, 37.550410, 2.750000, 0.004393, 0.000363, 
trial0000888, AA, 1222, 24, 50.919737, 5.750000, 0.000025, 0.048759, GDX, 776, 16, 48.557894, 2.500000, 0.004339, 0.000377, 
trial0000889, AA, 1800, 24, 75.001116, 5.666667, 0.000011, 0.057678, GDX, 491, 16, 30.748326, 2.125000, 0.005268, 0.000328, 
trial0000890, AA, 1655, 24, 68.995773, 6.208333, 0.000107, 0.057415, GDX, 248, 16, 15.506341, 1.562500, 0.005005, 0.000391, 
trial0000891, AA, 1217, 24, 50.733975, 5.000000, 0.000053, 0.032969, GDX, 856, 16, 53.524037, 3.125000, 0.004641, 0.000384, 
trial0000892, AA, 1439, 24, 59.994203, 5.083333, 0.000562, 0.055295, GDX, 638, 16, 39.883695, 2.750000, 0.004967, 0.000421, 
trial0000893, AA, 1508, 24, 62.866566, 4.958333, 0.000012, 0.039006, GDX, 776, 16, 48.512651, 3.187500, 0.004978, 0.000454, 
trial0000894, AA, 1726, 24, 71.924374, 6.875000, 0.000104, 0.033228, GDX, 655, 16, 40.988439, 2.312500, 0.004564, 0.000403, 
trial0000895, AA, 1595, 24, 66.481868, 5.833333, 0.000049, 0.027257, GDX, 648, 16, 40.527197, 2.750000, 0.004942, 0.000453, 
trial0000896, AA, 2095, 24, 87.317847, 7.083333, 0.000087, 0.035303, GDX, 282, 16, 17.648230, 1.375000, 0.004823, 0.000475, 
trial0000897, AA, 1138, 24, 47.439706, 4.666667, 0.000072, 0.063472, GDX, 687, 16, 42.965440, 2.875000, 0.004327, 0.000381, 
trial0000898, AA, 2069, 24, 86.243279, 6.333333, 0.000024, 0.025832, GDX, 450, 16, 28.135081, 1.875000, 0.005087, 0.000382, 
trial0000899, AA, 2580, 24, 107.526744, 8.125000, 0.000053, 0.047086, GDX, 80, 16, 5.022384, 0.937500, 0.004709, 0.000333, 
trial0000900, AA, 882, 24, 36.754795, 3.875000, 0.000062, 0.037388, GDX, 1193, 16, 74.617807, 4.687500, 0.004459, 0.000427, 
trial0000901, AA, 5268, 24, 219.512961, 9.000000, 0.000041, 0.022154, GDX, 3083, 16, 192.730558, 5.250000, 0.002825, 0.000754, 
trial0000902, AA, 7022, 24, 292.616137, 10.000000, 0.000011, 0.003399, GDX, 1974, 16, 123.388295, 4.250000, 0.000823, 0.000058, 
trial0000903, AA, 7921, 24, 330.049132, 12.458333, 0.000072, 0.009397, GDX, 451, 16, 28.238802, 1.062500, 0.006405, 0.000327, 
trial0000904, AA, 6191, 24, 257.999007, 9.541667, 0.000152, 0.013600, GDX, 2485, 16, 155.313990, 5.187500, 0.006737, 0.000564, 
trial0000905, AA, 3001, 24, 125.044320, 7.291667, 0.000096, 0.042406, GDX, 4300, 16, 268.808519, 6.562500, 0.005952, 0.001193, 
trial0000906, AA, 5464, 24, 227.686878, 9.041667, 0.000078, 0.018272, GDX, 2950, 16, 184.407182, 5.437500, 0.006660, 0.000661, 
trial0000907, AA, 4206, 24, 175.256127, 7.208333, 0.000022, 0.020249, GDX, 3068, 16, 191.803310, 5.937500, 0.006087, 0.000926, 
trial0000908, AA, 5416, 24, 225.705540, 10.250000, 0.000062, 0.017635, GDX, 2864, 16, 179.004190, 4.125000, 0.007051, 0.001256, 
trial0000909, AA, 6406, 24, 266.920844, 10.333333, 0.000113, 0.014647, GDX, 2216, 16, 138.556234, 3.875000, 0.006668, 0.000688, 
trial0000910, AA, 6142, 24, 255.944171, 10.333333, 0.000085, 0.032017, GDX, 2253, 16, 140.833744, 4.250000, 0.006683, 0.000669, 
trial0000911, AA, 6103, 24, 254.303582, 9.666667, 0.000056, 0.032330, GDX, 2225, 16, 139.107127, 4.375000, 0.006472, 0.000530, 
trial0000912, AA, 7269, 24, 302.911634, 10.583333, 0.000226, 0.027508, GDX, 933, 16, 58.320049, 2.125000, 0.006467, 0.000353, 
trial0000913, AA, 6147, 24, 256.150751, 9.791667, 0.000093, 0.014706, GDX, 2270, 16, 141.898873, 4.187500, 0.006871, 0.000543, 
trial0000914, AA, 5345, 24, 222.731932, 9.000000, 0.000075, 0.030160, GDX, 3191, 16, 199.464602, 5.625000, 0.005788, 0.000774, 
trial0000915, AA, 4509, 24, 187.892222, 9.458333, 0.000147, 0.016692, GDX, 3481, 16, 217.599168, 5.062500, 0.006373, 0.001013, 
trial0000916, AA, 5075, 24, 211.493844, 8.541667, 0.000084, 0.022663, GDX, 3140, 16, 196.259235, 5.312500, 0.005406, 0.001005, 
trial0000917, AA, 6179, 24, 257.496693, 10.000000, 0.000011, 0.005315, GDX, 2865, 16, 179.067460, 4.375000, 0.001563, 0.000805, 
trial0000918, AA, 7302, 24, 304.266152, 10.916667, 0.000033, 0.005911, GDX, 1182, 16, 73.913273, 2.750000, 0.001819, 0.000108, 
trial0000919, AA, 4651, 24, 193.796131, 8.041667, 0.000036, 0.038375, GDX, 3696, 16, 231.055803, 6.562500, 0.005450, 0.001006, 
trial0000920, AA, 6888, 24, 287.012352, 9.458333, 0.000093, 0.043279, GDX, 1231, 16, 76.981471, 3.562500, 0.006875, 0.000321, 
trial0000921, AA, 4412, 24, 183.839534, 8.958333, 0.000082, 0.035747, GDX, 3793, 16, 237.115699, 5.562500, 0.006148, 0.000938, 
trial0000922, AA, 4446, 24, 185.272909, 7.875000, 0.000047, 0.036966, GDX, 3823, 16, 238.965637, 6.187500, 0.005259, 0.001394, 
trial0000923, AA, 4930, 24, 205.429687, 8.750000, 0.000062, 0.039342, GDX, 3527, 16, 220.480470, 5.875000, 0.006232, 0.000646, 
trial0000924, AA, 5297, 24, 220.739778, 9.666667, 0.000110, 0.022844, GDX, 3317, 16, 207.327833, 4.625000, 0.006206, 0.000826, 
trial0000925, AA, 4196, 24, 174.853837, 7.458333, 0.000302, 0.034358, GDX, 3856, 16, 241.031744, 6.812500, 0.005368, 0.001193, 
trial0000926, AA, 5941, 24, 247.544287, 10.250000, 0.000281, 0.016728, GDX, 2606, 16, 162.933570, 4.125000, 0.005731, 0.000966, 
trial0000927, AA, 6040, 24, 251.672658, 9.458333, 0.000098, 0.026867, GDX, 2581, 16, 161.366013, 4.937500, 0.005952, 0.000626, 
trial0000928, AA, 7616, 24, 317.357727, 10.500000, 0.000107, 0.020242, GDX, 1472, 16, 92.025909, 3.125000, 0.006404, 0.000774, 
trial0000929, AA, 7393, 24, 308.053399, 9.375000, 0.000102, 0.022874, GDX, 1124, 16, 70.294902, 3.562500, 0.006757, 0.000392, 
trial0000930, AA, 5208, 24, 217.006990, 9.125000, 0.000087, 0.027494, GDX, 2770, 16, 173.177015, 5.062500, 0.006529, 0.000557, 
trial0000931, AA, 7273, 24, 303.072109, 11.416667, 0.000058, 0.024320, GDX, 1245, 16, 77.829336, 2.375000, 0.007408, 0.000357, 
trial0000932, AA, 7253, 24, 302.215534, 10.208333, 0.000312, 0.030515, GDX, 1531, 16, 95.739199, 3.562500, 0.006370, 0.000664, 
trial0000933, AA, 5667, 24, 236.142815, 10.166667, 0.000011, 0.009906, GDX, 3149, 16, 196.848277, 5.125000, 0.001813, 0.000543, 
trial0000934, AA, 3706, 24, 154.455140, 8.083333, 0.000011, 0.006682, GDX, 4681, 16, 292.567289, 6.625000, 0.000931, 0.000193, 
trial0000935, AA, 4817, 24, 200.711255, 6.916667, 0.000049, 0.012322, GDX, 3514, 16, 219.683117, 7.500000, 0.005484, 0.000821, 
trial0000936, AA, 5130, 24, 213.784160, 7.791667, 0.000081, 0.043432, GDX, 2921, 16, 182.573759, 5.687500, 0.005907, 0.000863, 
trial0000937, AA, 4572, 24, 190.520766, 8.166667, 0.000035, 0.023169, GDX, 3845, 16, 240.343852, 6.250000, 0.006044, 0.000588, 
trial0000938, AA, 8153, 24, 339.710557, 12.291667, 0.000129, 0.027849, GDX, 857, 16, 53.621664, 1.687500, 0.007335, 0.000392, 
trial0000939, AA, 6659, 24, 277.496159, 8.750000, 0.000111, 0.025025, GDX, 1968, 16, 123.005762, 4.500000, 0.005599, 0.000510, 
trial0000940, AA, 5820, 24, 242.520437, 10.291667, 0.000105, 0.018771, GDX, 2508, 16, 156.781845, 4.187500, 0.006537, 0.001055, 
trial0000941, AA, 6584, 24, 274.357841, 10.458333, 0.000065, 0.035268, GDX, 1648, 16, 103.025739, 3.312500, 0.006447, 0.000746, 
trial0000942, AA, 3863, 24, 160.958338, 7.500000, 0.000027, 0.024155, GDX, 3253, 16, 203.374993, 6.125000, 0.006032, 0.001002, 
trial0000943, AA, 5369, 24, 223.714053, 9.333333, 0.000031, 0.037754, GDX, 2473, 16, 154.616420, 4.125000, 0.006682, 0.000820, 
trial0000944, AA, 6608, 24, 275.361128, 10.916667, 0.000193, 0.020843, GDX, 1586, 16, 99.145808, 3.625000, 0.007781, 0.000351, 
trial0000945, AA, 5420, 24, 225.838915, 8.958333, 0.000012, 0.016633, GDX, 3255, 16, 203.491627, 5.312500, 0.005579, 0.001143, 
trial0000946, AA, 5656, 24, 235.698764, 9.291667, 0.000099, 0.017969, GDX, 2712, 16, 169.514354, 5.062500, 0.005831, 0.000738, 
trial0000947, AA, 6203, 24, 258.490397, 10.208333, 0.000100, 0.037909, GDX, 1917, 16, 119.826905, 3.437500, 0.007075, 0.000520, 
trial0000948, AA, 5669, 24, 236.217854, 10.583333, 0.000219, 0.020836, GDX, 2499, 16, 156.235718, 3.750000, 0.006973, 0.000688, 
trial0000949, AA, 6603, 24, 275.155949, 9.791667, 0.000055, 0.002894, GDX, 1989, 16, 124.328577, 3.562500, 0.001350, 0.000172, 
trial0000950, AA, 7791, 24, 324.660599, 11.291667, 0.000023, 0.008990, GDX, 1198, 16, 74.884102, 2.562500, 0.003223, 0.000196, 
trial0000951, AA, 5631, 24, 234.656624, 9.875000, 0.000013, 0.035483, GDX, 2717, 16, 169.827564, 4.437500, 0.006429, 0.000831, 
trial0000952, AA, 6712, 24, 279.705134, 9.375000, 0.000099, 0.021070, GDX, 1632, 16, 102.004798, 3.687500, 0.006393, 0.000467, 
trial0000953, AA, 5170, 24, 215.428225, 8.041667, 0.000012, 0.025103, GDX, 2687, 16, 167.982663, 5.187500, 0.006126, 0.000636, 
trial0000954, AA, 4550, 24, 189.601311, 8.083333, 0.000176, 0.036760, GDX, 3654, 16, 228.410534, 6.125000, 0.005553, 0.001045, 
trial0000955, AA, 5741, 24, 239.234478, 9.833333, 0.000073, 0.023176, GDX, 3167, 16, 197.960783, 5.125000, 0.005043, 0.000796, 
trial0000956, AA, 5301, 24, 220.904252, 7.583333, 0.000292, 0.022366, GDX, 2435, 16, 152.206122, 5.375000, 0.006327, 0.000416, 
trial0000957, AA, 5143, 24, 214.317269, 9.125000, 0.000074, 0.031135, GDX, 3738, 16, 233.649097, 5.687500, 0.006154, 0.000810, 
trial0000958, AA, 3476, 24, 144.845936, 6.208333, 0.000121, 0.041387, GDX, 4343, 16, 271.481095, 7.812500, 0.005526, 0.001207, 
trial0000959, AA, 6890, 24, 287.087050, 11.333333, 0.000120, 0.012154, GDX, 1621, 16, 101.369426, 2.375000, 0.007341, 0.000576, 
trial0000960, AA, 5198, 24, 216.592282, 11.083333, 0.000085, 0.024321, GDX, 3427, 16, 214.236576, 4.500000, 0.005937, 0.001282, 
trial0000961, AA, 4787, 24, 199.495883, 9.083333, 0.000158, 0.029923, GDX, 3870, 16, 241.881175, 6.000000, 0.005446, 0.001102, 
trial0000962, AA, 6321, 24, 263.386562, 10.750000, 0.000063, 0.014646, GDX, 2139, 16, 133.732658, 3.500000, 0.007149, 0.000473, 
trial0000963, AA, 6634, 24, 276.448862, 8.958333, 0.000096, 0.025289, GDX, 1708, 16, 106.764208, 3.812500, 0.006181, 0.000490, 
trial0000964, AA, 6761, 24, 281.709683, 10.500000, 0.000118, 0.016497, GDX, 2145, 16, 134.122975, 4.375000, 0.006197, 0.000467, 
trial0000965, AA, 4889, 24, 203.720362, 8.875000, 0.000011, 0.010785, GDX, 3072, 16, 192.044457, 4.687500, 0.000873, 0.000302, 
trial0000966, AA, 3347, 24, 139.465598, 7.458333, 0.000011, 0.005211, GDX, 4247, 16, 265.489102, 6.562500, 0.001033, 0.000176, 
trial0000967, AA, 6028, 24, 251.186073, 9.791667, 0.000255, 0.026853, GDX, 2324, 16, 145.283391, 4.187500, 0.006263, 0.000509, 
trial0000968, AA, 7784, 24, 324.368453, 11.541667, 0.000096, 0.023529, GDX, 1001, 16, 62.572321, 2.687500, 0.007462, 0.000375, 
trial0000969, AA, 5403, 24, 225.152514, 9.375000, 0.000107, 0.032075, GDX, 2686, 16, 167.896229, 4.812500, 0.007526, 0.000509, 
trial0000970, AA, 6768, 24, 282.030463, 9.750000, 0.000056, 0.044999, GDX, 1236, 16, 77.266806, 3.750000, 0.007048, 0.000324, 
trial0000971, AA, 6143, 24, 255.961036, 10.083333, 0.000021, 0.019005, GDX, 2913, 16, 182.120947, 4.750000, 0.005259, 0.001300, 
trial0000972, AA, 6763, 24, 281.817821, 10.500000, 0.000029, 0.026955, GDX, 2350, 16, 146.898269, 4.125000, 0.005754, 0.001035, 
trial0000973, AA, 5129, 24, 213.729395, 8.041667, 0.000337, 0.022279, GDX, 3130, 16, 195.655908, 5.562500, 0.006699, 0.000901, 
trial0000974, AA, 5421, 24, 225.908103, 8.500000, 0.000074, 0.025636, GDX, 2765, 16, 172.825345, 5.625000, 0.006444, 0.000811, 
trial0000975, AA, 7548, 24, 314.531701, 12.083333, 0.000165, 0.016917, GDX, 1693, 16, 105.827448, 2.625000, 0.006386, 0.000692, 
trial0000976, AA, 4687, 24, 195.308118, 9.208333, 0.000095, 0.033761, GDX, 3313, 16, 207.100323, 5.062500, 0.006188, 0.000840, 
trial0000977, AA, 4954, 24, 206.425750, 7.791667, 0.000165, 0.021213, GDX, 3488, 16, 218.048875, 5.937500, 0.005431, 0.000691, 
trial0000978, AA, 6098, 24, 254.109401, 9.708333, 0.000097, 0.026634, GDX, 1504, 16, 94.023399, 3.562500, 0.007246, 0.000390, 
trial0000979, AA, 4654, 24, 193.929166, 7.416667, 0.000059, 0.037819, GDX, 3037, 16, 189.856251, 5.500000, 0.006351, 0.000801, 
trial0000980, AA, 5931, 24, 247.130593, 9.625000, 0.000168, 0.019935, GDX, 2386, 16, 149.179110, 4.812500, 0.005532, 0.000491, 
trial0000981, AA, 4740, 24, 197.508079, 8.458333, 0.000011, 0.002908, GDX, 3629, 16, 226.862881, 6.062500, 0.000600, 0.000111, 
trial0000982, AA, 6599, 24, 274.961014, 10.375000, 0.000020, 0.004914, GDX, 1986, 16, 124.183480, 3.562500, 0.002674, 0.000331, 
trial0000983, AA, 4490, 24, 187.105455, 9.208333, 0.000012, 0.041310, GDX, 3584, 16, 224.029317, 5.187500, 0.006003, 0.000667, 
trial0000984, AA, 4240, 24, 176.673046, 6.458333, 0.000031, 0.020291, GDX, 3639, 16, 227.490431, 7.312500, 0.006104, 0.000479, 
trial0000985, AA, 6077, 24, 253.229105, 9.333333, 0.000330, 0.025948, GDX, 2790, 16, 174.406342, 4.625000, 0.005891, 0.000562, 
trial0000986, AA, 4418, 24, 184.116227, 7.083333, 0.000063, 0.029745, GDX, 2569, 16, 160.575659, 5.375000, 0.006203, 0.000589, 
trial0000987, AA, 4633, 24, 193.043208, 8.708333, 0.000013, 0.021076, GDX, 2838, 16, 177.435188, 4.312500, 0.006679, 0.000540, 
trial0000988, AA, 7088, 24, 295.337679, 11.208333, 0.000052, 0.021652, GDX, 1934, 16, 120.930982, 3.312500, 0.006084, 0.000780, 
trial0000989, AA, 5999, 24, 249.996376, 9.958333, 0.000138, 0.026470, GDX, 2924, 16, 182.755436, 4.562500, 0.006025, 0.000685, 
trial0000990, AA, 5321, 24, 221.749225, 9.208333, 0.000360, 0.025227, GDX, 2519, 16, 157.438663, 4.437500, 0.005839, 0.000842, 
trial0000991, AA, 5092, 24, 212.197684, 9.375000, 0.000132, 0.017630, GDX, 2724, 16, 170.265973, 4.437500, 0.007040, 0.000712, 
trial0000992, AA, 4590, 24, 191.269715, 9.125000, 0.000110, 0.015908, GDX, 4387, 16, 274.220427, 6.062500, 0.005328, 0.001427, 
trial0000993, AA, 6544, 24, 272.688811, 12.500000, 0.000085, 0.026667, GDX, 2502, 16, 156.404283, 2.875000, 0.006986, 0.001471, 
trial0000994, AA, 5296, 24, 220.677390, 8.750000, 0.000063, 0.033199, GDX, 3187, 16, 199.233915, 5.625000, 0.006372, 0.000862, 
trial0000995, AA, 6149, 24, 256.238535, 10.333333, 0.000037, 0.036246, GDX, 2581, 16, 161.329697, 3.875000, 0.006447, 0.000940, 
trial0000996, AA, 7045, 24, 293.560365, 10.875000, 0.000086, 0.017518, GDX, 1753, 16, 109.596953, 3.062500, 0.005722, 0.000652, 
trial0000997, AA, 4947, 24, 206.164193, 7.166667, 0.000010, 0.002667, GDX, 2961, 16, 185.066211, 6.125000, 0.000571, 0.000076, 
trial0000998, AA, 4453, 24, 185.572884, 10.291667, 0.000013, 0.005285, GDX, 4410, 16, 275.640674, 5.687500, 0.001558, 0.000244, 
trial0000999, AA, 4657, 24, 194.063005, 9.041667, 0.000051, 0.040397, GDX, 4150, 16, 259.405492, 5.937500, 0.005422, 0.001364, 
trial0001000, AA, 6427, 24, 267.803769, 10.708333, 0.000094, 0.035988, GDX, 2282, 16, 142.669347, 3.687500, 0.006057, 0.000814, 
