trial0003001, ZIC, 2130, 14, 152.142857, 4.714286, ZIP, 4041, 26, 155.423077, 8.923077, 
trial0003002, ZIC, 1460, 14, 104.285714, 4.714286, ZIP, 3825, 26, 147.115385, 7.692308, 
trial0003003, ZIC, 2788, 14, 199.142857, 6.928571, ZIP, 3594, 26, 138.230769, 7.961538, 
trial0003004, ZIC, 1535, 14, 109.642857, 4.285714, ZIP, 4345, 26, 167.115385, 8.307692, 
trial0003005, ZIC, 1612, 14, 115.142857, 4.214286, ZIP, 4658, 26, 179.153846, 7.807692, 
trial0003006, ZIC, 1824, 14, 130.285714, 4.142857, ZIP, 3869, 26, 148.807692, 7.461538, 
trial0003007, ZIC, 1786, 14, 127.571429, 4.500000, ZIP, 3766, 26, 144.846154, 7.192308, 
trial0003008, ZIC, 2602, 14, 185.857143, 6.071429, ZIP, 3355, 26, 129.038462, 7.500000, 
trial0003009, ZIC, 1707, 14, 121.928571, 4.857143, ZIP, 3781, 26, 145.423077, 7.000000, 
trial0003010, ZIC, 1262, 14, 90.142857, 3.714286, ZIP, 4211, 26, 161.961538, 7.769231, 
trial0003011, ZIC, 752, 14, 53.714286, 1.928571, ZIP, 5928, 26, 228.000000, 9.192308, 
trial0003012, ZIC, 1213, 14, 86.642857, 2.857143, ZIP, 4551, 26, 175.038462, 7.769231, 
trial0003013, ZIC, 1804, 14, 128.857143, 4.928571, ZIP, 3673, 26, 141.269231, 7.423077, 
trial0003014, ZIC, 1847, 14, 131.928571, 4.285714, ZIP, 4725, 26, 181.730769, 9.461538, 
trial0003015, ZIC, 1969, 14, 140.642857, 5.000000, ZIP, 3498, 26, 134.538462, 6.538462, 
trial0003016, ZIC, 1840, 14, 131.428571, 4.500000, ZIP, 4134, 26, 159.000000, 8.346154, 
trial0003017, ZIC, 916, 14, 65.428571, 2.785714, ZIP, 5111, 26, 196.576923, 8.115385, 
trial0003018, ZIC, 920, 14, 65.714286, 3.000000, ZIP, 4904, 26, 188.615385, 8.538462, 
trial0003019, ZIC, 1372, 14, 98.000000, 3.571429, ZIP, 4502, 26, 173.153846, 8.384615, 
trial0003020, ZIC, 1742, 14, 124.428571, 4.142857, ZIP, 4474, 26, 172.076923, 8.307692, 
trial0003021, ZIC, 565, 14, 40.357143, 2.142857, ZIP, 5431, 26, 208.884615, 8.384615, 
trial0003022, ZIC, 1439, 14, 102.785714, 3.428571, ZIP, 4359, 26, 167.653846, 7.000000, 
trial0003023, ZIC, 1258, 14, 89.857143, 3.214286, ZIP, 5187, 26, 199.500000, 8.807692, 
trial0003024, ZIC, 2228, 14, 159.142857, 5.214286, ZIP, 3840, 26, 147.692308, 7.038462, 
trial0003025, ZIC, 1957, 14, 139.785714, 4.642857, ZIP, 4295, 26, 165.192308, 8.269231, 
trial0003026, ZIC, 1045, 14, 74.642857, 2.928571, ZIP, 4725, 26, 181.730769, 7.884615, 
trial0003027, ZIC, 564, 14, 40.285714, 1.714286, ZIP, 5068, 26, 194.923077, 7.769231, 
trial0003028, ZIC, 1685, 14, 120.357143, 3.500000, ZIP, 4512, 26, 173.538462, 9.807692, 
trial0003029, ZIC, 1092, 14, 78.000000, 3.500000, ZIP, 4897, 26, 188.346154, 8.115385, 
trial0003030, ZIC, 1698, 14, 121.285714, 4.642857, ZIP, 4189, 26, 161.115385, 8.269231, 
trial0003031, ZIC, 1334, 14, 95.285714, 3.857143, ZIP, 5193, 26, 199.730769, 9.000000, 
trial0003032, ZIC, 1476, 14, 105.428571, 4.071429, ZIP, 4196, 26, 161.384615, 8.423077, 
trial0003033, ZIC, 1475, 14, 105.357143, 4.214286, ZIP, 3986, 26, 153.307692, 7.807692, 
trial0003034, ZIC, 1646, 14, 117.571429, 4.642857, ZIP, 4111, 26, 158.115385, 7.730769, 
trial0003035, ZIC, 1708, 14, 122.000000, 5.357143, ZIP, 4025, 26, 154.807692, 7.038462, 
trial0003036, ZIC, 1483, 14, 105.928571, 3.642857, ZIP, 4967, 26, 191.038462, 9.115385, 
trial0003037, ZIC, 1795, 14, 128.214286, 4.642857, ZIP, 3964, 26, 152.461538, 7.576923, 
trial0003038, ZIC, 1766, 14, 126.142857, 4.857143, ZIP, 4256, 26, 163.692308, 8.307692, 
trial0003039, ZIC, 1001, 14, 71.500000, 3.142857, ZIP, 4925, 26, 189.423077, 8.230769, 
trial0003040, ZIC, 1157, 14, 82.642857, 3.285714, ZIP, 5168, 26, 198.769231, 9.461538, 
trial0003041, ZIC, 1683, 14, 120.214286, 4.714286, ZIP, 4125, 26, 158.653846, 8.307692, 
trial0003042, ZIC, 1094, 14, 78.142857, 3.785714, ZIP, 4926, 26, 189.461538, 8.500000, 
trial0003043, ZIC, 1422, 14, 101.571429, 3.428571, ZIP, 5038, 26, 193.769231, 8.538462, 
trial0003044, ZIC, 1270, 14, 90.714286, 3.785714, ZIP, 4751, 26, 182.730769, 8.192308, 
trial0003045, ZIC, 2096, 14, 149.714286, 4.857143, ZIP, 4166, 26, 160.230769, 9.076923, 
trial0003046, ZIC, 1530, 14, 109.285714, 3.857143, ZIP, 4393, 26, 168.961538, 7.923077, 
trial0003047, ZIC, 1512, 14, 108.000000, 3.071429, ZIP, 4962, 26, 190.846154, 8.807692, 
trial0003048, ZIC, 1277, 14, 91.214286, 3.500000, ZIP, 5168, 26, 198.769231, 7.653846, 
trial0003049, ZIC, 2055, 14, 146.785714, 5.214286, ZIP, 3953, 26, 152.038462, 8.500000, 
trial0003050, ZIC, 614, 14, 43.857143, 1.928571, ZIP, 5205, 26, 200.192308, 8.961538, 
trial0003051, ZIC, 1522, 14, 108.714286, 3.642857, ZIP, 4493, 26, 172.807692, 8.653846, 
trial0003052, ZIC, 1004, 14, 71.714286, 3.285714, ZIP, 5615, 26, 215.961538, 8.692308, 
trial0003053, ZIC, 1317, 14, 94.071429, 2.642857, ZIP, 4331, 26, 166.576923, 8.038462, 
trial0003054, ZIC, 1367, 14, 97.642857, 4.214286, ZIP, 3904, 26, 150.153846, 6.961538, 
trial0003055, ZIC, 821, 14, 58.642857, 2.571429, ZIP, 4460, 26, 171.538462, 7.307692, 
trial0003056, ZIC, 1364, 14, 97.428571, 4.142857, ZIP, 4430, 26, 170.384615, 9.000000, 
trial0003057, ZIC, 709, 14, 50.642857, 2.285714, ZIP, 5333, 26, 205.115385, 8.461538, 
trial0003058, ZIC, 888, 14, 63.428571, 2.928571, ZIP, 4467, 26, 171.807692, 7.653846, 
trial0003059, ZIC, 1708, 14, 122.000000, 3.857143, ZIP, 4482, 26, 172.384615, 7.692308, 
trial0003060, ZIC, 1248, 14, 89.142857, 3.285714, ZIP, 4650, 26, 178.846154, 8.923077, 
trial0003061, ZIC, 1049, 14, 74.928571, 3.071429, ZIP, 4611, 26, 177.346154, 8.500000, 
trial0003062, ZIC, 1256, 14, 89.714286, 3.714286, ZIP, 4881, 26, 187.730769, 8.769231, 
trial0003063, ZIC, 1910, 14, 136.428571, 4.928571, ZIP, 4778, 26, 183.769231, 8.115385, 
trial0003064, ZIC, 1065, 14, 76.071429, 3.285714, ZIP, 4905, 26, 188.653846, 8.538462, 
trial0003065, ZIC, 1849, 14, 132.071429, 4.071429, ZIP, 4281, 26, 164.653846, 8.269231, 
trial0003066, ZIC, 1812, 14, 129.428571, 4.785714, ZIP, 3996, 26, 153.692308, 7.500000, 
trial0003067, ZIC, 375, 14, 26.785714, 1.500000, ZIP, 5587, 26, 214.884615, 8.807692, 
trial0003068, ZIC, 1972, 14, 140.857143, 4.928571, ZIP, 4063, 26, 156.269231, 8.807692, 
trial0003069, ZIC, 1995, 14, 142.500000, 4.571429, ZIP, 3844, 26, 147.846154, 8.000000, 
trial0003070, ZIC, 2114, 14, 151.000000, 4.785714, ZIP, 3523, 26, 135.500000, 7.884615, 
trial0003071, ZIC, 2175, 14, 155.357143, 5.285714, ZIP, 3584, 26, 137.846154, 7.615385, 
trial0003072, ZIC, 1592, 14, 113.714286, 3.714286, ZIP, 4177, 26, 160.653846, 8.076923, 
trial0003073, ZIC, 1971, 14, 140.785714, 4.214286, ZIP, 4379, 26, 168.423077, 9.115385, 
trial0003074, ZIC, 1540, 14, 110.000000, 4.071429, ZIP, 4483, 26, 172.423077, 8.423077, 
trial0003075, ZIC, 1208, 14, 86.285714, 3.142857, ZIP, 5126, 26, 197.153846, 9.307692, 
trial0003076, ZIC, 1069, 14, 76.357143, 2.500000, ZIP, 5009, 26, 192.653846, 9.038462, 
trial0003077, ZIC, 1629, 14, 116.357143, 4.000000, ZIP, 4282, 26, 164.692308, 8.000000, 
trial0003078, ZIC, 1403, 14, 100.214286, 3.857143, ZIP, 4601, 26, 176.961538, 8.153846, 
trial0003079, ZIC, 1813, 14, 129.500000, 5.214286, ZIP, 3446, 26, 132.538462, 7.269231, 
trial0003080, ZIC, 1453, 14, 103.785714, 4.000000, ZIP, 4449, 26, 171.115385, 7.461538, 
trial0003081, ZIC, 640, 14, 45.714286, 2.142857, ZIP, 5794, 26, 222.846154, 9.384615, 
trial0003082, ZIC, 1329, 14, 94.928571, 3.785714, ZIP, 4561, 26, 175.423077, 8.807692, 
trial0003083, ZIC, 2280, 14, 162.857143, 4.642857, ZIP, 3445, 26, 132.500000, 8.269231, 
trial0003084, ZIC, 652, 14, 46.571429, 2.357143, ZIP, 4923, 26, 189.346154, 7.423077, 
trial0003085, ZIC, 1651, 14, 117.928571, 3.928571, ZIP, 3965, 26, 152.500000, 7.730769, 
trial0003086, ZIC, 1631, 14, 116.500000, 4.428571, ZIP, 4391, 26, 168.884615, 8.230769, 
trial0003087, ZIC, 1955, 14, 139.642857, 4.357143, ZIP, 3981, 26, 153.115385, 7.730769, 
trial0003088, ZIC, 1282, 14, 91.571429, 3.000000, ZIP, 4117, 26, 158.346154, 7.846154, 
trial0003089, ZIC, 633, 14, 45.214286, 2.500000, ZIP, 4780, 26, 183.846154, 8.038462, 
trial0003090, ZIC, 1834, 14, 131.000000, 4.000000, ZIP, 4135, 26, 159.038462, 8.461538, 
trial0003091, ZIC, 1259, 14, 89.928571, 3.928571, ZIP, 3973, 26, 152.807692, 7.653846, 
trial0003092, ZIC, 1739, 14, 124.214286, 4.642857, ZIP, 3899, 26, 149.961538, 7.192308, 
trial0003093, ZIC, 1790, 14, 127.857143, 4.642857, ZIP, 3860, 26, 148.461538, 8.423077, 
trial0003094, ZIC, 1712, 14, 122.285714, 4.357143, ZIP, 4089, 26, 157.269231, 8.115385, 
trial0003095, ZIC, 1421, 14, 101.500000, 4.214286, ZIP, 4432, 26, 170.461538, 7.884615, 
trial0003096, ZIC, 1127, 14, 80.500000, 3.428571, ZIP, 5327, 26, 204.884615, 9.923077, 
trial0003097, ZIC, 1145, 14, 81.785714, 4.071429, ZIP, 4410, 26, 169.615385, 8.192308, 
trial0003098, ZIC, 887, 14, 63.357143, 2.214286, ZIP, 5391, 26, 207.346154, 9.730769, 
trial0003099, ZIC, 1259, 14, 89.928571, 3.285714, ZIP, 5041, 26, 193.884615, 9.000000, 
trial0003100, ZIC, 1191, 14, 85.071429, 3.071429, ZIP, 4782, 26, 183.923077, 8.961538, 
trial0003101, ZIC, 577, 14, 41.214286, 3.214286, ZIP, 2910, 26, 111.923077, 9.423077, 
trial0003102, ZIC, 664, 14, 47.428571, 3.071429, ZIP, 2295, 26, 88.269231, 6.538462, 
trial0003103, ZIC, 532, 14, 38.000000, 2.642857, ZIP, 3086, 26, 118.692308, 9.192308, 
trial0003104, ZIC, 704, 14, 50.285714, 2.785714, ZIP, 2732, 26, 105.076923, 8.192308, 
trial0003105, ZIC, 528, 14, 37.714286, 2.142857, ZIP, 3148, 26, 121.076923, 8.769231, 
trial0003106, ZIC, 715, 14, 51.071429, 2.928571, ZIP, 3175, 26, 122.115385, 9.038462, 
trial0003107, ZIC, 911, 14, 65.071429, 3.500000, ZIP, 1765, 26, 67.884615, 6.653846, 
trial0003108, ZIC, 790, 14, 56.428571, 3.071429, ZIP, 2652, 26, 102.000000, 9.576923, 
trial0003109, ZIC, 563, 14, 40.214286, 2.714286, ZIP, 2723, 26, 104.730769, 7.153846, 
trial0003110, ZIC, 726, 14, 51.857143, 2.857143, ZIP, 3044, 26, 117.076923, 9.153846, 
trial0003111, ZIC, 821, 14, 58.642857, 3.071429, ZIP, 2693, 26, 103.576923, 9.115385, 
trial0003112, ZIC, 875, 14, 62.500000, 3.500000, ZIP, 2670, 26, 102.692308, 8.269231, 
trial0003113, ZIC, 534, 14, 38.142857, 2.214286, ZIP, 3264, 26, 125.538462, 8.269231, 
trial0003114, ZIC, 1105, 14, 78.928571, 3.785714, ZIP, 2915, 26, 112.115385, 10.500000, 
trial0003115, ZIC, 629, 14, 44.928571, 3.214286, ZIP, 2846, 26, 109.461538, 8.576923, 
trial0003116, ZIC, 812, 14, 58.000000, 2.642857, ZIP, 2616, 26, 100.615385, 8.961538, 
trial0003117, ZIC, 784, 14, 56.000000, 3.000000, ZIP, 2166, 26, 83.307692, 5.692308, 
trial0003118, ZIC, 450, 14, 32.142857, 1.714286, ZIP, 3121, 26, 120.038462, 8.923077, 
trial0003119, ZIC, 563, 14, 40.214286, 2.642857, ZIP, 2776, 26, 106.769231, 7.346154, 
trial0003120, ZIC, 909, 14, 64.928571, 3.000000, ZIP, 2821, 26, 108.500000, 9.384615, 
trial0003121, ZIC, 355, 14, 25.357143, 2.428571, ZIP, 2918, 26, 112.230769, 7.923077, 
trial0003122, ZIC, 400, 14, 28.571429, 1.857143, ZIP, 2989, 26, 114.961538, 8.615385, 
trial0003123, ZIC, 537, 14, 38.357143, 2.214286, ZIP, 2815, 26, 108.269231, 8.269231, 
trial0003124, ZIC, 421, 14, 30.071429, 2.428571, ZIP, 3233, 26, 124.346154, 8.923077, 
trial0003125, ZIC, 337, 14, 24.071429, 1.928571, ZIP, 3012, 26, 115.846154, 7.730769, 
trial0003126, ZIC, 400, 14, 28.571429, 1.785714, ZIP, 2799, 26, 107.653846, 7.423077, 
trial0003127, ZIC, 624, 14, 44.571429, 2.857143, ZIP, 2911, 26, 111.961538, 8.615385, 
trial0003128, ZIC, 615, 14, 43.928571, 3.285714, ZIP, 2634, 26, 101.307692, 7.615385, 
trial0003129, ZIC, 775, 14, 55.357143, 4.357143, ZIP, 2106, 26, 81.000000, 5.346154, 
trial0003130, ZIC, 516, 14, 36.857143, 2.714286, ZIP, 3080, 26, 118.461538, 9.461538, 
trial0003131, ZIC, 774, 14, 55.285714, 2.785714, ZIP, 2592, 26, 99.692308, 7.961538, 
trial0003132, ZIC, 588, 14, 42.000000, 3.142857, ZIP, 2514, 26, 96.692308, 7.153846, 
trial0003133, ZIC, 530, 14, 37.857143, 2.642857, ZIP, 2873, 26, 110.500000, 8.730769, 
trial0003134, ZIC, 346, 14, 24.714286, 1.285714, ZIP, 3452, 26, 132.769231, 8.923077, 
trial0003135, ZIC, 883, 14, 63.071429, 3.857143, ZIP, 2703, 26, 103.961538, 8.538462, 
trial0003136, ZIC, 562, 14, 40.142857, 2.428571, ZIP, 2881, 26, 110.807692, 7.692308, 
trial0003137, ZIC, 521, 14, 37.214286, 1.785714, ZIP, 3298, 26, 126.846154, 9.038462, 
trial0003138, ZIC, 611, 14, 43.642857, 2.428571, ZIP, 2423, 26, 93.192308, 7.230769, 
trial0003139, ZIC, 446, 14, 31.857143, 1.928571, ZIP, 2971, 26, 114.269231, 7.500000, 
trial0003140, ZIC, 317, 14, 22.642857, 1.571429, ZIP, 3180, 26, 122.307692, 9.923077, 
trial0003141, ZIC, 599, 14, 42.785714, 3.071429, ZIP, 3059, 26, 117.653846, 9.653846, 
trial0003142, ZIC, 964, 14, 68.857143, 3.357143, ZIP, 2566, 26, 98.692308, 8.423077, 
trial0003143, ZIC, 409, 14, 29.214286, 1.785714, ZIP, 3392, 26, 130.461538, 8.961538, 
trial0003144, ZIC, 602, 14, 43.000000, 2.714286, ZIP, 2916, 26, 112.153846, 8.076923, 
trial0003145, ZIC, 666, 14, 47.571429, 2.571429, ZIP, 2776, 26, 106.769231, 8.076923, 
trial0003146, ZIC, 782, 14, 55.857143, 2.857143, ZIP, 2969, 26, 114.192308, 9.615385, 
trial0003147, ZIC, 498, 14, 35.571429, 1.857143, ZIP, 2658, 26, 102.230769, 9.000000, 
trial0003148, ZIC, 441, 14, 31.500000, 2.071429, ZIP, 3095, 26, 119.038462, 8.192308, 
trial0003149, ZIC, 319, 14, 22.785714, 1.928571, ZIP, 3206, 26, 123.307692, 8.346154, 
trial0003150, ZIC, 559, 14, 39.928571, 2.857143, ZIP, 2454, 26, 94.384615, 7.230769, 
trial0003151, ZIC, 603, 14, 43.071429, 2.142857, ZIP, 2337, 26, 89.884615, 7.153846, 
trial0003152, ZIC, 795, 14, 56.785714, 3.428571, ZIP, 2641, 26, 101.576923, 8.384615, 
trial0003153, ZIC, 603, 14, 43.071429, 2.285714, ZIP, 2920, 26, 112.307692, 8.692308, 
trial0003154, ZIC, 451, 14, 32.214286, 2.214286, ZIP, 3221, 26, 123.884615, 8.576923, 
trial0003155, ZIC, 254, 14, 18.142857, 1.714286, ZIP, 3378, 26, 129.923077, 9.000000, 
trial0003156, ZIC, 370, 14, 26.428571, 2.000000, ZIP, 3104, 26, 119.384615, 8.307692, 
trial0003157, ZIC, 702, 14, 50.142857, 3.285714, ZIP, 2679, 26, 103.038462, 8.923077, 
trial0003158, ZIC, 543, 14, 38.785714, 2.142857, ZIP, 3159, 26, 121.500000, 8.692308, 
trial0003159, ZIC, 502, 14, 35.857143, 2.071429, ZIP, 2886, 26, 111.000000, 8.653846, 
trial0003160, ZIC, 364, 14, 26.000000, 1.928571, ZIP, 3436, 26, 132.153846, 9.115385, 
trial0003161, ZIC, 289, 14, 20.642857, 1.071429, ZIP, 3221, 26, 123.884615, 8.807692, 
trial0003162, ZIC, 598, 14, 42.714286, 2.500000, ZIP, 2742, 26, 105.461538, 8.961538, 
trial0003163, ZIC, 612, 14, 43.714286, 2.714286, ZIP, 2744, 26, 105.538462, 9.000000, 
trial0003164, ZIC, 839, 14, 59.928571, 3.357143, ZIP, 2405, 26, 92.500000, 8.115385, 
trial0003165, ZIC, 143, 14, 10.214286, 0.714286, ZIP, 2596, 26, 99.846154, 5.769231, 
trial0003166, ZIC, 1015, 14, 72.500000, 3.571429, ZIP, 2129, 26, 81.884615, 7.846154, 
trial0003167, ZIC, 513, 14, 36.642857, 2.571429, ZIP, 3260, 26, 125.384615, 8.769231, 
trial0003168, ZIC, 539, 14, 38.500000, 1.857143, ZIP, 3447, 26, 132.576923, 9.923077, 
trial0003169, ZIC, 547, 14, 39.071429, 2.500000, ZIP, 2787, 26, 107.192308, 7.730769, 
trial0003170, ZIC, 603, 14, 43.071429, 2.714286, ZIP, 2810, 26, 108.076923, 6.846154, 
trial0003171, ZIC, 921, 14, 65.785714, 5.000000, ZIP, 2510, 26, 96.538462, 7.461538, 
trial0003172, ZIC, 255, 14, 18.214286, 1.642857, ZIP, 3057, 26, 117.576923, 7.269231, 
trial0003173, ZIC, 355, 14, 25.357143, 2.000000, ZIP, 2994, 26, 115.153846, 7.384615, 
trial0003174, ZIC, 685, 14, 48.928571, 3.142857, ZIP, 2832, 26, 108.923077, 7.692308, 
trial0003175, ZIC, 540, 14, 38.571429, 2.571429, ZIP, 2999, 26, 115.346154, 7.769231, 
trial0003176, ZIC, 887, 14, 63.357143, 3.428571, ZIP, 2543, 26, 97.807692, 7.692308, 
trial0003177, ZIC, 942, 14, 67.285714, 3.357143, ZIP, 2115, 26, 81.346154, 6.730769, 
trial0003178, ZIC, 833, 14, 59.500000, 3.214286, ZIP, 2252, 26, 86.615385, 7.500000, 
trial0003179, ZIC, 824, 14, 58.857143, 3.000000, ZIP, 2699, 26, 103.807692, 8.076923, 
trial0003180, ZIC, 133, 14, 9.500000, 1.142857, ZIP, 3830, 26, 147.307692, 9.307692, 
trial0003181, ZIC, 434, 14, 31.000000, 2.142857, ZIP, 3087, 26, 118.730769, 8.076923, 
trial0003182, ZIC, 531, 14, 37.928571, 2.857143, ZIP, 2736, 26, 105.230769, 8.615385, 
trial0003183, ZIC, 735, 14, 52.500000, 3.357143, ZIP, 2442, 26, 93.923077, 7.115385, 
trial0003184, ZIC, 821, 14, 58.642857, 3.357143, ZIP, 2338, 26, 89.923077, 7.961538, 
trial0003185, ZIC, 640, 14, 45.714286, 2.785714, ZIP, 3118, 26, 119.923077, 9.423077, 
trial0003186, ZIC, 278, 14, 19.857143, 1.428571, ZIP, 3026, 26, 116.384615, 8.923077, 
trial0003187, ZIC, 752, 14, 53.714286, 3.285714, ZIP, 2235, 26, 85.961538, 6.692308, 
trial0003188, ZIC, 743, 14, 53.071429, 3.000000, ZIP, 2798, 26, 107.615385, 9.000000, 
trial0003189, ZIC, 388, 14, 27.714286, 2.500000, ZIP, 3311, 26, 127.346154, 7.730769, 
trial0003190, ZIC, 485, 14, 34.642857, 2.571429, ZIP, 3418, 26, 131.461538, 8.384615, 
trial0003191, ZIC, 783, 14, 55.928571, 3.571429, ZIP, 2518, 26, 96.846154, 7.461538, 
trial0003192, ZIC, 921, 14, 65.785714, 3.500000, ZIP, 2422, 26, 93.153846, 7.038462, 
trial0003193, ZIC, 646, 14, 46.142857, 2.642857, ZIP, 2983, 26, 114.730769, 8.807692, 
trial0003194, ZIC, 700, 14, 50.000000, 3.285714, ZIP, 2526, 26, 97.153846, 7.461538, 
trial0003195, ZIC, 651, 14, 46.500000, 2.928571, ZIP, 2918, 26, 112.230769, 8.807692, 
trial0003196, ZIC, 567, 14, 40.500000, 2.357143, ZIP, 3349, 26, 128.807692, 8.576923, 
trial0003197, ZIC, 493, 14, 35.214286, 2.285714, ZIP, 2967, 26, 114.115385, 7.384615, 
trial0003198, ZIC, 1001, 14, 71.500000, 4.214286, ZIP, 2212, 26, 85.076923, 7.961538, 
trial0003199, ZIC, 578, 14, 41.285714, 2.285714, ZIP, 2454, 26, 94.384615, 7.076923, 
trial0003200, ZIC, 756, 14, 54.000000, 3.071429, ZIP, 2991, 26, 115.038462, 7.346154, 
trial0003201, ZIC, 1655, 14, 118.214286, 4.500000, ZIP, 3520, 26, 135.384615, 7.807692, 
trial0003202, ZIC, 1656, 14, 118.285714, 4.642857, ZIP, 3991, 26, 153.500000, 9.346154, 
trial0003203, ZIC, 1654, 14, 118.142857, 5.000000, ZIP, 3262, 26, 125.461538, 7.461538, 
trial0003204, ZIC, 854, 14, 61.000000, 2.785714, ZIP, 4868, 26, 187.230769, 8.807692, 
trial0003205, ZIC, 1576, 14, 112.571429, 5.285714, ZIP, 4167, 26, 160.269231, 7.615385, 
trial0003206, ZIC, 1323, 14, 94.500000, 4.857143, ZIP, 4354, 26, 167.461538, 7.384615, 
trial0003207, ZIC, 1309, 14, 93.500000, 3.785714, ZIP, 4349, 26, 167.269231, 8.576923, 
trial0003208, ZIC, 2294, 14, 163.857143, 5.642857, ZIP, 3272, 26, 125.846154, 7.576923, 
trial0003209, ZIC, 359, 14, 25.642857, 1.785714, ZIP, 5531, 26, 212.730769, 8.500000, 
trial0003210, ZIC, 1504, 14, 107.428571, 5.357143, ZIP, 4117, 26, 158.346154, 8.115385, 
trial0003211, ZIC, 1295, 14, 92.500000, 4.071429, ZIP, 4331, 26, 166.576923, 7.884615, 
trial0003212, ZIC, 905, 14, 64.642857, 2.857143, ZIP, 4456, 26, 171.384615, 9.000000, 
trial0003213, ZIC, 978, 14, 69.857143, 3.000000, ZIP, 4343, 26, 167.038462, 7.538462, 
trial0003214, ZIC, 1295, 14, 92.500000, 4.071429, ZIP, 4399, 26, 169.192308, 8.653846, 
trial0003215, ZIC, 1477, 14, 105.500000, 4.857143, ZIP, 4335, 26, 166.730769, 7.461538, 
trial0003216, ZIC, 935, 14, 66.785714, 3.071429, ZIP, 4740, 26, 182.307692, 8.192308, 
trial0003217, ZIC, 1427, 14, 101.928571, 4.285714, ZIP, 4202, 26, 161.615385, 8.538462, 
trial0003218, ZIC, 711, 14, 50.785714, 2.500000, ZIP, 4395, 26, 169.038462, 8.500000, 
trial0003219, ZIC, 1295, 14, 92.500000, 3.571429, ZIP, 4544, 26, 174.769231, 8.923077, 
trial0003220, ZIC, 1588, 14, 113.428571, 4.928571, ZIP, 4303, 26, 165.500000, 8.115385, 
trial0003221, ZIC, 1269, 14, 90.642857, 3.357143, ZIP, 4368, 26, 168.000000, 8.115385, 
trial0003222, ZIC, 596, 14, 42.571429, 2.000000, ZIP, 4638, 26, 178.384615, 7.461538, 
trial0003223, ZIC, 1930, 14, 137.857143, 5.428571, ZIP, 3768, 26, 144.923077, 8.615385, 
trial0003224, ZIC, 1269, 14, 90.642857, 3.214286, ZIP, 4532, 26, 174.307692, 8.884615, 
trial0003225, ZIC, 2107, 14, 150.500000, 5.142857, ZIP, 2943, 26, 113.192308, 7.000000, 
trial0003226, ZIC, 1159, 14, 82.785714, 4.000000, ZIP, 3784, 26, 145.538462, 7.230769, 
trial0003227, ZIC, 944, 14, 67.428571, 2.642857, ZIP, 4403, 26, 169.346154, 9.115385, 
trial0003228, ZIC, 570, 14, 40.714286, 1.857143, ZIP, 4865, 26, 187.115385, 9.076923, 
trial0003229, ZIC, 1271, 14, 90.785714, 3.714286, ZIP, 4425, 26, 170.192308, 8.615385, 
trial0003230, ZIC, 1484, 14, 106.000000, 3.714286, ZIP, 3842, 26, 147.769231, 7.538462, 
trial0003231, ZIC, 1652, 14, 118.000000, 5.714286, ZIP, 4061, 26, 156.192308, 7.923077, 
trial0003232, ZIC, 1045, 14, 74.642857, 2.928571, ZIP, 4669, 26, 179.576923, 8.192308, 
trial0003233, ZIC, 1404, 14, 100.285714, 4.357143, ZIP, 4673, 26, 179.730769, 8.500000, 
trial0003234, ZIC, 1456, 14, 104.000000, 4.285714, ZIP, 4426, 26, 170.230769, 8.384615, 
trial0003235, ZIC, 1151, 14, 82.214286, 3.142857, ZIP, 4476, 26, 172.153846, 8.461538, 
trial0003236, ZIC, 1123, 14, 80.214286, 3.428571, ZIP, 5018, 26, 193.000000, 9.846154, 
trial0003237, ZIC, 1837, 14, 131.214286, 4.785714, ZIP, 3232, 26, 124.307692, 6.269231, 
trial0003238, ZIC, 1092, 14, 78.000000, 3.285714, ZIP, 4272, 26, 164.307692, 9.384615, 
trial0003239, ZIC, 2158, 14, 154.142857, 5.142857, ZIP, 3298, 26, 126.846154, 8.846154, 
trial0003240, ZIC, 1833, 14, 130.928571, 5.142857, ZIP, 3683, 26, 141.653846, 8.807692, 
trial0003241, ZIC, 1719, 14, 122.785714, 4.214286, ZIP, 4555, 26, 175.192308, 9.038462, 
trial0003242, ZIC, 1039, 14, 74.214286, 3.500000, ZIP, 4558, 26, 175.307692, 7.423077, 
trial0003243, ZIC, 1001, 14, 71.500000, 3.714286, ZIP, 5002, 26, 192.384615, 9.769231, 
trial0003244, ZIC, 1705, 14, 121.785714, 4.214286, ZIP, 3840, 26, 147.692308, 7.884615, 
trial0003245, ZIC, 1924, 14, 137.428571, 5.142857, ZIP, 3655, 26, 140.576923, 7.692308, 
trial0003246, ZIC, 1240, 14, 88.571429, 3.571429, ZIP, 4470, 26, 171.923077, 7.923077, 
trial0003247, ZIC, 1016, 14, 72.571429, 2.928571, ZIP, 3859, 26, 148.423077, 8.269231, 
trial0003248, ZIC, 809, 14, 57.785714, 2.857143, ZIP, 5585, 26, 214.807692, 10.076923, 
trial0003249, ZIC, 1312, 14, 93.714286, 4.071429, ZIP, 4144, 26, 159.384615, 8.423077, 
trial0003250, ZIC, 1122, 14, 80.142857, 3.500000, ZIP, 4303, 26, 165.500000, 8.653846, 
trial0003251, ZIC, 1457, 14, 104.071429, 3.928571, ZIP, 4507, 26, 173.346154, 7.807692, 
trial0003252, ZIC, 1782, 14, 127.285714, 5.285714, ZIP, 3123, 26, 120.115385, 7.538462, 
trial0003253, ZIC, 2124, 14, 151.714286, 6.214286, ZIP, 3219, 26, 123.807692, 6.807692, 
trial0003254, ZIC, 842, 14, 60.142857, 2.785714, ZIP, 4486, 26, 172.538462, 9.038462, 
trial0003255, ZIC, 2051, 14, 146.500000, 4.642857, ZIP, 3183, 26, 122.423077, 8.269231, 
trial0003256, ZIC, 1774, 14, 126.714286, 4.785714, ZIP, 3928, 26, 151.076923, 8.884615, 
trial0003257, ZIC, 1133, 14, 80.928571, 4.142857, ZIP, 4848, 26, 186.461538, 8.846154, 
trial0003258, ZIC, 1734, 14, 123.857143, 5.285714, ZIP, 4279, 26, 164.576923, 8.307692, 
trial0003259, ZIC, 1029, 14, 73.500000, 3.500000, ZIP, 4398, 26, 169.153846, 8.269231, 
trial0003260, ZIC, 1964, 14, 140.285714, 6.000000, ZIP, 3817, 26, 146.807692, 7.500000, 
trial0003261, ZIC, 1553, 14, 110.928571, 4.642857, ZIP, 4107, 26, 157.961538, 8.653846, 
trial0003262, ZIC, 1099, 14, 78.500000, 3.357143, ZIP, 4613, 26, 177.423077, 8.038462, 
trial0003263, ZIC, 1438, 14, 102.714286, 4.214286, ZIP, 3968, 26, 152.615385, 8.115385, 
trial0003264, ZIC, 931, 14, 66.500000, 2.571429, ZIP, 4947, 26, 190.269231, 9.923077, 
trial0003265, ZIC, 1532, 14, 109.428571, 4.642857, ZIP, 4741, 26, 182.346154, 8.884615, 
trial0003266, ZIC, 1934, 14, 138.142857, 4.571429, ZIP, 3860, 26, 148.461538, 8.615385, 
trial0003267, ZIC, 1883, 14, 134.500000, 5.642857, ZIP, 4116, 26, 158.307692, 8.115385, 
trial0003268, ZIC, 1723, 14, 123.071429, 4.285714, ZIP, 4425, 26, 170.192308, 8.692308, 
trial0003269, ZIC, 1935, 14, 138.214286, 5.857143, ZIP, 3418, 26, 131.461538, 6.846154, 
trial0003270, ZIC, 1819, 14, 129.928571, 4.928571, ZIP, 4341, 26, 166.961538, 8.576923, 
trial0003271, ZIC, 1175, 14, 83.928571, 4.285714, ZIP, 3723, 26, 143.192308, 6.461538, 
trial0003272, ZIC, 1638, 14, 117.000000, 4.785714, ZIP, 3698, 26, 142.230769, 7.807692, 
trial0003273, ZIC, 1205, 14, 86.071429, 4.000000, ZIP, 4767, 26, 183.346154, 8.000000, 
trial0003274, ZIC, 1958, 14, 139.857143, 4.714286, ZIP, 4022, 26, 154.692308, 8.538462, 
trial0003275, ZIC, 1033, 14, 73.785714, 3.214286, ZIP, 4583, 26, 176.269231, 8.884615, 
trial0003276, ZIC, 1627, 14, 116.214286, 4.214286, ZIP, 4213, 26, 162.038462, 9.346154, 
trial0003277, ZIC, 1966, 14, 140.428571, 5.642857, ZIP, 3489, 26, 134.192308, 7.269231, 
trial0003278, ZIC, 823, 14, 58.785714, 2.571429, ZIP, 4428, 26, 170.307692, 8.538462, 
trial0003279, ZIC, 1234, 14, 88.142857, 3.357143, ZIP, 4619, 26, 177.653846, 8.576923, 
trial0003280, ZIC, 1298, 14, 92.714286, 3.857143, ZIP, 4530, 26, 174.230769, 8.769231, 
trial0003281, ZIC, 1534, 14, 109.571429, 4.214286, ZIP, 4468, 26, 171.846154, 9.038462, 
trial0003282, ZIC, 1935, 14, 138.214286, 4.642857, ZIP, 3432, 26, 132.000000, 7.807692, 
trial0003283, ZIC, 1786, 14, 127.571429, 3.571429, ZIP, 4120, 26, 158.461538, 9.769231, 
trial0003284, ZIC, 758, 14, 54.142857, 2.500000, ZIP, 4898, 26, 188.384615, 8.807692, 
trial0003285, ZIC, 1677, 14, 119.785714, 4.285714, ZIP, 3946, 26, 151.769231, 8.615385, 
trial0003286, ZIC, 1355, 14, 96.785714, 3.571429, ZIP, 4161, 26, 160.038462, 8.692308, 
trial0003287, ZIC, 1406, 14, 100.428571, 4.214286, ZIP, 4302, 26, 165.461538, 7.269231, 
trial0003288, ZIC, 845, 14, 60.357143, 2.857143, ZIP, 5257, 26, 202.192308, 9.884615, 
trial0003289, ZIC, 1118, 14, 79.857143, 2.928571, ZIP, 5080, 26, 195.384615, 10.115385, 
trial0003290, ZIC, 1822, 14, 130.142857, 3.571429, ZIP, 3708, 26, 142.615385, 8.692308, 
trial0003291, ZIC, 1704, 14, 121.714286, 4.428571, ZIP, 4112, 26, 158.153846, 9.000000, 
trial0003292, ZIC, 1567, 14, 111.928571, 3.500000, ZIP, 3938, 26, 151.461538, 8.653846, 
trial0003293, ZIC, 344, 14, 24.571429, 1.571429, ZIP, 5835, 26, 224.423077, 9.076923, 
trial0003294, ZIC, 919, 14, 65.642857, 3.714286, ZIP, 4420, 26, 170.000000, 7.461538, 
trial0003295, ZIC, 1352, 14, 96.571429, 4.071429, ZIP, 4445, 26, 170.961538, 8.884615, 
trial0003296, ZIC, 1968, 14, 140.571429, 5.142857, ZIP, 3558, 26, 136.846154, 7.538462, 
trial0003297, ZIC, 1965, 14, 140.357143, 4.500000, ZIP, 3957, 26, 152.192308, 8.346154, 
trial0003298, ZIC, 1453, 14, 103.785714, 4.428571, ZIP, 4647, 26, 178.730769, 8.153846, 
trial0003299, ZIC, 1960, 14, 140.000000, 5.285714, ZIP, 4066, 26, 156.384615, 8.538462, 
trial0003300, ZIC, 1068, 14, 76.285714, 4.000000, ZIP, 3829, 26, 147.269231, 7.000000, 
trial0003301, ZIC, 4146, 14, 296.142857, 5.785714, ZIP, 9432, 26, 362.769231, 7.653846, 
trial0003302, ZIC, 2075, 14, 148.214286, 3.785714, ZIP, 9548, 26, 367.230769, 7.576923, 
trial0003303, ZIC, 5335, 14, 381.071429, 5.928571, ZIP, 8419, 26, 323.807692, 7.807692, 
trial0003304, ZIC, 4897, 14, 349.785714, 5.928571, ZIP, 8099, 26, 311.500000, 7.961538, 
trial0003305, ZIC, 7174, 14, 512.428571, 8.571429, ZIP, 7847, 26, 301.807692, 7.153846, 
trial0003306, ZIC, 3969, 14, 283.500000, 3.928571, ZIP, 9751, 26, 375.038462, 7.423077, 
trial0003307, ZIC, 7452, 14, 532.285714, 7.714286, ZIP, 7769, 26, 298.807692, 7.923077, 
trial0003308, ZIC, 7298, 14, 521.285714, 8.285714, ZIP, 8011, 26, 308.115385, 7.692308, 
trial0003309, ZIC, 4902, 14, 350.142857, 5.714286, ZIP, 7704, 26, 296.307692, 8.153846, 
trial0003310, ZIC, 6596, 14, 471.142857, 7.785714, ZIP, 6988, 26, 268.769231, 7.269231, 
trial0003311, ZIC, 1742, 14, 124.428571, 3.571429, ZIP, 8497, 26, 326.807692, 7.153846, 
trial0003312, ZIC, 2997, 14, 214.071429, 4.571429, ZIP, 10210, 26, 392.692308, 8.076923, 
trial0003313, ZIC, 3617, 14, 258.357143, 5.285714, ZIP, 10179, 26, 391.500000, 8.153846, 
trial0003314, ZIC, 3565, 14, 254.642857, 5.000000, ZIP, 9249, 26, 355.730769, 6.923077, 
trial0003315, ZIC, 2588, 14, 184.857143, 4.500000, ZIP, 9376, 26, 360.615385, 6.807692, 
trial0003316, ZIC, 2209, 14, 157.785714, 3.642857, ZIP, 8952, 26, 344.307692, 7.423077, 
trial0003317, ZIC, 6771, 14, 483.642857, 8.500000, ZIP, 8304, 26, 319.384615, 7.423077, 
trial0003318, ZIC, 3951, 14, 282.214286, 5.500000, ZIP, 9535, 26, 366.730769, 8.038462, 
trial0003319, ZIC, 5235, 14, 373.928571, 6.500000, ZIP, 8680, 26, 333.846154, 7.730769, 
trial0003320, ZIC, 6100, 14, 435.714286, 8.642857, ZIP, 8000, 26, 307.692308, 7.115385, 
trial0003321, ZIC, 4549, 14, 324.928571, 7.428571, ZIP, 9717, 26, 373.730769, 7.692308, 
trial0003322, ZIC, 7154, 14, 511.000000, 8.357143, ZIP, 7474, 26, 287.461538, 7.807692, 
trial0003323, ZIC, 3493, 14, 249.500000, 4.071429, ZIP, 8921, 26, 343.115385, 7.884615, 
trial0003324, ZIC, 4327, 14, 309.071429, 5.928571, ZIP, 9505, 26, 365.576923, 8.730769, 
trial0003325, ZIC, 4356, 14, 311.142857, 6.285714, ZIP, 10026, 26, 385.615385, 7.076923, 
trial0003326, ZIC, 4095, 14, 292.500000, 6.214286, ZIP, 9548, 26, 367.230769, 8.192308, 
trial0003327, ZIC, 3937, 14, 281.214286, 5.071429, ZIP, 9682, 26, 372.384615, 8.192308, 
trial0003328, ZIC, 6528, 14, 466.285714, 6.857143, ZIP, 7591, 26, 291.961538, 7.461538, 
trial0003329, ZIC, 4454, 14, 318.142857, 5.571429, ZIP, 9623, 26, 370.115385, 8.153846, 
trial0003330, ZIC, 5138, 14, 367.000000, 6.428571, ZIP, 10354, 26, 398.230769, 8.230769, 
trial0003331, ZIC, 5133, 14, 366.642857, 5.571429, ZIP, 8732, 26, 335.846154, 7.692308, 
trial0003332, ZIC, 2924, 14, 208.857143, 4.000000, ZIP, 9640, 26, 370.769231, 7.846154, 
trial0003333, ZIC, 4340, 14, 310.000000, 6.785714, ZIP, 10646, 26, 409.461538, 7.346154, 
trial0003334, ZIC, 6394, 14, 456.714286, 7.642857, ZIP, 6729, 26, 258.807692, 6.961538, 
trial0003335, ZIC, 4767, 14, 340.500000, 6.000000, ZIP, 9389, 26, 361.115385, 8.384615, 
trial0003336, ZIC, 3462, 14, 247.285714, 6.071429, ZIP, 9016, 26, 346.769231, 7.115385, 
trial0003337, ZIC, 3125, 14, 223.214286, 5.571429, ZIP, 9275, 26, 356.730769, 7.384615, 
trial0003338, ZIC, 5181, 14, 370.071429, 6.857143, ZIP, 8959, 26, 344.576923, 7.846154, 
trial0003339, ZIC, 4463, 14, 318.785714, 4.928571, ZIP, 9427, 26, 362.576923, 8.576923, 
trial0003340, ZIC, 3510, 14, 250.714286, 4.857143, ZIP, 9646, 26, 371.000000, 7.384615, 
trial0003341, ZIC, 4550, 14, 325.000000, 6.285714, ZIP, 9811, 26, 377.346154, 7.461538, 
trial0003342, ZIC, 5816, 14, 415.428571, 7.214286, ZIP, 7539, 26, 289.961538, 6.730769, 
trial0003343, ZIC, 3079, 14, 219.928571, 4.142857, ZIP, 10735, 26, 412.884615, 8.692308, 
trial0003344, ZIC, 5794, 14, 413.857143, 8.285714, ZIP, 7962, 26, 306.230769, 7.230769, 
trial0003345, ZIC, 4115, 14, 293.928571, 4.928571, ZIP, 8965, 26, 344.807692, 7.884615, 
trial0003346, ZIC, 5689, 14, 406.357143, 5.928571, ZIP, 7614, 26, 292.846154, 6.884615, 
trial0003347, ZIC, 5046, 14, 360.428571, 5.571429, ZIP, 8909, 26, 342.653846, 8.076923, 
trial0003348, ZIC, 5643, 14, 403.071429, 7.642857, ZIP, 7771, 26, 298.884615, 7.346154, 
trial0003349, ZIC, 4471, 14, 319.357143, 6.714286, ZIP, 7942, 26, 305.461538, 6.692308, 
trial0003350, ZIC, 4458, 14, 318.428571, 6.071429, ZIP, 9374, 26, 360.538462, 8.346154, 
trial0003351, ZIC, 5274, 14, 376.714286, 5.714286, ZIP, 8632, 26, 332.000000, 8.230769, 
trial0003352, ZIC, 3750, 14, 267.857143, 6.357143, ZIP, 9706, 26, 373.307692, 8.884615, 
trial0003353, ZIC, 7440, 14, 531.428571, 7.428571, ZIP, 7053, 26, 271.269231, 7.923077, 
trial0003354, ZIC, 4000, 14, 285.714286, 6.000000, ZIP, 9839, 26, 378.423077, 7.307692, 
trial0003355, ZIC, 5135, 14, 366.785714, 5.928571, ZIP, 9268, 26, 356.461538, 7.653846, 
trial0003356, ZIC, 4390, 14, 313.571429, 6.500000, ZIP, 8833, 26, 339.730769, 7.346154, 
trial0003357, ZIC, 8415, 14, 601.071429, 9.285714, ZIP, 6123, 26, 235.500000, 6.923077, 
trial0003358, ZIC, 3697, 14, 264.071429, 4.785714, ZIP, 8687, 26, 334.115385, 8.115385, 
trial0003359, ZIC, 4714, 14, 336.714286, 5.785714, ZIP, 9911, 26, 381.192308, 8.653846, 
trial0003360, ZIC, 6595, 14, 471.071429, 8.571429, ZIP, 9077, 26, 349.115385, 8.076923, 
trial0003361, ZIC, 4244, 14, 303.142857, 6.357143, ZIP, 9320, 26, 358.461538, 7.346154, 
trial0003362, ZIC, 6978, 14, 498.428571, 8.500000, ZIP, 8712, 26, 335.076923, 7.653846, 
trial0003363, ZIC, 5443, 14, 388.785714, 6.357143, ZIP, 7708, 26, 296.461538, 6.192308, 
trial0003364, ZIC, 5427, 14, 387.642857, 6.142857, ZIP, 7506, 26, 288.692308, 6.769231, 
trial0003365, ZIC, 4189, 14, 299.214286, 5.357143, ZIP, 9919, 26, 381.500000, 7.730769, 
trial0003366, ZIC, 6287, 14, 449.071429, 6.142857, ZIP, 7833, 26, 301.269231, 6.846154, 
trial0003367, ZIC, 5138, 14, 367.000000, 5.285714, ZIP, 8272, 26, 318.153846, 7.769231, 
trial0003368, ZIC, 7492, 14, 535.142857, 8.214286, ZIP, 6754, 26, 259.769231, 7.269231, 
trial0003369, ZIC, 6489, 14, 463.500000, 8.642857, ZIP, 8544, 26, 328.615385, 7.115385, 
trial0003370, ZIC, 5105, 14, 364.642857, 5.714286, ZIP, 8048, 26, 309.538462, 7.615385, 
trial0003371, ZIC, 4883, 14, 348.785714, 5.642857, ZIP, 7362, 26, 283.153846, 6.961538, 
trial0003372, ZIC, 4025, 14, 287.500000, 5.071429, ZIP, 9698, 26, 373.000000, 7.500000, 
trial0003373, ZIC, 4636, 14, 331.142857, 6.785714, ZIP, 9270, 26, 356.538462, 7.346154, 
trial0003374, ZIC, 1929, 14, 137.785714, 4.000000, ZIP, 11808, 26, 454.153846, 8.230769, 
trial0003375, ZIC, 5623, 14, 401.642857, 6.928571, ZIP, 8147, 26, 313.346154, 7.192308, 
trial0003376, ZIC, 1881, 14, 134.357143, 2.928571, ZIP, 10588, 26, 407.230769, 7.961538, 
trial0003377, ZIC, 5509, 14, 393.500000, 5.928571, ZIP, 8164, 26, 314.000000, 7.961538, 
trial0003378, ZIC, 5038, 14, 359.857143, 6.000000, ZIP, 10319, 26, 396.884615, 8.076923, 
trial0003379, ZIC, 4287, 14, 306.214286, 5.642857, ZIP, 8607, 26, 331.038462, 7.807692, 
trial0003380, ZIC, 4089, 14, 292.071429, 5.071429, ZIP, 9507, 26, 365.653846, 7.269231, 
trial0003381, ZIC, 6097, 14, 435.500000, 6.071429, ZIP, 9122, 26, 350.846154, 8.115385, 
trial0003382, ZIC, 4254, 14, 303.857143, 5.785714, ZIP, 10123, 26, 389.346154, 8.500000, 
trial0003383, ZIC, 6203, 14, 443.071429, 8.500000, ZIP, 7238, 26, 278.384615, 6.346154, 
trial0003384, ZIC, 5856, 14, 418.285714, 7.642857, ZIP, 7537, 26, 289.884615, 7.346154, 
trial0003385, ZIC, 2823, 14, 201.642857, 5.000000, ZIP, 10245, 26, 394.038462, 8.230769, 
trial0003386, ZIC, 2923, 14, 208.785714, 4.642857, ZIP, 10203, 26, 392.423077, 7.961538, 
trial0003387, ZIC, 4761, 14, 340.071429, 5.214286, ZIP, 6964, 26, 267.846154, 7.115385, 
trial0003388, ZIC, 4821, 14, 344.357143, 6.071429, ZIP, 9372, 26, 360.461538, 9.115385, 
trial0003389, ZIC, 2791, 14, 199.357143, 3.071429, ZIP, 10574, 26, 406.692308, 9.115385, 
trial0003390, ZIC, 4929, 14, 352.071429, 5.571429, ZIP, 9827, 26, 377.961538, 8.384615, 
trial0003391, ZIC, 4805, 14, 343.214286, 6.571429, ZIP, 9667, 26, 371.807692, 7.692308, 
trial0003392, ZIC, 4999, 14, 357.071429, 5.357143, ZIP, 8430, 26, 324.230769, 8.115385, 
trial0003393, ZIC, 7645, 14, 546.071429, 10.071429, ZIP, 7344, 26, 282.461538, 7.269231, 
trial0003394, ZIC, 5798, 14, 414.142857, 6.857143, ZIP, 8385, 26, 322.500000, 8.076923, 
trial0003395, ZIC, 4321, 14, 308.642857, 5.357143, ZIP, 9620, 26, 370.000000, 8.269231, 
trial0003396, ZIC, 5603, 14, 400.214286, 5.285714, ZIP, 9793, 26, 376.653846, 9.000000, 
trial0003397, ZIC, 4140, 14, 295.714286, 5.857143, ZIP, 9065, 26, 348.653846, 7.769231, 
trial0003398, ZIC, 4159, 14, 297.071429, 5.000000, ZIP, 8911, 26, 342.730769, 8.692308, 
trial0003399, ZIC, 4760, 14, 340.000000, 6.428571, ZIP, 10234, 26, 393.615385, 9.384615, 
trial0003400, ZIC, 6151, 14, 439.357143, 7.428571, ZIP, 8437, 26, 324.500000, 7.692308, 
trial0003401, ZIC, 3056, 14, 218.285714, 6.714286, ZIP, 4034, 26, 155.153846, 7.846154, 
trial0003402, ZIC, 1790, 14, 127.857143, 4.857143, ZIP, 5472, 26, 210.461538, 8.615385, 
trial0003403, ZIC, 2892, 14, 206.571429, 6.571429, ZIP, 3704, 26, 142.461538, 6.461538, 
trial0003404, ZIC, 1963, 14, 140.214286, 4.428571, ZIP, 4781, 26, 183.884615, 7.384615, 
trial0003405, ZIC, 1215, 14, 86.785714, 2.428571, ZIP, 5637, 26, 216.807692, 9.076923, 
trial0003406, ZIC, 2334, 14, 166.714286, 5.642857, ZIP, 4637, 26, 178.346154, 8.038462, 
trial0003407, ZIC, 2440, 14, 174.285714, 6.500000, ZIP, 4949, 26, 190.346154, 7.576923, 
trial0003408, ZIC, 2574, 14, 183.857143, 5.857143, ZIP, 4398, 26, 169.153846, 8.230769, 
trial0003409, ZIC, 1935, 14, 138.214286, 4.785714, ZIP, 5462, 26, 210.076923, 8.500000, 
trial0003410, ZIC, 2393, 14, 170.928571, 5.214286, ZIP, 5078, 26, 195.307692, 8.576923, 
trial0003411, ZIC, 1767, 14, 126.214286, 4.714286, ZIP, 4381, 26, 168.500000, 7.153846, 
trial0003412, ZIC, 2539, 14, 181.357143, 5.428571, ZIP, 4493, 26, 172.807692, 7.846154, 
trial0003413, ZIC, 2116, 14, 151.142857, 5.571429, ZIP, 5028, 26, 193.384615, 8.538462, 
trial0003414, ZIC, 2003, 14, 143.071429, 4.857143, ZIP, 6018, 26, 231.461538, 8.846154, 
trial0003415, ZIC, 1999, 14, 142.785714, 4.714286, ZIP, 4916, 26, 189.076923, 7.923077, 
trial0003416, ZIC, 1750, 14, 125.000000, 3.857143, ZIP, 5458, 26, 209.923077, 8.307692, 
trial0003417, ZIC, 2861, 14, 204.357143, 6.357143, ZIP, 4442, 26, 170.846154, 6.961538, 
trial0003418, ZIC, 2276, 14, 162.571429, 5.071429, ZIP, 4664, 26, 179.384615, 7.884615, 
trial0003419, ZIC, 1588, 14, 113.428571, 4.428571, ZIP, 5719, 26, 219.961538, 8.230769, 
trial0003420, ZIC, 2469, 14, 176.357143, 5.214286, ZIP, 5711, 26, 219.653846, 9.115385, 
trial0003421, ZIC, 2719, 14, 194.214286, 5.428571, ZIP, 4587, 26, 176.423077, 7.769231, 
trial0003422, ZIC, 2157, 14, 154.071429, 5.428571, ZIP, 5848, 26, 224.923077, 9.076923, 
trial0003423, ZIC, 1523, 14, 108.785714, 4.142857, ZIP, 6213, 26, 238.961538, 8.384615, 
trial0003424, ZIC, 1662, 14, 118.714286, 4.571429, ZIP, 5523, 26, 212.423077, 7.153846, 
trial0003425, ZIC, 1357, 14, 96.928571, 3.285714, ZIP, 5640, 26, 216.923077, 8.461538, 
trial0003426, ZIC, 1893, 14, 135.214286, 4.642857, ZIP, 4867, 26, 187.192308, 8.346154, 
trial0003427, ZIC, 1993, 14, 142.357143, 4.500000, ZIP, 5249, 26, 201.884615, 8.038462, 
trial0003428, ZIC, 2216, 14, 158.285714, 5.857143, ZIP, 4650, 26, 178.846154, 6.538462, 
trial0003429, ZIC, 2175, 14, 155.357143, 5.214286, ZIP, 4696, 26, 180.615385, 7.500000, 
trial0003430, ZIC, 2395, 14, 171.071429, 5.714286, ZIP, 4871, 26, 187.346154, 8.692308, 
trial0003431, ZIC, 1364, 14, 97.428571, 3.714286, ZIP, 4605, 26, 177.115385, 7.615385, 
trial0003432, ZIC, 1151, 14, 82.214286, 2.785714, ZIP, 4593, 26, 176.653846, 7.653846, 
trial0003433, ZIC, 2155, 14, 153.928571, 4.642857, ZIP, 4990, 26, 191.923077, 9.038462, 
trial0003434, ZIC, 1989, 14, 142.071429, 5.214286, ZIP, 5091, 26, 195.807692, 8.038462, 
trial0003435, ZIC, 1784, 14, 127.428571, 4.142857, ZIP, 5235, 26, 201.346154, 8.461538, 
trial0003436, ZIC, 1931, 14, 137.928571, 4.571429, ZIP, 5173, 26, 198.961538, 8.000000, 
trial0003437, ZIC, 645, 14, 46.071429, 2.714286, ZIP, 6889, 26, 264.961538, 9.692308, 
trial0003438, ZIC, 2984, 14, 213.142857, 7.071429, ZIP, 3839, 26, 147.653846, 6.961538, 
trial0003439, ZIC, 1772, 14, 126.571429, 4.357143, ZIP, 4761, 26, 183.115385, 8.038462, 
trial0003440, ZIC, 1315, 14, 93.928571, 3.857143, ZIP, 6191, 26, 238.115385, 9.076923, 
trial0003441, ZIC, 1863, 14, 133.071429, 3.857143, ZIP, 5306, 26, 204.076923, 8.615385, 
trial0003442, ZIC, 2127, 14, 151.928571, 5.785714, ZIP, 4885, 26, 187.884615, 8.115385, 
trial0003443, ZIC, 1914, 14, 136.714286, 4.928571, ZIP, 5174, 26, 199.000000, 7.730769, 
trial0003444, ZIC, 2004, 14, 143.142857, 4.500000, ZIP, 4819, 26, 185.346154, 8.346154, 
trial0003445, ZIC, 1174, 14, 83.857143, 2.285714, ZIP, 5287, 26, 203.346154, 8.461538, 
trial0003446, ZIC, 1416, 14, 101.142857, 3.500000, ZIP, 5376, 26, 206.769231, 7.961538, 
trial0003447, ZIC, 1287, 14, 91.928571, 2.642857, ZIP, 5588, 26, 214.923077, 8.192308, 
trial0003448, ZIC, 1864, 14, 133.142857, 4.428571, ZIP, 4881, 26, 187.730769, 8.000000, 
trial0003449, ZIC, 1441, 14, 102.928571, 4.071429, ZIP, 5049, 26, 194.192308, 8.653846, 
trial0003450, ZIC, 2183, 14, 155.928571, 5.714286, ZIP, 4895, 26, 188.269231, 8.307692, 
trial0003451, ZIC, 2077, 14, 148.357143, 4.714286, ZIP, 5732, 26, 220.461538, 9.000000, 
trial0003452, ZIC, 2576, 14, 184.000000, 5.857143, ZIP, 4982, 26, 191.615385, 8.615385, 
trial0003453, ZIC, 1923, 14, 137.357143, 6.000000, ZIP, 5099, 26, 196.115385, 7.769231, 
trial0003454, ZIC, 2498, 14, 178.428571, 5.357143, ZIP, 5207, 26, 200.269231, 9.115385, 
trial0003455, ZIC, 1147, 14, 81.928571, 2.785714, ZIP, 5449, 26, 209.576923, 8.807692, 
trial0003456, ZIC, 1288, 14, 92.000000, 3.357143, ZIP, 5632, 26, 216.615385, 8.961538, 
trial0003457, ZIC, 765, 14, 54.642857, 2.642857, ZIP, 6208, 26, 238.769231, 9.346154, 
trial0003458, ZIC, 2124, 14, 151.714286, 4.928571, ZIP, 5158, 26, 198.384615, 8.269231, 
trial0003459, ZIC, 1550, 14, 110.714286, 4.071429, ZIP, 4988, 26, 191.846154, 8.038462, 
trial0003460, ZIC, 1341, 14, 95.785714, 3.000000, ZIP, 5628, 26, 216.461538, 8.769231, 
trial0003461, ZIC, 1970, 14, 140.714286, 5.285714, ZIP, 5092, 26, 195.846154, 7.538462, 
trial0003462, ZIC, 3296, 14, 235.428571, 6.500000, ZIP, 3748, 26, 144.153846, 8.115385, 
trial0003463, ZIC, 2480, 14, 177.142857, 5.857143, ZIP, 4536, 26, 174.461538, 8.307692, 
trial0003464, ZIC, 2546, 14, 181.857143, 5.714286, ZIP, 4674, 26, 179.769231, 7.769231, 
trial0003465, ZIC, 1939, 14, 138.500000, 4.357143, ZIP, 5362, 26, 206.230769, 9.115385, 
trial0003466, ZIC, 1695, 14, 121.071429, 4.071429, ZIP, 4370, 26, 168.076923, 8.038462, 
trial0003467, ZIC, 1208, 14, 86.285714, 3.642857, ZIP, 5803, 26, 223.192308, 8.269231, 
trial0003468, ZIC, 3328, 14, 237.714286, 6.857143, ZIP, 4379, 26, 168.423077, 8.538462, 
trial0003469, ZIC, 2655, 14, 189.642857, 6.142857, ZIP, 4634, 26, 178.230769, 7.923077, 
trial0003470, ZIC, 2847, 14, 203.357143, 5.285714, ZIP, 4503, 26, 173.192308, 8.769231, 
trial0003471, ZIC, 1743, 14, 124.500000, 5.142857, ZIP, 4966, 26, 191.000000, 7.923077, 
trial0003472, ZIC, 823, 14, 58.785714, 2.571429, ZIP, 6657, 26, 256.038462, 10.230769, 
trial0003473, ZIC, 695, 14, 49.642857, 2.142857, ZIP, 6061, 26, 233.115385, 8.153846, 
trial0003474, ZIC, 2008, 14, 143.428571, 4.714286, ZIP, 4896, 26, 188.307692, 8.230769, 
trial0003475, ZIC, 2466, 14, 176.142857, 5.500000, ZIP, 4666, 26, 179.461538, 7.961538, 
trial0003476, ZIC, 1359, 14, 97.071429, 2.714286, ZIP, 5369, 26, 206.500000, 8.769231, 
trial0003477, ZIC, 3065, 14, 218.928571, 6.714286, ZIP, 4288, 26, 164.923077, 8.769231, 
trial0003478, ZIC, 1903, 14, 135.928571, 4.857143, ZIP, 4540, 26, 174.615385, 7.923077, 
trial0003479, ZIC, 995, 14, 71.071429, 2.642857, ZIP, 5148, 26, 198.000000, 7.269231, 
trial0003480, ZIC, 1423, 14, 101.642857, 3.714286, ZIP, 5928, 26, 228.000000, 8.384615, 
trial0003481, ZIC, 1095, 14, 78.214286, 3.142857, ZIP, 5707, 26, 219.500000, 9.000000, 
trial0003482, ZIC, 956, 14, 68.285714, 2.785714, ZIP, 5111, 26, 196.576923, 6.423077, 
trial0003483, ZIC, 2089, 14, 149.214286, 5.142857, ZIP, 4631, 26, 178.115385, 6.923077, 
trial0003484, ZIC, 2384, 14, 170.285714, 4.571429, ZIP, 4934, 26, 189.769231, 8.384615, 
trial0003485, ZIC, 2492, 14, 178.000000, 4.928571, ZIP, 4438, 26, 170.692308, 8.346154, 
trial0003486, ZIC, 2615, 14, 186.785714, 5.785714, ZIP, 5014, 26, 192.846154, 7.500000, 
trial0003487, ZIC, 2225, 14, 158.928571, 4.357143, ZIP, 4865, 26, 187.115385, 8.730769, 
trial0003488, ZIC, 2783, 14, 198.785714, 6.214286, ZIP, 4325, 26, 166.346154, 7.653846, 
trial0003489, ZIC, 2101, 14, 150.071429, 6.071429, ZIP, 5137, 26, 197.576923, 7.884615, 
trial0003490, ZIC, 1582, 14, 113.000000, 4.285714, ZIP, 5667, 26, 217.961538, 8.230769, 
trial0003491, ZIC, 1333, 14, 95.214286, 3.214286, ZIP, 5536, 26, 212.923077, 8.500000, 
trial0003492, ZIC, 2168, 14, 154.857143, 5.142857, ZIP, 5059, 26, 194.576923, 8.307692, 
trial0003493, ZIC, 3229, 14, 230.642857, 7.071429, ZIP, 4195, 26, 161.346154, 7.500000, 
trial0003494, ZIC, 2028, 14, 144.857143, 5.714286, ZIP, 5273, 26, 202.807692, 7.923077, 
trial0003495, ZIC, 1029, 14, 73.500000, 3.428571, ZIP, 5706, 26, 219.461538, 8.461538, 
trial0003496, ZIC, 1211, 14, 86.500000, 2.928571, ZIP, 5746, 26, 221.000000, 8.192308, 
trial0003497, ZIC, 2915, 14, 208.214286, 6.785714, ZIP, 3744, 26, 144.000000, 7.269231, 
trial0003498, ZIC, 1524, 14, 108.857143, 3.857143, ZIP, 5814, 26, 223.615385, 8.923077, 
trial0003499, ZIC, 1021, 14, 72.928571, 2.857143, ZIP, 5336, 26, 205.230769, 8.153846, 
trial0003500, ZIC, 1988, 14, 142.000000, 5.285714, ZIP, 4957, 26, 190.653846, 8.692308, 
