trial0003001, 000600, AA, 12378, 26, 476.110997, ZIP, 3525, 14, 251.793863, 150, 156, 
trial0003002, 000600, AA, 12796, 26, 492.166444, ZIP, 3200, 14, 228.619462, 151, 151, 
trial0003003, 000600, AA, 7398, 26, 284.551680, ZIP, 5209, 14, 372.118309, 141, 142, 
trial0003004, 000600, AA, 12593, 26, 484.364096, ZIP, 3377, 14, 241.252393, 140, 142, 
trial0003005, 000600, AA, 8285, 26, 318.668758, ZIP, 5001, 14, 357.258020, 150, 154, 
trial0003006, 000600, AA, 13647, 26, 524.894096, ZIP, 2778, 14, 198.482393, 143, 153, 
trial0003007, 000600, AA, 9909, 26, 381.121651, ZIP, 4345, 14, 310.416933, 140, 151, 
trial0003008, 000600, AA, 8267, 26, 317.979455, ZIP, 5894, 14, 421.038154, 136, 144, 
trial0003009, 000600, AA, 13099, 26, 503.818878, ZIP, 3511, 14, 250.836369, 141, 151, 
trial0003010, 000600, AA, 10995, 26, 422.904302, ZIP, 4223, 14, 301.677724, 142, 147, 
trial0003011, 000600, AA, 10930, 26, 420.395661, ZIP, 4774, 14, 341.050915, 150, 160, 
trial0003012, 000600, AA, 12474, 26, 479.774175, ZIP, 3810, 14, 272.205104, 149, 155, 
trial0003013, 000600, AA, 14671, 26, 564.287602, ZIP, 2109, 14, 150.680168, 148, 157, 
trial0003014, 000600, AA, 9774, 26, 375.929247, ZIP, 5526, 14, 394.774256, 150, 155, 
trial0003015, 000600, AA, 8993, 26, 345.890532, ZIP, 5674, 14, 405.346155, 144, 151, 
trial0003016, 000600, AA, 11539, 26, 443.816741, ZIP, 4509, 14, 322.126052, 149, 151, 
trial0003017, 000600, AA, 11642, 26, 447.780488, ZIP, 3756, 14, 268.336236, 150, 157, 
trial0003018, 000600, AA, 12964, 26, 498.616505, ZIP, 3067, 14, 219.140776, 141, 151, 
trial0003019, 000600, AA, 10345, 26, 397.913142, ZIP, 4841, 14, 345.804165, 141, 147, 
trial0003020, 000600, AA, 7908, 26, 304.184989, ZIP, 5664, 14, 404.585021, 156, 157, 
trial0003021, 000600, AA, 11564, 26, 444.781313, ZIP, 3823, 14, 273.120419, 138, 142, 
trial0003022, 000600, AA, 10139, 26, 389.994025, ZIP, 4728, 14, 337.725383, 138, 147, 
trial0003023, 000600, AA, 11125, 26, 427.891721, ZIP, 4379, 14, 312.843947, 141, 168, 
trial0003024, 000600, AA, 9779, 26, 376.129295, ZIP, 5370, 14, 383.617024, 133, 143, 
trial0003025, 000600, AA, 11631, 26, 447.355710, ZIP, 3581, 14, 255.839396, 144, 159, 
trial0003026, 000600, AA, 10528, 26, 404.957235, ZIP, 4670, 14, 333.579421, 152, 160, 
trial0003027, 000600, AA, 14051, 26, 540.428928, ZIP, 2900, 14, 207.203419, 141, 151, 
trial0003028, 000600, AA, 12127, 26, 466.442330, ZIP, 3662, 14, 261.607101, 143, 161, 
trial0003029, 000600, AA, 12275, 26, 472.143733, ZIP, 3746, 14, 267.590211, 149, 151, 
trial0003030, 000600, AA, 13051, 26, 501.998805, ZIP, 3093, 14, 220.930790, 129, 153, 
trial0003031, 000600, AA, 10064, 26, 387.109614, ZIP, 4774, 14, 341.010717, 136, 142, 
trial0003032, 000600, AA, 11225, 26, 431.762930, ZIP, 4671, 14, 333.654559, 145, 147, 
trial0003033, 000600, AA, 8281, 26, 318.500574, ZIP, 6492, 14, 463.784648, 146, 151, 
trial0003034, 000600, AA, 13393, 26, 515.135875, ZIP, 3411, 14, 243.676232, 141, 152, 
trial0003035, 000600, AA, 10071, 26, 387.379988, ZIP, 5216, 14, 372.580023, 137, 139, 
trial0003036, 000600, AA, 12601, 26, 484.658507, ZIP, 3386, 14, 241.919915, 149, 150, 
trial0003037, 000600, AA, 7407, 26, 284.895905, ZIP, 6068, 14, 433.479034, 136, 142, 
trial0003038, 000600, AA, 11083, 26, 426.286941, ZIP, 4163, 14, 297.395681, 150, 152, 
trial0003039, 000600, AA, 10304, 26, 396.332770, ZIP, 4700, 14, 335.739141, 139, 142, 
trial0003040, 000600, AA, 13134, 26, 505.155104, ZIP, 3072, 14, 219.497665, 131, 161, 
trial0003041, 000600, AA, 10896, 26, 419.111111, ZIP, 4324, 14, 308.865079, 150, 157, 
trial0003042, 000600, AA, 7402, 26, 284.725576, ZIP, 6508, 14, 464.866788, 136, 137, 
trial0003043, 000600, AA, 8260, 26, 317.695771, ZIP, 5539, 14, 395.707854, 130, 132, 
trial0003044, 000600, AA, 9160, 26, 352.327977, ZIP, 5321, 14, 380.105186, 133, 137, 
trial0003045, 000600, AA, 10222, 26, 393.180039, ZIP, 4755, 14, 339.665642, 143, 145, 
trial0003046, 000600, AA, 10145, 26, 390.215326, ZIP, 4798, 14, 342.742966, 141, 144, 
trial0003047, 000600, AA, 12383, 26, 476.281324, ZIP, 3770, 14, 269.334685, 135, 151, 
trial0003048, 000600, AA, 10571, 26, 406.611783, ZIP, 4935, 14, 352.506689, 147, 152, 
trial0003049, 000600, AA, 9046, 26, 347.925921, ZIP, 5058, 14, 361.351861, 151, 153, 
trial0003050, 000600, AA, 11186, 26, 430.242667, ZIP, 3790, 14, 270.763619, 147, 151, 
trial0003051, 000600, AA, 14589, 26, 561.131140, ZIP, 2231, 14, 159.399312, 130, 171, 
trial0003052, 000600, AA, 9884, 26, 380.171346, ZIP, 4697, 14, 335.538928, 137, 142, 
trial0003053, 000600, AA, 13387, 26, 514.901937, ZIP, 3185, 14, 227.539259, 140, 156, 
trial0003054, 000600, AA, 9997, 26, 384.526070, ZIP, 5127, 14, 366.237298, 143, 149, 
trial0003055, 000600, AA, 13865, 26, 533.270519, ZIP, 2700, 14, 192.926178, 144, 146, 
trial0003056, 000600, AA, 11105, 26, 427.117109, ZIP, 4551, 14, 325.139655, 127, 132, 
trial0003057, 000600, AA, 12006, 26, 461.775689, ZIP, 3423, 14, 244.559435, 150, 162, 
trial0003058, 000600, AA, 7893, 26, 303.607945, ZIP, 5496, 14, 392.585246, 147, 151, 
trial0003059, 000600, AA, 10071, 26, 387.365952, ZIP, 4511, 14, 322.248946, 148, 150, 
trial0003060, 000600, AA, 11974, 26, 460.546593, ZIP, 3824, 14, 273.199184, 160, 163, 
trial0003061, 000600, AA, 10762, 26, 413.925433, ZIP, 4539, 14, 324.281339, 142, 151, 
trial0003062, 000600, AA, 13599, 26, 523.059801, ZIP, 2685, 14, 191.817512, 141, 146, 
trial0003063, 000600, AA, 11228, 26, 431.877982, ZIP, 4600, 14, 328.583748, 143, 161, 
trial0003064, 000600, AA, 10661, 26, 410.047581, ZIP, 4005, 14, 286.125921, 149, 160, 
trial0003065, 000600, AA, 12694, 26, 488.233113, ZIP, 3591, 14, 256.567076, 141, 162, 
trial0003066, 000600, AA, 11455, 26, 440.613067, ZIP, 4285, 14, 306.075732, 141, 142, 
trial0003067, 000600, AA, 12351, 26, 475.060885, ZIP, 3198, 14, 228.458356, 146, 151, 
trial0003068, 000600, AA, 10517, 26, 404.504849, ZIP, 4181, 14, 298.705280, 139, 142, 
trial0003069, 000600, AA, 7611, 26, 292.745856, ZIP, 5802, 14, 414.471982, 161, 167, 
trial0003070, 000600, AA, 11180, 26, 430.016227, ZIP, 4091, 14, 292.255579, 150, 157, 
trial0003071, 000600, AA, 9509, 26, 365.740068, ZIP, 4906, 14, 350.482730, 144, 151, 
trial0003072, 000600, AA, 10998, 26, 423.026557, ZIP, 4273, 14, 305.236395, 143, 150, 
trial0003073, 000600, AA, 11535, 26, 443.655177, ZIP, 4110, 14, 293.640386, 143, 146, 
trial0003074, 000600, AA, 9468, 26, 364.176315, ZIP, 5347, 14, 381.958273, 144, 146, 
trial0003075, 000600, AA, 11616, 26, 446.799432, ZIP, 3702, 14, 264.443912, 152, 154, 
trial0003076, 000600, AA, 10860, 26, 417.702813, ZIP, 4418, 14, 315.623348, 146, 151, 
trial0003077, 000600, AA, 12203, 26, 469.352095, ZIP, 4132, 14, 295.203253, 136, 144, 
trial0003078, 000600, AA, 12581, 26, 483.912317, ZIP, 3990, 14, 285.019982, 141, 151, 
trial0003079, 000600, AA, 10437, 26, 401.452707, ZIP, 4527, 14, 323.373545, 150, 160, 
trial0003080, 000600, AA, 13027, 26, 501.042603, ZIP, 3037, 14, 216.992309, 149, 151, 
trial0003081, 000600, AA, 13045, 26, 501.748877, ZIP, 3014, 14, 215.323513, 141, 151, 
trial0003082, 000600, AA, 13037, 26, 501.438222, ZIP, 2990, 14, 213.614731, 150, 154, 
trial0003083, 000600, AA, 12150, 26, 467.331801, ZIP, 3846, 14, 274.740940, 150, 151, 
trial0003084, 000600, AA, 10560, 26, 406.173398, ZIP, 4775, 14, 341.106546, 141, 145, 
trial0003085, 000600, AA, 9705, 26, 373.303504, ZIP, 5231, 14, 373.650635, 150, 151, 
trial0003086, 000600, AA, 14005, 26, 538.665996, ZIP, 2571, 14, 183.691721, 131, 151, 
trial0003087, 000600, AA, 11964, 26, 460.186024, ZIP, 3723, 14, 265.940240, 138, 151, 
trial0003088, 000600, AA, 12972, 26, 498.943308, ZIP, 3250, 14, 232.176714, 150, 161, 
trial0003089, 000600, AA, 13083, 26, 503.217211, ZIP, 3113, 14, 222.382323, 141, 142, 
trial0003090, 000600, AA, 11199, 26, 430.746631, ZIP, 4269, 14, 304.970543, 131, 141, 
trial0003091, 000600, AA, 12166, 26, 467.959225, ZIP, 3740, 14, 267.147153, 142, 158, 
trial0003092, 000600, AA, 13692, 26, 526.651815, ZIP, 2933, 14, 209.503771, 149, 151, 
trial0003093, 000600, AA, 11818, 26, 454.557501, ZIP, 3640, 14, 260.036069, 137, 142, 
trial0003094, 000600, AA, 8625, 26, 331.767267, ZIP, 5177, 14, 369.789361, 151, 151, 
trial0003095, 000600, AA, 9111, 26, 350.428611, ZIP, 5988, 14, 427.775437, 141, 157, 
trial0003096, 000600, AA, 9747, 26, 374.911551, ZIP, 5020, 14, 358.592834, 153, 158, 
trial0003097, 000600, AA, 11006, 26, 423.313626, ZIP, 4300, 14, 307.203265, 150, 151, 
trial0003098, 000600, AA, 9688, 26, 372.648783, ZIP, 5162, 14, 368.723688, 143, 153, 
trial0003099, 000600, AA, 10401, 26, 400.039042, ZIP, 4576, 14, 326.927494, 142, 146, 
trial0003100, 000600, AA, 10398, 26, 399.958842, ZIP, 4901, 14, 350.076436, 142, 144, 
trial0003101, 000600, AA, 4464, 26, 171.714885, ZIP, 1921, 14, 137.243784, 125, 133, 
trial0003102, 000600, AA, 5687, 26, 218.766157, ZIP, 1604, 14, 114.577136, 128, 133, 
trial0003103, 000600, AA, 5507, 26, 211.834996, ZIP, 1568, 14, 112.020722, 127, 129, 
trial0003104, 000600, AA, 6329, 26, 243.434848, ZIP, 1166, 14, 83.335282, 132, 133, 
trial0003105, 000600, AA, 3937, 26, 151.461243, ZIP, 2178, 14, 155.571978, 129, 135, 
trial0003106, 000600, AA, 4256, 26, 163.716948, ZIP, 2391, 14, 170.811382, 128, 129, 
trial0003107, 000600, AA, 4384, 26, 168.642743, ZIP, 2115, 14, 151.092049, 121, 124, 
trial0003108, 000600, AA, 4522, 26, 173.939033, ZIP, 2315, 14, 165.398939, 126, 129, 
trial0003109, 000600, AA, 4169, 26, 160.363546, ZIP, 2299, 14, 164.253415, 127, 128, 
trial0003110, 000600, AA, 5166, 26, 198.701420, ZIP, 1775, 14, 126.840221, 125, 136, 
trial0003111, 000600, AA, 5308, 26, 204.185726, ZIP, 1854, 14, 132.440794, 128, 129, 
trial0003112, 000600, AA, 5603, 26, 215.502649, ZIP, 1637, 14, 116.995081, 123, 129, 
trial0003113, 000600, AA, 6190, 26, 238.079405, ZIP, 1003, 14, 71.709677, 128, 133, 
trial0003114, 000600, AA, 4510, 26, 173.489101, ZIP, 2089, 14, 149.234526, 126, 128, 
trial0003115, 000600, AA, 4727, 26, 181.809094, ZIP, 1998, 14, 142.783111, 126, 127, 
trial0003116, 000600, AA, 4745, 26, 182.507598, ZIP, 2215, 14, 158.271605, 123, 129, 
trial0003117, 000600, AA, 4275, 26, 164.430627, ZIP, 2404, 14, 171.771692, 122, 133, 
trial0003118, 000600, AA, 5681, 26, 218.517527, ZIP, 1585, 14, 113.253165, 125, 129, 
trial0003119, 000600, AA, 5232, 26, 201.244511, ZIP, 1635, 14, 116.831622, 119, 122, 
trial0003120, 000600, AA, 4398, 26, 169.154348, ZIP, 2456, 14, 175.499068, 124, 127, 
trial0003121, 000600, AA, 4864, 26, 187.081302, ZIP, 2021, 14, 144.420440, 123, 129, 
trial0003122, 000600, AA, 4912, 26, 188.955003, ZIP, 2046, 14, 146.154995, 122, 129, 
trial0003123, 000600, AA, 4375, 26, 168.303147, ZIP, 2515, 14, 179.651299, 127, 129, 
trial0003124, 000600, AA, 5583, 26, 214.754410, ZIP, 1725, 14, 123.241811, 119, 137, 
trial0003125, 000600, AA, 4863, 26, 187.075075, ZIP, 1952, 14, 139.432004, 123, 126, 
trial0003126, 000600, AA, 5410, 26, 208.112047, ZIP, 1657, 14, 118.363342, 123, 125, 
trial0003127, 000600, AA, 4950, 26, 190.412611, ZIP, 1954, 14, 139.590865, 119, 129, 
trial0003128, 000600, AA, 4880, 26, 187.701277, ZIP, 1916, 14, 136.911915, 125, 130, 
trial0003129, 000600, AA, 4228, 26, 162.636542, ZIP, 2404, 14, 171.746422, 126, 129, 
trial0003130, 000600, AA, 4674, 26, 179.777872, ZIP, 2055, 14, 146.841094, 123, 128, 
trial0003131, 000600, AA, 6048, 26, 232.634407, ZIP, 1245, 14, 88.964673, 128, 132, 
trial0003132, 000600, AA, 6079, 26, 233.810016, ZIP, 1194, 14, 85.352827, 128, 134, 
trial0003133, 000600, AA, 3448, 26, 132.645049, ZIP, 2834, 14, 202.444909, 123, 125, 
trial0003134, 000600, AA, 4645, 26, 178.690751, ZIP, 2260, 14, 161.431463, 124, 129, 
trial0003135, 000600, AA, 5047, 26, 194.125992, ZIP, 1737, 14, 124.123158, 120, 124, 
trial0003136, 000600, AA, 4746, 26, 182.551070, ZIP, 2089, 14, 149.262299, 120, 123, 
trial0003137, 000600, AA, 4552, 26, 175.079149, ZIP, 2128, 14, 152.067294, 123, 128, 
trial0003138, 000600, AA, 6217, 26, 239.138301, ZIP, 1006, 14, 71.886013, 129, 129, 
trial0003139, 000600, AA, 4644, 26, 178.622347, ZIP, 2147, 14, 153.415642, 128, 129, 
trial0003140, 000600, AA, 3879, 26, 149.206225, ZIP, 2407, 14, 171.974154, 123, 132, 
trial0003141, 000600, AA, 5152, 26, 198.177847, ZIP, 1846, 14, 131.883998, 119, 129, 
trial0003142, 000600, AA, 4489, 26, 172.689601, ZIP, 2182, 14, 155.862170, 128, 132, 
trial0003143, 000600, AA, 5136, 26, 197.548202, ZIP, 1945, 14, 138.981910, 123, 129, 
trial0003144, 000600, AA, 4598, 26, 176.873938, ZIP, 1925, 14, 137.519829, 123, 127, 
trial0003145, 000600, AA, 4319, 26, 166.116232, ZIP, 2123, 14, 151.712711, 131, 133, 
trial0003146, 000600, AA, 4313, 26, 165.905634, ZIP, 2464, 14, 176.032394, 123, 129, 
trial0003147, 000600, AA, 5181, 26, 199.288182, ZIP, 1776, 14, 126.893376, 123, 126, 
trial0003148, 000600, AA, 4074, 26, 156.714415, ZIP, 2589, 14, 184.958943, 128, 134, 
trial0003149, 000600, AA, 4550, 26, 175.037592, ZIP, 2128, 14, 152.001615, 119, 129, 
trial0003150, 000600, AA, 4447, 26, 171.044680, ZIP, 2312, 14, 165.202738, 122, 124, 
trial0003151, 000600, AA, 4149, 26, 159.610842, ZIP, 2183, 14, 155.937007, 123, 129, 
trial0003152, 000600, AA, 4800, 26, 184.622852, ZIP, 1650, 14, 117.914704, 121, 124, 
trial0003153, 000600, AA, 5582, 26, 214.729190, ZIP, 1625, 14, 116.074362, 124, 124, 
trial0003154, 000600, AA, 5057, 26, 194.500777, ZIP, 2159, 14, 154.284271, 127, 138, 
trial0003155, 000600, AA, 5952, 26, 228.961007, ZIP, 1528, 14, 109.143845, 123, 127, 
trial0003156, 000600, AA, 4618, 26, 177.630119, ZIP, 2240, 14, 160.044065, 123, 126, 
trial0003157, 000600, AA, 5030, 26, 193.463443, ZIP, 2005, 14, 143.282178, 123, 131, 
trial0003158, 000600, AA, 4490, 26, 172.696472, ZIP, 2398, 14, 171.349409, 130, 136, 
trial0003159, 000600, AA, 5232, 26, 201.252391, ZIP, 1619, 14, 115.674131, 119, 129, 
trial0003160, 000600, AA, 5216, 26, 200.645860, ZIP, 1581, 14, 112.943403, 132, 136, 
trial0003161, 000600, AA, 4832, 26, 185.849704, ZIP, 2302, 14, 164.493406, 122, 126, 
trial0003162, 000600, AA, 4095, 26, 157.517204, ZIP, 2225, 14, 158.968050, 123, 129, 
trial0003163, 000600, AA, 4760, 26, 183.085548, ZIP, 2022, 14, 144.483983, 128, 129, 
trial0003164, 000600, AA, 3852, 26, 148.165444, ZIP, 2654, 14, 189.621318, 123, 129, 
trial0003165, 000600, AA, 5839, 26, 224.593178, ZIP, 1473, 14, 105.255527, 130, 133, 
trial0003166, 000600, AA, 5470, 26, 210.412878, ZIP, 1462, 14, 104.447513, 121, 124, 
trial0003167, 000600, AA, 4989, 26, 191.888796, ZIP, 1694, 14, 121.063664, 136, 137, 
trial0003168, 000600, AA, 4740, 26, 182.308939, ZIP, 1790, 14, 127.926256, 128, 129, 
trial0003169, 000600, AA, 5611, 26, 215.837700, ZIP, 1654, 14, 118.158558, 123, 124, 
trial0003170, 000600, AA, 4448, 26, 171.093526, ZIP, 2305, 14, 164.683452, 123, 137, 
trial0003171, 000600, AA, 5678, 26, 218.396171, ZIP, 1325, 14, 94.692824, 126, 133, 
trial0003172, 000600, AA, 4202, 26, 161.641243, ZIP, 2342, 14, 167.309120, 130, 133, 
trial0003173, 000600, AA, 4658, 26, 179.179522, ZIP, 2159, 14, 154.238030, 121, 129, 
trial0003174, 000600, AA, 4544, 26, 174.772460, ZIP, 2333, 14, 166.708289, 120, 127, 
trial0003175, 000600, AA, 5977, 26, 229.894587, ZIP, 1152, 14, 82.338625, 126, 129, 
trial0003176, 000600, AA, 5409, 26, 208.074104, ZIP, 1800, 14, 128.576663, 123, 137, 
trial0003177, 000600, AA, 4215, 26, 162.150110, ZIP, 2359, 14, 168.506939, 120, 124, 
trial0003178, 000600, AA, 4680, 26, 180.026018, ZIP, 2014, 14, 143.880251, 123, 127, 
trial0003179, 000600, AA, 3768, 26, 144.948499, ZIP, 2883, 14, 205.952787, 128, 130, 
trial0003180, 000600, AA, 4329, 26, 166.528585, ZIP, 2257, 14, 161.232628, 131, 133, 
trial0003181, 000600, AA, 3192, 26, 122.785579, ZIP, 2820, 14, 201.469639, 128, 131, 
trial0003182, 000600, AA, 5387, 26, 207.209673, ZIP, 1825, 14, 130.396321, 128, 131, 
trial0003183, 000600, AA, 5748, 26, 221.106451, ZIP, 1365, 14, 97.516590, 128, 137, 
trial0003184, 000600, AA, 3976, 26, 152.954723, ZIP, 2388, 14, 170.584085, 127, 129, 
trial0003185, 000600, AA, 4587, 26, 176.454462, ZIP, 2080, 14, 148.584571, 121, 124, 
trial0003186, 000600, AA, 5794, 26, 222.873771, ZIP, 1499, 14, 107.091568, 124, 129, 
trial0003187, 000600, AA, 5139, 26, 197.673303, ZIP, 1851, 14, 132.249580, 128, 133, 
trial0003188, 000600, AA, 5311, 26, 204.304361, ZIP, 1466, 14, 104.720473, 125, 130, 
trial0003189, 000600, AA, 5464, 26, 210.173223, ZIP, 1477, 14, 105.535444, 128, 133, 
trial0003190, 000600, AA, 5885, 26, 226.368586, ZIP, 1372, 14, 98.029768, 120, 129, 
trial0003191, 000600, AA, 3283, 26, 126.286716, ZIP, 2394, 14, 171.038957, 127, 129, 
trial0003192, 000600, AA, 4839, 26, 186.135029, ZIP, 1920, 14, 137.177803, 125, 130, 
trial0003193, 000600, AA, 3714, 26, 142.855711, ZIP, 2567, 14, 183.410823, 124, 129, 
trial0003194, 000600, AA, 5559, 26, 213.844853, ZIP, 1660, 14, 118.573845, 124, 129, 
trial0003195, 000600, AA, 4661, 26, 179.283195, ZIP, 2045, 14, 146.116923, 124, 129, 
trial0003196, 000600, AA, 4524, 26, 174.032980, ZIP, 2202, 14, 157.295894, 127, 129, 
trial0003197, 000600, AA, 3685, 26, 141.736781, ZIP, 2762, 14, 197.345978, 125, 126, 
trial0003198, 000600, AA, 5890, 26, 226.553407, ZIP, 1403, 14, 100.257959, 126, 128, 
trial0003199, 000600, AA, 4597, 26, 176.810038, ZIP, 2075, 14, 148.281358, 132, 134, 
trial0003200, 000600, AA, 4195, 26, 161.349811, ZIP, 2180, 14, 155.778922, 129, 131, 
trial0003201, 000600, AA, 2760, 26, 106.174242, ZIP, 1432, 14, 102.319264, 137, 140, 
trial0003202, 000600, AA, 3434, 26, 132.079322, ZIP, 988, 14, 70.638401, 142, 145, 
trial0003203, 000600, AA, 3365, 26, 129.454614, ZIP, 937, 14, 66.941431, 138, 140, 
trial0003204, 000600, AA, 3934, 26, 151.308629, ZIP, 626, 14, 44.783975, 138, 144, 
trial0003205, 000600, AA, 2267, 26, 87.220140, ZIP, 1701, 14, 121.519741, 139, 141, 
trial0003206, 000600, AA, 3618, 26, 139.184456, ZIP, 808, 14, 57.728868, 139, 143, 
trial0003207, 000600, AA, 3656, 26, 140.652952, ZIP, 895, 14, 63.930232, 139, 143, 
trial0003208, 000600, AA, 3568, 26, 137.236848, ZIP, 1050, 14, 75.060140, 139, 145, 
trial0003209, 000600, AA, 2775, 26, 106.747574, ZIP, 1474, 14, 105.325935, 139, 140, 
trial0003210, 000600, AA, 2462, 26, 94.712344, ZIP, 1827, 14, 130.534218, 139, 140, 
trial0003211, 000600, AA, 3525, 26, 135.594619, ZIP, 933, 14, 66.681422, 139, 140, 
trial0003212, 000600, AA, 4114, 26, 158.255999, ZIP, 559, 14, 39.953144, 132, 145, 
trial0003213, 000600, AA, 2029, 26, 78.045283, ZIP, 1845, 14, 131.844474, 140, 142, 
trial0003214, 000600, AA, 3022, 26, 116.263982, ZIP, 1039, 14, 74.224033, 138, 140, 
trial0003215, 000600, AA, 2379, 26, 91.513311, ZIP, 1504, 14, 107.475280, 144, 145, 
trial0003216, 000600, AA, 3138, 26, 120.702636, ZIP, 879, 14, 62.837961, 138, 140, 
trial0003217, 000600, AA, 2408, 26, 92.618599, ZIP, 1602, 14, 114.494030, 140, 142, 
trial0003218, 000600, AA, 2677, 26, 102.982102, ZIP, 1570, 14, 112.176096, 139, 143, 
trial0003219, 000600, AA, 3286, 26, 126.405449, ZIP, 984, 14, 70.318452, 142, 144, 
trial0003220, 000600, AA, 3002, 26, 115.498576, ZIP, 1200, 14, 85.716931, 137, 144, 
trial0003221, 000600, AA, 2436, 26, 93.713191, ZIP, 1400, 14, 100.032646, 138, 140, 
trial0003222, 000600, AA, 2413, 26, 92.830584, ZIP, 1381, 14, 98.671773, 137, 142, 
trial0003223, 000600, AA, 3001, 26, 115.431772, ZIP, 1288, 14, 92.055281, 139, 140, 
trial0003224, 000600, AA, 3359, 26, 129.196094, ZIP, 1072, 14, 76.635826, 139, 145, 
trial0003225, 000600, AA, 2625, 26, 100.962569, ZIP, 1312, 14, 93.783800, 142, 143, 
trial0003226, 000600, AA, 3210, 26, 123.471178, ZIP, 1135, 14, 81.124956, 137, 140, 
trial0003227, 000600, AA, 2699, 26, 103.814077, ZIP, 1368, 14, 97.773857, 142, 143, 
trial0003228, 000600, AA, 2505, 26, 96.378845, ZIP, 1528, 14, 109.153573, 139, 144, 
trial0003229, 000600, AA, 3431, 26, 131.980577, ZIP, 971, 14, 69.393215, 142, 144, 
trial0003230, 000600, AA, 2891, 26, 111.204652, ZIP, 1331, 14, 95.119931, 141, 143, 
trial0003231, 000600, AA, 2454, 26, 94.397058, ZIP, 1481, 14, 105.834035, 144, 145, 
trial0003232, 000600, AA, 3124, 26, 120.174059, ZIP, 1150, 14, 82.176747, 139, 143, 
trial0003233, 000600, AA, 2041, 26, 78.506516, ZIP, 1661, 14, 118.702185, 140, 142, 
trial0003234, 000600, AA, 3161, 26, 121.592419, ZIP, 1089, 14, 77.828364, 140, 143, 
trial0003235, 000600, AA, 2050, 26, 78.875958, ZIP, 1556, 14, 111.158936, 140, 140, 
trial0003236, 000600, AA, 3411, 26, 131.218199, ZIP, 956, 14, 68.309060, 141, 143, 
trial0003237, 000600, AA, 3319, 26, 127.664906, ZIP, 933, 14, 66.693746, 142, 143, 
trial0003238, 000600, AA, 3063, 26, 117.844688, ZIP, 1149, 14, 82.074151, 144, 145, 
trial0003239, 000600, AA, 3105, 26, 119.457633, ZIP, 1169, 14, 83.507253, 141, 142, 
trial0003240, 000600, AA, 2722, 26, 104.726597, ZIP, 1198, 14, 85.579177, 142, 144, 
trial0003241, 000600, AA, 3234, 26, 124.404827, ZIP, 1175, 14, 83.962464, 142, 148, 
trial0003242, 000600, AA, 2846, 26, 109.462548, ZIP, 1325, 14, 94.712410, 142, 143, 
trial0003243, 000600, AA, 2671, 26, 102.751055, ZIP, 1248, 14, 89.176613, 134, 138, 
trial0003244, 000600, AA, 3444, 26, 132.470569, ZIP, 1029, 14, 73.554658, 137, 145, 
trial0003245, 000600, AA, 3397, 26, 130.674074, ZIP, 1068, 14, 76.319576, 139, 148, 
trial0003246, 000600, AA, 2724, 26, 104.780513, ZIP, 1480, 14, 105.764761, 139, 143, 
trial0003247, 000600, AA, 3783, 26, 145.519106, ZIP, 893, 14, 63.821660, 142, 148, 
trial0003248, 000600, AA, 4246, 26, 163.342756, ZIP, 509, 14, 36.363453, 138, 138, 
trial0003249, 000600, AA, 2820, 26, 108.492523, ZIP, 1226, 14, 87.585314, 141, 143, 
trial0003250, 000600, AA, 2915, 26, 112.125369, ZIP, 1383, 14, 98.838600, 137, 138, 
trial0003251, 000600, AA, 3092, 26, 118.960916, ZIP, 1211, 14, 86.501157, 139, 145, 
trial0003252, 000600, AA, 2850, 26, 109.637791, ZIP, 1354, 14, 96.744103, 136, 146, 
trial0003253, 000600, AA, 3442, 26, 132.391551, ZIP, 987, 14, 70.558549, 137, 140, 
trial0003254, 000600, AA, 2884, 26, 110.940569, ZIP, 1234, 14, 88.181800, 137, 138, 
trial0003255, 000600, AA, 2262, 26, 87.006941, ZIP, 1718, 14, 122.772823, 141, 145, 
trial0003256, 000600, AA, 3303, 26, 127.046368, ZIP, 1091, 14, 77.985316, 140, 144, 
trial0003257, 000600, AA, 3371, 26, 129.687506, ZIP, 975, 14, 69.651775, 140, 145, 
trial0003258, 000600, AA, 4045, 26, 155.577356, ZIP, 536, 14, 38.356339, 144, 145, 
trial0003259, 000600, AA, 3165, 26, 121.762571, ZIP, 1185, 14, 84.655226, 137, 143, 
trial0003260, 000600, AA, 3117, 26, 119.903400, ZIP, 1142, 14, 81.607972, 139, 145, 
trial0003261, 000600, AA, 3117, 26, 119.897440, ZIP, 1231, 14, 87.976183, 143, 143, 
trial0003262, 000600, AA, 2457, 26, 94.502603, ZIP, 1406, 14, 100.495166, 137, 138, 
trial0003263, 000600, AA, 2668, 26, 102.638556, ZIP, 1507, 14, 107.671252, 138, 142, 
trial0003264, 000600, AA, 3322, 26, 127.772579, ZIP, 1054, 14, 75.350926, 140, 140, 
trial0003265, 000600, AA, 2930, 26, 112.695660, ZIP, 980, 14, 70.065202, 142, 143, 
trial0003266, 000600, AA, 3409, 26, 131.147477, ZIP, 1020, 14, 72.868972, 139, 144, 
trial0003267, 000600, AA, 3102, 26, 119.330654, ZIP, 1230, 14, 87.885928, 141, 143, 
trial0003268, 000600, AA, 3520, 26, 135.395064, ZIP, 640, 14, 45.766309, 137, 140, 
trial0003269, 000600, AA, 3354, 26, 129.001641, ZIP, 946, 14, 67.639810, 139, 143, 
trial0003270, 000600, AA, 3676, 26, 141.421501, ZIP, 823, 14, 58.788640, 140, 144, 
trial0003271, 000600, AA, 3057, 26, 117.588833, ZIP, 980, 14, 70.049310, 139, 143, 
trial0003272, 000600, AA, 3122, 26, 120.096415, ZIP, 1094, 14, 78.178086, 141, 145, 
trial0003273, 000600, AA, 3283, 26, 126.279645, ZIP, 1011, 14, 72.266374, 139, 143, 
trial0003274, 000600, AA, 3922, 26, 150.884072, ZIP, 725, 14, 51.786724, 139, 145, 
trial0003275, 000600, AA, 2435, 26, 93.691298, ZIP, 1469, 14, 104.930446, 138, 141, 
trial0003276, 000600, AA, 3532, 26, 135.865815, ZIP, 934, 14, 66.749201, 137, 151, 
trial0003277, 000600, AA, 3314, 26, 127.468427, ZIP, 945, 14, 67.558635, 143, 143, 
trial0003278, 000600, AA, 3295, 26, 126.734145, ZIP, 1045, 14, 74.708017, 137, 143, 
trial0003279, 000600, AA, 4135, 26, 159.054608, ZIP, 512, 14, 36.612870, 137, 148, 
trial0003280, 000600, AA, 2532, 26, 97.395184, ZIP, 1195, 14, 85.408944, 139, 142, 
trial0003281, 000600, AA, 3234, 26, 124.386834, ZIP, 1117, 14, 79.853023, 138, 139, 
trial0003282, 000600, AA, 2996, 26, 115.259364, ZIP, 1167, 14, 83.375467, 139, 144, 
trial0003283, 000600, AA, 3353, 26, 128.965162, ZIP, 936, 14, 66.921842, 138, 143, 
trial0003284, 000600, AA, 2574, 26, 99.013639, ZIP, 1463, 14, 104.546098, 139, 143, 
trial0003285, 000600, AA, 3368, 26, 129.570517, ZIP, 943, 14, 67.369040, 138, 143, 
trial0003286, 000600, AA, 3750, 26, 144.255239, ZIP, 774, 14, 55.311700, 137, 138, 
trial0003287, 000600, AA, 2805, 26, 107.890523, ZIP, 1237, 14, 88.417601, 142, 143, 
trial0003288, 000600, AA, 3206, 26, 123.331174, ZIP, 1026, 14, 73.313535, 137, 143, 
trial0003289, 000600, AA, 3267, 26, 125.690558, ZIP, 1116, 14, 79.717536, 142, 143, 
trial0003290, 000600, AA, 3370, 26, 129.637107, ZIP, 1003, 14, 71.673944, 143, 144, 
trial0003291, 000600, AA, 2062, 26, 79.341744, ZIP, 1683, 14, 120.222475, 142, 145, 
trial0003292, 000600, AA, 2884, 26, 110.953829, ZIP, 1188, 14, 84.871460, 137, 143, 
trial0003293, 000600, AA, 3287, 26, 126.439780, ZIP, 1151, 14, 82.254694, 139, 142, 
trial0003294, 000600, AA, 3276, 26, 126.019394, ZIP, 881, 14, 62.963983, 138, 143, 
trial0003295, 000600, AA, 3058, 26, 117.620144, ZIP, 987, 14, 70.562590, 137, 143, 
trial0003296, 000600, AA, 4219, 26, 162.278940, ZIP, 488, 14, 34.910540, 136, 145, 
trial0003297, 000600, AA, 3292, 26, 126.618757, ZIP, 1075, 14, 76.850880, 138, 145, 
trial0003298, 000600, AA, 3367, 26, 129.527699, ZIP, 1036, 14, 74.019987, 142, 145, 
trial0003299, 000600, AA, 3063, 26, 117.843230, ZIP, 1117, 14, 79.791145, 141, 144, 
trial0003300, 000600, AA, 3714, 26, 142.851693, ZIP, 758, 14, 54.203998, 139, 143, 
trial0003301, 000600, AA, 2808, 26, 108.029793, ZIP, 2462, 14, 175.873242, 145, 149, 
trial0003302, 000600, AA, 4764, 26, 183.233897, ZIP, 1370, 14, 97.922763, 143, 146, 
trial0003303, 000600, AA, 5706, 26, 219.473457, ZIP, 833, 14, 59.549294, 147, 151, 
trial0003304, 000600, AA, 4800, 26, 184.639549, ZIP, 1435, 14, 102.526551, 147, 155, 
trial0003305, 000600, AA, 4154, 26, 159.786322, ZIP, 1949, 14, 139.253973, 147, 152, 
trial0003306, 000600, AA, 4155, 26, 159.814576, ZIP, 1637, 14, 116.987216, 152, 154, 
trial0003307, 000600, AA, 4652, 26, 178.940234, ZIP, 1432, 14, 102.325280, 143, 148, 
trial0003308, 000600, AA, 3827, 26, 147.212020, ZIP, 1639, 14, 117.106249, 147, 149, 
trial0003309, 000600, AA, 5804, 26, 223.254625, ZIP, 807, 14, 57.669981, 140, 155, 
trial0003310, 000600, AA, 4419, 26, 169.975932, ZIP, 1736, 14, 124.044697, 144, 148, 
trial0003311, 000600, AA, 5568, 26, 214.170346, ZIP, 949, 14, 67.826501, 140, 151, 
trial0003312, 000600, AA, 4903, 26, 188.604365, ZIP, 1446, 14, 103.306179, 147, 151, 
trial0003313, 000600, AA, 4517, 26, 173.738781, ZIP, 1727, 14, 123.413693, 147, 148, 
trial0003314, 000600, AA, 5103, 26, 196.297336, ZIP, 1407, 14, 100.519233, 146, 159, 
trial0003315, 000600, AA, 4115, 26, 158.281338, ZIP, 1668, 14, 119.191800, 153, 158, 
trial0003316, 000600, AA, 3309, 26, 127.290891, ZIP, 2294, 14, 163.888345, 151, 151, 
trial0003317, 000600, AA, 5206, 26, 200.235194, ZIP, 1168, 14, 83.491782, 147, 153, 
trial0003318, 000600, AA, 4924, 26, 189.418207, ZIP, 1190, 14, 85.009045, 145, 147, 
trial0003319, 000600, AA, 4544, 26, 174.787389, ZIP, 1480, 14, 105.751992, 147, 151, 
trial0003320, 000600, AA, 4320, 26, 166.188129, ZIP, 1701, 14, 121.507761, 147, 152, 
trial0003321, 000600, AA, 4583, 26, 176.269966, ZIP, 1482, 14, 105.927206, 147, 151, 
trial0003322, 000600, AA, 4378, 26, 168.415983, ZIP, 1751, 14, 125.084603, 148, 154, 
trial0003323, 000600, AA, 4187, 26, 161.075354, ZIP, 1561, 14, 111.502914, 150, 155, 
trial0003324, 000600, AA, 4007, 26, 154.123913, ZIP, 1792, 14, 128.055590, 147, 157, 
trial0003325, 000600, AA, 4671, 26, 179.683575, ZIP, 1349, 14, 96.373361, 150, 156, 
trial0003326, 000600, AA, 4331, 26, 166.592262, ZIP, 1825, 14, 130.400085, 150, 151, 
trial0003327, 000600, AA, 4793, 26, 184.367250, ZIP, 1420, 14, 101.460822, 153, 155, 
trial0003328, 000600, AA, 3385, 26, 130.197817, ZIP, 2148, 14, 153.489769, 149, 151, 
trial0003329, 000600, AA, 3609, 26, 138.815783, ZIP, 2147, 14, 153.413545, 147, 154, 
trial0003330, 000600, AA, 4777, 26, 183.736725, ZIP, 1555, 14, 111.131796, 147, 152, 
trial0003331, 000600, AA, 5187, 26, 199.527813, ZIP, 1151, 14, 82.234061, 143, 148, 
trial0003332, 000600, AA, 3702, 26, 142.407829, ZIP, 2056, 14, 146.885461, 150, 152, 
trial0003333, 000600, AA, 3868, 26, 148.795170, ZIP, 1894, 14, 135.308969, 148, 150, 
trial0003334, 000600, AA, 4758, 26, 183.028088, ZIP, 1382, 14, 98.733550, 150, 157, 
trial0003335, 000600, AA, 4704, 26, 180.926524, ZIP, 1450, 14, 103.636456, 139, 155, 
trial0003336, 000600, AA, 4653, 26, 178.979530, ZIP, 1420, 14, 101.466588, 149, 154, 
trial0003337, 000600, AA, 4752, 26, 182.769519, ZIP, 1363, 14, 97.428036, 145, 148, 
trial0003338, 000600, AA, 4186, 26, 161.027126, ZIP, 1614, 14, 115.306766, 147, 151, 
trial0003339, 000600, AA, 5523, 26, 212.444183, ZIP, 960, 14, 68.603661, 149, 155, 
trial0003340, 000600, AA, 4831, 26, 185.816247, ZIP, 1257, 14, 89.841256, 148, 153, 
trial0003341, 000600, AA, 3132, 26, 120.466880, ZIP, 2286, 14, 163.347222, 151, 151, 
trial0003342, 000600, AA, 3760, 26, 144.638599, ZIP, 1835, 14, 131.099744, 143, 153, 
trial0003343, 000600, AA, 3803, 26, 146.297117, ZIP, 1998, 14, 142.733926, 146, 159, 
trial0003344, 000600, AA, 4253, 26, 163.608703, ZIP, 1630, 14, 116.440980, 147, 151, 
trial0003345, 000600, AA, 5939, 26, 228.433013, ZIP, 663, 14, 47.410118, 147, 159, 
trial0003346, 000600, AA, 5227, 26, 201.050228, ZIP, 1066, 14, 76.192434, 147, 148, 
trial0003347, 000600, AA, 4260, 26, 163.862882, ZIP, 1710, 14, 122.183219, 154, 159, 
trial0003348, 000600, AA, 4491, 26, 172.743955, ZIP, 1510, 14, 107.904083, 150, 151, 
trial0003349, 000600, AA, 4672, 26, 179.714272, ZIP, 1507, 14, 107.673494, 148, 152, 
trial0003350, 000600, AA, 4580, 26, 176.188600, ZIP, 1660, 14, 118.578315, 143, 144, 
trial0003351, 000600, AA, 4053, 26, 155.922748, ZIP, 1880, 14, 134.286325, 152, 155, 
trial0003352, 000600, AA, 4476, 26, 172.171284, ZIP, 1504, 14, 107.467615, 150, 155, 
trial0003353, 000600, AA, 3914, 26, 150.563351, ZIP, 1855, 14, 132.525206, 144, 146, 
trial0003354, 000600, AA, 4794, 26, 184.385871, ZIP, 1525, 14, 108.997667, 145, 155, 
trial0003355, 000600, AA, 2870, 26, 110.411752, ZIP, 2363, 14, 168.806747, 143, 147, 
trial0003356, 000600, AA, 3672, 26, 141.235461, ZIP, 1633, 14, 116.705573, 140, 144, 
trial0003357, 000600, AA, 4504, 26, 173.239720, ZIP, 1598, 14, 114.197662, 150, 157, 
trial0003358, 000600, AA, 4366, 26, 167.951442, ZIP, 1627, 14, 116.233037, 147, 151, 
trial0003359, 000600, AA, 5327, 26, 204.893178, ZIP, 1167, 14, 83.412669, 142, 155, 
trial0003360, 000600, AA, 3812, 26, 146.641030, ZIP, 1929, 14, 137.809515, 147, 151, 
trial0003361, 000600, AA, 3191, 26, 122.751828, ZIP, 2183, 14, 155.960891, 147, 151, 
trial0003362, 000600, AA, 3256, 26, 125.234176, ZIP, 2559, 14, 182.850817, 144, 153, 
trial0003363, 000600, AA, 5752, 26, 221.249624, ZIP, 832, 14, 59.464984, 143, 156, 
trial0003364, 000600, AA, 4734, 26, 182.080661, ZIP, 1232, 14, 88.064486, 153, 157, 
trial0003365, 000600, AA, 2796, 26, 107.553178, ZIP, 2236, 14, 159.758383, 145, 149, 
trial0003366, 000600, AA, 3158, 26, 121.472307, ZIP, 2509, 14, 179.265716, 147, 149, 
trial0003367, 000600, AA, 4104, 26, 157.861794, ZIP, 1868, 14, 133.470953, 147, 151, 
trial0003368, 000600, AA, 4159, 26, 159.992657, ZIP, 1870, 14, 133.585066, 150, 151, 
trial0003369, 000600, AA, 3709, 26, 142.691800, ZIP, 2071, 14, 147.929515, 147, 148, 
trial0003370, 000600, AA, 3739, 26, 143.844319, ZIP, 2111, 14, 150.789122, 149, 155, 
trial0003371, 000600, AA, 4576, 26, 176.003906, ZIP, 1550, 14, 110.778460, 148, 151, 
trial0003372, 000600, AA, 5167, 26, 198.766125, ZIP, 1054, 14, 75.291483, 147, 154, 
trial0003373, 000600, AA, 4998, 26, 192.250796, ZIP, 1182, 14, 84.462807, 151, 151, 
trial0003374, 000600, AA, 4344, 26, 167.111143, ZIP, 1557, 14, 111.222164, 148, 154, 
trial0003375, 000600, AA, 3334, 26, 128.263058, ZIP, 2391, 14, 170.797178, 149, 151, 
trial0003376, 000600, AA, 3344, 26, 128.644674, ZIP, 2216, 14, 158.302748, 143, 148, 
trial0003377, 000600, AA, 3677, 26, 141.453228, ZIP, 1981, 14, 141.515434, 145, 150, 
trial0003378, 000600, AA, 3532, 26, 135.846442, ZIP, 2067, 14, 147.713751, 147, 150, 
trial0003379, 000600, AA, 5107, 26, 196.441559, ZIP, 1303, 14, 93.108533, 150, 157, 
trial0003380, 000600, AA, 4700, 26, 180.779477, ZIP, 1415, 14, 101.123829, 147, 151, 
trial0003381, 000600, AA, 4811, 26, 185.062479, ZIP, 1206, 14, 86.169682, 147, 153, 
trial0003382, 000600, AA, 4590, 26, 176.556440, ZIP, 1575, 14, 112.538040, 151, 153, 
trial0003383, 000600, AA, 3655, 26, 140.603854, ZIP, 1868, 14, 133.449985, 144, 148, 
trial0003384, 000600, AA, 3523, 26, 135.520495, ZIP, 2104, 14, 150.319080, 150, 155, 
trial0003385, 000600, AA, 3177, 26, 122.210583, ZIP, 2211, 14, 157.966060, 147, 150, 
trial0003386, 000600, AA, 4922, 26, 189.342360, ZIP, 1063, 14, 75.935617, 147, 155, 
trial0003387, 000600, AA, 3856, 26, 148.326967, ZIP, 1679, 14, 119.964204, 147, 151, 
trial0003388, 000600, AA, 3312, 26, 127.405715, ZIP, 2108, 14, 150.603672, 149, 154, 
trial0003389, 000600, AA, 4601, 26, 176.976341, ZIP, 1408, 14, 100.615366, 150, 157, 
trial0003390, 000600, AA, 3996, 26, 153.715394, ZIP, 1908, 14, 136.314269, 154, 159, 
trial0003391, 000600, AA, 3926, 26, 151.032212, ZIP, 2072, 14, 148.011606, 141, 155, 
trial0003392, 000600, AA, 4964, 26, 190.941946, ZIP, 1151, 14, 82.250671, 150, 155, 
trial0003393, 000600, AA, 3858, 26, 148.394638, ZIP, 1994, 14, 142.481386, 147, 151, 
trial0003394, 000600, AA, 3559, 26, 136.909880, ZIP, 2321, 14, 165.810222, 143, 148, 
trial0003395, 000600, AA, 4777, 26, 183.736593, ZIP, 1345, 14, 96.132042, 147, 149, 
trial0003396, 000600, AA, 4740, 26, 182.344864, ZIP, 1437, 14, 102.645253, 147, 155, 
trial0003397, 000600, AA, 4165, 26, 160.209838, ZIP, 1609, 14, 114.967444, 147, 148, 
trial0003398, 000600, AA, 3790, 26, 145.795758, ZIP, 2084, 14, 148.879306, 150, 155, 
trial0003399, 000600, AA, 5207, 26, 200.279830, ZIP, 1270, 14, 90.766030, 143, 155, 
trial0003400, 000600, AA, 4578, 26, 176.085705, ZIP, 1586, 14, 113.340834, 150, 154, 
trial0003401, 000600, AA, 9096, 26, 349.856840, ZIP, 2299, 14, 164.265869, 105, 115, 
trial0003402, 000600, AA, 7504, 26, 288.624094, ZIP, 3274, 14, 233.912398, 105, 116, 
trial0003403, 000600, AA, 9126, 26, 351.034498, ZIP, 2044, 14, 146.007361, 104, 124, 
trial0003404, 000600, AA, 5398, 26, 207.624228, ZIP, 3846, 14, 274.769291, 115, 117, 
trial0003405, 000600, AA, 7526, 26, 289.489558, ZIP, 3183, 14, 227.376536, 110, 116, 
trial0003406, 000600, AA, 7192, 26, 276.651327, ZIP, 4026, 14, 287.576108, 107, 116, 
trial0003407, 000600, AA, 7290, 26, 280.402104, ZIP, 3400, 14, 242.896093, 101, 108, 
trial0003408, 000600, AA, 9115, 26, 350.583298, ZIP, 2296, 14, 164.059590, 101, 112, 
trial0003409, 000600, AA, 9934, 26, 382.109542, ZIP, 1522, 14, 108.725137, 104, 115, 
trial0003410, 000600, AA, 7185, 26, 276.357838, ZIP, 2872, 14, 205.192587, 112, 114, 
trial0003411, 000600, AA, 9182, 26, 353.191145, ZIP, 1942, 14, 138.716445, 112, 117, 
trial0003412, 000600, AA, 6309, 26, 242.683746, ZIP, 3485, 14, 248.944473, 115, 115, 
trial0003413, 000600, AA, 9444, 26, 363.241108, ZIP, 2015, 14, 143.980799, 114, 119, 
trial0003414, 000600, AA, 9433, 26, 362.841859, ZIP, 2101, 14, 150.079404, 101, 121, 
trial0003415, 000600, AA, 8989, 26, 345.765109, ZIP, 2082, 14, 148.721940, 114, 119, 
trial0003416, 000600, AA, 8071, 26, 310.443081, ZIP, 2868, 14, 204.891421, 114, 123, 
trial0003417, 000600, AA, 7852, 26, 302.022620, ZIP, 3125, 14, 223.243705, 116, 121, 
trial0003418, 000600, AA, 7211, 26, 277.357338, ZIP, 3381, 14, 241.550657, 107, 108, 
trial0003419, 000600, AA, 7459, 26, 286.888737, ZIP, 3476, 14, 248.349489, 108, 115, 
trial0003420, 000600, AA, 8854, 26, 340.568289, ZIP, 2027, 14, 144.801749, 110, 115, 
trial0003421, 000600, AA, 6378, 26, 245.332640, ZIP, 4084, 14, 291.739383, 113, 116, 
trial0003422, 000600, AA, 7966, 26, 306.421825, ZIP, 2896, 14, 206.859468, 113, 115, 
trial0003423, 000600, AA, 7612, 26, 292.794314, ZIP, 2758, 14, 197.024846, 112, 115, 
trial0003424, 000600, AA, 7182, 26, 276.261658, ZIP, 2915, 14, 208.228349, 117, 126, 
trial0003425, 000600, AA, 8094, 26, 311.332297, ZIP, 3068, 14, 219.168592, 105, 111, 
trial0003426, 000600, AA, 6484, 26, 249.387910, ZIP, 3341, 14, 238.708167, 110, 121, 
trial0003427, 000600, AA, 7132, 26, 274.345145, ZIP, 3194, 14, 228.144730, 114, 115, 
trial0003428, 000600, AA, 9361, 26, 360.050255, ZIP, 2160, 14, 154.335241, 113, 121, 
trial0003429, 000600, AA, 9100, 26, 350.025629, ZIP, 2320, 14, 165.738117, 111, 112, 
trial0003430, 000600, AA, 9163, 26, 352.451662, ZIP, 2404, 14, 171.732628, 105, 108, 
trial0003431, 000600, AA, 8245, 26, 317.138517, ZIP, 2464, 14, 176.028468, 107, 120, 
trial0003432, 000600, AA, 7086, 26, 272.543228, ZIP, 3391, 14, 242.276862, 102, 115, 
trial0003433, 000600, AA, 6374, 26, 245.180643, ZIP, 3760, 14, 268.593091, 108, 120, 
trial0003434, 000600, AA, 7984, 26, 307.099660, ZIP, 2871, 14, 205.100632, 107, 108, 
trial0003435, 000600, AA, 8073, 26, 310.515178, ZIP, 3295, 14, 235.400383, 110, 115, 
trial0003436, 000600, AA, 6133, 26, 235.894792, ZIP, 3978, 14, 284.195386, 106, 108, 
trial0003437, 000600, AA, 9517, 26, 366.053155, ZIP, 2222, 14, 158.758426, 107, 117, 
trial0003438, 000600, AA, 8649, 26, 332.673031, ZIP, 2527, 14, 180.535799, 107, 111, 
trial0003439, 000600, AA, 8047, 26, 309.522293, ZIP, 2567, 14, 183.387170, 108, 115, 
trial0003440, 000600, AA, 7967, 26, 306.456346, ZIP, 2475, 14, 176.795358, 116, 124, 
trial0003441, 000600, AA, 6742, 26, 259.314903, ZIP, 3515, 14, 251.129466, 105, 113, 
trial0003442, 000600, AA, 6908, 26, 265.709225, ZIP, 3550, 14, 253.611439, 114, 121, 
trial0003443, 000600, AA, 7615, 26, 292.895981, ZIP, 3300, 14, 235.764606, 109, 112, 
trial0003444, 000600, AA, 6037, 26, 232.203876, ZIP, 4276, 14, 305.478516, 106, 108, 
trial0003445, 000600, AA, 7160, 26, 275.411983, ZIP, 3120, 14, 222.877746, 101, 109, 
trial0003446, 000600, AA, 7707, 26, 296.460633, ZIP, 2481, 14, 177.215967, 104, 109, 
trial0003447, 000600, AA, 9304, 26, 357.849118, ZIP, 2183, 14, 155.994495, 114, 119, 
trial0003448, 000600, AA, 7029, 26, 270.366778, ZIP, 3768, 14, 269.175984, 105, 115, 
trial0003449, 000600, AA, 7469, 26, 287.281634, ZIP, 2835, 14, 202.548394, 104, 108, 
trial0003450, 000600, AA, 5706, 26, 219.468463, ZIP, 3928, 14, 280.629997, 111, 115, 
trial0003451, 000600, AA, 7772, 26, 298.936030, ZIP, 2887, 14, 206.261658, 112, 114, 
trial0003452, 000600, AA, 9245, 26, 355.597507, ZIP, 2431, 14, 173.676059, 101, 105, 
trial0003453, 000600, AA, 7225, 26, 277.911925, ZIP, 3036, 14, 216.877853, 101, 128, 
trial0003454, 000600, AA, 6772, 26, 260.482609, ZIP, 3339, 14, 238.532298, 112, 115, 
trial0003455, 000600, AA, 6619, 26, 254.599843, ZIP, 3327, 14, 237.671721, 101, 108, 
trial0003456, 000600, AA, 8938, 26, 343.784196, ZIP, 2302, 14, 164.472208, 101, 108, 
trial0003457, 000600, AA, 8378, 26, 322.265042, ZIP, 2576, 14, 184.007780, 113, 115, 
trial0003458, 000600, AA, 8611, 26, 331.225048, ZIP, 2582, 14, 184.439197, 104, 117, 
trial0003459, 000600, AA, 8786, 26, 337.952668, ZIP, 1977, 14, 141.230759, 117, 120, 
trial0003460, 000600, AA, 7278, 26, 279.950084, ZIP, 3035, 14, 216.806986, 107, 113, 
trial0003461, 000600, AA, 7740, 26, 297.722083, ZIP, 2842, 14, 203.016131, 107, 108, 
trial0003462, 000600, AA, 8533, 26, 328.209270, ZIP, 2096, 14, 149.754214, 109, 115, 
trial0003463, 000600, AA, 6071, 26, 233.517119, ZIP, 3780, 14, 270.039636, 112, 114, 
trial0003464, 000600, AA, 5372, 26, 206.643742, ZIP, 4074, 14, 291.018765, 105, 109, 
trial0003465, 000600, AA, 5734, 26, 220.548171, ZIP, 4342, 14, 310.196254, 109, 112, 
trial0003466, 000600, AA, 8308, 26, 319.540903, ZIP, 2975, 14, 212.566894, 109, 116, 
trial0003467, 000600, AA, 7943, 26, 305.525301, ZIP, 2959, 14, 211.381584, 110, 114, 
trial0003468, 000600, AA, 8715, 26, 335.194177, ZIP, 2408, 14, 172.067957, 108, 116, 
trial0003469, 000600, AA, 7317, 26, 281.426704, ZIP, 3024, 14, 216.064693, 107, 113, 
trial0003470, 000600, AA, 8965, 26, 344.810624, ZIP, 2200, 14, 157.208842, 109, 115, 
trial0003471, 000600, AA, 9555, 26, 367.537396, ZIP, 1659, 14, 118.501979, 106, 121, 
trial0003472, 000600, AA, 7843, 26, 301.692171, ZIP, 2652, 14, 189.428825, 109, 110, 
trial0003473, 000600, AA, 7140, 26, 274.629050, ZIP, 3170, 14, 226.474622, 107, 109, 
trial0003474, 000600, AA, 6806, 26, 261.777419, ZIP, 3312, 14, 236.627650, 101, 108, 
trial0003475, 000600, AA, 9250, 26, 355.776706, ZIP, 2027, 14, 144.843261, 109, 115, 
trial0003476, 000600, AA, 6496, 26, 249.875488, ZIP, 3460, 14, 247.159807, 107, 118, 
trial0003477, 000600, AA, 9203, 26, 353.967038, ZIP, 2118, 14, 151.346930, 107, 121, 
trial0003478, 000600, AA, 3895, 26, 149.810687, ZIP, 4441, 14, 317.280152, 111, 112, 
trial0003479, 000600, AA, 10010, 26, 385.030644, ZIP, 1974, 14, 141.014519, 107, 108, 
trial0003480, 000600, AA, 8191, 26, 315.048902, ZIP, 2896, 14, 206.909182, 109, 120, 
trial0003481, 000600, AA, 6459, 26, 248.438856, ZIP, 3664, 14, 261.756411, 107, 109, 
trial0003482, 000600, AA, 7122, 26, 273.933992, ZIP, 3058, 14, 218.479729, 106, 111, 
trial0003483, 000600, AA, 5096, 26, 196.018848, ZIP, 4500, 14, 321.464996, 114, 117, 
trial0003484, 000600, AA, 6401, 26, 246.201762, ZIP, 3308, 14, 236.339586, 101, 115, 
trial0003485, 000600, AA, 6722, 26, 258.567603, ZIP, 3445, 14, 246.088737, 112, 116, 
trial0003486, 000600, AA, 7940, 26, 305.404721, ZIP, 2867, 14, 204.819804, 105, 122, 
trial0003487, 000600, AA, 7957, 26, 306.049372, ZIP, 2897, 14, 206.979737, 107, 115, 
trial0003488, 000600, AA, 6257, 26, 240.668149, ZIP, 3596, 14, 256.902009, 115, 117, 
trial0003489, 000600, AA, 6676, 26, 256.806302, ZIP, 3236, 14, 231.145440, 108, 110, 
trial0003490, 000600, AA, 8438, 26, 324.553282, ZIP, 2564, 14, 183.186761, 101, 113, 
trial0003491, 000600, AA, 8535, 26, 328.284744, ZIP, 2327, 14, 166.256905, 107, 113, 
trial0003492, 000600, AA, 4495, 26, 172.888305, ZIP, 4355, 14, 311.136004, 107, 109, 
trial0003493, 000600, AA, 7190, 26, 276.554686, ZIP, 3509, 14, 250.684155, 114, 120, 
trial0003494, 000600, AA, 7682, 26, 295.468825, ZIP, 2757, 14, 196.986468, 116, 117, 
trial0003495, 000600, AA, 9302, 26, 357.791051, ZIP, 2062, 14, 147.316620, 112, 120, 
trial0003496, 000600, AA, 6463, 26, 248.590136, ZIP, 3289, 14, 234.975461, 106, 111, 
trial0003497, 000600, AA, 6636, 26, 255.241506, ZIP, 3751, 14, 267.980060, 110, 112, 
trial0003498, 000600, AA, 7430, 26, 285.785490, ZIP, 2852, 14, 203.755519, 111, 124, 
trial0003499, 000600, AA, 7417, 26, 285.298994, ZIP, 3139, 14, 224.230439, 102, 108, 
trial0003500, 000600, AA, 9104, 26, 350.181210, ZIP, 2452, 14, 175.163467, 107, 115, 
