trial0010501, GDX, 597, 34, 17.558824, 0.764706, 0.004609, 0.004029, 0.000580, ZIC, 201, 6, 33.500000, 0.666667, 0.000023, 0.000009, 0.000014, 
trial0010502, GDX, 497, 34, 14.617647, 0.735294, 0.003714, 0.003540, 0.000174, ZIC, 227, 6, 37.833333, 0.833333, 0.000791, 0.000009, 0.000782, 
trial0010503, GDX, 87, 34, 2.558824, 0.205882, 0.003864, 0.003713, 0.000150, ZIC, 398, 6, 66.333333, 1.166667, 0.000786, 0.000009, 0.000777, 
trial0010504, GDX, 136, 34, 4.000000, 0.205882, 0.003227, 0.003058, 0.000168, ZIC, 284, 6, 47.333333, 1.166667, 0.000020, 0.000009, 0.000011, 
trial0010505, GDX, 118, 34, 3.470588, 0.205882, 0.003640, 0.003453, 0.000186, ZIC, 279, 6, 46.500000, 1.166667, 0.000895, 0.000009, 0.000885, 
trial0010506, GDX, 26, 34, 0.764706, 0.147059, 0.003836, 0.003824, 0.000012, ZIC, 345, 6, 57.500000, 0.833333, 0.000017, 0.000008, 0.000008, 
trial0010507, GDX, 202, 34, 5.941176, 0.382353, 0.005593, 0.005575, 0.000019, ZIC, 124, 6, 20.666667, 0.833333, 0.000022, 0.000008, 0.000013, 
trial0010508, GDX, 86, 34, 2.529412, 0.205882, 0.004134, 0.004119, 0.000015, ZIC, 284, 6, 47.333333, 1.166667, 0.000018, 0.000008, 0.000010, 
trial0010509, GDX, 257, 34, 7.558824, 0.411765, 0.005200, 0.004846, 0.000353, ZIC, 224, 6, 37.333333, 0.833333, 0.000021, 0.000008, 0.000013, 
trial0010510, GDX, 218, 34, 6.411765, 0.264706, 0.003836, 0.003412, 0.000424, ZIC, 393, 6, 65.500000, 1.166667, 0.000017, 0.000009, 0.000008, 
trial0010511, GDX, 49, 34, 1.441176, 0.235294, 0.003809, 0.003794, 0.000015, ZIC, 555, 6, 92.500000, 1.333333, 0.000018, 0.000008, 0.000010, 
trial0010512, GDX, 329, 34, 9.676471, 0.558824, 0.005343, 0.004874, 0.000469, ZIC, 178, 6, 29.666667, 0.833333, 0.000021, 0.000009, 0.000012, 
trial0010513, GDX, 85, 34, 2.500000, 0.294118, 0.004048, 0.003912, 0.000136, ZIC, 530, 6, 88.333333, 1.666667, 0.000019, 0.000008, 0.000010, 
trial0010514, GDX, 307, 34, 9.029412, 0.470588, 0.005491, 0.005317, 0.000174, ZIC, 135, 6, 22.500000, 0.666667, 0.000020, 0.000008, 0.000012, 
trial0010515, GDX, 140, 34, 4.117647, 0.176471, 0.003116, 0.002967, 0.000150, ZIC, 334, 6, 55.666667, 1.166667, 0.000018, 0.000008, 0.000010, 
trial0010516, GDX, 537, 34, 15.794118, 0.588235, 0.004889, 0.004715, 0.000174, ZIC, 191, 6, 31.833333, 0.666667, 0.001253, 0.000010, 0.001243, 
trial0010517, GDX, 382, 34, 11.235294, 0.500000, 0.005357, 0.005030, 0.000328, ZIC, 88, 6, 14.666667, 0.666667, 0.000021, 0.000008, 0.000013, 
trial0010518, GDX, 28, 34, 0.823529, 0.205882, 0.003971, 0.003807, 0.000164, ZIC, 534, 6, 89.000000, 1.166667, 0.000017, 0.000009, 0.000008, 
trial0010519, GDX, 250, 34, 7.352941, 0.352941, 0.004807, 0.004791, 0.000016, ZIC, 164, 6, 27.333333, 0.666667, 0.000871, 0.000009, 0.000863, 
trial0010520, GDX, 310, 34, 9.117647, 0.470588, 0.006068, 0.005776, 0.000292, ZIC, 157, 6, 26.166667, 0.666667, 0.000020, 0.000008, 0.000012, 
trial0010521, GDX, 216, 34, 6.352941, 0.352941, 0.004399, 0.004384, 0.000015, ZIC, 369, 6, 61.500000, 1.333333, 0.000018, 0.000009, 0.000009, 
trial0010522, GDX, 266, 34, 7.823529, 0.441176, 0.004648, 0.004477, 0.000171, ZIC, 223, 6, 37.166667, 0.833333, 0.000020, 0.000009, 0.000010, 
trial0010523, GDX, 92, 34, 2.705882, 0.264706, 0.004123, 0.003818, 0.000305, ZIC, 418, 6, 69.666667, 1.500000, 0.000017, 0.000008, 0.000009, 
trial0010524, GDX, 451, 34, 13.264706, 0.558824, 0.003762, 0.003528, 0.000234, ZIC, 283, 6, 47.166667, 1.000000, 0.002130, 0.000010, 0.002120, 
trial0010525, GDX, 537, 34, 15.794118, 0.735294, 0.005036, 0.005014, 0.000023, ZIC, 164, 6, 27.333333, 0.833333, 0.001053, 0.000014, 0.001039, 
trial0010526, GDX, 406, 34, 11.941176, 0.500000, 0.004467, 0.004450, 0.000018, ZIC, 169, 6, 28.166667, 0.500000, 0.000020, 0.000009, 0.000011, 
trial0010527, GDX, 43, 34, 1.264706, 0.176471, 0.004019, 0.004006, 0.000013, ZIC, 455, 6, 75.833333, 1.000000, 0.000017, 0.000009, 0.000009, 
trial0010528, GDX, 266, 34, 7.823529, 0.411765, 0.004489, 0.004180, 0.000309, ZIC, 228, 6, 38.000000, 1.000000, 0.000021, 0.000010, 0.000011, 
trial0010529, GDX, 173, 34, 5.088235, 0.264706, 0.004008, 0.003992, 0.000016, ZIC, 322, 6, 53.666667, 1.500000, 0.000019, 0.000008, 0.000011, 
trial0010530, GDX, 114, 34, 3.352941, 0.205882, 0.004074, 0.004060, 0.000014, ZIC, 344, 6, 57.333333, 1.166667, 0.001247, 0.001237, 0.000011, 
trial0010531, GDX, 323, 34, 9.500000, 0.558824, 0.004753, 0.004578, 0.000175, ZIC, 274, 6, 45.666667, 1.166667, 0.000023, 0.000008, 0.000015, 
trial0010532, GDX, 218, 34, 6.411765, 0.323529, 0.003537, 0.003522, 0.000015, ZIC, 297, 6, 49.500000, 0.833333, 0.000019, 0.000009, 0.000010, 
trial0010533, GDX, 310, 34, 9.117647, 0.352941, 0.003659, 0.003368, 0.000291, ZIC, 390, 6, 65.000000, 1.333333, 0.000792, 0.000011, 0.000782, 
trial0010534, GDX, 55, 34, 1.617647, 0.235294, 0.004065, 0.003373, 0.000692, ZIC, 349, 6, 58.166667, 1.333333, 0.000018, 0.000009, 0.000009, 
trial0010535, GDX, 291, 34, 8.558824, 0.441176, 0.005216, 0.005044, 0.000172, ZIC, 124, 6, 20.666667, 0.500000, 0.000019, 0.000008, 0.000011, 
trial0010536, GDX, 407, 34, 11.970588, 0.382353, 0.003807, 0.003793, 0.000015, ZIC, 251, 6, 41.833333, 1.166667, 0.000017, 0.000009, 0.000008, 
trial0010537, GDX, 412, 34, 12.117647, 0.647059, 0.005008, 0.004985, 0.000023, ZIC, 300, 6, 50.000000, 1.333333, 0.000902, 0.000887, 0.000015, 
trial0010538, GDX, 71, 34, 2.088235, 0.205882, 0.003973, 0.003688, 0.000285, ZIC, 488, 6, 81.333333, 1.166667, 0.000788, 0.000777, 0.000010, 
trial0010539, GDX, 72, 34, 2.117647, 0.205882, 0.003488, 0.003474, 0.000014, ZIC, 440, 6, 73.333333, 1.166667, 0.000019, 0.000009, 0.000010, 
trial0010540, GDX, 321, 34, 9.441176, 0.529412, 0.005502, 0.005303, 0.000199, ZIC, 152, 6, 25.333333, 0.500000, 0.000022, 0.000009, 0.000013, 
trial0010541, GDX, 578, 34, 17.000000, 0.735294, 0.004412, 0.004137, 0.000275, ZIC, 91, 6, 15.166667, 0.500000, 0.000020, 0.000008, 0.000012, 
trial0010542, GDX, 1193, 34, 35.088235, 1.264706, 0.003430, 0.003409, 0.000021, ZIC, 21, 6, 3.500000, 0.166667, 0.001558, 0.000009, 0.001549, 
trial0010543, GDX, 307, 34, 9.029412, 0.500000, 0.003461, 0.003445, 0.000017, ZIC, 403, 6, 67.166667, 1.500000, 0.000021, 0.000009, 0.000012, 
trial0010544, GDX, 144, 34, 4.235294, 0.294118, 0.003723, 0.003558, 0.000164, ZIC, 417, 6, 69.500000, 1.333333, 0.000020, 0.000009, 0.000011, 
trial0010545, GDX, 314, 34, 9.235294, 0.411765, 0.005466, 0.005313, 0.000153, ZIC, 147, 6, 24.500000, 0.666667, 0.000018, 0.000008, 0.000010, 
trial0010546, GDX, 391, 34, 11.500000, 0.647059, 0.003789, 0.003500, 0.000289, ZIC, 194, 6, 32.333333, 0.666667, 0.000020, 0.000009, 0.000011, 
trial0010547, GDX, 1003, 34, 29.500000, 0.970588, 0.003861, 0.003843, 0.000018, ZIC, 64, 6, 10.666667, 0.166667, 0.000024, 0.000010, 0.000014, 
trial0010548, GDX, 177, 34, 5.205882, 0.352941, 0.003718, 0.003569, 0.000149, ZIC, 652, 6, 108.666667, 1.666667, 0.000020, 0.000010, 0.000010, 
trial0010549, GDX, 472, 34, 13.882353, 0.823529, 0.007011, 0.006834, 0.000176, ZIC, 214, 6, 35.666667, 0.833333, 0.000902, 0.000011, 0.000890, 
trial0010550, GDX, 324, 34, 9.529412, 0.441176, 0.004720, 0.004502, 0.000218, ZIC, 213, 6, 35.500000, 0.833333, 0.001250, 0.000011, 0.001239, 
trial0010551, GDX, 37, 34, 1.088235, 0.205882, 0.003519, 0.003219, 0.000299, ZIC, 439, 6, 73.166667, 1.500000, 0.000787, 0.000009, 0.000778, 
trial0010552, GDX, 431, 34, 12.676471, 0.441176, 0.003324, 0.003309, 0.000015, ZIC, 292, 6, 48.666667, 1.166667, 0.000019, 0.000009, 0.000010, 
trial0010553, GDX, 323, 34, 9.500000, 0.441176, 0.004484, 0.004331, 0.000153, ZIC, 238, 6, 39.666667, 1.000000, 0.000022, 0.000010, 0.000012, 
trial0010554, GDX, 213, 34, 6.264706, 0.382353, 0.004174, 0.004158, 0.000016, ZIC, 697, 6, 116.166667, 1.833333, 0.000020, 0.000009, 0.000011, 
trial0010555, GDX, 107, 34, 3.147059, 0.264706, 0.003841, 0.003279, 0.000562, ZIC, 478, 6, 79.666667, 1.500000, 0.000018, 0.000008, 0.000010, 
trial0010556, GDX, 166, 34, 4.882353, 0.382353, 0.003901, 0.003885, 0.000016, ZIC, 570, 6, 95.000000, 1.833333, 0.000019, 0.000009, 0.000010, 
trial0010557, GDX, 125, 34, 3.676471, 0.147059, 0.004133, 0.003967, 0.000166, ZIC, 84, 6, 14.000000, 0.500000, 0.000016, 0.000008, 0.000008, 
trial0010558, GDX, 86, 34, 2.529412, 0.176471, 0.003502, 0.003489, 0.000013, ZIC, 311, 6, 51.833333, 1.000000, 0.000018, 0.000008, 0.000009, 
trial0010559, GDX, 654, 34, 19.235294, 0.588235, 0.003681, 0.003542, 0.000139, ZIC, 428, 6, 71.333333, 1.666667, 0.000021, 0.000008, 0.000013, 
trial0010560, GDX, 152, 34, 4.470588, 0.382353, 0.003494, 0.003343, 0.000151, ZIC, 468, 6, 78.000000, 1.166667, 0.000019, 0.000008, 0.000011, 
trial0010561, GDX, 45, 34, 1.323529, 0.235294, 0.003382, 0.003368, 0.000014, ZIC, 420, 6, 70.000000, 1.333333, 0.000019, 0.000010, 0.000009, 
trial0010562, GDX, 375, 34, 11.029412, 0.588235, 0.004134, 0.003961, 0.000173, ZIC, 196, 6, 32.666667, 0.666667, 0.000899, 0.000887, 0.000012, 
trial0010563, GDX, 885, 34, 26.029412, 0.882353, 0.004108, 0.003906, 0.000202, ZIC, 63, 6, 10.500000, 0.333333, 0.000023, 0.000008, 0.000015, 
trial0010564, GDX, 59, 34, 1.735294, 0.235294, 0.003756, 0.003470, 0.000286, ZIC, 511, 6, 85.166667, 1.333333, 0.000017, 0.000008, 0.000009, 
trial0010565, GDX, 15, 34, 0.441176, 0.264706, 0.003425, 0.003410, 0.000015, ZIC, 643, 6, 107.166667, 1.500000, 0.000018, 0.000009, 0.000009, 
trial0010566, GDX, 373, 34, 10.970588, 0.500000, 0.004702, 0.004685, 0.000017, ZIC, 153, 6, 25.500000, 0.833333, 0.000021, 0.000009, 0.000012, 
trial0010567, GDX, 350, 34, 10.294118, 0.500000, 0.005346, 0.005327, 0.000019, ZIC, 214, 6, 35.666667, 0.833333, 0.000018, 0.000008, 0.000010, 
trial0010568, GDX, 53, 34, 1.558824, 0.176471, 0.004307, 0.004295, 0.000012, ZIC, 323, 6, 53.833333, 1.000000, 0.000016, 0.000009, 0.000008, 
trial0010569, GDX, 46, 34, 1.352941, 0.205882, 0.003776, 0.003763, 0.000013, ZIC, 439, 6, 73.166667, 1.166667, 0.000017, 0.000009, 0.000009, 
trial0010570, GDX, 283, 34, 8.323529, 0.382353, 0.004069, 0.003931, 0.000138, ZIC, 361, 6, 60.166667, 1.500000, 0.000781, 0.000010, 0.000771, 
trial0010571, GDX, 345, 34, 10.147059, 0.588235, 0.005685, 0.005395, 0.000291, ZIC, 122, 6, 20.333333, 0.833333, 0.000026, 0.000010, 0.000016, 
trial0010572, GDX, 87, 34, 2.558824, 0.176471, 0.003607, 0.003290, 0.000317, ZIC, 233, 6, 38.833333, 0.666667, 0.000017, 0.000009, 0.000008, 
trial0010573, GDX, 74, 34, 2.176471, 0.294118, 0.004361, 0.003784, 0.000577, ZIC, 412, 6, 68.666667, 1.333333, 0.000019, 0.000008, 0.000011, 
trial0010574, GDX, 311, 34, 9.147059, 0.441176, 0.003774, 0.003602, 0.000172, ZIC, 582, 6, 97.000000, 1.833333, 0.000019, 0.000008, 0.000011, 
trial0010575, GDX, 103, 34, 3.029412, 0.264706, 0.004627, 0.004340, 0.000287, ZIC, 531, 6, 88.500000, 1.500000, 0.000019, 0.000008, 0.000010, 
trial0010576, GDX, 465, 34, 13.676471, 0.470588, 0.003964, 0.003949, 0.000015, ZIC, 185, 6, 30.833333, 1.333333, 0.000022, 0.000010, 0.000011, 
trial0010577, GDX, 415, 34, 12.205882, 0.500000, 0.005883, 0.005868, 0.000015, ZIC, 180, 6, 30.000000, 0.500000, 0.000018, 0.000008, 0.000010, 
trial0010578, GDX, 878, 34, 25.823529, 0.941176, 0.004698, 0.004498, 0.000200, ZIC, 82, 6, 13.666667, 0.666667, 0.000025, 0.000010, 0.000015, 
trial0010579, GDX, 12, 34, 0.352941, 0.235294, 0.004544, 0.004531, 0.000013, ZIC, 675, 6, 112.500000, 1.333333, 0.000704, 0.000694, 0.000009, 
trial0010580, GDX, 318, 34, 9.352941, 0.441176, 0.005041, 0.005022, 0.000019, ZIC, 225, 6, 37.500000, 0.833333, 0.000021, 0.000008, 0.000013, 
trial0010581, GDX, 626, 34, 18.411765, 0.676471, 0.004117, 0.003655, 0.000462, ZIC, 270, 6, 45.000000, 1.166667, 0.000022, 0.000008, 0.000014, 
trial0010582, GDX, 74, 34, 2.176471, 0.235294, 0.004567, 0.004382, 0.000185, ZIC, 391, 6, 65.166667, 1.000000, 0.000019, 0.000008, 0.000010, 
trial0010583, GDX, 337, 34, 9.911765, 0.470588, 0.004517, 0.004500, 0.000017, ZIC, 259, 6, 43.166667, 1.000000, 0.000783, 0.000773, 0.000010, 
trial0010584, GDX, 363, 34, 10.676471, 0.500000, 0.004429, 0.004412, 0.000017, ZIC, 279, 6, 46.500000, 0.833333, 0.000020, 0.000009, 0.000012, 
trial0010585, GDX, 438, 34, 12.882353, 0.558824, 0.003181, 0.002874, 0.000307, ZIC, 362, 6, 60.333333, 1.166667, 0.000702, 0.000009, 0.000693, 
trial0010586, GDX, 146, 34, 4.294118, 0.264706, 0.004577, 0.004560, 0.000017, ZIC, 440, 6, 73.333333, 1.500000, 0.000021, 0.000010, 0.000011, 
trial0010587, GDX, 193, 34, 5.676471, 0.470588, 0.004264, 0.004066, 0.000199, ZIC, 320, 6, 53.333333, 1.000000, 0.000022, 0.000009, 0.000013, 
trial0010588, GDX, 634, 34, 18.647059, 0.735294, 0.005097, 0.004904, 0.000193, ZIC, 231, 6, 38.500000, 0.833333, 0.000026, 0.000011, 0.000015, 
trial0010589, GDX, 119, 34, 3.500000, 0.264706, 0.004309, 0.004175, 0.000135, ZIC, 418, 6, 69.666667, 1.166667, 0.000017, 0.000008, 0.000009, 
trial0010590, GDX, 1181, 34, 34.735294, 1.147059, 0.004193, 0.004034, 0.000159, ZIC, 130, 6, 21.666667, 0.833333, 0.000025, 0.000009, 0.000016, 
trial0010591, GDX, 57, 34, 1.676471, 0.264706, 0.003843, 0.003829, 0.000015, ZIC, 545, 6, 90.833333, 1.500000, 0.000018, 0.000009, 0.000009, 
trial0010592, GDX, 166, 34, 4.882353, 0.352941, 0.004899, 0.004710, 0.000189, ZIC, 281, 6, 46.833333, 0.833333, 0.000023, 0.000009, 0.000013, 
trial0010593, GDX, 202, 34, 5.941176, 0.323529, 0.003798, 0.003783, 0.000015, ZIC, 476, 6, 79.333333, 1.166667, 0.000019, 0.000009, 0.000010, 
trial0010594, GDX, 205, 34, 6.029412, 0.323529, 0.005641, 0.005624, 0.000017, ZIC, 214, 6, 35.666667, 0.833333, 0.000020, 0.000008, 0.000012, 
trial0010595, GDX, 461, 34, 13.558824, 0.529412, 0.003891, 0.003736, 0.000155, ZIC, 242, 6, 40.333333, 1.000000, 0.000021, 0.000009, 0.000011, 
trial0010596, GDX, 12, 34, 0.352941, 0.235294, 0.004362, 0.003986, 0.000375, ZIC, 432, 6, 72.000000, 1.333333, 0.000019, 0.000009, 0.000010, 
trial0010597, GDX, 207, 34, 6.088235, 0.294118, 0.004294, 0.004009, 0.000285, ZIC, 292, 6, 48.666667, 1.333333, 0.000017, 0.000009, 0.000009, 
trial0010598, GDX, 775, 34, 22.794118, 0.735294, 0.003798, 0.003656, 0.000142, ZIC, 302, 6, 50.333333, 1.166667, 0.000789, 0.000010, 0.000778, 
trial0010599, GDX, 70, 34, 2.058824, 0.235294, 0.003949, 0.003816, 0.000133, ZIC, 429, 6, 71.500000, 1.166667, 0.000019, 0.000009, 0.000010, 
trial0010600, GDX, 191, 34, 5.617647, 0.323529, 0.004525, 0.004328, 0.000196, ZIC, 226, 6, 37.666667, 0.833333, 0.000019, 0.000008, 0.000011, 
trial0010601, GDX, 1950, 34, 57.352941, 1.500000, 0.003569, 0.003545, 0.000024, ZIC, 680, 6, 113.333333, 1.500000, 0.000025, 0.000009, 0.000016, 
trial0010602, GDX, 966, 34, 28.411765, 0.794118, 0.003472, 0.003459, 0.000013, ZIC, 283, 6, 47.166667, 1.166667, 0.000020, 0.000009, 0.000010, 
trial0010603, GDX, 863, 34, 25.382353, 0.823529, 0.002941, 0.002928, 0.000013, ZIC, 430, 6, 71.666667, 1.333333, 0.000492, 0.000482, 0.000011, 
trial0010604, GDX, 1814, 34, 53.352941, 1.235294, 0.003084, 0.003064, 0.000020, ZIC, 330, 6, 55.000000, 1.000000, 0.000024, 0.000010, 0.000014, 
trial0010605, GDX, 1349, 34, 39.676471, 1.000000, 0.002917, 0.002752, 0.000165, ZIC, 86, 6, 14.333333, 0.666667, 0.001195, 0.000566, 0.000628, 
trial0010606, GDX, 938, 34, 27.588235, 0.794118, 0.003820, 0.003805, 0.000015, ZIC, 366, 6, 61.000000, 1.166667, 0.000021, 0.000009, 0.000012, 
trial0010607, GDX, 476, 34, 14.000000, 0.735294, 0.002914, 0.002777, 0.000138, ZIC, 549, 6, 91.500000, 1.500000, 0.000019, 0.000010, 0.000010, 
trial0010608, GDX, 2146, 34, 63.117647, 1.588235, 0.003168, 0.002877, 0.000291, ZIC, 468, 6, 78.000000, 1.000000, 0.000793, 0.000010, 0.000783, 
trial0010609, GDX, 1372, 34, 40.352941, 1.000000, 0.002942, 0.002698, 0.000244, ZIC, 325, 6, 54.166667, 1.166667, 0.000019, 0.000008, 0.000011, 
trial0010610, GDX, 3606, 34, 106.058824, 2.647059, 0.002725, 0.002702, 0.000022, ZIC, 277, 6, 46.166667, 1.000000, 0.000025, 0.000008, 0.000017, 
trial0010611, GDX, 2402, 34, 70.647059, 1.735294, 0.003678, 0.003140, 0.000538, ZIC, 588, 6, 98.000000, 1.166667, 0.000025, 0.000010, 0.000015, 
trial0010612, GDX, 1433, 34, 42.147059, 0.970588, 0.003115, 0.002853, 0.000262, ZIC, 686, 6, 114.333333, 1.500000, 0.000021, 0.000009, 0.000012, 
trial0010613, GDX, 2307, 34, 67.852941, 1.705882, 0.002813, 0.002552, 0.000261, ZIC, 784, 6, 130.666667, 2.333333, 0.000023, 0.000008, 0.000014, 
trial0010614, GDX, 954, 34, 28.058824, 0.705882, 0.002529, 0.002300, 0.000230, ZIC, 678, 6, 113.000000, 1.666667, 0.000018, 0.000009, 0.000009, 
trial0010615, GDX, 1985, 34, 58.382353, 1.235294, 0.003161, 0.003143, 0.000018, ZIC, 374, 6, 62.333333, 1.000000, 0.000582, 0.000009, 0.000573, 
trial0010616, GDX, 2035, 34, 59.852941, 1.411765, 0.003455, 0.003165, 0.000290, ZIC, 50, 6, 8.333333, 0.333333, 0.000023, 0.000010, 0.000013, 
trial0010617, GDX, 241, 34, 7.088235, 0.529412, 0.003295, 0.002886, 0.000409, ZIC, 822, 6, 137.000000, 2.000000, 0.000022, 0.000009, 0.000013, 
trial0010618, GDX, 1795, 34, 52.794118, 1.088235, 0.002440, 0.002423, 0.000017, ZIC, 538, 6, 89.666667, 1.500000, 0.000020, 0.000009, 0.000011, 
trial0010619, GDX, 1019, 34, 29.970588, 1.000000, 0.003772, 0.003753, 0.000019, ZIC, 793, 6, 132.166667, 1.666667, 0.000024, 0.000010, 0.000013, 
trial0010620, GDX, 3279, 34, 96.441176, 2.617647, 0.002991, 0.002967, 0.000024, ZIC, 974, 6, 162.333333, 2.166667, 0.000027, 0.000008, 0.000019, 
trial0010621, GDX, 3168, 34, 93.176471, 2.352941, 0.003763, 0.003443, 0.000320, ZIC, 280, 6, 46.666667, 1.000000, 0.000881, 0.000008, 0.000872, 
trial0010622, GDX, 1287, 34, 37.852941, 0.970588, 0.002507, 0.002358, 0.000150, ZIC, 785, 6, 130.833333, 1.833333, 0.000578, 0.000009, 0.000569, 
trial0010623, GDX, 1894, 34, 55.705882, 1.411765, 0.003229, 0.003106, 0.000123, ZIC, 282, 6, 47.000000, 1.333333, 0.000020, 0.000008, 0.000012, 
trial0010624, GDX, 2319, 34, 68.205882, 1.705882, 0.003813, 0.003550, 0.000263, ZIC, 308, 6, 51.333333, 1.000000, 0.001479, 0.000010, 0.001469, 
trial0010625, GDX, 2013, 34, 59.205882, 1.352941, 0.004501, 0.004367, 0.000134, ZIC, 140, 6, 23.333333, 0.333333, 0.000022, 0.000009, 0.000013, 
trial0010626, GDX, 2542, 34, 74.764706, 1.852941, 0.003380, 0.002608, 0.000772, ZIC, 482, 6, 80.333333, 1.166667, 0.000026, 0.000009, 0.000017, 
trial0010627, GDX, 2912, 34, 85.647059, 2.058824, 0.003158, 0.002982, 0.000176, ZIC, 863, 6, 143.833333, 2.000000, 0.000026, 0.000009, 0.000017, 
trial0010628, GDX, 3761, 34, 110.617647, 2.764706, 0.002305, 0.001976, 0.000329, ZIC, 383, 6, 63.833333, 1.000000, 0.000030, 0.000009, 0.000021, 
trial0010629, GDX, 1241, 34, 36.500000, 0.941176, 0.002914, 0.002762, 0.000152, ZIC, 370, 6, 61.666667, 1.333333, 0.000020, 0.000009, 0.000011, 
trial0010630, GDX, 1990, 34, 58.529412, 1.470588, 0.004002, 0.003495, 0.000506, ZIC, 277, 6, 46.166667, 1.000000, 0.001931, 0.000012, 0.001920, 
trial0010631, GDX, 3943, 34, 115.970588, 2.617647, 0.003627, 0.003359, 0.000268, ZIC, 263, 6, 43.833333, 0.833333, 0.000027, 0.000009, 0.000019, 
trial0010632, GDX, 986, 34, 29.000000, 1.000000, 0.003857, 0.003536, 0.000322, ZIC, 410, 6, 68.333333, 1.000000, 0.000634, 0.000009, 0.000625, 
trial0010633, GDX, 828, 34, 24.352941, 0.705882, 0.003122, 0.002772, 0.000350, ZIC, 566, 6, 94.333333, 1.000000, 0.000018, 0.000008, 0.000010, 
trial0010634, GDX, 1453, 34, 42.735294, 1.117647, 0.003612, 0.003478, 0.000134, ZIC, 62, 6, 10.333333, 0.333333, 0.000021, 0.000009, 0.000012, 
trial0010635, GDX, 2337, 34, 68.735294, 1.588235, 0.003819, 0.003583, 0.000235, ZIC, 395, 6, 65.833333, 1.333333, 0.000024, 0.000009, 0.000015, 
trial0010636, GDX, 1289, 34, 37.911765, 0.941176, 0.003012, 0.002842, 0.000170, ZIC, 380, 6, 63.333333, 1.000000, 0.000019, 0.000009, 0.000010, 
trial0010637, GDX, 1836, 34, 54.000000, 1.500000, 0.003213, 0.003197, 0.000016, ZIC, 373, 6, 62.166667, 0.833333, 0.000580, 0.000567, 0.000013, 
trial0010638, GDX, 1485, 34, 43.676471, 1.235294, 0.003845, 0.003402, 0.000443, ZIC, 105, 6, 17.500000, 0.666667, 0.000903, 0.000887, 0.000016, 
trial0010639, GDX, 1660, 34, 48.823529, 1.176471, 0.003714, 0.003454, 0.000260, ZIC, 201, 6, 33.500000, 0.666667, 0.000020, 0.000008, 0.000012, 
trial0010640, GDX, 494, 34, 14.529412, 0.617647, 0.004114, 0.003959, 0.000155, ZIC, 1226, 6, 204.333333, 2.000000, 0.000900, 0.000010, 0.000891, 
trial0010641, GDX, 951, 34, 27.970588, 0.794118, 0.003004, 0.002990, 0.000014, ZIC, 551, 6, 91.833333, 1.500000, 0.000019, 0.000009, 0.000010, 
trial0010642, GDX, 1077, 34, 31.676471, 0.735294, 0.002519, 0.002507, 0.000012, ZIC, 308, 6, 51.333333, 1.166667, 0.000017, 0.000009, 0.000009, 
trial0010643, GDX, 292, 34, 8.588235, 0.470588, 0.003901, 0.003595, 0.000306, ZIC, 695, 6, 115.833333, 1.333333, 0.001460, 0.000691, 0.000769, 
trial0010644, GDX, 2772, 34, 81.529412, 1.941176, 0.003709, 0.003584, 0.000126, ZIC, 134, 6, 22.333333, 0.666667, 0.000025, 0.000009, 0.000015, 
trial0010645, GDX, 920, 34, 27.058824, 0.764706, 0.003768, 0.003328, 0.000441, ZIC, 827, 6, 137.833333, 1.666667, 0.000020, 0.000009, 0.000011, 
trial0010646, GDX, 3495, 34, 102.794118, 2.352941, 0.003025, 0.002880, 0.000146, ZIC, 267, 6, 44.500000, 1.000000, 0.000027, 0.000009, 0.000018, 
trial0010647, GDX, 1585, 34, 46.617647, 1.264706, 0.003374, 0.003355, 0.000019, ZIC, 805, 6, 134.166667, 1.833333, 0.000025, 0.000009, 0.000016, 
trial0010648, GDX, 3836, 34, 112.823529, 2.911765, 0.003375, 0.003150, 0.000225, ZIC, 177, 6, 29.500000, 0.500000, 0.000029, 0.000008, 0.000021, 
trial0010649, GDX, 2750, 34, 80.882353, 2.117647, 0.004144, 0.004011, 0.000133, ZIC, 495, 6, 82.500000, 1.333333, 0.000026, 0.000008, 0.000018, 
trial0010650, GDX, 617, 34, 18.147059, 0.676471, 0.004222, 0.004204, 0.000018, ZIC, 499, 6, 83.166667, 1.333333, 0.000021, 0.000009, 0.000012, 
trial0010651, GDX, 1497, 34, 44.029412, 1.147059, 0.003308, 0.003051, 0.000257, ZIC, 579, 6, 96.500000, 1.166667, 0.000532, 0.000520, 0.000013, 
trial0010652, GDX, 1656, 34, 48.705882, 1.176471, 0.003185, 0.002904, 0.000281, ZIC, 423, 6, 70.500000, 1.333333, 0.000022, 0.000010, 0.000012, 
trial0010653, GDX, 2354, 34, 69.235294, 2.147059, 0.002978, 0.002955, 0.000024, ZIC, 800, 6, 133.333333, 1.500000, 0.000641, 0.000009, 0.000631, 
trial0010654, GDX, 2764, 34, 81.294118, 1.882353, 0.002446, 0.002252, 0.000194, ZIC, 537, 6, 89.500000, 2.000000, 0.000021, 0.000009, 0.000012, 
trial0010655, GDX, 1141, 34, 33.558824, 0.823529, 0.002895, 0.002774, 0.000121, ZIC, 465, 6, 77.500000, 1.666667, 0.000531, 0.000009, 0.000522, 
trial0010656, GDX, 1690, 34, 49.705882, 1.264706, 0.003727, 0.003576, 0.000151, ZIC, 366, 6, 61.000000, 0.833333, 0.000023, 0.000009, 0.000013, 
trial0010657, GDX, 1162, 34, 34.176471, 0.823529, 0.002565, 0.002550, 0.000014, ZIC, 605, 6, 100.833333, 1.666667, 0.000017, 0.000008, 0.000009, 
trial0010658, GDX, 981, 34, 28.852941, 0.823529, 0.003093, 0.003082, 0.000011, ZIC, 94, 6, 15.666667, 0.666667, 0.000017, 0.000008, 0.000009, 
trial0010659, GDX, 333, 34, 9.794118, 0.588235, 0.003069, 0.002811, 0.000258, ZIC, 1185, 6, 197.500000, 2.000000, 0.000022, 0.000011, 0.000011, 
trial0010660, GDX, 884, 34, 26.000000, 0.794118, 0.002683, 0.002561, 0.000122, ZIC, 732, 6, 122.000000, 1.500000, 0.000576, 0.000009, 0.000567, 
trial0010661, GDX, 1013, 34, 29.794118, 0.735294, 0.003086, 0.003073, 0.000012, ZIC, 252, 6, 42.000000, 0.833333, 0.000019, 0.000008, 0.000010, 
trial0010662, GDX, 1192, 34, 35.058824, 0.911765, 0.003059, 0.002905, 0.000154, ZIC, 805, 6, 134.166667, 1.833333, 0.000024, 0.000010, 0.000014, 
trial0010663, GDX, 1303, 34, 38.323529, 1.088235, 0.002376, 0.002359, 0.000016, ZIC, 311, 6, 51.833333, 1.500000, 0.000022, 0.000009, 0.000013, 
trial0010664, GDX, 1902, 34, 55.941176, 1.529412, 0.003307, 0.003026, 0.000281, ZIC, 387, 6, 64.500000, 1.000000, 0.000022, 0.000009, 0.000013, 
trial0010665, GDX, 2279, 34, 67.029412, 1.558824, 0.002967, 0.002674, 0.000293, ZIC, 162, 6, 27.000000, 1.166667, 0.000584, 0.000568, 0.000016, 
trial0010666, GDX, 1232, 34, 36.235294, 1.029412, 0.003185, 0.003168, 0.000016, ZIC, 394, 6, 65.666667, 1.166667, 0.000704, 0.000009, 0.000696, 
trial0010667, GDX, 1714, 34, 50.411765, 1.176471, 0.002623, 0.002469, 0.000154, ZIC, 945, 6, 157.500000, 2.000000, 0.000021, 0.000009, 0.000013, 
trial0010668, GDX, 707, 34, 20.794118, 0.735294, 0.003106, 0.002736, 0.000370, ZIC, 592, 6, 98.666667, 1.166667, 0.000019, 0.000009, 0.000010, 
trial0010669, GDX, 2610, 34, 76.764706, 2.000000, 0.003822, 0.003009, 0.000813, ZIC, 607, 6, 101.166667, 2.000000, 0.000028, 0.000010, 0.000019, 
trial0010670, GDX, 740, 34, 21.764706, 0.705882, 0.003482, 0.003327, 0.000155, ZIC, 496, 6, 82.666667, 1.333333, 0.000027, 0.000010, 0.000017, 
trial0010671, GDX, 1289, 34, 37.911765, 0.911765, 0.002750, 0.002600, 0.000150, ZIC, 247, 6, 41.166667, 0.833333, 0.000020, 0.000009, 0.000012, 
trial0010672, GDX, 1094, 34, 32.176471, 0.882353, 0.003199, 0.002914, 0.000285, ZIC, 261, 6, 43.500000, 1.333333, 0.000018, 0.000009, 0.000010, 
trial0010673, GDX, 1712, 34, 50.352941, 1.176471, 0.003423, 0.003284, 0.000140, ZIC, 737, 6, 122.833333, 1.666667, 0.000023, 0.000009, 0.000014, 
trial0010674, GDX, 1147, 34, 33.735294, 0.941176, 0.002813, 0.002797, 0.000016, ZIC, 562, 6, 93.666667, 1.000000, 0.000019, 0.000008, 0.000011, 
trial0010675, GDX, 1556, 34, 45.764706, 1.235294, 0.003221, 0.002961, 0.000259, ZIC, 540, 6, 90.000000, 1.166667, 0.000020, 0.000009, 0.000012, 
trial0010676, GDX, 929, 34, 27.323529, 0.764706, 0.002987, 0.002718, 0.000269, ZIC, 792, 6, 132.000000, 1.333333, 0.001548, 0.001539, 0.000009, 
trial0010677, GDX, 2026, 34, 59.588235, 1.558824, 0.003288, 0.002882, 0.000405, ZIC, 532, 6, 88.666667, 1.500000, 0.000026, 0.000010, 0.000016, 
trial0010678, GDX, 838, 34, 24.647059, 0.764706, 0.003462, 0.003448, 0.000015, ZIC, 620, 6, 103.333333, 1.333333, 0.000021, 0.000009, 0.000011, 
trial0010679, GDX, 1546, 34, 45.470588, 1.058824, 0.003889, 0.003870, 0.000018, ZIC, 499, 6, 83.166667, 1.333333, 0.000024, 0.000010, 0.000014, 
trial0010680, GDX, 884, 34, 26.000000, 0.647059, 0.003227, 0.002714, 0.000514, ZIC, 814, 6, 135.666667, 1.333333, 0.000019, 0.000009, 0.000010, 
trial0010681, GDX, 613, 34, 18.029412, 0.411765, 0.004199, 0.004001, 0.000197, ZIC, 249, 6, 41.500000, 0.666667, 0.000021, 0.000009, 0.000012, 
trial0010682, GDX, 1746, 34, 51.352941, 1.117647, 0.002896, 0.002760, 0.000137, ZIC, 157, 6, 26.166667, 1.000000, 0.000020, 0.000009, 0.000011, 
trial0010683, GDX, 2525, 34, 74.264706, 1.529412, 0.002615, 0.002485, 0.000130, ZIC, 412, 6, 68.666667, 1.000000, 0.000581, 0.000566, 0.000015, 
trial0010684, GDX, 1858, 34, 54.647059, 1.323529, 0.003570, 0.003023, 0.000547, ZIC, 245, 6, 40.833333, 1.166667, 0.000023, 0.000008, 0.000015, 
trial0010685, GDX, 973, 34, 28.617647, 0.882353, 0.002612, 0.002476, 0.000137, ZIC, 787, 6, 131.166667, 2.000000, 0.000021, 0.000009, 0.000012, 
trial0010686, GDX, 1800, 34, 52.941176, 1.235294, 0.003840, 0.003547, 0.000293, ZIC, 589, 6, 98.166667, 1.333333, 0.000021, 0.000009, 0.000012, 
trial0010687, GDX, 762, 34, 22.411765, 0.852941, 0.003937, 0.003600, 0.000337, ZIC, 736, 6, 122.666667, 1.500000, 0.000026, 0.000010, 0.000017, 
trial0010688, GDX, 2969, 34, 87.323529, 2.176471, 0.003834, 0.003411, 0.000423, ZIC, 191, 6, 31.833333, 1.000000, 0.000709, 0.000690, 0.000019, 
trial0010689, GDX, 1877, 34, 55.205882, 1.235294, 0.003709, 0.003692, 0.000017, ZIC, 149, 6, 24.833333, 0.833333, 0.000635, 0.000008, 0.000627, 
trial0010690, GDX, 526, 34, 15.470588, 0.647059, 0.004176, 0.004159, 0.000017, ZIC, 497, 6, 82.833333, 1.000000, 0.000703, 0.000691, 0.000012, 
trial0010691, GDX, 1507, 34, 44.323529, 1.088235, 0.003570, 0.003552, 0.000018, ZIC, 311, 6, 51.833333, 0.833333, 0.000020, 0.000009, 0.000012, 
trial0010692, GDX, 2480, 34, 72.941176, 1.735294, 0.003550, 0.003247, 0.000304, ZIC, 241, 6, 40.166667, 0.833333, 0.000025, 0.000010, 0.000016, 
trial0010693, GDX, 1165, 34, 34.264706, 0.852941, 0.003131, 0.003116, 0.000015, ZIC, 587, 6, 97.833333, 1.500000, 0.000020, 0.000009, 0.000010, 
trial0010694, GDX, 2189, 34, 64.382353, 1.588235, 0.004316, 0.003622, 0.000694, ZIC, 213, 6, 35.500000, 0.666667, 0.000023, 0.000009, 0.000014, 
trial0010695, GDX, 2125, 34, 62.500000, 1.441176, 0.003599, 0.003581, 0.000018, ZIC, 78, 6, 13.000000, 0.500000, 0.000023, 0.000010, 0.000014, 
trial0010696, GDX, 1241, 34, 36.500000, 0.911765, 0.003523, 0.003509, 0.000014, ZIC, 177, 6, 29.500000, 0.833333, 0.000020, 0.000009, 0.000011, 
trial0010697, GDX, 940, 34, 27.647059, 0.852941, 0.002909, 0.002758, 0.000150, ZIC, 825, 6, 137.500000, 1.500000, 0.000018, 0.000009, 0.000010, 
trial0010698, GDX, 1961, 34, 57.676471, 1.588235, 0.003612, 0.002950, 0.000662, ZIC, 247, 6, 41.166667, 1.000000, 0.000022, 0.000008, 0.000014, 
trial0010699, GDX, 69, 34, 2.029412, 0.294118, 0.003663, 0.003512, 0.000151, ZIC, 851, 6, 141.833333, 1.333333, 0.000018, 0.000008, 0.000010, 
trial0010700, GDX, 1061, 34, 31.205882, 0.911765, 0.002688, 0.002538, 0.000150, ZIC, 625, 6, 104.166667, 1.500000, 0.000018, 0.000008, 0.000010, 
trial0010701, GDX, 339, 34, 9.970588, 0.264706, 0.004101, 0.004090, 0.000011, ZIC, 93, 6, 15.500000, 0.500000, 0.000786, 0.000010, 0.000776, 
trial0010702, GDX, 919, 34, 27.029412, 0.882353, 0.002976, 0.002669, 0.000307, ZIC, 165, 6, 27.500000, 0.666667, 0.000706, 0.000690, 0.000016, 
trial0010703, GDX, 1326, 34, 39.000000, 1.117647, 0.004855, 0.004679, 0.000177, ZIC, 211, 6, 35.166667, 0.666667, 0.000024, 0.000009, 0.000015, 
trial0010704, GDX, 374, 34, 11.000000, 0.264706, 0.005267, 0.004826, 0.000440, ZIC, 63, 6, 10.500000, 0.166667, 0.000016, 0.000009, 0.000008, 
trial0010705, GDX, 458, 34, 13.470588, 0.411765, 0.004986, 0.004680, 0.000306, ZIC, 117, 6, 19.500000, 0.333333, 0.001663, 0.000886, 0.000776, 
trial0010706, GDX, 345, 34, 10.147059, 0.323529, 0.006704, 0.005919, 0.000785, ZIC, 133, 6, 22.166667, 0.500000, 0.000021, 0.000009, 0.000013, 
trial0010707, GDX, 775, 34, 22.794118, 0.647059, 0.004184, 0.003700, 0.000485, ZIC, 80, 6, 13.333333, 0.333333, 0.000019, 0.000009, 0.000011, 
trial0010708, GDX, 873, 34, 25.676471, 0.705882, 0.005688, 0.005669, 0.000018, ZIC, 60, 6, 10.000000, 0.166667, 0.000021, 0.000009, 0.000012, 
trial0010709, GDX, 412, 34, 12.117647, 0.382353, 0.003954, 0.003806, 0.000147, ZIC, 142, 6, 23.666667, 0.500000, 0.000019, 0.000010, 0.000009, 
trial0010710, GDX, 431, 34, 12.676471, 0.294118, 0.004303, 0.004289, 0.000013, ZIC, 183, 6, 30.500000, 0.666667, 0.000017, 0.000008, 0.000009, 
trial0010711, GDX, 802, 34, 23.588235, 0.705882, 0.004375, 0.004357, 0.000018, ZIC, 235, 6, 39.166667, 0.666667, 0.000025, 0.000012, 0.000012, 
trial0010712, GDX, 220, 34, 6.470588, 0.205882, 0.005685, 0.005669, 0.000015, ZIC, 131, 6, 21.833333, 0.333333, 0.000931, 0.000011, 0.000921, 
trial0010713, GDX, 1361, 34, 40.029412, 1.264706, 0.005248, 0.004974, 0.000274, ZIC, 151, 6, 25.166667, 0.500000, 0.000030, 0.000009, 0.000020, 
trial0010714, GDX, 1374, 34, 40.411765, 0.970588, 0.005224, 0.004720, 0.000504, ZIC, 177, 6, 29.500000, 0.833333, 0.000271, 0.000256, 0.000014, 
trial0010715, GDX, 1033, 34, 30.382353, 1.000000, 0.004316, 0.003794, 0.000521, ZIC, 336, 6, 56.000000, 1.000000, 0.000026, 0.000010, 0.000016, 
trial0010716, GDX, 385, 34, 11.323529, 0.382353, 0.005449, 0.005286, 0.000163, ZIC, 231, 6, 38.500000, 0.500000, 0.000019, 0.000009, 0.000010, 
trial0010717, GDX, 733, 34, 21.558824, 0.529412, 0.007796, 0.007776, 0.000020, ZIC, 116, 6, 19.333333, 0.333333, 0.000025, 0.000011, 0.000014, 
trial0010718, GDX, 1060, 34, 31.176471, 1.000000, 0.004534, 0.004224, 0.000310, ZIC, 204, 6, 34.000000, 0.666667, 0.000027, 0.000011, 0.000016, 
trial0010719, GDX, 389, 34, 11.441176, 0.411765, 0.004773, 0.004575, 0.000198, ZIC, 384, 6, 64.000000, 1.000000, 0.000019, 0.000009, 0.000010, 
trial0010720, GDX, 1003, 34, 29.500000, 0.764706, 0.004642, 0.004624, 0.000017, ZIC, 0, 6, 0.000000, 0.000000, 0.000023, 0.000009, 0.000014, 
trial0010721, GDX, 1361, 34, 40.029412, 1.235294, 0.004449, 0.004428, 0.000020, ZIC, 68, 6, 11.333333, 0.333333, 0.000026, 0.000010, 0.000016, 
trial0010722, GDX, 192, 34, 5.647059, 0.176471, 0.006555, 0.006268, 0.000286, ZIC, 304, 6, 50.666667, 0.666667, 0.000021, 0.000010, 0.000011, 
trial0010723, GDX, 853, 34, 25.088235, 0.852941, 0.005222, 0.005021, 0.000201, ZIC, 155, 6, 25.833333, 0.500000, 0.000027, 0.000009, 0.000018, 
trial0010724, GDX, 398, 34, 11.705882, 0.323529, 0.004460, 0.004268, 0.000192, ZIC, 58, 6, 9.666667, 0.166667, 0.000019, 0.000010, 0.000009, 
trial0010725, GDX, 299, 34, 8.794118, 0.352941, 0.004251, 0.004081, 0.000170, ZIC, 351, 6, 58.500000, 1.000000, 0.000021, 0.000011, 0.000010, 
trial0010726, GDX, 574, 34, 16.882353, 0.529412, 0.004404, 0.004388, 0.000016, ZIC, 170, 6, 28.333333, 0.666667, 0.000020, 0.000009, 0.000012, 
trial0010727, GDX, 626, 34, 18.411765, 0.617647, 0.006380, 0.006144, 0.000236, ZIC, 78, 6, 13.000000, 0.166667, 0.000026, 0.000009, 0.000017, 
trial0010728, GDX, 770, 34, 22.647059, 0.882353, 0.004102, 0.003743, 0.000359, ZIC, 401, 6, 66.833333, 0.833333, 0.000026, 0.000010, 0.000015, 
trial0010729, GDX, 960, 34, 28.235294, 0.882353, 0.005070, 0.005050, 0.000019, ZIC, 60, 6, 10.000000, 0.166667, 0.000027, 0.000009, 0.000017, 
trial0010730, GDX, 408, 34, 12.000000, 0.411765, 0.004701, 0.004530, 0.000171, ZIC, 289, 6, 48.166667, 1.000000, 0.000023, 0.000010, 0.000013, 
trial0010731, GDX, 346, 34, 10.176471, 0.235294, 0.004326, 0.004316, 0.000010, ZIC, 0, 6, 0.000000, 0.000000, 0.000016, 0.000009, 0.000007, 
trial0010732, GDX, 320, 34, 9.411765, 0.323529, 0.003557, 0.003546, 0.000011, ZIC, 77, 6, 12.833333, 0.166667, 0.000016, 0.000008, 0.000008, 
trial0010733, GDX, 556, 34, 16.352941, 0.529412, 0.004852, 0.004836, 0.000016, ZIC, 109, 6, 18.166667, 0.333333, 0.001869, 0.000010, 0.001860, 
trial0010734, GDX, 1110, 34, 32.647059, 1.029412, 0.004140, 0.003449, 0.000691, ZIC, 264, 6, 44.000000, 0.833333, 0.000023, 0.000009, 0.000014, 
trial0010735, GDX, 835, 34, 24.558824, 0.676471, 0.004909, 0.004422, 0.000488, ZIC, 45, 6, 7.500000, 0.500000, 0.001642, 0.000861, 0.000781, 
trial0010736, GDX, 820, 34, 24.117647, 0.823529, 0.005074, 0.004765, 0.000309, ZIC, 438, 6, 73.000000, 1.000000, 0.000022, 0.000008, 0.000014, 
trial0010737, GDX, 493, 34, 14.500000, 0.382353, 0.004485, 0.004472, 0.000013, ZIC, 89, 6, 14.833333, 0.500000, 0.000018, 0.000009, 0.000009, 
trial0010738, GDX, 383, 34, 11.264706, 0.323529, 0.003447, 0.003434, 0.000013, ZIC, 198, 6, 33.000000, 0.500000, 0.000020, 0.000010, 0.000010, 
trial0010739, GDX, 799, 34, 23.500000, 0.882353, 0.004393, 0.004377, 0.000017, ZIC, 218, 6, 36.333333, 0.666667, 0.000704, 0.000010, 0.000694, 
trial0010740, GDX, 297, 34, 8.735294, 0.323529, 0.004714, 0.004698, 0.000016, ZIC, 216, 6, 36.000000, 0.500000, 0.000019, 0.000009, 0.000010, 
trial0010741, GDX, 386, 34, 11.352941, 0.294118, 0.004939, 0.004925, 0.000013, ZIC, 166, 6, 27.666667, 0.333333, 0.000017, 0.000008, 0.000009, 
trial0010742, GDX, 927, 34, 27.264706, 0.823529, 0.003987, 0.003770, 0.000218, ZIC, 14, 6, 2.333333, 0.333333, 0.001665, 0.000010, 0.001655, 
trial0010743, GDX, 870, 34, 25.588235, 0.735294, 0.005141, 0.004908, 0.000234, ZIC, 90, 6, 15.000000, 0.500000, 0.000023, 0.000010, 0.000013, 
trial0010744, GDX, 860, 34, 25.294118, 0.705882, 0.006348, 0.006331, 0.000017, ZIC, 0, 6, 0.000000, 0.000000, 0.000025, 0.000009, 0.000015, 
trial0010745, GDX, 195, 34, 5.735294, 0.323529, 0.005680, 0.005484, 0.000196, ZIC, 294, 6, 49.000000, 0.833333, 0.000019, 0.000008, 0.000011, 
trial0010746, GDX, 810, 34, 23.823529, 0.705882, 0.005828, 0.005812, 0.000015, ZIC, 0, 6, 0.000000, 0.000000, 0.000022, 0.000008, 0.000013, 
trial0010747, GDX, 538, 34, 15.823529, 0.500000, 0.005930, 0.005696, 0.000234, ZIC, 93, 6, 15.500000, 0.166667, 0.001050, 0.001034, 0.000016, 
trial0010748, GDX, 910, 34, 26.764706, 0.705882, 0.004421, 0.004248, 0.000173, ZIC, 63, 6, 10.500000, 0.333333, 0.000022, 0.000009, 0.000013, 
trial0010749, GDX, 361, 34, 10.617647, 0.323529, 0.003669, 0.003657, 0.000012, ZIC, 155, 6, 25.833333, 0.500000, 0.000701, 0.000009, 0.000692, 
trial0010750, GDX, 1436, 34, 42.235294, 1.264706, 0.003942, 0.003920, 0.000022, ZIC, 124, 6, 20.666667, 0.500000, 0.000026, 0.000009, 0.000018, 
trial0010751, GDX, 379, 34, 11.147059, 0.323529, 0.003563, 0.003551, 0.000012, ZIC, 110, 6, 18.333333, 0.500000, 0.000788, 0.000778, 0.000010, 
trial0010752, GDX, 1280, 34, 37.647059, 1.058824, 0.005828, 0.005651, 0.000177, ZIC, 36, 6, 6.000000, 0.333333, 0.000029, 0.000011, 0.000019, 
trial0010753, GDX, 1396, 34, 41.058824, 1.088235, 0.003961, 0.003722, 0.000239, ZIC, 34, 6, 5.666667, 0.500000, 0.000707, 0.000010, 0.000696, 
trial0010754, GDX, 688, 34, 20.235294, 0.558824, 0.005652, 0.005462, 0.000189, ZIC, 32, 6, 5.333333, 0.166667, 0.000996, 0.000983, 0.000013, 
trial0010755, GDX, 562, 34, 16.529412, 0.588235, 0.004614, 0.004261, 0.000353, ZIC, 503, 6, 83.833333, 1.000000, 0.000025, 0.000011, 0.000014, 
trial0010756, GDX, 1009, 34, 29.676471, 1.088235, 0.004707, 0.004685, 0.000022, ZIC, 224, 6, 37.333333, 0.833333, 0.000027, 0.000010, 0.000018, 
trial0010757, GDX, 166, 34, 4.882353, 0.117647, 0.006359, 0.006345, 0.000014, ZIC, 11, 6, 1.833333, 0.166667, 0.000021, 0.000010, 0.000011, 
trial0010758, GDX, 938, 34, 27.588235, 0.764706, 0.004661, 0.004643, 0.000018, ZIC, 16, 6, 2.666667, 0.166667, 0.001256, 0.001239, 0.000016, 
trial0010759, GDX, 341, 34, 10.029412, 0.323529, 0.003898, 0.003766, 0.000132, ZIC, 275, 6, 45.833333, 0.833333, 0.000017, 0.000009, 0.000009, 
trial0010760, GDX, 496, 34, 14.588235, 0.470588, 0.005349, 0.005179, 0.000169, ZIC, 235, 6, 39.166667, 1.000000, 0.000020, 0.000009, 0.000010, 
trial0010761, GDX, 1334, 34, 39.235294, 1.029412, 0.005598, 0.005576, 0.000022, ZIC, 44, 6, 7.333333, 0.166667, 0.000904, 0.000887, 0.000017, 
trial0010762, GDX, 374, 34, 11.000000, 0.352941, 0.004921, 0.004753, 0.000168, ZIC, 213, 6, 35.500000, 0.500000, 0.000018, 0.000009, 0.000009, 
trial0010763, GDX, 402, 34, 11.823529, 0.441176, 0.004222, 0.004207, 0.000015, ZIC, 361, 6, 60.166667, 0.833333, 0.000017, 0.000008, 0.000009, 
trial0010764, GDX, 441, 34, 12.970588, 0.382353, 0.006601, 0.006223, 0.000378, ZIC, 172, 6, 28.666667, 0.500000, 0.003005, 0.001858, 0.001147, 
trial0010765, GDX, 532, 34, 15.647059, 0.529412, 0.004060, 0.003911, 0.000149, ZIC, 27, 6, 4.500000, 0.333333, 0.000019, 0.000009, 0.000010, 
trial0010766, GDX, 872, 34, 25.647059, 0.735294, 0.004007, 0.003992, 0.000015, ZIC, 60, 6, 10.000000, 0.166667, 0.000021, 0.000009, 0.000011, 
trial0010767, GDX, 539, 34, 15.852941, 0.500000, 0.002939, 0.002923, 0.000016, ZIC, 567, 6, 94.500000, 1.166667, 0.000789, 0.000778, 0.000011, 
trial0010768, GDX, 372, 34, 10.941176, 0.294118, 0.004582, 0.004569, 0.000013, ZIC, 166, 6, 27.666667, 0.666667, 0.000780, 0.000011, 0.000769, 
trial0010769, GDX, 357, 34, 10.500000, 0.352941, 0.004247, 0.003920, 0.000327, ZIC, 76, 6, 12.666667, 0.333333, 0.000017, 0.000009, 0.000008, 
trial0010770, GDX, 1500, 34, 44.117647, 1.323529, 0.004138, 0.003365, 0.000773, ZIC, 124, 6, 20.666667, 0.500000, 0.000026, 0.000009, 0.000017, 
trial0010771, GDX, 378, 34, 11.117647, 0.323529, 0.003700, 0.003687, 0.000013, ZIC, 36, 6, 6.000000, 0.166667, 0.000787, 0.000777, 0.000010, 
trial0010772, GDX, 919, 34, 27.029412, 0.970588, 0.004042, 0.004021, 0.000021, ZIC, 22, 6, 3.666667, 0.166667, 0.000021, 0.000008, 0.000013, 
trial0010773, GDX, 966, 34, 28.411765, 0.794118, 0.006149, 0.005913, 0.000236, ZIC, 22, 6, 3.666667, 0.166667, 0.000025, 0.000010, 0.000015, 
trial0010774, GDX, 937, 34, 27.558824, 0.588235, 0.006633, 0.006283, 0.000350, ZIC, 0, 6, 0.000000, 0.000000, 0.000021, 0.000009, 0.000012, 
trial0010775, GDX, 473, 34, 13.911765, 0.500000, 0.004188, 0.004173, 0.000015, ZIC, 185, 6, 30.833333, 0.500000, 0.000018, 0.000009, 0.000009, 
trial0010776, GDX, 1114, 34, 32.764706, 1.029412, 0.005299, 0.004834, 0.000465, ZIC, 66, 6, 11.000000, 0.500000, 0.000025, 0.000009, 0.000016, 
trial0010777, GDX, 397, 34, 11.676471, 0.352941, 0.004407, 0.004394, 0.000013, ZIC, 246, 6, 41.000000, 0.666667, 0.000022, 0.000010, 0.000011, 
trial0010778, GDX, 1157, 34, 34.029412, 0.911765, 0.006388, 0.005656, 0.000733, ZIC, 151, 6, 25.166667, 0.500000, 0.000024, 0.000009, 0.000015, 
trial0010779, GDX, 599, 34, 17.617647, 0.470588, 0.004938, 0.004923, 0.000014, ZIC, 233, 6, 38.833333, 0.666667, 0.000020, 0.000009, 0.000011, 
trial0010780, GDX, 314, 34, 9.235294, 0.352941, 0.003807, 0.003640, 0.000166, ZIC, 254, 6, 42.333333, 0.666667, 0.000018, 0.000010, 0.000008, 
trial0010781, GDX, 378, 34, 11.117647, 0.382353, 0.004692, 0.004676, 0.000016, ZIC, 169, 6, 28.166667, 0.500000, 0.000020, 0.000008, 0.000012, 
trial0010782, GDX, 446, 34, 13.117647, 0.558824, 0.005132, 0.004960, 0.000172, ZIC, 261, 6, 43.500000, 0.500000, 0.000899, 0.000887, 0.000012, 
trial0010783, GDX, 389, 34, 11.441176, 0.323529, 0.003567, 0.003315, 0.000252, ZIC, 106, 6, 17.666667, 0.500000, 0.000699, 0.000013, 0.000686, 
trial0010784, GDX, 235, 34, 6.911765, 0.294118, 0.004654, 0.004485, 0.000169, ZIC, 382, 6, 63.666667, 0.666667, 0.001040, 0.001030, 0.000010, 
trial0010785, GDX, 420, 34, 12.352941, 0.382353, 0.005285, 0.005271, 0.000015, ZIC, 211, 6, 35.166667, 0.500000, 0.000018, 0.000009, 0.000009, 
trial0010786, GDX, 332, 34, 9.764706, 0.294118, 0.004307, 0.004296, 0.000011, ZIC, 70, 6, 11.666667, 0.333333, 0.000866, 0.000857, 0.000009, 
trial0010787, GDX, 710, 34, 20.882353, 0.647059, 0.005022, 0.004441, 0.000582, ZIC, 132, 6, 22.000000, 0.333333, 0.000021, 0.000009, 0.000012, 
trial0010788, GDX, 243, 34, 7.147059, 0.235294, 0.007590, 0.007422, 0.000169, ZIC, 0, 6, 0.000000, 0.000000, 0.000023, 0.000011, 0.000012, 
trial0010789, GDX, 402, 34, 11.823529, 0.382353, 0.004524, 0.004358, 0.000167, ZIC, 102, 6, 17.000000, 0.500000, 0.000020, 0.000010, 0.000010, 
trial0010790, GDX, 310, 34, 9.117647, 0.294118, 0.003882, 0.003870, 0.000012, ZIC, 204, 6, 34.000000, 0.666667, 0.000787, 0.000779, 0.000009, 
trial0010791, GDX, 489, 34, 14.382353, 0.441176, 0.006578, 0.006296, 0.000282, ZIC, 57, 6, 9.500000, 0.166667, 0.000022, 0.000010, 0.000012, 
trial0010792, GDX, 1019, 34, 29.970588, 0.941176, 0.004096, 0.003742, 0.000354, ZIC, 114, 6, 19.000000, 0.333333, 0.001671, 0.000777, 0.000894, 
trial0010793, GDX, 829, 34, 24.382353, 0.705882, 0.004798, 0.004289, 0.000509, ZIC, 0, 6, 0.000000, 0.000000, 0.000791, 0.000009, 0.000782, 
trial0010794, GDX, 690, 34, 20.294118, 0.558824, 0.005773, 0.005476, 0.000297, ZIC, 54, 6, 9.000000, 0.333333, 0.000027, 0.000011, 0.000016, 
trial0010795, GDX, 373, 34, 10.970588, 0.323529, 0.003825, 0.003675, 0.000150, ZIC, 242, 6, 40.333333, 1.166667, 0.000019, 0.000009, 0.000010, 
trial0010796, GDX, 423, 34, 12.441176, 0.500000, 0.004672, 0.004256, 0.000416, ZIC, 236, 6, 39.333333, 0.666667, 0.002481, 0.001238, 0.001243, 
trial0010797, GDX, 200, 34, 5.882353, 0.235294, 0.004655, 0.004506, 0.000149, ZIC, 392, 6, 65.333333, 1.000000, 0.000021, 0.000010, 0.000010, 
trial0010798, GDX, 735, 34, 21.617647, 0.647059, 0.005550, 0.005350, 0.000201, ZIC, 207, 6, 34.500000, 0.333333, 0.000899, 0.000886, 0.000013, 
trial0010799, GDX, 1155, 34, 33.970588, 0.970588, 0.005686, 0.005267, 0.000419, ZIC, 169, 6, 28.166667, 0.500000, 0.000905, 0.000887, 0.000018, 
trial0010800, GDX, 967, 34, 28.441176, 0.823529, 0.004184, 0.003899, 0.000285, ZIC, 75, 6, 12.500000, 0.333333, 0.000023, 0.000009, 0.000013, 
trial0010801, GDX, 9, 34, 0.264706, 0.147059, 0.004684, 0.004517, 0.000168, ZIC, 355, 6, 59.166667, 0.833333, 0.000017, 0.000008, 0.000010, 
trial0010802, GDX, 277, 34, 8.147059, 0.411765, 0.004930, 0.004913, 0.000017, ZIC, 167, 6, 27.833333, 0.666667, 0.000021, 0.000009, 0.000013, 
trial0010803, GDX, 332, 34, 9.764706, 0.529412, 0.006145, 0.006127, 0.000018, ZIC, 245, 6, 40.833333, 0.833333, 0.000021, 0.000008, 0.000013, 
trial0010804, GDX, 14, 34, 0.411765, 0.176471, 0.004470, 0.004302, 0.000168, ZIC, 393, 6, 65.500000, 1.000000, 0.000016, 0.000008, 0.000009, 
trial0010805, GDX, 382, 34, 11.235294, 0.617647, 0.005312, 0.004918, 0.000393, ZIC, 272, 6, 45.333333, 0.833333, 0.000023, 0.000008, 0.000015, 
trial0010806, GDX, 28, 34, 0.823529, 0.205882, 0.004954, 0.004803, 0.000150, ZIC, 313, 6, 52.166667, 1.166667, 0.000018, 0.000008, 0.000010, 
trial0010807, GDX, 2, 34, 0.058824, 0.176471, 0.004459, 0.004263, 0.000196, ZIC, 385, 6, 64.166667, 1.000000, 0.000019, 0.000009, 0.000011, 
trial0010808, GDX, 381, 34, 11.205882, 0.588235, 0.003794, 0.003640, 0.000154, ZIC, 327, 6, 54.500000, 1.000000, 0.000021, 0.000008, 0.000012, 
trial0010809, GDX, 142, 34, 4.176471, 0.205882, 0.005067, 0.004764, 0.000304, ZIC, 197, 6, 32.833333, 0.500000, 0.000018, 0.000010, 0.000008, 
trial0010810, GDX, 98, 34, 2.882353, 0.235294, 0.004448, 0.004434, 0.000015, ZIC, 352, 6, 58.666667, 1.000000, 0.000018, 0.000009, 0.000009, 
trial0010811, GDX, 52, 34, 1.529412, 0.147059, 0.005332, 0.005320, 0.000012, ZIC, 162, 6, 27.000000, 0.500000, 0.000016, 0.000008, 0.000008, 
trial0010812, GDX, 80, 34, 2.352941, 0.176471, 0.005052, 0.004702, 0.000349, ZIC, 230, 6, 38.333333, 1.000000, 0.000019, 0.000008, 0.000010, 
trial0010813, GDX, 299, 34, 8.794118, 0.382353, 0.005302, 0.005112, 0.000190, ZIC, 194, 6, 32.333333, 0.500000, 0.000031, 0.000010, 0.000021, 
trial0010814, GDX, 273, 34, 8.029412, 0.441176, 0.005362, 0.005344, 0.000018, ZIC, 316, 6, 52.666667, 0.833333, 0.000901, 0.000888, 0.000013, 
trial0010815, GDX, 159, 34, 4.676471, 0.352941, 0.006121, 0.005950, 0.000171, ZIC, 215, 6, 35.833333, 0.666667, 0.000020, 0.000009, 0.000011, 
trial0010816, GDX, 211, 34, 6.205882, 0.352941, 0.004707, 0.004293, 0.000414, ZIC, 144, 6, 24.000000, 0.500000, 0.001045, 0.000010, 0.001035, 
trial0010817, GDX, 157, 34, 4.617647, 0.411765, 0.004520, 0.003861, 0.000658, ZIC, 560, 6, 93.333333, 1.333333, 0.000024, 0.000010, 0.000014, 
trial0010818, GDX, 107, 34, 3.147059, 0.205882, 0.003837, 0.003823, 0.000014, ZIC, 429, 6, 71.500000, 1.166667, 0.000019, 0.000009, 0.000010, 
trial0010819, GDX, 116, 34, 3.411765, 0.264706, 0.003924, 0.003728, 0.000195, ZIC, 608, 6, 101.333333, 1.500000, 0.000785, 0.000776, 0.000009, 
trial0010820, GDX, 328, 34, 9.647059, 0.441176, 0.005822, 0.005805, 0.000017, ZIC, 365, 6, 60.833333, 0.833333, 0.000021, 0.000010, 0.000011, 
trial0010821, GDX, 421, 34, 12.382353, 0.647059, 0.005122, 0.004885, 0.000237, ZIC, 241, 6, 40.166667, 0.666667, 0.000023, 0.000009, 0.000014, 
trial0010822, GDX, 680, 34, 20.000000, 0.852941, 0.004133, 0.003628, 0.000506, ZIC, 185, 6, 30.833333, 0.500000, 0.000023, 0.000009, 0.000013, 
trial0010823, GDX, 273, 34, 8.029412, 0.529412, 0.006718, 0.006699, 0.000019, ZIC, 275, 6, 45.833333, 0.833333, 0.000021, 0.000009, 0.000012, 
trial0010824, GDX, 421, 34, 12.382353, 0.500000, 0.005487, 0.005468, 0.000020, ZIC, 211, 6, 35.166667, 1.000000, 0.000021, 0.000008, 0.000013, 
trial0010825, GDX, 828, 34, 24.352941, 0.823529, 0.004132, 0.003453, 0.000679, ZIC, 91, 6, 15.166667, 0.666667, 0.000022, 0.000009, 0.000013, 
trial0010826, GDX, 0, 34, 0.000000, 0.147059, 0.004817, 0.004649, 0.000168, ZIC, 319, 6, 53.166667, 0.833333, 0.000018, 0.000009, 0.000009, 
trial0010827, GDX, 664, 34, 19.529412, 0.764706, 0.003790, 0.003323, 0.000467, ZIC, 295, 6, 49.166667, 1.666667, 0.000022, 0.000008, 0.000014, 
trial0010828, GDX, 140, 34, 4.117647, 0.382353, 0.006372, 0.006354, 0.000019, ZIC, 289, 6, 48.166667, 1.000000, 0.000021, 0.000008, 0.000013, 
trial0010829, GDX, 283, 34, 8.323529, 0.411765, 0.006363, 0.006191, 0.000172, ZIC, 117, 6, 19.500000, 0.333333, 0.000021, 0.000009, 0.000012, 
trial0010830, GDX, 81, 34, 2.382353, 0.147059, 0.003827, 0.003815, 0.000012, ZIC, 201, 6, 33.500000, 0.833333, 0.000017, 0.000009, 0.000008, 
trial0010831, GDX, 638, 34, 18.764706, 0.588235, 0.005684, 0.005511, 0.000173, ZIC, 70, 6, 11.666667, 0.333333, 0.000901, 0.000009, 0.000892, 
trial0010832, GDX, 456, 34, 13.411765, 0.588235, 0.004429, 0.004225, 0.000203, ZIC, 298, 6, 49.666667, 1.000000, 0.000027, 0.000010, 0.000017, 
trial0010833, GDX, 96, 34, 2.823529, 0.176471, 0.005009, 0.004995, 0.000014, ZIC, 232, 6, 38.666667, 0.666667, 0.000022, 0.000009, 0.000012, 
trial0010834, GDX, 52, 34, 1.529412, 0.176471, 0.004226, 0.004058, 0.000168, ZIC, 345, 6, 57.500000, 1.000000, 0.000017, 0.000009, 0.000008, 
trial0010835, GDX, 116, 34, 3.411765, 0.264706, 0.005815, 0.005645, 0.000170, ZIC, 209, 6, 34.833333, 0.833333, 0.000019, 0.000009, 0.000010, 
trial0010836, GDX, 44, 34, 1.294118, 0.235294, 0.004022, 0.003738, 0.000284, ZIC, 582, 6, 97.000000, 1.333333, 0.000017, 0.000008, 0.000008, 
trial0010837, GDX, 526, 34, 15.470588, 0.764706, 0.005475, 0.005272, 0.000203, ZIC, 242, 6, 40.333333, 1.000000, 0.000021, 0.000008, 0.000013, 
trial0010838, GDX, 423, 34, 12.441176, 0.558824, 0.005094, 0.005075, 0.000019, ZIC, 117, 6, 19.500000, 0.500000, 0.000022, 0.000009, 0.000013, 
trial0010839, GDX, 219, 34, 6.441176, 0.323529, 0.005239, 0.005042, 0.000196, ZIC, 152, 6, 25.333333, 0.500000, 0.000017, 0.000008, 0.000010, 
trial0010840, GDX, 44, 34, 1.294118, 0.205882, 0.003532, 0.003518, 0.000014, ZIC, 413, 6, 68.833333, 1.166667, 0.000019, 0.000009, 0.000010, 
trial0010841, GDX, 51, 34, 1.500000, 0.264706, 0.003848, 0.003697, 0.000151, ZIC, 563, 6, 93.833333, 1.500000, 0.001043, 0.000010, 0.001032, 
trial0010842, GDX, 380, 34, 11.176471, 0.352941, 0.004484, 0.004469, 0.000015, ZIC, 241, 6, 40.166667, 0.666667, 0.000790, 0.000015, 0.000775, 
trial0010843, GDX, 57, 34, 1.676471, 0.323529, 0.004133, 0.004116, 0.000017, ZIC, 658, 6, 109.666667, 1.500000, 0.000789, 0.000011, 0.000778, 
trial0010844, GDX, 290, 34, 8.529412, 0.558824, 0.005341, 0.005320, 0.000021, ZIC, 345, 6, 57.500000, 1.000000, 0.000023, 0.000009, 0.000014, 
trial0010845, GDX, 305, 34, 8.970588, 0.500000, 0.005221, 0.005201, 0.000019, ZIC, 259, 6, 43.166667, 0.833333, 0.000021, 0.000008, 0.000013, 
trial0010846, GDX, 111, 34, 3.264706, 0.205882, 0.004234, 0.003952, 0.000283, ZIC, 309, 6, 51.500000, 0.833333, 0.000018, 0.000009, 0.000008, 
trial0010847, GDX, 322, 34, 9.470588, 0.411765, 0.006023, 0.006005, 0.000018, ZIC, 170, 6, 28.333333, 0.666667, 0.000020, 0.000009, 0.000011, 
trial0010848, GDX, 695, 34, 20.441176, 0.852941, 0.004088, 0.004070, 0.000018, ZIC, 6, 6, 1.000000, 0.166667, 0.000021, 0.000009, 0.000013, 
trial0010849, GDX, 145, 34, 4.264706, 0.323529, 0.003717, 0.003702, 0.000015, ZIC, 331, 6, 55.166667, 1.166667, 0.000019, 0.000010, 0.000009, 
trial0010850, GDX, 246, 34, 7.235294, 0.411765, 0.004149, 0.003962, 0.000187, ZIC, 511, 6, 85.166667, 1.333333, 0.000020, 0.000009, 0.000011, 
trial0010851, GDX, 37, 34, 1.088235, 0.147059, 0.004441, 0.004246, 0.000195, ZIC, 378, 6, 63.000000, 0.833333, 0.000017, 0.000009, 0.000008, 
trial0010852, GDX, 98, 34, 2.882353, 0.235294, 0.004041, 0.004024, 0.000017, ZIC, 349, 6, 58.166667, 1.333333, 0.000020, 0.000009, 0.000011, 
trial0010853, GDX, 349, 34, 10.264706, 0.500000, 0.004662, 0.004643, 0.000019, ZIC, 162, 6, 27.000000, 0.833333, 0.000022, 0.000009, 0.000013, 
trial0010854, GDX, 428, 34, 12.588235, 0.617647, 0.006551, 0.006531, 0.000021, ZIC, 113, 6, 18.833333, 0.500000, 0.000903, 0.000011, 0.000892, 
trial0010855, GDX, 430, 34, 12.647059, 0.470588, 0.005727, 0.004985, 0.000742, ZIC, 150, 6, 25.000000, 0.333333, 0.000022, 0.000008, 0.000014, 
trial0010856, GDX, 29, 34, 0.852941, 0.176471, 0.003420, 0.003407, 0.000013, ZIC, 304, 6, 50.666667, 1.000000, 0.000016, 0.000008, 0.000008, 
trial0010857, GDX, 430, 34, 12.647059, 0.588235, 0.005206, 0.004969, 0.000237, ZIC, 156, 6, 26.000000, 0.666667, 0.002070, 0.000010, 0.002060, 
trial0010858, GDX, 260, 34, 7.647059, 0.323529, 0.006463, 0.006447, 0.000016, ZIC, 251, 6, 41.833333, 0.666667, 0.000021, 0.000010, 0.000011, 
trial0010859, GDX, 101, 34, 2.970588, 0.235294, 0.004289, 0.004120, 0.000170, ZIC, 549, 6, 91.500000, 1.333333, 0.000018, 0.000008, 0.000009, 
trial0010860, GDX, 185, 34, 5.441176, 0.264706, 0.005842, 0.005827, 0.000015, ZIC, 114, 6, 19.000000, 0.333333, 0.000021, 0.000009, 0.000012, 
trial0010861, GDX, 0, 34, 0.000000, 0.235294, 0.004375, 0.004089, 0.000286, ZIC, 668, 6, 111.333333, 1.333333, 0.000896, 0.000009, 0.000886, 
trial0010862, GDX, 105, 34, 3.088235, 0.323529, 0.003412, 0.003261, 0.000152, ZIC, 513, 6, 85.500000, 1.500000, 0.000020, 0.000008, 0.000011, 
trial0010863, GDX, 362, 34, 10.647059, 0.470588, 0.003894, 0.003878, 0.000016, ZIC, 402, 6, 67.000000, 1.000000, 0.000018, 0.000008, 0.000010, 
trial0010864, GDX, 182, 34, 5.352941, 0.323529, 0.006134, 0.005964, 0.000170, ZIC, 272, 6, 45.333333, 0.833333, 0.000022, 0.000009, 0.000012, 
trial0010865, GDX, 38, 34, 1.117647, 0.235294, 0.003317, 0.003148, 0.000169, ZIC, 510, 6, 85.000000, 1.333333, 0.000018, 0.000008, 0.000010, 
trial0010866, GDX, 105, 34, 3.088235, 0.235294, 0.004173, 0.003668, 0.000505, ZIC, 328, 6, 54.666667, 1.000000, 0.001248, 0.000009, 0.001240, 
trial0010867, GDX, 46, 34, 1.352941, 0.205882, 0.003606, 0.003592, 0.000013, ZIC, 421, 6, 70.166667, 1.166667, 0.000018, 0.000009, 0.000009, 
trial0010868, GDX, 388, 34, 11.411765, 0.470588, 0.006013, 0.005415, 0.000598, ZIC, 216, 6, 36.000000, 0.666667, 0.000020, 0.000008, 0.000012, 
trial0010869, GDX, 170, 34, 5.000000, 0.352941, 0.004879, 0.004346, 0.000533, ZIC, 181, 6, 30.166667, 0.500000, 0.000020, 0.000008, 0.000012, 
trial0010870, GDX, 310, 34, 9.117647, 0.558824, 0.005186, 0.005013, 0.000173, ZIC, 170, 6, 28.333333, 0.500000, 0.000020, 0.000007, 0.000013, 
trial0010871, GDX, 210, 34, 6.176471, 0.294118, 0.004697, 0.004682, 0.000015, ZIC, 176, 6, 29.333333, 0.666667, 0.000019, 0.000010, 0.000010, 
trial0010872, GDX, 0, 34, 0.000000, 0.147059, 0.004715, 0.004431, 0.000284, ZIC, 332, 6, 55.333333, 0.833333, 0.000016, 0.000009, 0.000007, 
trial0010873, GDX, 335, 34, 9.852941, 0.382353, 0.005100, 0.005083, 0.000018, ZIC, 110, 6, 18.333333, 0.666667, 0.000022, 0.000008, 0.000014, 
trial0010874, GDX, 261, 34, 7.676471, 0.352941, 0.006487, 0.006335, 0.000152, ZIC, 279, 6, 46.500000, 0.666667, 0.000021, 0.000009, 0.000012, 
trial0010875, GDX, 83, 34, 2.441176, 0.264706, 0.003540, 0.003524, 0.000016, ZIC, 352, 6, 58.666667, 1.500000, 0.000019, 0.000009, 0.000011, 
trial0010876, GDX, 491, 34, 14.441176, 0.647059, 0.004249, 0.003921, 0.000327, ZIC, 217, 6, 36.166667, 1.000000, 0.000024, 0.000011, 0.000013, 
trial0010877, GDX, 300, 34, 8.823529, 0.588235, 0.004847, 0.004827, 0.000020, ZIC, 388, 6, 64.666667, 1.000000, 0.000022, 0.000009, 0.000013, 
trial0010878, GDX, 258, 34, 7.588235, 0.411765, 0.003282, 0.003265, 0.000017, ZIC, 419, 6, 69.833333, 1.333333, 0.000020, 0.000009, 0.000011, 
trial0010879, GDX, 299, 34, 8.794118, 0.441176, 0.005137, 0.004983, 0.000154, ZIC, 354, 6, 59.000000, 0.833333, 0.000898, 0.000009, 0.000889, 
trial0010880, GDX, 185, 34, 5.441176, 0.235294, 0.004653, 0.004483, 0.000170, ZIC, 210, 6, 35.000000, 0.666667, 0.000018, 0.000008, 0.000010, 
trial0010881, GDX, 6, 34, 0.176471, 0.235294, 0.003778, 0.003609, 0.000169, ZIC, 548, 6, 91.333333, 1.333333, 0.000016, 0.000009, 0.000008, 
trial0010882, GDX, 175, 34, 5.147059, 0.264706, 0.004800, 0.004398, 0.000402, ZIC, 124, 6, 20.666667, 0.500000, 0.000018, 0.000008, 0.000010, 
trial0010883, GDX, 23, 34, 0.676471, 0.176471, 0.004249, 0.004081, 0.000168, ZIC, 341, 6, 56.833333, 1.000000, 0.000017, 0.000009, 0.000009, 
trial0010884, GDX, 13, 34, 0.382353, 0.176471, 0.004445, 0.004122, 0.000322, ZIC, 331, 6, 55.166667, 1.000000, 0.000019, 0.000010, 0.000009, 
trial0010885, GDX, 4, 34, 0.117647, 0.117647, 0.004108, 0.004096, 0.000012, ZIC, 211, 6, 35.166667, 0.666667, 0.000017, 0.000009, 0.000008, 
trial0010886, GDX, 0, 34, 0.000000, 0.147059, 0.004460, 0.004446, 0.000014, ZIC, 260, 6, 43.333333, 0.833333, 0.000900, 0.000890, 0.000010, 
trial0010887, GDX, 94, 34, 2.764706, 0.176471, 0.004015, 0.004001, 0.000014, ZIC, 278, 6, 46.333333, 1.000000, 0.000019, 0.000009, 0.000011, 
trial0010888, GDX, 117, 34, 3.441176, 0.176471, 0.003619, 0.003606, 0.000013, ZIC, 309, 6, 51.500000, 1.333333, 0.000018, 0.000009, 0.000010, 
trial0010889, GDX, 104, 34, 3.058824, 0.235294, 0.004221, 0.004208, 0.000014, ZIC, 272, 6, 45.333333, 0.666667, 0.000017, 0.000008, 0.000009, 
trial0010890, GDX, 115, 34, 3.382353, 0.147059, 0.004348, 0.004199, 0.000148, ZIC, 178, 6, 29.666667, 0.833333, 0.000018, 0.000008, 0.000010, 
trial0010891, GDX, 164, 34, 4.823529, 0.264706, 0.004757, 0.004355, 0.000402, ZIC, 397, 6, 66.166667, 0.833333, 0.001041, 0.001031, 0.000010, 
trial0010892, GDX, 586, 34, 17.235294, 0.676471, 0.004634, 0.004459, 0.000175, ZIC, 233, 6, 38.833333, 0.833333, 0.000026, 0.000011, 0.000015, 
trial0010893, GDX, 316, 34, 9.294118, 0.500000, 0.004926, 0.004905, 0.000020, ZIC, 221, 6, 36.833333, 0.833333, 0.000903, 0.000887, 0.000016, 
trial0010894, GDX, 250, 34, 7.352941, 0.411765, 0.004112, 0.004094, 0.000018, ZIC, 119, 6, 19.833333, 0.666667, 0.000021, 0.000009, 0.000012, 
trial0010895, GDX, 475, 34, 13.970588, 0.500000, 0.004936, 0.004556, 0.000380, ZIC, 252, 6, 42.000000, 0.833333, 0.000022, 0.000009, 0.000013, 
trial0010896, GDX, 676, 34, 19.882353, 0.852941, 0.004528, 0.004351, 0.000177, ZIC, 194, 6, 32.333333, 0.833333, 0.000022, 0.000008, 0.000014, 
trial0010897, GDX, 45, 34, 1.323529, 0.235294, 0.004014, 0.003689, 0.000325, ZIC, 532, 6, 88.666667, 1.333333, 0.000019, 0.000009, 0.000011, 
trial0010898, GDX, 225, 34, 6.617647, 0.352941, 0.003530, 0.003514, 0.000016, ZIC, 247, 6, 41.166667, 1.333333, 0.000788, 0.000009, 0.000779, 
trial0010899, GDX, 260, 34, 7.647059, 0.411765, 0.004012, 0.003840, 0.000172, ZIC, 308, 6, 51.333333, 0.833333, 0.000898, 0.000010, 0.000888, 
trial0010900, GDX, 439, 34, 12.911765, 0.617647, 0.003788, 0.003419, 0.000370, ZIC, 213, 6, 35.500000, 1.166667, 0.000020, 0.000009, 0.000011, 
trial0010901, GDX, 119, 34, 3.500000, 0.176471, 0.003419, 0.003288, 0.000131, ZIC, 138, 6, 23.000000, 0.333333, 0.000015, 0.000008, 0.000007, 
trial0010902, GDX, 205, 34, 6.029412, 0.264706, 0.003592, 0.003262, 0.000330, ZIC, 202, 6, 33.666667, 0.833333, 0.000020, 0.000009, 0.000012, 
trial0010903, GDX, 654, 34, 19.235294, 0.794118, 0.003457, 0.003437, 0.000019, ZIC, 51, 6, 8.500000, 0.500000, 0.001750, 0.001736, 0.000014, 
trial0010904, GDX, 305, 34, 8.970588, 0.352941, 0.003507, 0.003494, 0.000013, ZIC, 90, 6, 15.000000, 0.333333, 0.000016, 0.000008, 0.000008, 
trial0010905, GDX, 841, 34, 24.735294, 1.058824, 0.003442, 0.003133, 0.000309, ZIC, 148, 6, 24.666667, 0.666667, 0.001246, 0.001232, 0.000014, 
trial0010906, GDX, 212, 34, 6.235294, 0.441176, 0.003323, 0.003050, 0.000273, ZIC, 296, 6, 49.333333, 1.166667, 0.000018, 0.000008, 0.000010, 
trial0010907, GDX, 268, 34, 7.882353, 0.588235, 0.004038, 0.003903, 0.000136, ZIC, 263, 6, 43.833333, 0.666667, 0.000018, 0.000009, 0.000010, 
trial0010908, GDX, 147, 34, 4.323529, 0.235294, 0.003621, 0.003458, 0.000163, ZIC, 101, 6, 16.833333, 0.666667, 0.000703, 0.000010, 0.000693, 
trial0010909, GDX, 180, 34, 5.294118, 0.176471, 0.003521, 0.003510, 0.000011, ZIC, 39, 6, 6.500000, 0.333333, 0.000016, 0.000009, 0.000007, 
trial0010910, GDX, 0, 34, 0.000000, 0.147059, 0.003376, 0.003364, 0.000012, ZIC, 395, 6, 65.833333, 0.833333, 0.000017, 0.000009, 0.000008, 
trial0010911, GDX, 152, 34, 4.470588, 0.264706, 0.003074, 0.003062, 0.000012, ZIC, 271, 6, 45.166667, 1.166667, 0.000017, 0.000008, 0.000009, 
trial0010912, GDX, 200, 34, 5.882353, 0.382353, 0.003936, 0.003766, 0.000170, ZIC, 352, 6, 58.666667, 1.500000, 0.000020, 0.000009, 0.000011, 
trial0010913, GDX, 858, 34, 25.235294, 0.970588, 0.003397, 0.003378, 0.000019, ZIC, 38, 6, 6.333333, 0.166667, 0.000020, 0.000008, 0.000012, 
trial0010914, GDX, 314, 34, 9.235294, 0.411765, 0.004854, 0.004839, 0.000015, ZIC, 0, 6, 0.000000, 0.000000, 0.000019, 0.000009, 0.000010, 
trial0010915, GDX, 383, 34, 11.264706, 0.500000, 0.003534, 0.003519, 0.000015, ZIC, 175, 6, 29.166667, 0.500000, 0.000021, 0.000009, 0.000012, 
trial0010916, GDX, 446, 34, 13.117647, 0.705882, 0.003295, 0.003277, 0.000018, ZIC, 308, 6, 51.333333, 0.833333, 0.000020, 0.000008, 0.000012, 
trial0010917, GDX, 288, 34, 8.470588, 0.441176, 0.004234, 0.004037, 0.000197, ZIC, 119, 6, 19.833333, 0.333333, 0.000019, 0.000008, 0.000011, 
trial0010918, GDX, 635, 34, 18.676471, 0.882353, 0.003743, 0.003387, 0.000356, ZIC, 125, 6, 20.833333, 0.666667, 0.000021, 0.000009, 0.000012, 
trial0010919, GDX, 78, 34, 2.294118, 0.205882, 0.003072, 0.002951, 0.000120, ZIC, 219, 6, 36.500000, 0.833333, 0.000529, 0.000520, 0.000009, 
trial0010920, GDX, 420, 34, 12.352941, 0.558824, 0.003653, 0.003385, 0.000269, ZIC, 18, 6, 3.000000, 0.166667, 0.000702, 0.000692, 0.000010, 
trial0010921, GDX, 528, 34, 15.529412, 0.764706, 0.004277, 0.004258, 0.000019, ZIC, 56, 6, 9.333333, 0.333333, 0.000020, 0.000008, 0.000012, 
trial0010922, GDX, 190, 34, 5.588235, 0.235294, 0.003365, 0.003081, 0.000283, ZIC, 222, 6, 37.000000, 0.666667, 0.000017, 0.000008, 0.000009, 
trial0010923, GDX, 220, 34, 6.470588, 0.411765, 0.003398, 0.003228, 0.000170, ZIC, 18, 6, 3.000000, 0.333333, 0.000895, 0.000885, 0.000010, 
trial0010924, GDX, 561, 34, 16.500000, 0.647059, 0.003722, 0.003585, 0.000137, ZIC, 99, 6, 16.500000, 0.666667, 0.000020, 0.000008, 0.000012, 
trial0010925, GDX, 458, 34, 13.470588, 0.735294, 0.003030, 0.003011, 0.000019, ZIC, 395, 6, 65.833333, 1.166667, 0.000790, 0.000010, 0.000780, 
trial0010926, GDX, 687, 34, 20.205882, 1.000000, 0.003732, 0.003710, 0.000021, ZIC, 238, 6, 39.666667, 1.000000, 0.000024, 0.000009, 0.000015, 
trial0010927, GDX, 86, 34, 2.529412, 0.264706, 0.005103, 0.004933, 0.000171, ZIC, 75, 6, 12.500000, 0.500000, 0.000019, 0.000008, 0.000011, 
trial0010928, GDX, 11, 34, 0.323529, 0.147059, 0.003391, 0.003379, 0.000012, ZIC, 240, 6, 40.000000, 0.833333, 0.000786, 0.000010, 0.000776, 
trial0010929, GDX, 415, 34, 12.205882, 0.647059, 0.003949, 0.003775, 0.000174, ZIC, 239, 6, 39.833333, 1.000000, 0.001548, 0.000778, 0.000771, 
trial0010930, GDX, 192, 34, 5.647059, 0.294118, 0.003566, 0.003161, 0.000405, ZIC, 225, 6, 37.500000, 0.666667, 0.000018, 0.000009, 0.000009, 
trial0010931, GDX, 302, 34, 8.882353, 0.676471, 0.004608, 0.004297, 0.000310, ZIC, 191, 6, 31.833333, 0.833333, 0.000791, 0.000778, 0.000013, 
trial0010932, GDX, 386, 34, 11.352941, 0.647059, 0.003707, 0.003689, 0.000018, ZIC, 154, 6, 25.666667, 0.333333, 0.000022, 0.000009, 0.000013, 
trial0010933, GDX, 363, 34, 10.676471, 0.588235, 0.004335, 0.004316, 0.000019, ZIC, 233, 6, 38.833333, 0.666667, 0.000020, 0.000008, 0.000012, 
trial0010934, GDX, 464, 34, 13.647059, 0.470588, 0.005106, 0.004774, 0.000333, ZIC, 56, 6, 9.333333, 0.166667, 0.000899, 0.000887, 0.000012, 
trial0010935, GDX, 167, 34, 4.911765, 0.235294, 0.003369, 0.003237, 0.000132, ZIC, 63, 6, 10.500000, 0.666667, 0.000017, 0.000008, 0.000009, 
trial0010936, GDX, 180, 34, 5.294118, 0.176471, 0.003632, 0.003513, 0.000119, ZIC, 27, 6, 4.500000, 0.333333, 0.000016, 0.000008, 0.000007, 
trial0010937, GDX, 240, 34, 7.058824, 0.764706, 0.000516, 0.000507, 0.000009, ZIC, 1317, 6, 219.500000, 4.000000, 0.000013, 0.000007, 0.000006, 
trial0010938, GDX, 1710, 34, 50.294118, 2.264706, 0.000359, 0.000350, 0.000009, ZIC, 326, 6, 54.333333, 1.833333, 0.000013, 0.000007, 0.000007, 
trial0010939, GDX, 688, 34, 20.235294, 0.764706, 0.000343, 0.000335, 0.000008, ZIC, 555, 6, 92.500000, 3.000000, 0.000013, 0.000007, 0.000006, 
trial0010940, GDX, 1297, 34, 38.147059, 1.117647, 0.000367, 0.000358, 0.000008, ZIC, 422, 6, 70.333333, 3.000000, 0.000014, 0.000007, 0.000006, 
trial0010941, GDX, 2719, 34, 79.970588, 3.382353, 0.000373, 0.000362, 0.000011, ZIC, 1090, 6, 181.666667, 4.500000, 0.000015, 0.000007, 0.000008, 
trial0010942, GDX, 1786, 34, 52.529412, 2.294118, 0.000491, 0.000479, 0.000012, ZIC, 1351, 6, 225.166667, 4.333333, 0.000016, 0.000008, 0.000008, 
trial0010943, GDX, 1311, 34, 38.558824, 1.147059, 0.000514, 0.000506, 0.000008, ZIC, 177, 6, 29.500000, 1.166667, 0.000013, 0.000007, 0.000006, 
trial0010944, GDX, 1713, 34, 50.382353, 1.588235, 0.000517, 0.000497, 0.000020, ZIC, 84, 6, 14.000000, 1.000000, 0.000014, 0.000007, 0.000007, 
trial0010945, GDX, 2364, 34, 69.529412, 2.647059, 0.000531, 0.000508, 0.000023, ZIC, 679, 6, 113.166667, 2.333333, 0.000015, 0.000007, 0.000008, 
trial0010946, GDX, 2095, 34, 61.617647, 3.000000, 0.000583, 0.000562, 0.000021, ZIC, 690, 6, 115.000000, 2.333333, 0.000015, 0.000007, 0.000008, 
trial0010947, GDX, 1147, 34, 33.735294, 1.117647, 0.000870, 0.000761, 0.000109, ZIC, 245, 6, 40.833333, 2.000000, 0.000014, 0.000007, 0.000007, 
trial0010948, GDX, 601, 34, 17.676471, 0.617647, 0.000956, 0.000906, 0.000050, ZIC, 265, 6, 44.166667, 1.833333, 0.000072, 0.000065, 0.000007, 
trial0010949, GDX, 1932, 34, 56.823529, 2.500000, 0.001077, 0.001001, 0.000075, ZIC, 462, 6, 77.000000, 2.166667, 0.000017, 0.000007, 0.000010, 
trial0010950, GDX, 1909, 34, 56.147059, 2.205882, 0.001025, 0.000949, 0.000077, ZIC, 204, 6, 34.000000, 1.500000, 0.000093, 0.000007, 0.000085, 
trial0010951, GDX, 756, 34, 22.235294, 1.088235, 0.001255, 0.001225, 0.000030, ZIC, 761, 6, 126.833333, 1.833333, 0.000172, 0.000084, 0.000088, 
trial0010952, GDX, 290, 34, 8.529412, 0.411765, 0.003264, 0.003129, 0.000135, ZIC, 140, 6, 23.333333, 0.666667, 0.000700, 0.000009, 0.000692, 
trial0010953, GDX, 359, 34, 10.558824, 0.441176, 0.004246, 0.004230, 0.000016, ZIC, 59, 6, 9.833333, 0.500000, 0.000019, 0.000008, 0.000011, 
trial0010954, GDX, 355, 34, 10.441176, 0.352941, 0.003841, 0.003724, 0.000117, ZIC, 0, 6, 0.000000, 0.000000, 0.002147, 0.001458, 0.000690, 
trial0010955, GDX, 232, 34, 6.823529, 0.294118, 0.003589, 0.003287, 0.000302, ZIC, 34, 6, 5.666667, 0.333333, 0.000018, 0.000008, 0.000009, 
trial0010956, GDX, 378, 34, 11.117647, 0.676471, 0.003887, 0.003732, 0.000154, ZIC, 283, 6, 47.166667, 0.833333, 0.000022, 0.000009, 0.000014, 
trial0010957, GDX, 327, 34, 9.617647, 0.441176, 0.004141, 0.004125, 0.000016, ZIC, 130, 6, 21.666667, 0.500000, 0.000023, 0.000009, 0.000013, 
trial0010958, GDX, 904, 34, 26.588235, 1.117647, 0.003988, 0.003787, 0.000201, ZIC, 37, 6, 6.166667, 0.333333, 0.000024, 0.000008, 0.000015, 
trial0010959, GDX, 604, 34, 17.764706, 0.852941, 0.004043, 0.003889, 0.000155, ZIC, 32, 6, 5.333333, 0.166667, 0.000791, 0.000010, 0.000780, 
trial0010960, GDX, 92, 34, 2.705882, 0.117647, 0.004386, 0.004375, 0.000011, ZIC, 53, 6, 8.833333, 0.333333, 0.000021, 0.000010, 0.000012, 
trial0010961, GDX, 825, 34, 24.264706, 1.088235, 0.003910, 0.003402, 0.000508, ZIC, 180, 6, 30.000000, 0.833333, 0.000022, 0.000009, 0.000013, 
trial0010962, GDX, 157, 34, 4.617647, 0.264706, 0.003594, 0.003581, 0.000014, ZIC, 308, 6, 51.333333, 0.833333, 0.000700, 0.000690, 0.000010, 
trial0010963, GDX, 166, 34, 4.882353, 0.411765, 0.005330, 0.005194, 0.000135, ZIC, 65, 6, 10.833333, 0.333333, 0.000895, 0.000885, 0.000010, 
trial0010964, GDX, 68, 34, 2.000000, 0.147059, 0.003793, 0.003781, 0.000012, ZIC, 60, 6, 10.000000, 0.500000, 0.000017, 0.000008, 0.000009, 
trial0010965, GDX, 430, 34, 12.647059, 0.470588, 0.004332, 0.004001, 0.000332, ZIC, 95, 6, 15.833333, 0.333333, 0.000897, 0.000009, 0.000888, 
trial0010966, GDX, 391, 34, 11.500000, 0.529412, 0.004145, 0.003901, 0.000244, ZIC, 151, 6, 25.166667, 0.666667, 0.000019, 0.000009, 0.000010, 
trial0010967, GDX, 509, 34, 14.970588, 0.529412, 0.003515, 0.003501, 0.000015, ZIC, 193, 6, 32.166667, 0.666667, 0.000018, 0.000008, 0.000010, 
trial0010968, GDX, 419, 34, 12.323529, 0.470588, 0.003626, 0.003611, 0.000015, ZIC, 148, 6, 24.666667, 0.666667, 0.000018, 0.000008, 0.000010, 
trial0010969, GDX, 173, 34, 5.088235, 0.235294, 0.003706, 0.003694, 0.000012, ZIC, 152, 6, 25.333333, 0.666667, 0.000016, 0.000008, 0.000008, 
trial0010970, GDX, 259, 34, 7.617647, 0.500000, 0.004191, 0.004018, 0.000173, ZIC, 317, 6, 52.833333, 0.833333, 0.000902, 0.000889, 0.000013, 
trial0010971, GDX, 103, 34, 3.029412, 0.235294, 0.003931, 0.003799, 0.000132, ZIC, 277, 6, 46.166667, 0.666667, 0.000017, 0.000008, 0.000009, 
trial0010972, GDX, 192, 34, 5.647059, 0.529412, 0.003789, 0.003618, 0.000171, ZIC, 298, 6, 49.666667, 0.833333, 0.000020, 0.000008, 0.000013, 
trial0010973, GDX, 793, 34, 23.323529, 1.088235, 0.004370, 0.004348, 0.000022, ZIC, 137, 6, 22.833333, 0.500000, 0.000022, 0.000008, 0.000014, 
trial0010974, GDX, 289, 34, 8.500000, 0.352941, 0.002962, 0.002947, 0.000015, ZIC, 146, 6, 24.333333, 0.666667, 0.000018, 0.000008, 0.000009, 
trial0010975, GDX, 105, 34, 3.088235, 0.176471, 0.002742, 0.002733, 0.000009, ZIC, 59, 6, 9.833333, 0.333333, 0.000014, 0.000008, 0.000006, 
trial0010976, GDX, 560, 34, 16.470588, 0.558824, 0.003593, 0.003577, 0.000016, ZIC, 238, 6, 39.666667, 1.166667, 0.000019, 0.000008, 0.000011, 
trial0010977, GDX, 107, 34, 3.147059, 0.205882, 0.003546, 0.003399, 0.000146, ZIC, 229, 6, 38.166667, 0.833333, 0.000017, 0.000008, 0.000008, 
trial0010978, GDX, 254, 34, 7.470588, 0.588235, 0.004737, 0.004720, 0.000017, ZIC, 258, 6, 43.000000, 0.833333, 0.000019, 0.000009, 0.000011, 
trial0010979, GDX, 271, 34, 7.970588, 0.441176, 0.004039, 0.004024, 0.000015, ZIC, 65, 6, 10.833333, 0.500000, 0.000019, 0.000008, 0.000011, 
trial0010980, GDX, 319, 34, 9.382353, 0.470588, 0.003142, 0.003129, 0.000013, ZIC, 55, 6, 9.166667, 0.333333, 0.000016, 0.000008, 0.000008, 
trial0010981, GDX, 211, 34, 6.205882, 0.323529, 0.002977, 0.002693, 0.000284, ZIC, 410, 6, 68.333333, 1.166667, 0.000016, 0.000008, 0.000008, 
trial0010982, GDX, 191, 34, 5.617647, 0.235294, 0.002994, 0.002826, 0.000168, ZIC, 257, 6, 42.833333, 0.666667, 0.000022, 0.000011, 0.000010, 
trial0010983, GDX, 276, 34, 8.117647, 0.529412, 0.005304, 0.005132, 0.000172, ZIC, 55, 6, 9.166667, 0.333333, 0.000022, 0.000009, 0.000012, 
trial0010984, GDX, 565, 34, 16.617647, 0.764706, 0.003262, 0.002783, 0.000479, ZIC, 247, 6, 41.166667, 1.333333, 0.000020, 0.000008, 0.000012, 
trial0010985, GDX, 458, 34, 13.470588, 0.647059, 0.004991, 0.004659, 0.000332, ZIC, 0, 6, 0.000000, 0.000000, 0.000020, 0.000008, 0.000011, 
trial0010986, GDX, 303, 34, 8.911765, 0.382353, 0.004008, 0.003996, 0.000012, ZIC, 163, 6, 27.166667, 0.500000, 0.000775, 0.000767, 0.000009, 
trial0010987, GDX, 164, 34, 4.823529, 0.264706, 0.003497, 0.003245, 0.000252, ZIC, 198, 6, 33.000000, 0.833333, 0.000699, 0.000691, 0.000008, 
trial0010988, GDX, 288, 34, 8.470588, 0.352941, 0.003644, 0.003629, 0.000015, ZIC, 232, 6, 38.666667, 0.666667, 0.000019, 0.000008, 0.000010, 
trial0010989, GDX, 400, 34, 11.764706, 0.529412, 0.003565, 0.003414, 0.000152, ZIC, 159, 6, 26.500000, 0.333333, 0.000020, 0.000009, 0.000011, 
trial0010990, GDX, 101, 34, 2.970588, 0.264706, 0.003653, 0.003640, 0.000013, ZIC, 110, 6, 18.333333, 0.833333, 0.000017, 0.000008, 0.000009, 
trial0010991, GDX, 594, 34, 17.470588, 0.911765, 0.003760, 0.003484, 0.000276, ZIC, 284, 6, 47.333333, 1.166667, 0.000021, 0.000008, 0.000013, 
trial0010992, GDX, 790, 34, 23.235294, 1.147059, 0.003602, 0.003461, 0.000140, ZIC, 377, 6, 62.833333, 1.166667, 0.000022, 0.000008, 0.000014, 
trial0010993, GDX, 722, 34, 21.235294, 1.058824, 0.003595, 0.003576, 0.000019, ZIC, 0, 6, 0.000000, 0.000000, 0.000025, 0.000010, 0.000014, 
trial0010994, GDX, 280, 34, 8.235294, 0.323529, 0.003806, 0.003674, 0.000132, ZIC, 131, 6, 21.833333, 0.500000, 0.000017, 0.000009, 0.000008, 
trial0010995, GDX, 228, 34, 6.705882, 0.382353, 0.003452, 0.003440, 0.000012, ZIC, 35, 6, 5.833333, 0.166667, 0.000016, 0.000008, 0.000008, 
trial0010996, GDX, 118, 34, 3.470588, 0.235294, 0.003579, 0.003568, 0.000012, ZIC, 215, 6, 35.833333, 0.666667, 0.000018, 0.000009, 0.000009, 
trial0010997, GDX, 51, 34, 1.500000, 0.117647, 0.003409, 0.003399, 0.000010, ZIC, 91, 6, 15.166667, 0.333333, 0.000015, 0.000008, 0.000007, 
trial0010998, GDX, 152, 34, 4.470588, 0.235294, 0.003864, 0.003717, 0.000147, ZIC, 43, 6, 7.166667, 0.333333, 0.000018, 0.000009, 0.000009, 
trial0010999, GDX, 169, 34, 4.970588, 0.235294, 0.003702, 0.003534, 0.000168, ZIC, 132, 6, 22.000000, 0.500000, 0.001316, 0.000010, 0.001307, 
trial0011000, GDX, 347, 34, 10.205882, 0.470588, 0.003091, 0.002787, 0.000305, ZIC, 213, 6, 35.500000, 0.666667, 0.000775, 0.000010, 0.000765, 
