trial0000001, GDX, 5210, 26, 200.419231, 4.846154, 0.000620, 0.000098, ZIC, 4388, 14, 313.435714, 8.142857, 0.000006, 0.000071, 
trial0000002, GDX, 6774, 26, 260.557692, 6.653846, 0.000648, 0.000117, ZIC, 2678, 14, 191.321429, 4.928571, 0.000006, 0.000062, 
trial0000003, GDX, 6959, 26, 267.667308, 6.461538, 0.000643, 0.000114, ZIC, 3561, 14, 254.403571, 6.571429, 0.000006, 0.000056, 
trial0000004, GDX, 5147, 26, 197.969231, 5.230769, 0.000624, 0.000107, ZIC, 4286, 14, 306.200000, 7.285714, 0.000006, 0.000066, 
trial0000005, GDX, 6238, 26, 239.932692, 6.000000, 0.000639, 0.000103, ZIC, 3693, 14, 263.839286, 5.857143, 0.000006, 0.000069, 
trial0000006, GDX, 8178, 26, 314.569231, 6.653846, 0.000638, 0.000121, ZIC, 947, 14, 67.657143, 3.785714, 0.000006, 0.000037, 
trial0000007, GDX, 5276, 26, 202.957692, 5.461538, 0.000601, 0.000105, ZIC, 5076, 14, 362.578571, 8.857143, 0.000006, 0.000084, 
trial0000008, GDX, 5574, 26, 214.417308, 5.576923, 0.000630, 0.000095, ZIC, 3480, 14, 248.582143, 5.928571, 0.000006, 0.000056, 
trial0000009, GDX, 5471, 26, 210.448077, 5.153846, 0.000615, 0.000088, ZIC, 3446, 14, 246.167857, 5.571429, 0.000006, 0.000048, 
trial0000010, GDX, 6348, 26, 244.153846, 5.846154, 0.000672, 0.000104, ZIC, 2869, 14, 204.928571, 5.714286, 0.000006, 0.000059, 
trial0000011, GDX, 6058, 26, 233.015385, 5.384615, 0.000712, 0.000088, ZIC, 3088, 14, 220.614286, 6.142857, 0.000006, 0.000055, 
trial0000012, GDX, 6909, 26, 265.732692, 6.307692, 0.000658, 0.000126, ZIC, 2575, 14, 183.996429, 5.714286, 0.000006, 0.000040, 
trial0000013, GDX, 4972, 26, 191.234615, 4.923077, 0.000652, 0.000092, ZIC, 4129, 14, 294.992857, 6.714286, 0.000006, 0.000076, 
trial0000014, GDX, 6149, 26, 236.536538, 6.269231, 0.000645, 0.000111, ZIC, 4513, 14, 322.360714, 8.357143, 0.000006, 0.000068, 
trial0000015, GDX, 5233, 26, 201.288462, 5.461538, 0.000571, 0.000104, ZIC, 5193, 14, 370.964286, 9.000000, 0.000006, 0.000072, 
trial0000016, GDX, 6927, 26, 266.440385, 5.961538, 0.000648, 0.000113, ZIC, 2587, 14, 184.825000, 4.928571, 0.000006, 0.000054, 
trial0000017, GDX, 5113, 26, 196.667308, 5.692308, 0.000595, 0.000110, ZIC, 5103, 14, 364.546429, 10.000000, 0.000006, 0.000082, 
trial0000018, GDX, 5515, 26, 212.148077, 5.423077, 0.000590, 0.000095, ZIC, 4709, 14, 336.367857, 8.214286, 0.000006, 0.000082, 
trial0000019, GDX, 5695, 26, 219.055769, 6.153846, 0.000608, 0.000134, ZIC, 4323, 14, 308.825000, 6.142857, 0.000006, 0.000086, 
trial0000020, GDX, 5194, 26, 199.786538, 5.961538, 0.000614, 0.000108, ZIC, 5204, 14, 371.753571, 9.071429, 0.000006, 0.000084, 
trial0000021, GDX, 8729, 26, 335.767308, 7.576923, 0.000672, 0.000165, ZIC, 1297, 14, 92.646429, 3.500000, 0.000006, 0.000030, 
trial0000022, GDX, 7744, 26, 297.850000, 6.846154, 0.000671, 0.000127, ZIC, 2023, 14, 144.564286, 4.571429, 0.000006, 0.000044, 
trial0000023, GDX, 6261, 26, 240.813462, 5.807692, 0.000661, 0.000117, ZIC, 3461, 14, 247.275000, 7.071429, 0.000006, 0.000060, 
trial0000024, GDX, 5094, 26, 195.953846, 4.769231, 0.000658, 0.000083, ZIC, 4433, 14, 316.657143, 8.428571, 0.000006, 0.000069, 
trial0000025, GDX, 7582, 26, 291.646154, 6.692308, 0.000648, 0.000129, ZIC, 2631, 14, 187.942857, 5.428571, 0.000006, 0.000058, 
trial0000026, GDX, 8485, 26, 326.353846, 6.961538, 0.000665, 0.000140, ZIC, 936, 14, 66.914286, 2.642857, 0.000006, 0.000034, 
trial0000027, GDX, 5894, 26, 226.700000, 5.576923, 0.000611, 0.000117, ZIC, 4018, 14, 287.057143, 7.500000, 0.000006, 0.000082, 
trial0000028, GDX, 8760, 26, 336.936538, 7.538462, 0.000634, 0.000148, ZIC, 1259, 14, 89.975000, 3.285714, 0.000006, 0.000036, 
trial0000029, GDX, 6105, 26, 234.844231, 5.346154, 0.000600, 0.000096, ZIC, 3612, 14, 258.003571, 7.357143, 0.000006, 0.000064, 
trial0000030, GDX, 6736, 26, 259.076923, 5.846154, 0.000588, 0.000110, ZIC, 3061, 14, 218.642857, 7.142857, 0.000006, 0.000061, 
trial0000031, GDX, 7833, 26, 301.296154, 7.000000, 0.000661, 0.000117, ZIC, 2373, 14, 169.521429, 5.285714, 0.000006, 0.000041, 
trial0000032, GDX, 6811, 26, 261.992308, 6.461538, 0.000670, 0.000113, ZIC, 2991, 14, 213.657143, 4.714286, 0.000006, 0.000052, 
trial0000033, GDX, 4817, 26, 185.286538, 5.307692, 0.000574, 0.000118, ZIC, 5361, 14, 382.967857, 8.285714, 0.000006, 0.000097, 
trial0000034, GDX, 7057, 26, 271.453846, 6.153846, 0.000688, 0.000121, ZIC, 2481, 14, 177.228571, 5.571429, 0.000006, 0.000046, 
trial0000035, GDX, 6182, 26, 237.776923, 6.230769, 0.000631, 0.000092, ZIC, 3523, 14, 251.700000, 7.285714, 0.000006, 0.000060, 
trial0000036, GDX, 6956, 26, 267.542308, 6.307692, 0.000673, 0.000109, ZIC, 2410, 14, 172.207143, 3.571429, 0.000006, 0.000052, 
trial0000037, GDX, 6457, 26, 248.348077, 6.307692, 0.000632, 0.000140, ZIC, 3583, 14, 255.996429, 6.571429, 0.000006, 0.000074, 
trial0000038, GDX, 6815, 26, 262.117308, 6.500000, 0.000642, 0.000124, ZIC, 2582, 14, 184.496429, 4.357143, 0.000006, 0.000052, 
trial0000039, GDX, 4811, 26, 185.046154, 5.423077, 0.000634, 0.000099, ZIC, 4974, 14, 355.342857, 7.500000, 0.000006, 0.000075, 
trial0000040, GDX, 8430, 26, 324.238462, 7.230769, 0.000632, 0.000124, ZIC, 1098, 14, 78.485714, 3.285714, 0.000006, 0.000039, 
trial0000041, GDX, 5105, 26, 196.357692, 4.692308, 0.000590, 0.000100, ZIC, 3931, 14, 280.835714, 7.285714, 0.000006, 0.000073, 
trial0000042, GDX, 6814, 26, 262.096154, 5.884615, 0.000692, 0.000099, ZIC, 2087, 14, 149.107143, 4.214286, 0.000006, 0.000048, 
trial0000043, GDX, 5666, 26, 217.938462, 5.000000, 0.000580, 0.000104, ZIC, 4372, 14, 312.328571, 8.571429, 0.000006, 0.000068, 
trial0000044, GDX, 5164, 26, 198.650000, 4.692308, 0.000701, 0.000087, ZIC, 3680, 14, 262.864286, 7.428571, 0.000006, 0.000054, 
trial0000045, GDX, 5690, 26, 218.878846, 5.384615, 0.000617, 0.000109, ZIC, 3789, 14, 270.653571, 7.428571, 0.000006, 0.000073, 
trial0000046, GDX, 5537, 26, 212.976923, 5.000000, 0.000686, 0.000089, ZIC, 3320, 14, 237.185714, 5.857143, 0.000006, 0.000069, 
trial0000047, GDX, 6344, 26, 244.015385, 5.846154, 0.000638, 0.000105, ZIC, 3664, 14, 261.757143, 7.000000, 0.000006, 0.000055, 
trial0000048, GDX, 5051, 26, 194.290385, 5.076923, 0.000682, 0.000091, ZIC, 4383, 14, 313.103571, 8.142857, 0.000006, 0.000059, 
trial0000049, GDX, 6574, 26, 252.865385, 5.500000, 0.000607, 0.000100, ZIC, 2651, 14, 189.392857, 5.071429, 0.000006, 0.000071, 
trial0000050, GDX, 5286, 26, 203.342308, 4.461538, 0.000665, 0.000092, ZIC, 3948, 14, 282.007143, 6.571429, 0.000006, 0.000074, 
trial0000051, GDX, 5534, 26, 212.851923, 5.730769, 0.000599, 0.000100, ZIC, 3770, 14, 269.346429, 7.071429, 0.000006, 0.000067, 
trial0000052, GDX, 6660, 26, 256.167308, 5.692308, 0.000675, 0.000099, ZIC, 2824, 14, 201.760714, 6.285714, 0.000006, 0.000044, 
trial0000053, GDX, 5245, 26, 201.734615, 5.692308, 0.000598, 0.000093, ZIC, 4514, 14, 322.492857, 9.428571, 0.000006, 0.000063, 
trial0000054, GDX, 4757, 26, 182.973077, 4.692308, 0.000553, 0.000100, ZIC, 4891, 14, 349.407143, 8.571429, 0.000006, 0.000103, 
trial0000055, GDX, 8025, 26, 308.684615, 7.307692, 0.000601, 0.000144, ZIC, 2193, 14, 156.657143, 5.000000, 0.000006, 0.000044, 
trial0000056, GDX, 8775, 26, 337.503846, 7.730769, 0.000675, 0.000148, ZIC, 1209, 14, 86.421429, 3.071429, 0.000006, 0.000035, 
trial0000057, GDX, 6423, 26, 247.040385, 5.884615, 0.000622, 0.000121, ZIC, 3470, 14, 247.925000, 7.071429, 0.000006, 0.000074, 
trial0000058, GDX, 5101, 26, 196.213462, 4.884615, 0.000643, 0.000093, ZIC, 3819, 14, 272.817857, 6.785714, 0.000006, 0.000055, 
trial0000059, GDX, 6849, 26, 263.425000, 6.576923, 0.000602, 0.000140, ZIC, 2777, 14, 198.425000, 4.642857, 0.000006, 0.000064, 
trial0000060, GDX, 6047, 26, 232.605769, 5.500000, 0.000656, 0.000098, ZIC, 3041, 14, 217.232143, 6.785714, 0.000006, 0.000059, 
trial0000061, GDX, 6446, 26, 247.934615, 5.653846, 0.000613, 0.000116, ZIC, 2678, 14, 191.335714, 6.642857, 0.000006, 0.000061, 
trial0000062, GDX, 5860, 26, 225.386538, 6.153846, 0.000593, 0.000116, ZIC, 4684, 14, 334.639286, 8.285714, 0.000006, 0.000078, 
trial0000063, GDX, 7686, 26, 295.651923, 7.230769, 0.000718, 0.000129, ZIC, 2272, 14, 162.289286, 4.142857, 0.000006, 0.000044, 
trial0000064, GDX, 7428, 26, 285.707692, 6.307692, 0.000651, 0.000118, ZIC, 2226, 14, 159.042857, 5.857143, 0.000006, 0.000037, 
trial0000065, GDX, 6361, 26, 244.675000, 5.423077, 0.000663, 0.000107, ZIC, 3451, 14, 246.532143, 6.500000, 0.000006, 0.000067, 
trial0000066, GDX, 5360, 26, 206.190385, 5.192308, 0.000649, 0.000116, ZIC, 4291, 14, 306.503571, 8.214286, 0.000006, 0.000073, 
trial0000067, GDX, 6399, 26, 246.121154, 6.192308, 0.000665, 0.000103, ZIC, 3127, 14, 223.417857, 6.071429, 0.000006, 0.000070, 
trial0000068, GDX, 6395, 26, 245.975000, 5.615385, 0.000643, 0.000096, ZIC, 2800, 14, 200.046429, 6.285714, 0.000006, 0.000060, 
trial0000069, GDX, 5584, 26, 214.800000, 4.846154, 0.000655, 0.000087, ZIC, 3874, 14, 276.728571, 8.000000, 0.000006, 0.000060, 
trial0000070, GDX, 7378, 26, 283.780769, 6.153846, 0.000659, 0.000123, ZIC, 1521, 14, 108.692857, 4.000000, 0.000006, 0.000043, 
trial0000071, GDX, 6430, 26, 247.307692, 6.076923, 0.000697, 0.000102, ZIC, 2906, 14, 207.571429, 6.714286, 0.000006, 0.000053, 
trial0000072, GDX, 5761, 26, 221.590385, 5.846154, 0.000599, 0.000108, ZIC, 4475, 14, 319.689286, 8.000000, 0.000006, 0.000064, 
trial0000073, GDX, 5205, 26, 200.207692, 5.115385, 0.000627, 0.000089, ZIC, 4542, 14, 324.471429, 7.357143, 0.000006, 0.000068, 
trial0000074, GDX, 5472, 26, 210.465385, 6.038462, 0.000621, 0.000083, ZIC, 3726, 14, 266.207143, 5.928571, 0.000006, 0.000067, 
trial0000075, GDX, 6601, 26, 253.898077, 6.653846, 0.000647, 0.000135, ZIC, 3276, 14, 234.046429, 4.928571, 0.000006, 0.000065, 
trial0000076, GDX, 5680, 26, 218.486538, 4.846154, 0.000639, 0.000094, ZIC, 3145, 14, 224.667857, 8.285714, 0.000006, 0.000054, 
trial0000077, GDX, 5663, 26, 217.817308, 6.423077, 0.000550, 0.000106, ZIC, 4659, 14, 332.839286, 7.928571, 0.000006, 0.000062, 
trial0000078, GDX, 6534, 26, 251.313462, 6.269231, 0.000655, 0.000108, ZIC, 3160, 14, 225.775000, 6.071429, 0.000006, 0.000054, 
trial0000079, GDX, 4865, 26, 187.126923, 4.692308, 0.000655, 0.000104, ZIC, 4864, 14, 347.478571, 9.285714, 0.000006, 0.000081, 
trial0000080, GDX, 6812, 26, 262.032692, 6.384615, 0.000570, 0.000127, ZIC, 2953, 14, 210.939286, 5.857143, 0.000006, 0.000067, 
trial0000081, GDX, 6204, 26, 238.642308, 5.769231, 0.000599, 0.000123, ZIC, 3534, 14, 252.450000, 4.857143, 0.000006, 0.000066, 
trial0000082, GDX, 6699, 26, 257.688462, 6.000000, 0.000744, 0.000089, ZIC, 2288, 14, 163.435714, 4.714286, 0.000006, 0.000036, 
trial0000083, GDX, 6248, 26, 240.321154, 5.615385, 0.000668, 0.000098, ZIC, 2968, 14, 212.046429, 5.571429, 0.000006, 0.000051, 
trial0000084, GDX, 4874, 26, 187.473077, 5.269231, 0.000558, 0.000102, ZIC, 4920, 14, 351.478571, 7.071429, 0.000006, 0.000080, 
trial0000085, GDX, 5936, 26, 228.323077, 6.076923, 0.000624, 0.000122, ZIC, 4293, 14, 306.685714, 7.142857, 0.000006, 0.000065, 
trial0000086, GDX, 6978, 26, 268.400000, 6.692308, 0.000618, 0.000146, ZIC, 3571, 14, 255.114286, 6.428571, 0.000006, 0.000071, 
trial0000087, GDX, 5611, 26, 215.840385, 5.538462, 0.000695, 0.000085, ZIC, 3536, 14, 252.582143, 6.285714, 0.000006, 0.000054, 
trial0000088, GDX, 5860, 26, 225.411538, 6.461538, 0.000568, 0.000139, ZIC, 4597, 14, 328.378571, 6.142857, 0.000006, 0.000081, 
trial0000089, GDX, 5726, 26, 220.242308, 4.884615, 0.000665, 0.000105, ZIC, 2959, 14, 211.407143, 5.357143, 0.000006, 0.000062, 
trial0000090, GDX, 5649, 26, 217.292308, 5.384615, 0.000675, 0.000088, ZIC, 3258, 14, 232.742857, 4.857143, 0.000006, 0.000065, 
trial0000091, GDX, 5856, 26, 225.250000, 5.692308, 0.000639, 0.000113, ZIC, 3782, 14, 270.178571, 6.142857, 0.000006, 0.000067, 
trial0000092, GDX, 5909, 26, 227.276923, 6.153846, 0.000634, 0.000118, ZIC, 3003, 14, 214.557143, 5.142857, 0.000006, 0.000071, 
trial0000093, GDX, 6073, 26, 233.609615, 5.923077, 0.000600, 0.000110, ZIC, 3618, 14, 258.439286, 6.857143, 0.000006, 0.000064, 
trial0000094, GDX, 4233, 26, 162.815385, 4.961538, 0.000572, 0.000090, ZIC, 5450, 14, 389.342857, 9.071429, 0.000006, 0.000075, 
trial0000095, GDX, 7033, 26, 270.501923, 6.423077, 0.000596, 0.000137, ZIC, 2428, 14, 173.496429, 2.928571, 0.000006, 0.000068, 
trial0000096, GDX, 7110, 26, 273.480769, 6.615385, 0.000681, 0.000126, ZIC, 2285, 14, 163.250000, 5.285714, 0.000006, 0.000052, 
trial0000097, GDX, 7359, 26, 283.046154, 5.884615, 0.000709, 0.000109, ZIC, 1503, 14, 107.414286, 5.214286, 0.000006, 0.000046, 
trial0000098, GDX, 7913, 26, 304.378846, 7.230769, 0.000654, 0.000149, ZIC, 2166, 14, 154.725000, 4.857143, 0.000006, 0.000052, 
trial0000099, GDX, 4788, 26, 184.182692, 4.692308, 0.000593, 0.000080, ZIC, 4797, 14, 342.660714, 7.857143, 0.000006, 0.000079, 
trial0000100, GDX, 5483, 26, 210.909615, 5.230769, 0.000680, 0.000097, ZIC, 3850, 14, 275.025000, 7.428571, 0.000006, 0.000060, 
trial0000101, GDX, 1267, 26, 48.742308, 3.269231, 0.000572, 0.000082, ZIC, 865, 14, 61.835714, 4.214286, 0.000006, 0.000041, 
trial0000102, GDX, 1365, 26, 52.509615, 3.923077, 0.000510, 0.000081, ZIC, 1203, 14, 85.982143, 3.428571, 0.000006, 0.000049, 
trial0000103, GDX, 1144, 26, 44.007692, 3.153846, 0.000563, 0.000077, ZIC, 1243, 14, 88.842857, 4.000000, 0.000006, 0.000049, 
trial0000104, GDX, 1023, 26, 39.380769, 3.730769, 0.000545, 0.000084, ZIC, 1902, 14, 135.864286, 5.071429, 0.000006, 0.000062, 
trial0000105, GDX, 1469, 26, 56.525000, 4.000000, 0.000494, 0.000088, ZIC, 1011, 14, 72.239286, 4.285714, 0.000006, 0.000043, 
trial0000106, GDX, 1265, 26, 48.653846, 3.576923, 0.000505, 0.000083, ZIC, 1235, 14, 88.214286, 3.928571, 0.000006, 0.000054, 
trial0000107, GDX, 1691, 26, 65.038462, 3.769231, 0.000515, 0.000079, ZIC, 740, 14, 52.857143, 4.000000, 0.000006, 0.000036, 
trial0000108, GDX, 1548, 26, 59.571154, 3.769231, 0.000600, 0.000086, ZIC, 476, 14, 34.010714, 3.285714, 0.000006, 0.000042, 
trial0000109, GDX, 1555, 26, 59.807692, 4.038462, 0.000560, 0.000085, ZIC, 721, 14, 51.500000, 3.357143, 0.000006, 0.000041, 
trial0000110, GDX, 1234, 26, 47.492308, 3.884615, 0.000529, 0.000082, ZIC, 1671, 14, 119.371429, 5.214286, 0.000006, 0.000056, 
trial0000111, GDX, 1158, 26, 44.575000, 3.423077, 0.000566, 0.000079, ZIC, 1094, 14, 78.146429, 3.071429, 0.000006, 0.000049, 
trial0000112, GDX, 1796, 26, 69.076923, 4.192308, 0.000552, 0.000080, ZIC, 294, 14, 21.000000, 1.928571, 0.000006, 0.000033, 
trial0000113, GDX, 1480, 26, 56.923077, 3.500000, 0.000565, 0.000079, ZIC, 702, 14, 50.142857, 1.785714, 0.000006, 0.000038, 
trial0000114, GDX, 1627, 26, 62.594231, 4.307692, 0.000557, 0.000085, ZIC, 942, 14, 67.325000, 2.571429, 0.000006, 0.000047, 
trial0000115, GDX, 1325, 26, 50.982692, 3.576923, 0.000542, 0.000086, ZIC, 1454, 14, 103.889286, 4.642857, 0.000006, 0.000049, 
trial0000116, GDX, 1436, 26, 55.240385, 3.653846, 0.000557, 0.000079, ZIC, 810, 14, 57.910714, 3.214286, 0.000006, 0.000045, 
trial0000117, GDX, 1716, 26, 66.000000, 4.115385, 0.000563, 0.000083, ZIC, 585, 14, 41.785714, 2.642857, 0.000006, 0.000041, 
trial0000118, GDX, 1160, 26, 44.615385, 3.538462, 0.000532, 0.000082, ZIC, 1621, 14, 115.785714, 4.428571, 0.000006, 0.000062, 
trial0000119, GDX, 1033, 26, 39.730769, 3.423077, 0.000542, 0.000080, ZIC, 1692, 14, 120.857143, 4.214286, 0.000006, 0.000058, 
trial0000120, GDX, 1595, 26, 61.371154, 3.769231, 0.000551, 0.000080, ZIC, 926, 14, 66.167857, 3.285714, 0.000006, 0.000046, 
trial0000121, GDX, 1356, 26, 52.155769, 3.653846, 0.000565, 0.000080, ZIC, 984, 14, 70.353571, 2.928571, 0.000006, 0.000046, 
trial0000122, GDX, 1315, 26, 50.580769, 3.423077, 0.000519, 0.000077, ZIC, 881, 14, 62.992857, 3.785714, 0.000006, 0.000042, 
trial0000123, GDX, 1600, 26, 61.571154, 3.538462, 0.000508, 0.000091, ZIC, 677, 14, 48.367857, 2.000000, 0.000006, 0.000042, 
trial0000124, GDX, 1441, 26, 55.459615, 3.692308, 0.000552, 0.000076, ZIC, 732, 14, 52.289286, 3.857143, 0.000006, 0.000038, 
trial0000125, GDX, 1648, 26, 63.384615, 3.884615, 0.000546, 0.000084, ZIC, 717, 14, 51.214286, 2.785714, 0.000006, 0.000041, 
trial0000126, GDX, 1235, 26, 47.532692, 3.730769, 0.000497, 0.000082, ZIC, 1333, 14, 95.225000, 3.928571, 0.000006, 0.000050, 
trial0000127, GDX, 1022, 26, 39.326923, 3.615385, 0.000486, 0.000085, ZIC, 2080, 14, 148.607143, 6.000000, 0.000006, 0.000062, 
trial0000128, GDX, 1543, 26, 59.346154, 3.500000, 0.000508, 0.000084, ZIC, 585, 14, 41.785714, 2.642857, 0.000006, 0.000039, 
trial0000129, GDX, 1337, 26, 51.423077, 3.307692, 0.000528, 0.000082, ZIC, 764, 14, 54.571429, 2.000000, 0.000006, 0.000043, 
trial0000130, GDX, 990, 26, 38.092308, 3.384615, 0.000573, 0.000079, ZIC, 1575, 14, 112.542857, 5.000000, 0.000006, 0.000057, 
trial0000131, GDX, 968, 26, 37.230769, 3.461538, 0.000540, 0.000086, ZIC, 1459, 14, 104.214286, 3.571429, 0.000006, 0.000058, 
trial0000132, GDX, 1576, 26, 60.615385, 3.923077, 0.000578, 0.000077, ZIC, 730, 14, 52.142857, 2.428571, 0.000006, 0.000045, 
trial0000133, GDX, 1230, 26, 47.338462, 3.346154, 0.000514, 0.000079, ZIC, 1602, 14, 114.442857, 4.500000, 0.000006, 0.000058, 
trial0000134, GDX, 1311, 26, 50.434615, 3.500000, 0.000571, 0.000074, ZIC, 709, 14, 50.692857, 4.214286, 0.000006, 0.000038, 
trial0000135, GDX, 1546, 26, 59.461538, 4.346154, 0.000530, 0.000094, ZIC, 1291, 14, 92.214286, 3.785714, 0.000006, 0.000049, 
trial0000136, GDX, 1495, 26, 57.534615, 3.576923, 0.000590, 0.000082, ZIC, 660, 14, 47.150000, 3.071429, 0.000006, 0.000039, 
trial0000137, GDX, 1139, 26, 43.807692, 3.846154, 0.000524, 0.000082, ZIC, 1482, 14, 105.857143, 4.142857, 0.000006, 0.000047, 
trial0000138, GDX, 1048, 26, 40.311538, 3.461538, 0.000524, 0.000074, ZIC, 1525, 14, 108.992857, 4.571429, 0.000006, 0.000052, 
trial0000139, GDX, 2105, 26, 80.976923, 4.730769, 0.000542, 0.000089, ZIC, 414, 14, 29.614286, 2.214286, 0.000006, 0.000035, 
trial0000140, GDX, 1916, 26, 73.725000, 4.500000, 0.000517, 0.000084, ZIC, 457, 14, 32.653571, 2.928571, 0.000006, 0.000034, 
trial0000141, GDX, 1608, 26, 61.846154, 4.115385, 0.000601, 0.000081, ZIC, 835, 14, 59.642857, 1.500000, 0.000006, 0.000041, 
trial0000142, GDX, 1072, 26, 41.238462, 3.615385, 0.000573, 0.000076, ZIC, 1449, 14, 103.557143, 3.714286, 0.000006, 0.000049, 
trial0000143, GDX, 1567, 26, 60.273077, 3.730769, 0.000538, 0.000077, ZIC, 592, 14, 42.350000, 3.357143, 0.000006, 0.000037, 
trial0000144, GDX, 897, 26, 34.534615, 3.153846, 0.000495, 0.000102, ZIC, 1976, 14, 141.150000, 5.714286, 0.000006, 0.000059, 
trial0000145, GDX, 1527, 26, 58.730769, 3.846154, 0.000575, 0.000085, ZIC, 789, 14, 56.357143, 3.142857, 0.000006, 0.000036, 
trial0000146, GDX, 1552, 26, 59.725000, 3.307692, 0.000599, 0.000080, ZIC, 223, 14, 15.939286, 1.714286, 0.000006, 0.000035, 
trial0000147, GDX, 1915, 26, 73.653846, 4.615385, 0.000553, 0.000087, ZIC, 128, 14, 9.142857, 1.000000, 0.000006, 0.000030, 
trial0000148, GDX, 970, 26, 37.311538, 3.615385, 0.000502, 0.000091, ZIC, 2072, 14, 148.064286, 6.285714, 0.000006, 0.000062, 
trial0000149, GDX, 1648, 26, 63.405769, 4.192308, 0.000527, 0.000080, ZIC, 724, 14, 51.746429, 2.071429, 0.000006, 0.000041, 
trial0000150, GDX, 1425, 26, 54.807692, 3.384615, 0.000511, 0.000077, ZIC, 683, 14, 48.785714, 2.714286, 0.000006, 0.000038, 
trial0000151, GDX, 1170, 26, 45.007692, 3.500000, 0.000551, 0.000086, ZIC, 1569, 14, 112.128571, 5.071429, 0.000006, 0.000054, 
trial0000152, GDX, 1356, 26, 52.171154, 3.538462, 0.000528, 0.000081, ZIC, 853, 14, 60.967857, 3.285714, 0.000006, 0.000040, 
trial0000153, GDX, 839, 26, 32.269231, 3.115385, 0.000540, 0.000077, ZIC, 1775, 14, 126.785714, 6.071429, 0.000006, 0.000053, 
trial0000154, GDX, 2559, 26, 98.440385, 5.961538, 0.000591, 0.000097, ZIC, 389, 14, 27.825000, 1.500000, 0.000006, 0.000036, 
trial0000155, GDX, 1250, 26, 48.098077, 3.307692, 0.000563, 0.000078, ZIC, 1108, 14, 79.175000, 4.714286, 0.000006, 0.000047, 
trial0000156, GDX, 1258, 26, 48.384615, 3.423077, 0.000519, 0.000080, ZIC, 890, 14, 63.571429, 3.214286, 0.000006, 0.000041, 
trial0000157, GDX, 1570, 26, 60.401923, 3.884615, 0.000584, 0.000083, ZIC, 818, 14, 58.467857, 2.071429, 0.000006, 0.000047, 
trial0000158, GDX, 1514, 26, 58.242308, 3.384615, 0.000560, 0.000076, ZIC, 246, 14, 17.621429, 1.714286, 0.000006, 0.000031, 
trial0000159, GDX, 1265, 26, 48.653846, 3.615385, 0.000541, 0.000086, ZIC, 1051, 14, 75.071429, 3.714286, 0.000006, 0.000043, 
trial0000160, GDX, 1610, 26, 61.955769, 3.730769, 0.000564, 0.000079, ZIC, 575, 14, 41.082143, 2.928571, 0.000006, 0.000035, 
trial0000161, GDX, 1600, 26, 61.550000, 3.576923, 0.000568, 0.000078, ZIC, 532, 14, 38.050000, 2.500000, 0.000006, 0.000036, 
trial0000162, GDX, 1245, 26, 47.884615, 3.423077, 0.000550, 0.000085, ZIC, 1004, 14, 71.714286, 3.214286, 0.000006, 0.000046, 
trial0000163, GDX, 1202, 26, 46.232692, 3.153846, 0.000568, 0.000076, ZIC, 1169, 14, 83.567857, 3.142857, 0.000006, 0.000046, 
trial0000164, GDX, 1175, 26, 45.200000, 3.730769, 0.000500, 0.000079, ZIC, 1431, 14, 102.271429, 4.071429, 0.000006, 0.000048, 
trial0000165, GDX, 1412, 26, 54.332692, 3.000000, 0.000555, 0.000077, ZIC, 895, 14, 63.953571, 4.000000, 0.000006, 0.000041, 
trial0000166, GDX, 1345, 26, 51.730769, 3.153846, 0.000563, 0.000082, ZIC, 991, 14, 70.785714, 2.857143, 0.000006, 0.000048, 
trial0000167, GDX, 1032, 26, 39.692308, 3.500000, 0.000524, 0.000081, ZIC, 1421, 14, 101.500000, 3.357143, 0.000006, 0.000057, 
trial0000168, GDX, 1401, 26, 53.884615, 4.076923, 0.000550, 0.000084, ZIC, 999, 14, 71.357143, 3.000000, 0.000006, 0.000047, 
trial0000169, GDX, 1578, 26, 60.698077, 3.807692, 0.000578, 0.000081, ZIC, 829, 14, 59.275000, 3.642857, 0.000006, 0.000049, 
trial0000170, GDX, 1673, 26, 64.346154, 4.192308, 0.000565, 0.000090, ZIC, 986, 14, 70.428571, 2.642857, 0.000006, 0.000044, 
trial0000171, GDX, 1482, 26, 57.000000, 3.461538, 0.000603, 0.000078, ZIC, 748, 14, 53.428571, 1.571429, 0.000006, 0.000040, 
trial0000172, GDX, 1421, 26, 54.686538, 3.730769, 0.000553, 0.000093, ZIC, 1267, 14, 90.510714, 4.214286, 0.000006, 0.000051, 
trial0000173, GDX, 1272, 26, 48.925000, 3.576923, 0.000580, 0.000083, ZIC, 1373, 14, 98.139286, 5.071429, 0.000006, 0.000049, 
trial0000174, GDX, 1637, 26, 62.961538, 4.038462, 0.000612, 0.000087, ZIC, 714, 14, 51.000000, 2.928571, 0.000006, 0.000039, 
trial0000175, GDX, 1181, 26, 45.436538, 3.846154, 0.000557, 0.000093, ZIC, 1627, 14, 116.260714, 4.428571, 0.000006, 0.000063, 
trial0000176, GDX, 1243, 26, 47.809615, 3.153846, 0.000593, 0.000076, ZIC, 562, 14, 40.210714, 3.285714, 0.000006, 0.000038, 
trial0000177, GDX, 1264, 26, 48.615385, 3.923077, 0.000555, 0.000083, ZIC, 1469, 14, 104.928571, 2.714286, 0.000006, 0.000049, 
trial0000178, GDX, 1839, 26, 70.730769, 4.346154, 0.000613, 0.000082, ZIC, 295, 14, 21.071429, 1.500000, 0.000006, 0.000034, 
trial0000179, GDX, 1279, 26, 49.192308, 3.384615, 0.000504, 0.000086, ZIC, 954, 14, 68.142857, 4.000000, 0.000006, 0.000043, 
trial0000180, GDX, 981, 26, 37.748077, 3.461538, 0.000510, 0.000079, ZIC, 1493, 14, 106.682143, 3.714286, 0.000006, 0.000056, 
trial0000181, GDX, 1088, 26, 41.882692, 3.384615, 0.000582, 0.000079, ZIC, 1242, 14, 88.717857, 3.714286, 0.000006, 0.000047, 
trial0000182, GDX, 1172, 26, 45.100000, 3.192308, 0.000607, 0.000074, ZIC, 726, 14, 51.885714, 2.071429, 0.000006, 0.000041, 
trial0000183, GDX, 1251, 26, 48.125000, 3.538462, 0.000568, 0.000079, ZIC, 1222, 14, 87.339286, 3.285714, 0.000006, 0.000051, 
trial0000184, GDX, 1338, 26, 51.461538, 3.961538, 0.000525, 0.000080, ZIC, 1302, 14, 93.000000, 3.357143, 0.000006, 0.000049, 
trial0000185, GDX, 1407, 26, 54.138462, 3.384615, 0.000569, 0.000081, ZIC, 504, 14, 36.028571, 2.428571, 0.000006, 0.000042, 
trial0000186, GDX, 1833, 26, 70.500000, 4.307692, 0.000589, 0.000086, ZIC, 569, 14, 40.642857, 2.714286, 0.000006, 0.000038, 
trial0000187, GDX, 1527, 26, 58.738462, 4.192308, 0.000574, 0.000085, ZIC, 1294, 14, 92.485714, 3.214286, 0.000006, 0.000046, 
trial0000188, GDX, 1418, 26, 54.538462, 3.846154, 0.000580, 0.000080, ZIC, 1135, 14, 81.071429, 3.571429, 0.000006, 0.000041, 
trial0000189, GDX, 1392, 26, 53.538462, 3.730769, 0.000573, 0.000082, ZIC, 1007, 14, 71.928571, 3.928571, 0.000006, 0.000043, 
trial0000190, GDX, 1519, 26, 58.459615, 3.846154, 0.000557, 0.000086, ZIC, 728, 14, 52.003571, 2.857143, 0.000006, 0.000039, 
trial0000191, GDX, 1213, 26, 46.653846, 3.730769, 0.000575, 0.000081, ZIC, 1176, 14, 84.000000, 4.071429, 0.000006, 0.000043, 
trial0000192, GDX, 1203, 26, 46.278846, 3.423077, 0.000504, 0.000085, ZIC, 1480, 14, 105.767857, 5.500000, 0.000006, 0.000052, 
trial0000193, GDX, 1544, 26, 59.411538, 3.730769, 0.000488, 0.000083, ZIC, 1210, 14, 86.450000, 4.214286, 0.000006, 0.000043, 
trial0000194, GDX, 1995, 26, 76.730769, 4.423077, 0.000607, 0.000084, ZIC, 232, 14, 16.571429, 1.928571, 0.000006, 0.000032, 
trial0000195, GDX, 1685, 26, 64.807692, 4.115385, 0.000569, 0.000085, ZIC, 754, 14, 53.857143, 2.785714, 0.000006, 0.000037, 
trial0000196, GDX, 1705, 26, 65.576923, 4.384615, 0.000513, 0.000086, ZIC, 839, 14, 59.928571, 3.571429, 0.000006, 0.000039, 
trial0000197, GDX, 1288, 26, 49.569231, 3.961538, 0.000535, 0.000079, ZIC, 1381, 14, 98.657143, 2.785714, 0.000006, 0.000064, 
trial0000198, GDX, 1316, 26, 50.615385, 3.653846, 0.000519, 0.000079, ZIC, 745, 14, 53.214286, 2.357143, 0.000006, 0.000044, 
trial0000199, GDX, 1003, 26, 38.586538, 3.038462, 0.000565, 0.000082, ZIC, 1572, 14, 112.339286, 4.500000, 0.000006, 0.000054, 
trial0000200, GDX, 1000, 26, 38.480769, 3.115385, 0.000560, 0.000083, ZIC, 1423, 14, 101.678571, 3.928571, 0.000006, 0.000055, 
trial0000201, GDX, 4072, 26, 156.615385, 5.615385, 0.000610, 0.000107, ZIC, 2481, 14, 177.214286, 4.857143, 0.000006, 0.000056, 
trial0000202, GDX, 3478, 26, 133.786538, 5.000000, 0.000601, 0.000099, ZIC, 2873, 14, 205.253571, 5.857143, 0.000006, 0.000062, 
trial0000203, GDX, 2793, 26, 107.459615, 4.653846, 0.000511, 0.000102, ZIC, 3987, 14, 284.789286, 7.500000, 0.000006, 0.000070, 
trial0000204, GDX, 2757, 26, 106.042308, 4.076923, 0.000609, 0.000075, ZIC, 2915, 14, 208.278571, 6.857143, 0.000006, 0.000058, 
trial0000205, GDX, 4076, 26, 156.792308, 4.846154, 0.000626, 0.000097, ZIC, 1950, 14, 139.314286, 5.142857, 0.000006, 0.000058, 
trial0000206, GDX, 3665, 26, 140.994231, 4.230769, 0.000563, 0.000090, ZIC, 2471, 14, 176.510714, 6.000000, 0.000006, 0.000058, 
trial0000207, GDX, 3095, 26, 119.063462, 3.500000, 0.000640, 0.000090, ZIC, 2527, 14, 180.525000, 7.785714, 0.000006, 0.000056, 
trial0000208, GDX, 4643, 26, 178.594231, 5.461538, 0.000568, 0.000107, ZIC, 1971, 14, 140.825000, 5.428571, 0.000006, 0.000047, 
trial0000209, GDX, 4426, 26, 170.255769, 5.307692, 0.000584, 0.000099, ZIC, 1376, 14, 98.310714, 3.142857, 0.000006, 0.000046, 
trial0000210, GDX, 5364, 26, 206.315385, 5.846154, 0.000593, 0.000110, ZIC, 742, 14, 53.057143, 2.571429, 0.000006, 0.000038, 
trial0000211, GDX, 3208, 26, 123.417308, 3.961538, 0.000641, 0.000077, ZIC, 2743, 14, 195.939286, 6.214286, 0.000006, 0.000051, 
trial0000212, GDX, 4544, 26, 174.784615, 5.615385, 0.000580, 0.000105, ZIC, 1989, 14, 142.114286, 4.285714, 0.000006, 0.000051, 
trial0000213, GDX, 3544, 26, 136.311538, 4.653846, 0.000585, 0.000096, ZIC, 2722, 14, 194.492857, 5.642857, 0.000006, 0.000059, 
trial0000214, GDX, 4214, 26, 162.096154, 5.461538, 0.000538, 0.000108, ZIC, 2099, 14, 149.964286, 4.428571, 0.000006, 0.000057, 
trial0000215, GDX, 3788, 26, 145.717308, 4.269231, 0.000546, 0.000103, ZIC, 2751, 14, 196.525000, 8.071429, 0.000006, 0.000059, 
trial0000216, GDX, 3910, 26, 150.394231, 5.000000, 0.000556, 0.000113, ZIC, 3307, 14, 236.267857, 7.714286, 0.000006, 0.000062, 
trial0000217, GDX, 4452, 26, 171.265385, 5.461538, 0.000582, 0.000103, ZIC, 1886, 14, 134.721429, 4.714286, 0.000006, 0.000057, 
trial0000218, GDX, 5105, 26, 196.380769, 5.730769, 0.000599, 0.000130, ZIC, 1657, 14, 118.364286, 4.500000, 0.000006, 0.000044, 
trial0000219, GDX, 3114, 26, 119.801923, 4.076923, 0.000544, 0.000095, ZIC, 3311, 14, 236.510714, 7.714286, 0.000006, 0.000074, 
trial0000220, GDX, 3335, 26, 128.298077, 4.653846, 0.000601, 0.000083, ZIC, 2787, 14, 199.089286, 5.785714, 0.000006, 0.000052, 
trial0000221, GDX, 4490, 26, 172.709615, 5.730769, 0.000562, 0.000099, ZIC, 1464, 14, 104.610714, 4.500000, 0.000006, 0.000035, 
trial0000222, GDX, 3817, 26, 146.838462, 4.846154, 0.000603, 0.000086, ZIC, 2107, 14, 150.514286, 4.714286, 0.000006, 0.000048, 
trial0000223, GDX, 3555, 26, 136.757692, 4.307692, 0.000612, 0.000091, ZIC, 2032, 14, 145.164286, 5.000000, 0.000006, 0.000049, 
trial0000224, GDX, 3892, 26, 149.725000, 5.076923, 0.000604, 0.000123, ZIC, 2356, 14, 168.296429, 4.000000, 0.000006, 0.000057, 
trial0000225, GDX, 3499, 26, 134.596154, 4.576923, 0.000596, 0.000094, ZIC, 2911, 14, 207.964286, 7.214286, 0.000006, 0.000051, 
trial0000226, GDX, 4391, 26, 168.890385, 4.769231, 0.000594, 0.000113, ZIC, 1717, 14, 122.703571, 5.142857, 0.000007, 0.000056, 
trial0000227, GDX, 5199, 26, 199.963462, 5.576923, 0.004642, 0.000644, ZIC, 677, 14, 48.425000, 2.357143, 0.000034, 0.000269, 
trial0000228, GDX, 4805, 26, 184.819231, 5.576923, 0.002151, 0.000512, ZIC, 1075, 14, 76.835714, 3.785714, 0.000025, 0.000191, 
trial0000229, GDX, 3655, 26, 140.592308, 4.423077, 0.000647, 0.000092, ZIC, 2328, 14, 166.328571, 5.785714, 0.000006, 0.000056, 
trial0000230, GDX, 4134, 26, 159.034615, 5.153846, 0.003592, 0.000575, ZIC, 2246, 14, 160.435714, 5.000000, 0.000021, 0.000302, 
trial0000231, GDX, 3832, 26, 147.388462, 4.576923, 0.006225, 0.000955, ZIC, 1351, 14, 96.564286, 3.785714, 0.000036, 0.000422, 
trial0000232, GDX, 2614, 26, 100.563462, 4.384615, 0.005871, 0.000905, ZIC, 3584, 14, 256.025000, 7.857143, 0.000050, 0.000711, 
trial0000233, GDX, 3855, 26, 148.273077, 5.269231, 0.006342, 0.000990, ZIC, 2748, 14, 196.350000, 6.214286, 0.000030, 0.000760, 
trial0000234, GDX, 4004, 26, 154.032692, 4.692308, 0.006877, 0.000920, ZIC, 1863, 14, 133.082143, 5.285714, 0.000056, 0.000357, 
trial0000235, GDX, 4497, 26, 172.965385, 5.307692, 0.005890, 0.001142, ZIC, 1208, 14, 86.350000, 3.142857, 0.000046, 0.000465, 
trial0000236, GDX, 4267, 26, 164.123077, 4.769231, 0.006117, 0.001062, ZIC, 1548, 14, 110.628571, 4.285714, 0.000041, 0.000402, 
trial0000237, GDX, 3645, 26, 140.228846, 4.115385, 0.005600, 0.001046, ZIC, 2234, 14, 159.575000, 5.214286, 0.000045, 0.001101, 
trial0000238, GDX, 4578, 26, 176.103846, 5.269231, 0.006313, 0.000963, ZIC, 1444, 14, 103.164286, 3.214286, 0.000058, 0.000513, 
trial0000239, GDX, 4230, 26, 162.728846, 5.384615, 0.003277, 0.000623, ZIC, 2253, 14, 160.932143, 5.571429, 0.000040, 0.000387, 
trial0000240, GDX, 3939, 26, 151.501923, 4.230769, 0.003009, 0.000373, ZIC, 2125, 14, 151.853571, 5.142857, 0.000034, 0.000184, 
trial0000241, GDX, 3719, 26, 143.067308, 4.538462, 0.006250, 0.000811, ZIC, 2685, 14, 191.803571, 6.285714, 0.000066, 0.000709, 
trial0000242, GDX, 3556, 26, 136.776923, 4.692308, 0.006125, 0.001082, ZIC, 3116, 14, 222.628571, 6.857143, 0.000051, 0.000635, 
trial0000243, GDX, 4437, 26, 170.653846, 5.384615, 0.006462, 0.001093, ZIC, 976, 14, 69.714286, 2.714286, 0.000040, 0.000388, 
trial0000244, GDX, 4145, 26, 159.451923, 5.461538, 0.006156, 0.001204, ZIC, 2510, 14, 179.303571, 5.142857, 0.000087, 0.000376, 
trial0000245, GDX, 3523, 26, 135.534615, 4.192308, 0.006235, 0.000903, ZIC, 2368, 14, 169.150000, 6.357143, 0.000037, 0.000507, 
trial0000246, GDX, 3496, 26, 134.461538, 4.269231, 0.006468, 0.000984, ZIC, 2030, 14, 145.000000, 4.357143, 0.000094, 0.000457, 
trial0000247, GDX, 4503, 26, 173.201923, 5.500000, 0.006643, 0.000948, ZIC, 2266, 14, 161.910714, 5.642857, 0.000087, 0.000475, 
trial0000248, GDX, 3415, 26, 131.355769, 4.000000, 0.006599, 0.000835, ZIC, 2438, 14, 174.196429, 6.000000, 0.000081, 0.000512, 
trial0000249, GDX, 4198, 26, 161.467308, 5.615385, 0.003131, 0.000731, ZIC, 2126, 14, 151.917857, 4.857143, 0.000063, 0.000258, 
trial0000250, GDX, 3219, 26, 123.825000, 4.346154, 0.003561, 0.000396, ZIC, 2182, 14, 155.896429, 4.642857, 0.000051, 0.000174, 
trial0000251, GDX, 3683, 26, 141.671154, 4.384615, 0.006020, 0.001050, ZIC, 2747, 14, 196.253571, 6.857143, 0.000081, 0.000729, 
trial0000252, GDX, 3576, 26, 137.573077, 4.961538, 0.005568, 0.001153, ZIC, 3453, 14, 246.650000, 7.642857, 0.000031, 0.000895, 
trial0000253, GDX, 3474, 26, 133.644231, 3.884615, 0.006904, 0.000889, ZIC, 1816, 14, 129.732143, 5.214286, 0.000066, 0.000470, 
trial0000254, GDX, 4296, 26, 165.234615, 5.000000, 0.006226, 0.001091, ZIC, 1498, 14, 107.064286, 4.142857, 0.000057, 0.000436, 
trial0000255, GDX, 4097, 26, 157.613462, 5.076923, 0.006366, 0.001089, ZIC, 2517, 14, 179.789286, 5.857143, 0.000100, 0.000612, 
trial0000256, GDX, 3507, 26, 134.917308, 3.884615, 0.006474, 0.000919, ZIC, 2906, 14, 207.582143, 7.928571, 0.000047, 0.000720, 
trial0000257, GDX, 3746, 26, 144.113462, 5.038462, 0.006189, 0.000954, ZIC, 2676, 14, 191.146429, 5.785714, 0.000033, 0.000696, 
trial0000258, GDX, 3789, 26, 145.748077, 4.307692, 0.006165, 0.000864, ZIC, 2094, 14, 149.610714, 5.571429, 0.000031, 0.000545, 
trial0000259, GDX, 3313, 26, 127.434615, 4.576923, 0.002356, 0.000437, ZIC, 2750, 14, 196.478571, 6.500000, 0.000025, 0.000292, 
trial0000260, GDX, 3704, 26, 142.476923, 5.192308, 0.003649, 0.000545, ZIC, 2821, 14, 201.542857, 5.785714, 0.000073, 0.000429, 
trial0000261, GDX, 4158, 26, 159.932692, 4.730769, 0.006047, 0.000950, ZIC, 2281, 14, 162.982143, 5.642857, 0.000053, 0.000641, 
trial0000262, GDX, 3678, 26, 141.476923, 4.153846, 0.005789, 0.000933, ZIC, 1822, 14, 130.185714, 3.857143, 0.000042, 0.000846, 
trial0000263, GDX, 3125, 26, 120.215385, 4.615385, 0.005743, 0.001054, ZIC, 3550, 14, 253.600000, 6.571429, 0.000037, 0.000838, 
trial0000264, GDX, 3492, 26, 134.328846, 3.730769, 0.006413, 0.000938, ZIC, 2141, 14, 152.960714, 5.785714, 0.000063, 0.000464, 
trial0000265, GDX, 4564, 26, 175.561538, 5.115385, 0.005809, 0.001351, ZIC, 1326, 14, 94.742857, 4.071429, 0.000046, 0.000347, 
trial0000266, GDX, 3605, 26, 138.673077, 4.769231, 0.005531, 0.001056, ZIC, 2866, 14, 204.750000, 6.285714, 0.000037, 0.000894, 
trial0000267, GDX, 4426, 26, 170.236538, 4.846154, 0.006442, 0.001028, ZIC, 1585, 14, 113.275000, 5.000000, 0.000037, 0.000371, 
trial0000268, GDX, 3085, 26, 118.665385, 4.461538, 0.005442, 0.000970, ZIC, 3141, 14, 224.407143, 6.428571, 0.000057, 0.000765, 
trial0000269, GDX, 3530, 26, 135.778846, 4.384615, 0.003836, 0.000724, ZIC, 3075, 14, 219.696429, 6.428571, 0.000047, 0.000704, 
trial0000270, GDX, 3277, 26, 126.065385, 4.769231, 0.001645, 0.000230, ZIC, 3461, 14, 247.235714, 7.714286, 0.000014, 0.000188, 
trial0000271, GDX, 2829, 26, 108.834615, 4.346154, 0.005851, 0.001022, ZIC, 3936, 14, 281.164286, 6.357143, 0.000046, 0.000849, 
trial0000272, GDX, 6192, 26, 238.157692, 6.884615, 0.006402, 0.001385, ZIC, 523, 14, 37.421429, 1.928571, 0.000052, 0.000330, 
trial0000273, GDX, 3885, 26, 149.450000, 4.576923, 0.006056, 0.000784, ZIC, 1584, 14, 113.164286, 5.071429, 0.000039, 0.000422, 
trial0000274, GDX, 3268, 26, 125.709615, 4.153846, 0.006166, 0.000852, ZIC, 1792, 14, 128.039286, 4.428571, 0.000092, 0.000428, 
trial0000275, GDX, 4267, 26, 164.134615, 4.461538, 0.006195, 0.000944, ZIC, 1459, 14, 104.250000, 5.142857, 0.000066, 0.000463, 
trial0000276, GDX, 4947, 26, 190.288462, 6.846154, 0.006332, 0.001204, ZIC, 1436, 14, 102.607143, 3.000000, 0.000052, 0.000388, 
trial0000277, GDX, 4378, 26, 168.384615, 5.115385, 0.006218, 0.000925, ZIC, 1042, 14, 74.428571, 1.928571, 0.000052, 0.000269, 
trial0000278, GDX, 3831, 26, 147.371154, 4.653846, 0.005816, 0.001021, ZIC, 2062, 14, 147.310714, 4.928571, 0.000057, 0.000309, 
trial0000279, GDX, 4277, 26, 164.515385, 5.153846, 0.006215, 0.000894, ZIC, 1117, 14, 79.828571, 3.142857, 0.000056, 0.000302, 
trial0000280, GDX, 5061, 26, 194.653846, 6.153846, 0.001928, 0.000420, ZIC, 674, 14, 48.142857, 3.000000, 0.000017, 0.000143, 
trial0000281, GDX, 3536, 26, 136.015385, 4.423077, 0.003789, 0.000693, ZIC, 2804, 14, 200.328571, 7.928571, 0.000026, 0.000418, 
trial0000282, GDX, 5209, 26, 200.350000, 6.730769, 0.005734, 0.001222, ZIC, 1523, 14, 108.850000, 3.785714, 0.000067, 0.000447, 
trial0000283, GDX, 3578, 26, 137.651923, 4.076923, 0.005760, 0.001159, ZIC, 2161, 14, 154.360714, 5.571429, 0.000069, 0.000526, 
trial0000284, GDX, 3376, 26, 129.859615, 4.538462, 0.006345, 0.000789, ZIC, 2509, 14, 179.260714, 6.428571, 0.000094, 0.000387, 
trial0000285, GDX, 4027, 26, 154.919231, 4.038462, 0.005890, 0.000867, ZIC, 1944, 14, 138.864286, 5.785714, 0.000069, 0.000499, 
trial0000286, GDX, 4021, 26, 154.659615, 4.384615, 0.005671, 0.000833, ZIC, 2542, 14, 181.632143, 6.571429, 0.000052, 0.000672, 
trial0000287, GDX, 4134, 26, 159.005769, 5.076923, 0.006175, 0.001007, ZIC, 1658, 14, 118.489286, 5.000000, 0.000081, 0.000340, 
trial0000288, GDX, 3778, 26, 145.338462, 4.769231, 0.005967, 0.000938, ZIC, 2400, 14, 171.442857, 4.714286, 0.000029, 0.000638, 
trial0000289, GDX, 3358, 26, 129.161538, 4.884615, 0.008182, 0.001531, ZIC, 3153, 14, 225.271429, 6.928571, 0.000041, 0.000852, 
trial0000290, GDX, 3034, 26, 116.696154, 4.576923, 0.005498, 0.001065, ZIC, 3195, 14, 228.278571, 5.928571, 0.000060, 0.000759, 
trial0000291, GDX, 3374, 26, 129.782692, 3.923077, 0.011001, 0.001359, ZIC, 1679, 14, 119.975000, 3.142857, 0.000080, 0.000581, 
trial0000292, GDX, 4772, 26, 183.571154, 5.576923, 0.006624, 0.001072, ZIC, 908, 14, 64.867857, 2.928571, 0.000083, 0.000260, 
trial0000293, GDX, 4935, 26, 189.817308, 6.000000, 0.006091, 0.001224, ZIC, 1672, 14, 119.482143, 4.571429, 0.000046, 0.000391, 
trial0000294, GDX, 4164, 26, 160.165385, 5.038462, 0.005816, 0.001121, ZIC, 2197, 14, 156.978571, 5.785714, 0.000068, 0.000581, 
trial0000295, GDX, 3270, 26, 125.801923, 4.115385, 0.006042, 0.000716, ZIC, 2350, 14, 167.867857, 6.071429, 0.000063, 0.000526, 
trial0000296, GDX, 3760, 26, 144.650000, 4.846154, 0.006223, 0.000918, ZIC, 2570, 14, 183.578571, 6.571429, 0.000053, 0.000608, 
trial0000297, GDX, 3575, 26, 137.534615, 5.153846, 0.006010, 0.001119, ZIC, 2759, 14, 197.078571, 5.857143, 0.000049, 0.000678, 
trial0000298, GDX, 3754, 26, 144.413462, 4.923077, 0.005208, 0.001053, ZIC, 3140, 14, 224.303571, 7.428571, 0.000043, 0.000507, 
trial0000299, GDX, 3923, 26, 150.915385, 4.576923, 0.000878, 0.000139, ZIC, 2184, 14, 156.014286, 5.928571, 0.000007, 0.000067, 
trial0000300, GDX, 4682, 26, 180.088462, 5.346154, 0.006160, 0.001181, ZIC, 1534, 14, 109.621429, 4.357143, 0.000078, 0.000400, 
trial0000301, GDX, 7934, 26, 305.157692, 8.807692, 0.006615, 0.001493, ZIC, 4632, 14, 330.921429, 10.928571, 0.000060, 0.000540, 
trial0000302, GDX, 7343, 26, 282.442308, 8.769231, 0.006711, 0.001189, ZIC, 5927, 14, 423.392857, 12.285714, 0.000135, 0.000782, 
trial0000303, GDX, 7988, 26, 307.251923, 9.192308, 0.006676, 0.001554, ZIC, 5942, 14, 424.460714, 11.928571, 0.000049, 0.000953, 
trial0000304, GDX, 7852, 26, 302.028846, 9.807692, 0.006917, 0.001346, ZIC, 5229, 14, 373.517857, 11.500000, 0.000103, 0.000569, 
trial0000305, GDX, 8592, 26, 330.482692, 9.807692, 0.007211, 0.001162, ZIC, 4936, 14, 352.603571, 11.214286, 0.000043, 0.000471, 
trial0000306, GDX, 8674, 26, 333.619231, 8.884615, 0.007044, 0.001029, ZIC, 3809, 14, 272.135714, 9.642857, 0.000044, 0.000616, 
trial0000307, GDX, 7504, 26, 288.619231, 7.653846, 0.006914, 0.000887, ZIC, 4317, 14, 308.421429, 9.642857, 0.000131, 0.000532, 
trial0000308, GDX, 7363, 26, 283.198077, 6.961538, 0.007464, 0.000757, ZIC, 4985, 14, 356.132143, 12.071429, 0.000054, 0.000618, 
trial0000309, GDX, 8547, 26, 328.736538, 9.538462, 0.006376, 0.001232, ZIC, 5162, 14, 368.775000, 10.571429, 0.000068, 0.000832, 
trial0000310, GDX, 7356, 26, 282.932692, 8.884615, 0.004023, 0.000831, ZIC, 6100, 14, 435.767857, 10.928571, 0.000022, 0.000638, 
trial0000311, GDX, 7999, 26, 307.661538, 9.076923, 0.001322, 0.000240, ZIC, 5702, 14, 407.342857, 10.571429, 0.000006, 0.000130, 
trial0000312, GDX, 7512, 26, 288.944231, 8.423077, 0.006665, 0.000897, ZIC, 5933, 14, 423.817857, 11.214286, 0.000087, 0.000692, 
trial0000313, GDX, 8391, 26, 322.740385, 9.615385, 0.007131, 0.001153, ZIC, 4435, 14, 316.839286, 9.428571, 0.000054, 0.000916, 
trial0000314, GDX, 8133, 26, 312.811538, 9.000000, 0.007333, 0.000932, ZIC, 5010, 14, 357.921429, 10.571429, 0.000083, 0.000575, 
trial0000315, GDX, 8037, 26, 309.121154, 9.961538, 0.006459, 0.001249, ZIC, 6024, 14, 430.346429, 10.071429, 0.000054, 0.000726, 
trial0000316, GDX, 8715, 26, 335.198077, 9.730769, 0.006642, 0.001207, ZIC, 4419, 14, 315.703571, 10.500000, 0.000080, 0.000779, 
trial0000317, GDX, 8202, 26, 315.486538, 9.500000, 0.006876, 0.001419, ZIC, 4465, 14, 318.953571, 9.214286, 0.000028, 0.000770, 
trial0000318, GDX, 8223, 26, 316.292308, 10.000000, 0.006581, 0.001083, ZIC, 4944, 14, 353.171429, 9.428571, 0.000043, 0.000779, 
trial0000319, GDX, 9188, 26, 353.419231, 10.192308, 0.007363, 0.000958, ZIC, 3652, 14, 260.864286, 8.928571, 0.000069, 0.000724, 
trial0000320, GDX, 7966, 26, 306.415385, 7.538462, 0.007211, 0.000855, ZIC, 5164, 14, 368.871429, 11.428571, 0.000073, 0.000486, 
trial0000321, GDX, 7854, 26, 302.100000, 7.692308, 0.007166, 0.000897, ZIC, 4938, 14, 352.742857, 11.571429, 0.000054, 0.000283, 
trial0000322, GDX, 8650, 26, 332.700000, 8.076923, 0.005593, 0.001088, ZIC, 3348, 14, 239.200000, 9.285714, 0.000049, 0.000449, 
trial0000323, GDX, 7008, 26, 269.551923, 8.384615, 0.000942, 0.000160, ZIC, 6802, 14, 485.903571, 13.000000, 0.000006, 0.000156, 
trial0000324, GDX, 8166, 26, 314.105769, 9.384615, 0.006510, 0.001106, ZIC, 4822, 14, 344.446429, 9.714286, 0.000054, 0.000889, 
trial0000325, GDX, 7399, 26, 284.584615, 9.230769, 0.006576, 0.001350, ZIC, 6539, 14, 467.128571, 10.714286, 0.000057, 0.000774, 
trial0000326, GDX, 7764, 26, 298.632692, 7.500000, 0.006890, 0.000861, ZIC, 4588, 14, 327.753571, 9.928571, 0.000127, 0.000588, 
trial0000327, GDX, 8985, 26, 345.609615, 10.230769, 0.007559, 0.000949, ZIC, 4023, 14, 287.367857, 10.000000, 0.000050, 0.000543, 
trial0000328, GDX, 8781, 26, 337.732692, 10.269231, 0.007211, 0.001317, ZIC, 4784, 14, 341.782143, 10.785714, 0.000043, 0.000327, 
trial0000329, GDX, 8498, 26, 326.848077, 10.076923, 0.007193, 0.001264, ZIC, 4953, 14, 353.853571, 11.571429, 0.000097, 0.000830, 
trial0000330, GDX, 9065, 26, 348.667308, 10.423077, 0.007277, 0.001315, ZIC, 4343, 14, 310.260714, 10.071429, 0.000089, 0.000539, 
trial0000331, GDX, 8266, 26, 317.955769, 7.923077, 0.006742, 0.000954, ZIC, 3778, 14, 269.867857, 10.142857, 0.000037, 0.000833, 
trial0000332, GDX, 6842, 26, 263.169231, 8.653846, 0.006372, 0.001088, ZIC, 6786, 14, 484.757143, 12.928571, 0.000061, 0.000792, 
trial0000333, GDX, 7243, 26, 278.594231, 7.615385, 0.006869, 0.000829, ZIC, 4892, 14, 349.467857, 10.285714, 0.000052, 0.000711, 
trial0000334, GDX, 7572, 26, 291.257692, 8.807692, 0.006428, 0.001238, ZIC, 5873, 14, 419.521429, 11.642857, 0.000035, 0.000927, 
trial0000335, GDX, 9080, 26, 349.267308, 9.384615, 0.000930, 0.000184, ZIC, 3721, 14, 265.789286, 8.428571, 0.000011, 0.000101, 
trial0000336, GDX, 8249, 26, 317.282692, 9.615385, 0.005324, 0.000747, ZIC, 5281, 14, 377.260714, 11.428571, 0.000068, 0.000419, 
trial0000337, GDX, 8280, 26, 318.492308, 9.423077, 0.007273, 0.001052, ZIC, 4430, 14, 316.442857, 10.071429, 0.000049, 0.000761, 
trial0000338, GDX, 7909, 26, 304.225000, 7.846154, 0.007421, 0.000938, ZIC, 4020, 14, 287.153571, 8.285714, 0.000054, 0.000603, 
trial0000339, GDX, 9235, 26, 355.219231, 8.653846, 0.007664, 0.001056, ZIC, 4172, 14, 298.021429, 11.071429, 0.000044, 0.000561, 
trial0000340, GDX, 7372, 26, 283.540385, 8.653846, 0.007206, 0.001106, ZIC, 5680, 14, 405.782143, 11.928571, 0.000051, 0.000541, 
trial0000341, GDX, 8464, 26, 325.555769, 8.923077, 0.007083, 0.000960, ZIC, 4528, 14, 323.467857, 10.714286, 0.000024, 0.000639, 
trial0000342, GDX, 7500, 26, 288.480769, 8.769231, 0.006874, 0.001101, ZIC, 5409, 14, 386.392857, 11.000000, 0.000037, 0.000844, 
trial0000343, GDX, 8459, 26, 325.359615, 9.576923, 0.006926, 0.001313, ZIC, 4188, 14, 299.189286, 8.500000, 0.000096, 0.000594, 
trial0000344, GDX, 7865, 26, 302.528846, 7.692308, 0.007132, 0.000932, ZIC, 5242, 14, 374.446429, 10.571429, 0.000046, 0.000691, 
trial0000345, GDX, 8393, 26, 322.840385, 9.961538, 0.007006, 0.001053, ZIC, 4408, 14, 314.867857, 8.357143, 0.000064, 0.000523, 
trial0000346, GDX, 8152, 26, 313.569231, 9.500000, 0.006655, 0.001430, ZIC, 5270, 14, 376.442857, 12.071429, 0.000028, 0.000645, 
trial0000347, GDX, 7613, 26, 292.842308, 9.384615, 0.000876, 0.000232, ZIC, 5476, 14, 391.150000, 11.714286, 0.000006, 0.000100, 
trial0000348, GDX, 9037, 26, 347.578846, 9.423077, 0.004791, 0.000620, ZIC, 4160, 14, 297.210714, 8.928571, 0.000035, 0.000437, 
trial0000349, GDX, 8520, 26, 327.726923, 9.923077, 0.007060, 0.001373, ZIC, 4200, 14, 300.007143, 8.571429, 0.000085, 0.001015, 
trial0000350, GDX, 8014, 26, 308.244231, 7.961538, 0.006876, 0.000902, ZIC, 6413, 14, 458.117857, 13.785714, 0.000025, 0.001162, 
trial0000351, GDX, 8815, 26, 339.075000, 10.115385, 0.006728, 0.000988, ZIC, 5348, 14, 382.003571, 11.071429, 0.000054, 0.000687, 
trial0000352, GDX, 7347, 26, 282.578846, 9.653846, 0.006369, 0.001173, ZIC, 7285, 14, 520.425000, 11.357143, 0.000149, 0.000945, 
trial0000353, GDX, 7177, 26, 276.075000, 8.192308, 0.006478, 0.001003, ZIC, 5045, 14, 360.360714, 9.500000, 0.000044, 0.000637, 
trial0000354, GDX, 7755, 26, 298.280769, 8.423077, 0.006556, 0.001053, ZIC, 5352, 14, 382.335714, 10.357143, 0.000025, 0.001040, 
trial0000355, GDX, 7558, 26, 290.696154, 9.384615, 0.006938, 0.001088, ZIC, 5824, 14, 416.064286, 12.142857, 0.000091, 0.000493, 
trial0000356, GDX, 8269, 26, 318.048077, 9.807692, 0.006697, 0.001051, ZIC, 6620, 14, 472.910714, 11.642857, 0.000069, 0.000602, 
trial0000357, GDX, 8578, 26, 329.938462, 9.538462, 0.006771, 0.001151, ZIC, 4871, 14, 347.971429, 10.857143, 0.000027, 0.000878, 
trial0000358, GDX, 7972, 26, 306.650000, 8.576923, 0.006997, 0.000968, ZIC, 4990, 14, 356.435714, 11.214286, 0.000063, 0.000752, 
trial0000359, GDX, 7093, 26, 272.813462, 9.230769, 0.004526, 0.001175, ZIC, 6950, 14, 496.489286, 10.714286, 0.000039, 0.000577, 
trial0000360, GDX, 7833, 26, 301.298077, 9.423077, 0.000976, 0.000124, ZIC, 5353, 14, 382.375000, 11.357143, 0.000009, 0.000144, 
trial0000361, GDX, 8244, 26, 317.076923, 7.538462, 0.006757, 0.000684, ZIC, 4198, 14, 299.857143, 11.142857, 0.000046, 0.000463, 
trial0000362, GDX, 8556, 26, 329.094231, 9.961538, 0.007118, 0.001235, ZIC, 4313, 14, 308.110714, 11.357143, 0.000088, 0.000511, 
trial0000363, GDX, 8058, 26, 309.934615, 9.615385, 0.006685, 0.001042, ZIC, 4981, 14, 355.835714, 10.285714, 0.000051, 0.000548, 
trial0000364, GDX, 8338, 26, 320.726923, 9.538462, 0.006582, 0.001335, ZIC, 5604, 14, 400.292857, 11.571429, 0.000046, 0.001024, 
trial0000365, GDX, 7947, 26, 305.657692, 9.692308, 0.006580, 0.001325, ZIC, 5591, 14, 399.421429, 11.000000, 0.000036, 0.000583, 
trial0000366, GDX, 7690, 26, 295.792308, 7.769231, 0.006885, 0.000896, ZIC, 4719, 14, 337.100000, 10.714286, 0.000042, 0.000858, 
trial0000367, GDX, 7180, 26, 276.182692, 8.692308, 0.006753, 0.001053, ZIC, 6350, 14, 453.589286, 10.714286, 0.000025, 0.000851, 
trial0000368, GDX, 8360, 26, 321.567308, 8.692308, 0.007128, 0.000943, ZIC, 4133, 14, 295.232143, 9.857143, 0.000034, 0.000762, 
trial0000369, GDX, 6743, 26, 259.369231, 7.653846, 0.006426, 0.000807, ZIC, 6337, 14, 452.671429, 11.928571, 0.000018, 0.000896, 
trial0000370, GDX, 7965, 26, 306.369231, 9.384615, 0.007010, 0.001202, ZIC, 5027, 14, 359.100000, 11.285714, 0.000049, 0.000480, 
trial0000371, GDX, 9539, 26, 366.921154, 9.807692, 0.007026, 0.000991, ZIC, 3682, 14, 263.003571, 10.642857, 0.000040, 0.000593, 
trial0000372, GDX, 7712, 26, 296.617308, 9.115385, 0.001007, 0.000325, ZIC, 5020, 14, 358.639286, 9.500000, 0.000022, 0.000141, 
trial0000373, GDX, 8308, 26, 319.540385, 9.769231, 0.004528, 0.000495, ZIC, 4268, 14, 304.925000, 8.571429, 0.000019, 0.000205, 
trial0000374, GDX, 8367, 26, 321.809615, 8.038462, 0.007238, 0.000761, ZIC, 4925, 14, 351.853571, 12.357143, 0.000041, 0.000475, 
trial0000375, GDX, 7123, 26, 273.963462, 8.923077, 0.007038, 0.001234, ZIC, 6420, 14, 458.639286, 12.571429, 0.000019, 0.000470, 
trial0000376, GDX, 8077, 26, 310.678846, 9.269231, 0.006952, 0.001121, ZIC, 4531, 14, 323.667857, 9.928571, 0.000100, 0.000569, 
trial0000377, GDX, 8397, 26, 322.998077, 9.807692, 0.006906, 0.001241, ZIC, 3991, 14, 285.075000, 8.500000, 0.000112, 0.000620, 
trial0000378, GDX, 8718, 26, 335.338462, 10.038462, 0.006712, 0.001177, ZIC, 5042, 14, 360.157143, 10.071429, 0.000086, 0.001001, 
trial0000379, GDX, 8417, 26, 323.730769, 9.692308, 0.006935, 0.001392, ZIC, 4644, 14, 331.785714, 10.000000, 0.000061, 0.000807, 
trial0000380, GDX, 7356, 26, 282.926923, 7.384615, 0.006678, 0.000740, ZIC, 5131, 14, 366.564286, 10.714286, 0.000045, 0.000678, 
trial0000381, GDX, 8463, 26, 325.528846, 10.230769, 0.006927, 0.001171, ZIC, 4319, 14, 308.517857, 9.285714, 0.000157, 0.000623, 
trial0000382, GDX, 8810, 26, 338.848077, 10.038462, 0.007047, 0.000977, ZIC, 4865, 14, 347.567857, 9.500000, 0.000060, 0.000532, 
trial0000383, GDX, 7896, 26, 303.726923, 7.615385, 0.007211, 0.000931, ZIC, 4437, 14, 316.935714, 10.142857, 0.000111, 0.000629, 
trial0000384, GDX, 7483, 26, 287.817308, 9.038462, 0.003017, 0.000498, ZIC, 5623, 14, 401.696429, 10.642857, 0.000062, 0.000504, 
trial0000385, GDX, 9382, 26, 360.867308, 10.230769, 0.002136, 0.000202, ZIC, 2957, 14, 211.246429, 8.142857, 0.000007, 0.000221, 
trial0000386, GDX, 7804, 26, 300.165385, 9.230769, 0.007611, 0.001001, ZIC, 4804, 14, 343.192857, 12.428571, 0.000039, 0.000708, 
trial0000387, GDX, 9099, 26, 349.969231, 9.423077, 0.006911, 0.001245, ZIC, 4426, 14, 316.200000, 9.500000, 0.000053, 0.000545, 
trial0000388, GDX, 8629, 26, 331.900000, 8.884615, 0.006868, 0.001112, ZIC, 4252, 14, 303.757143, 10.500000, 0.000066, 0.000580, 
trial0000389, GDX, 7531, 26, 289.676923, 9.653846, 0.007049, 0.001050, ZIC, 6254, 14, 446.742857, 13.642857, 0.000013, 0.000646, 
trial0000390, GDX, 8458, 26, 325.342308, 9.576923, 0.006990, 0.001060, ZIC, 4731, 14, 337.935714, 10.214286, 0.000053, 0.000624, 
trial0000391, GDX, 8588, 26, 330.325000, 7.653846, 0.007097, 0.000933, ZIC, 4121, 14, 294.396429, 10.642857, 0.000106, 0.000676, 
trial0000392, GDX, 8212, 26, 315.873077, 10.038462, 0.006967, 0.001237, ZIC, 5211, 14, 372.235714, 10.357143, 0.000092, 0.000609, 
trial0000393, GDX, 6171, 26, 237.369231, 8.461538, 0.006252, 0.001278, ZIC, 7985, 14, 570.385714, 12.428571, 0.000032, 0.001102, 
trial0000394, GDX, 8612, 26, 331.267308, 10.038462, 0.006979, 0.001137, ZIC, 4486, 14, 320.432143, 9.928571, 0.000030, 0.000616, 
trial0000395, GDX, 7662, 26, 294.707692, 8.884615, 0.006570, 0.001033, ZIC, 4146, 14, 296.185714, 9.500000, 0.000039, 0.000572, 
trial0000396, GDX, 8857, 26, 340.676923, 10.115385, 0.007329, 0.001057, ZIC, 4045, 14, 288.957143, 9.642857, 0.000048, 0.000481, 
trial0000397, GDX, 7876, 26, 302.930769, 9.384615, 0.000789, 0.000283, ZIC, 4917, 14, 351.271429, 9.285714, 0.000006, 0.000086, 
trial0000398, GDX, 8614, 26, 331.334615, 10.423077, 0.004576, 0.000612, ZIC, 5416, 14, 386.878571, 10.928571, 0.000021, 0.000455, 
trial0000399, GDX, 6936, 26, 266.775000, 9.192308, 0.007236, 0.001042, ZIC, 5018, 14, 358.489286, 10.500000, 0.000123, 0.000588, 
trial0000400, GDX, 9377, 26, 360.655769, 10.346154, 0.007347, 0.001173, ZIC, 4102, 14, 293.067857, 9.214286, 0.000059, 0.000480, 
trial0000401, GDX, 4090, 26, 157.342308, 6.000000, 0.005995, 0.001529, ZIC, 1157, 14, 82.650000, 3.285714, 0.000057, 0.000533, 
trial0000402, GDX, 2160, 26, 83.098077, 4.115385, 0.006429, 0.000928, ZIC, 2946, 14, 210.460714, 7.357143, 0.000062, 0.000531, 
trial0000403, GDX, 3786, 26, 145.632692, 5.807692, 0.007153, 0.001109, ZIC, 1339, 14, 95.682143, 4.071429, 0.000065, 0.000407, 
trial0000404, GDX, 2585, 26, 99.459615, 3.807692, 0.007317, 0.000843, ZIC, 1643, 14, 117.360714, 5.500000, 0.000058, 0.000382, 
trial0000405, GDX, 3617, 26, 139.146154, 5.384615, 0.006367, 0.001094, ZIC, 1193, 14, 85.228571, 3.428571, 0.000074, 0.000487, 
trial0000406, GDX, 2609, 26, 100.346154, 5.076923, 0.006430, 0.001071, ZIC, 2448, 14, 174.857143, 4.857143, 0.000020, 0.000523, 
trial0000407, GDX, 2157, 26, 82.969231, 4.769231, 0.005461, 0.000786, ZIC, 3253, 14, 232.414286, 6.714286, 0.000011, 0.000521, 
trial0000408, GDX, 3759, 26, 144.582692, 5.730769, 0.001993, 0.000217, ZIC, 817, 14, 58.417857, 3.214286, 0.000007, 0.000084, 
trial0000409, GDX, 2758, 26, 106.111538, 4.884615, 0.006684, 0.000948, ZIC, 1909, 14, 136.364286, 4.500000, 0.000063, 0.000518, 
trial0000410, GDX, 2024, 26, 77.850000, 3.923077, 0.006851, 0.000804, ZIC, 2767, 14, 197.707143, 8.428571, 0.000006, 0.000516, 
trial0000411, GDX, 2973, 26, 114.365385, 4.500000, 0.006411, 0.000901, ZIC, 1905, 14, 136.107143, 6.500000, 0.000063, 0.000354, 
trial0000412, GDX, 2551, 26, 98.144231, 4.153846, 0.007000, 0.000839, ZIC, 1773, 14, 126.660714, 5.714286, 0.000040, 0.000473, 
trial0000413, GDX, 3093, 26, 118.961538, 4.884615, 0.006407, 0.000852, ZIC, 1121, 14, 80.071429, 4.357143, 0.000053, 0.000362, 
trial0000414, GDX, 3010, 26, 115.800000, 4.807692, 0.006525, 0.000904, ZIC, 1306, 14, 93.300000, 4.785714, 0.000113, 0.000599, 
trial0000415, GDX, 2768, 26, 106.494231, 5.076923, 0.007135, 0.001017, ZIC, 2174, 14, 155.296429, 5.000000, 0.000056, 0.000579, 
trial0000416, GDX, 3028, 26, 116.461538, 5.230769, 0.006090, 0.000980, ZIC, 1443, 14, 103.071429, 4.142857, 0.000089, 0.000626, 
trial0000417, GDX, 2692, 26, 103.561538, 4.884615, 0.002832, 0.000610, ZIC, 2330, 14, 166.457143, 6.642857, 0.000034, 0.000395, 
trial0000418, GDX, 2274, 26, 87.498077, 3.692308, 0.005153, 0.000484, ZIC, 1946, 14, 139.003571, 5.285714, 0.000029, 0.000208, 
trial0000419, GDX, 3740, 26, 143.859615, 5.807692, 0.007612, 0.000874, ZIC, 1124, 14, 80.332143, 2.928571, 0.000048, 0.000359, 
trial0000420, GDX, 2855, 26, 109.840385, 4.500000, 0.006284, 0.001060, ZIC, 1932, 14, 138.010714, 6.500000, 0.000059, 0.000453, 
trial0000421, GDX, 2394, 26, 92.103846, 4.538462, 0.006643, 0.001018, ZIC, 2877, 14, 205.521429, 6.571429, 0.000072, 0.000719, 
trial0000422, GDX, 3350, 26, 128.846154, 5.384615, 0.007000, 0.000948, ZIC, 1267, 14, 90.500000, 3.714286, 0.000064, 0.000475, 
trial0000423, GDX, 3665, 26, 140.998077, 5.846154, 0.007176, 0.001049, ZIC, 1032, 14, 73.717857, 3.571429, 0.000078, 0.000411, 
trial0000424, GDX, 2258, 26, 86.850000, 4.038462, 0.006215, 0.000916, ZIC, 2866, 14, 204.778571, 7.642857, 0.000134, 0.000725, 
trial0000425, GDX, 2816, 26, 108.326923, 4.692308, 0.007494, 0.000914, ZIC, 1483, 14, 105.964286, 5.857143, 0.000064, 0.000365, 
trial0000426, GDX, 3964, 26, 152.480769, 6.115385, 0.005536, 0.000738, ZIC, 764, 14, 54.607143, 2.785714, 0.000053, 0.000470, 
trial0000427, GDX, 2851, 26, 109.653846, 4.923077, 0.002097, 0.000256, ZIC, 1771, 14, 126.500000, 3.857143, 0.000018, 0.000170, 
trial0000428, GDX, 2428, 26, 93.417308, 3.846154, 0.007019, 0.000821, ZIC, 1955, 14, 139.653571, 6.000000, 0.000062, 0.000469, 
trial0000429, GDX, 4502, 26, 173.192308, 6.346154, 0.007086, 0.001184, ZIC, 832, 14, 59.428571, 2.642857, 0.000056, 0.000446, 
trial0000430, GDX, 2967, 26, 114.115385, 4.153846, 0.007334, 0.000666, ZIC, 1305, 14, 93.214286, 4.000000, 0.000047, 0.000416, 
trial0000431, GDX, 2296, 26, 88.342308, 4.423077, 0.006437, 0.000848, ZIC, 2351, 14, 167.935714, 5.785714, 0.000051, 0.000606, 
trial0000432, GDX, 4387, 26, 168.740385, 7.076923, 0.006673, 0.001336, ZIC, 506, 14, 36.196429, 1.571429, 0.000059, 0.000316, 
trial0000433, GDX, 3877, 26, 149.115385, 5.692308, 0.006493, 0.001067, ZIC, 1405, 14, 100.357143, 3.714286, 0.000054, 0.000330, 
trial0000434, GDX, 3165, 26, 121.730769, 4.692308, 0.006363, 0.001053, ZIC, 1454, 14, 103.857143, 4.000000, 0.000075, 0.000395, 
trial0000435, GDX, 2507, 26, 96.428846, 4.923077, 0.006358, 0.000915, ZIC, 2630, 14, 187.917857, 7.142857, 0.000030, 0.000740, 
trial0000436, GDX, 3234, 26, 124.396154, 4.884615, 0.003776, 0.000668, ZIC, 1853, 14, 132.407143, 4.928571, 0.000064, 0.000272, 
trial0000437, GDX, 2530, 26, 97.307692, 4.346154, 0.003932, 0.000347, ZIC, 2304, 14, 164.571429, 6.214286, 0.000020, 0.000285, 
trial0000438, GDX, 2086, 26, 80.257692, 3.576923, 0.006800, 0.000762, ZIC, 2412, 14, 172.307143, 5.928571, 0.000036, 0.000790, 
trial0000439, GDX, 3424, 26, 131.692308, 5.115385, 0.007119, 0.000964, ZIC, 1090, 14, 77.857143, 3.071429, 0.000061, 0.000366, 
trial0000440, GDX, 2491, 26, 95.838462, 4.307692, 0.006464, 0.000971, ZIC, 2104, 14, 150.300000, 5.571429, 0.000065, 0.000481, 
trial0000441, GDX, 3769, 26, 144.978846, 5.653846, 0.006800, 0.001186, ZIC, 536, 14, 38.325000, 2.500000, 0.000038, 0.000309, 
trial0000442, GDX, 2932, 26, 112.796154, 4.615385, 0.006885, 0.001066, ZIC, 1950, 14, 139.307143, 5.000000, 0.000120, 0.000634, 
trial0000443, GDX, 2558, 26, 98.403846, 5.192308, 0.006477, 0.001272, ZIC, 2910, 14, 207.892857, 6.785714, 0.000049, 0.000840, 
trial0000444, GDX, 3338, 26, 128.384615, 5.423077, 0.006490, 0.001175, ZIC, 1460, 14, 104.285714, 4.214286, 0.000044, 0.000534, 
trial0000445, GDX, 2766, 26, 106.394231, 4.538462, 0.006957, 0.000825, ZIC, 1534, 14, 109.625000, 3.857143, 0.000076, 0.000366, 
trial0000446, GDX, 3748, 26, 144.153846, 5.846154, 0.000977, 0.000129, ZIC, 655, 14, 46.785714, 2.571429, 0.000006, 0.000040, 
trial0000447, GDX, 4675, 26, 179.819231, 6.730769, 0.006655, 0.001002, ZIC, 415, 14, 29.692857, 2.357143, 0.000061, 0.000197, 
trial0000448, GDX, 3519, 26, 135.359615, 5.384615, 0.007182, 0.000951, ZIC, 897, 14, 64.117857, 3.571429, 0.000061, 0.000258, 
trial0000449, GDX, 3611, 26, 138.913462, 5.384615, 0.006764, 0.000920, ZIC, 788, 14, 56.303571, 3.571429, 0.000044, 0.000397, 
trial0000450, GDX, 2336, 26, 89.846154, 4.115385, 0.006726, 0.000855, ZIC, 2672, 14, 190.857143, 7.642857, 0.000037, 0.000455, 
trial0000451, GDX, 2443, 26, 93.961538, 4.538462, 0.006045, 0.001012, ZIC, 2961, 14, 211.500000, 8.428571, 0.000050, 0.000498, 
trial0000452, GDX, 3073, 26, 118.192308, 4.807692, 0.006991, 0.000870, ZIC, 1193, 14, 85.214286, 3.500000, 0.000091, 0.000304, 
trial0000453, GDX, 3527, 26, 135.676923, 5.346154, 0.006746, 0.001070, ZIC, 1409, 14, 100.671429, 3.785714, 0.000069, 0.000516, 
trial0000454, GDX, 3690, 26, 141.923077, 5.384615, 0.007020, 0.001146, ZIC, 1274, 14, 91.000000, 4.142857, 0.000052, 0.000691, 
trial0000455, GDX, 3057, 26, 117.607692, 4.153846, 0.005227, 0.000639, ZIC, 1147, 14, 81.942857, 4.285714, 0.000056, 0.000283, 
trial0000456, GDX, 3373, 26, 129.730769, 5.115385, 0.002943, 0.000327, ZIC, 1394, 14, 99.571429, 3.642857, 0.000018, 0.000195, 
trial0000457, GDX, 2940, 26, 113.113462, 4.615385, 0.006418, 0.000822, ZIC, 1604, 14, 114.575000, 4.571429, 0.000065, 0.000421, 
trial0000458, GDX, 4497, 26, 172.994231, 6.576923, 0.007310, 0.001116, ZIC, 890, 14, 63.582143, 3.785714, 0.000033, 0.000314, 
trial0000459, GDX, 3533, 26, 135.884615, 5.538462, 0.006826, 0.000878, ZIC, 1117, 14, 79.785714, 3.285714, 0.000045, 0.000403, 
trial0000460, GDX, 2712, 26, 104.315385, 4.461538, 0.006935, 0.000788, ZIC, 2005, 14, 143.271429, 5.285714, 0.000080, 0.000505, 
trial0000461, GDX, 2273, 26, 87.423077, 4.423077, 0.006540, 0.000811, ZIC, 2022, 14, 144.428571, 4.500000, 0.000049, 0.000626, 
trial0000462, GDX, 3463, 26, 133.228846, 5.423077, 0.006251, 0.001062, ZIC, 1406, 14, 100.432143, 4.357143, 0.000039, 0.000509, 
trial0000463, GDX, 2420, 26, 93.082692, 4.230769, 0.007128, 0.000942, ZIC, 2166, 14, 154.775000, 4.714286, 0.000052, 0.000570, 
trial0000464, GDX, 3075, 26, 118.276923, 4.692308, 0.006694, 0.000996, ZIC, 1634, 14, 116.771429, 4.142857, 0.000037, 0.000541, 
trial0000465, GDX, 2322, 26, 89.317308, 3.730769, 0.002182, 0.000376, ZIC, 2227, 14, 159.125000, 5.785714, 0.000051, 0.000165, 
trial0000466, GDX, 2394, 26, 92.101923, 4.269231, 0.005470, 0.000795, ZIC, 2450, 14, 175.025000, 6.785714, 0.000034, 0.000278, 
trial0000467, GDX, 2545, 26, 97.884615, 3.769231, 0.007065, 0.000878, ZIC, 1623, 14, 115.928571, 4.714286, 0.000083, 0.000401, 
trial0000468, GDX, 3497, 26, 134.500000, 5.384615, 0.007212, 0.001039, ZIC, 1550, 14, 110.714286, 4.285714, 0.000062, 0.000513, 
trial0000469, GDX, 2974, 26, 114.403846, 4.538462, 0.006085, 0.000857, ZIC, 1982, 14, 141.607143, 6.142857, 0.000059, 0.000600, 
trial0000470, GDX, 3059, 26, 117.682692, 4.230769, 0.006661, 0.001015, ZIC, 1631, 14, 116.517857, 5.571429, 0.000090, 0.000363, 
trial0000471, GDX, 2762, 26, 106.253846, 4.769231, 0.007056, 0.001071, ZIC, 2447, 14, 174.814286, 6.571429, 0.000041, 0.000484, 
trial0000472, GDX, 2347, 26, 90.292308, 3.961538, 0.006429, 0.000820, ZIC, 2212, 14, 158.028571, 4.928571, 0.000068, 0.000532, 
trial0000473, GDX, 2772, 26, 106.619231, 4.346154, 0.006576, 0.001065, ZIC, 1387, 14, 99.135714, 4.642857, 0.000047, 0.000347, 
trial0000474, GDX, 2880, 26, 110.800000, 4.653846, 0.004088, 0.000603, ZIC, 1610, 14, 115.014286, 4.214286, 0.000044, 0.000438, 
trial0000475, GDX, 3187, 26, 122.588462, 5.038462, 0.003144, 0.000330, ZIC, 1821, 14, 130.121429, 3.785714, 0.000025, 0.000154, 
trial0000476, GDX, 4224, 26, 162.461538, 6.076923, 0.007131, 0.001138, ZIC, 674, 14, 48.142857, 2.428571, 0.000067, 0.000502, 
trial0000477, GDX, 2895, 26, 111.346154, 4.576923, 0.007180, 0.001025, ZIC, 1685, 14, 120.357143, 3.500000, 0.000043, 0.000396, 
trial0000478, GDX, 2554, 26, 98.250000, 4.500000, 0.007272, 0.000812, ZIC, 1862, 14, 133.035714, 5.500000, 0.000037, 0.000520, 
trial0000479, GDX, 2106, 26, 81.036538, 4.461538, 0.006543, 0.001016, ZIC, 3167, 14, 226.217857, 6.285714, 0.000051, 0.000966, 
trial0000480, GDX, 3143, 26, 120.884615, 5.000000, 0.006232, 0.001056, ZIC, 1212, 14, 86.571429, 4.000000, 0.000087, 0.000448, 
trial0000481, GDX, 3119, 26, 119.971154, 4.923077, 0.006375, 0.000982, ZIC, 1302, 14, 93.053571, 4.857143, 0.000059, 0.000390, 
trial0000482, GDX, 3433, 26, 132.065385, 5.346154, 0.006481, 0.001212, ZIC, 1541, 14, 110.092857, 4.071429, 0.000060, 0.000561, 
trial0000483, GDX, 3157, 26, 121.444231, 5.038462, 0.007017, 0.000817, ZIC, 1021, 14, 72.960714, 3.071429, 0.000069, 0.000281, 
trial0000484, GDX, 2805, 26, 107.886538, 4.346154, 0.002364, 0.000416, ZIC, 2003, 14, 143.139286, 5.642857, 0.000038, 0.000237, 
trial0000485, GDX, 2896, 26, 111.398077, 4.923077, 0.005429, 0.000643, ZIC, 2066, 14, 147.617857, 5.000000, 0.000052, 0.000233, 
trial0000486, GDX, 2231, 26, 85.819231, 4.538462, 0.006385, 0.001150, ZIC, 3088, 14, 220.621429, 7.428571, 0.000079, 0.000597, 
trial0000487, GDX, 3144, 26, 120.953846, 4.692308, 0.006637, 0.000957, ZIC, 1785, 14, 127.514286, 6.000000, 0.000065, 0.000727, 
trial0000488, GDX, 3242, 26, 124.728846, 5.269231, 0.007155, 0.001024, ZIC, 1647, 14, 117.646429, 4.642857, 0.000060, 0.000340, 
trial0000489, GDX, 2181, 26, 83.913462, 4.346154, 0.006190, 0.000968, ZIC, 2853, 14, 203.803571, 7.357143, 0.000089, 0.000652, 
trial0000490, GDX, 2923, 26, 112.457692, 4.423077, 0.006429, 0.001006, ZIC, 1558, 14, 111.292857, 5.642857, 0.000046, 0.000408, 
trial0000491, GDX, 3223, 26, 123.973077, 4.653846, 0.007500, 0.000731, ZIC, 929, 14, 66.407143, 3.357143, 0.000016, 0.000336, 
trial0000492, GDX, 2547, 26, 97.990385, 4.153846, 0.006388, 0.000860, ZIC, 2698, 14, 192.732143, 6.285714, 0.000113, 0.000626, 
trial0000493, GDX, 2753, 26, 105.919231, 4.500000, 0.005561, 0.000740, ZIC, 2003, 14, 143.078571, 5.928571, 0.000096, 0.000430, 
trial0000494, GDX, 2855, 26, 109.842308, 4.961538, 0.002022, 0.000161, ZIC, 2097, 14, 149.792857, 6.071429, 0.000006, 0.000101, 
trial0000495, GDX, 2711, 26, 104.284615, 4.807692, 0.005610, 0.001009, ZIC, 2656, 14, 189.757143, 7.071429, 0.000098, 0.000648, 
trial0000496, GDX, 3590, 26, 138.098077, 5.000000, 0.007091, 0.001034, ZIC, 1078, 14, 77.032143, 3.142857, 0.000070, 0.000497, 
trial0000497, GDX, 2666, 26, 102.567308, 3.769231, 0.006159, 0.001126, ZIC, 1846, 14, 131.875000, 5.857143, 0.000070, 0.000611, 
trial0000498, GDX, 3492, 26, 134.309615, 5.000000, 0.007129, 0.000842, ZIC, 1103, 14, 78.853571, 4.285714, 0.000053, 0.000400, 
trial0000499, GDX, 3488, 26, 134.169231, 5.000000, 0.007016, 0.000992, ZIC, 1250, 14, 89.328571, 4.428571, 0.000092, 0.000412, 
trial0000500, GDX, 2817, 26, 108.346154, 4.653846, 0.006131, 0.001260, ZIC, 2261, 14, 161.500000, 4.928571, 0.000109, 0.000478, 
