trial0022501, 000600, GDX, 786, 6, 131.000000, ZIC, 1235, 18, 68.611111, ZIP, 566, 8, 70.750000, 134, 137, 
trial0022502, 000600, GDX, 390, 6, 65.000000, ZIC, 1428, 18, 79.333333, ZIP, 926, 8, 115.750000, 107, 151, 
trial0022503, 000600, GDX, 504, 6, 84.000000, ZIC, 1420, 18, 78.888889, ZIP, 948, 8, 118.500000, 134, 155, 
trial0022504, 000600, GDX, 589, 6, 98.166667, ZIC, 1533, 18, 85.166667, ZIP, 1112, 8, 139.000000, 118, 138, 
trial0022505, 000600, GDX, 287, 6, 47.833333, ZIC, 977, 18, 54.277778, ZIP, 976, 8, 122.000000, 132, 138, 
trial0022506, 000600, GDX, 522, 6, 87.000000, ZIC, 880, 18, 48.888889, ZIP, 1699, 8, 212.375000, 98, 124, 
trial0022507, 000600, GDX, 1068, 6, 178.000000, ZIC, 1143, 18, 63.500000, ZIP, 438, 8, 54.750000, 141, 190, 
trial0022508, 000600, GDX, 587, 6, 97.833333, ZIC, 1244, 18, 69.111111, ZIP, 1219, 8, 152.375000, 158, 160, 
trial0022509, 000600, GDX, 360, 6, 60.000000, ZIC, 1026, 18, 57.000000, ZIP, 1269, 8, 158.625000, 130, 151, 
trial0022510, 000600, GDX, 0, 6, 0.000000, ZIC, 687, 18, 38.166667, ZIP, 1817, 8, 227.125000, 131, 138, 
trial0022511, 000600, GDX, 517, 6, 86.166667, ZIC, 723, 18, 40.166667, ZIP, 1285, 8, 160.625000, 120, 154, 
trial0022512, 000600, GDX, 194, 6, 32.333333, ZIC, 1061, 18, 58.944444, ZIP, 916, 8, 114.500000, 163, 173, 
trial0022513, 000600, GDX, 571, 6, 95.166667, ZIC, 1007, 18, 55.944444, ZIP, 826, 8, 103.250000, 110, 145, 
trial0022514, 000600, GDX, 624, 6, 104.000000, ZIC, 1495, 18, 83.055556, ZIP, 890, 8, 111.250000, 155, 163, 
trial0022515, 000600, GDX, 98, 6, 16.333333, ZIC, 1037, 18, 57.611111, ZIP, 1077, 8, 134.625000, 96, 126, 
trial0022516, 000600, GDX, 1205, 6, 200.833333, ZIC, 1380, 18, 76.666667, ZIP, 935, 8, 116.875000, 130, 133, 
trial0022517, 000600, GDX, 784, 6, 130.666667, ZIC, 1066, 18, 59.222222, ZIP, 863, 8, 107.875000, 148, 167, 
trial0022518, 000600, GDX, 258, 6, 43.000000, ZIC, 1455, 18, 80.833333, ZIP, 1612, 8, 201.500000, 120, 151, 
trial0022519, 000600, GDX, 826, 6, 137.666667, ZIC, 977, 18, 54.277778, ZIP, 949, 8, 118.625000, 134, 135, 
trial0022520, 000600, GDX, 134, 6, 22.333333, ZIC, 1004, 18, 55.777778, ZIP, 626, 8, 78.250000, 134, 141, 
trial0022521, 000600, GDX, 554, 6, 92.333333, ZIC, 702, 18, 39.000000, ZIP, 587, 8, 73.375000, 134, 137, 
trial0022522, 000600, GDX, 221, 6, 36.833333, ZIC, 546, 18, 30.333333, ZIP, 815, 8, 101.875000, 164, 173, 
trial0022523, 000600, GDX, 352, 6, 58.666667, ZIC, 800, 18, 44.444444, ZIP, 961, 8, 120.125000, 136, 161, 
trial0022524, 000600, GDX, 286, 6, 47.666667, ZIC, 692, 18, 38.444444, ZIP, 1086, 8, 135.750000, 123, 158, 
trial0022525, 000600, GDX, 71, 6, 11.833333, ZIC, 741, 18, 41.166667, ZIP, 1017, 8, 127.125000, 134, 140, 
trial0022526, 000600, GDX, 464, 6, 77.333333, ZIC, 429, 18, 23.833333, ZIP, 980, 8, 122.500000, 151, 209, 
trial0022527, 000600, GDX, 328, 6, 54.666667, ZIC, 724, 18, 40.222222, ZIP, 302, 8, 37.750000, 148, 177, 
trial0022528, 000600, GDX, 343, 6, 57.166667, ZIC, 419, 18, 23.277778, ZIP, 874, 8, 109.250000, 138, 201, 
trial0022529, 000600, GDX, 133, 6, 22.166667, ZIC, 652, 18, 36.222222, ZIP, 642, 8, 80.250000, 178, 188, 
trial0022530, 000600, GDX, 472, 6, 78.666667, ZIC, 184, 18, 10.222222, ZIP, 941, 8, 117.625000, 156, 172, 
trial0022531, 000600, GDX, 186, 6, 31.000000, ZIC, 786, 18, 43.666667, ZIP, 609, 8, 76.125000, 149, 159, 
trial0022532, 000600, GDX, 575, 6, 95.833333, ZIC, 581, 18, 32.277778, ZIP, 577, 8, 72.125000, 173, 188, 
trial0022533, 000600, GDX, 96, 6, 16.000000, ZIC, 793, 18, 44.055556, ZIP, 597, 8, 74.625000, 195, 197, 
trial0022534, 000600, GDX, 337, 6, 56.166667, ZIC, 462, 18, 25.666667, ZIP, 602, 8, 75.250000, 116, 122, 
trial0022535, 000600, GDX, 473, 6, 78.833333, ZIC, 812, 18, 45.111111, ZIP, 304, 8, 38.000000, 144, 151, 
trial0022536, 000600, GDX, 220, 6, 36.666667, ZIC, 848, 18, 47.111111, ZIP, 146, 8, 18.250000, 146, 151, 
trial0022537, 000600, GDX, 376, 6, 62.666667, ZIC, 450, 18, 25.000000, ZIP, 771, 8, 96.375000, 142, 175, 
trial0022538, 000600, GDX, 439, 6, 73.166667, ZIC, 646, 18, 35.888889, ZIP, 855, 8, 106.875000, 128, 134, 
trial0022539, 000600, GDX, 237, 6, 39.500000, ZIC, 780, 18, 43.333333, ZIP, 582, 8, 72.750000, 143, 169, 
trial0022540, 000600, GDX, 433, 6, 72.166667, ZIC, 677, 18, 37.611111, ZIP, 784, 8, 98.000000, 167, 177, 
trial0022541, 000600, GDX, 218, 6, 36.333333, ZIC, 145, 18, 8.055556, ZIP, 751, 8, 93.875000, 166, 180, 
trial0022542, 000600, GDX, 398, 6, 66.333333, ZIC, 522, 18, 29.000000, ZIP, 115, 8, 14.375000, 157, 184, 
trial0022543, 000600, GDX, 117, 6, 19.500000, ZIC, 377, 18, 20.944444, ZIP, 461, 8, 57.625000, 114, 143, 
trial0022544, 000600, GDX, 140, 6, 23.333333, ZIC, 268, 18, 14.888889, ZIP, 542, 8, 67.750000, 148, 156, 
trial0022545, 000600, GDX, 280, 6, 46.666667, ZIC, 496, 18, 27.555556, ZIP, 739, 8, 92.375000, 164, 182, 
trial0022546, 000600, GDX, 330, 6, 55.000000, ZIC, 357, 18, 19.833333, ZIP, 702, 8, 87.750000, 154, 157, 
trial0022547, 000600, GDX, 421, 6, 70.166667, ZIC, 286, 18, 15.888889, ZIP, 881, 8, 110.125000, 175, 183, 
trial0022548, 000600, GDX, 399, 6, 66.500000, ZIC, 320, 18, 17.777778, ZIP, 318, 8, 39.750000, 165, 175, 
trial0022549, 000600, GDX, 278, 6, 46.333333, ZIC, 440, 18, 24.444444, ZIP, 262, 8, 32.750000, 166, 184, 
trial0022550, 000600, GDX, 159, 6, 26.500000, ZIC, 458, 18, 25.444444, ZIP, 515, 8, 64.375000, 164, 169, 
trial0022551, 000600, GDX, 128, 6, 21.333333, ZIC, 606, 18, 33.666667, ZIP, 1002, 8, 125.250000, 140, 173, 
trial0022552, 000600, GDX, 337, 6, 56.166667, ZIC, 611, 18, 33.944444, ZIP, 715, 8, 89.375000, 111, 152, 
trial0022553, 000600, GDX, 108, 6, 18.000000, ZIC, 661, 18, 36.722222, ZIP, 510, 8, 63.750000, 151, 159, 
trial0022554, 000600, GDX, 50, 6, 8.333333, ZIC, 525, 18, 29.166667, ZIP, 381, 8, 47.625000, 141, 147, 
trial0022555, 000600, GDX, 328, 6, 54.666667, ZIC, 151, 18, 8.388889, ZIP, 431, 8, 53.875000, 146, 155, 
trial0022556, 000600, GDX, 403, 6, 67.166667, ZIC, 310, 18, 17.222222, ZIP, 454, 8, 56.750000, 146, 154, 
trial0022557, 000600, GDX, 127, 6, 21.166667, ZIC, 455, 18, 25.277778, ZIP, 927, 8, 115.875000, 122, 134, 
trial0022558, 000600, GDX, 384, 6, 64.000000, ZIC, 551, 18, 30.611111, ZIP, 558, 8, 69.750000, 130, 152, 
trial0022559, 000600, GDX, 404, 6, 67.333333, ZIC, 425, 18, 23.611111, ZIP, 193, 8, 24.125000, 180, 186, 
trial0022560, 000600, GDX, 91, 6, 15.166667, ZIC, 522, 18, 29.000000, ZIP, 599, 8, 74.875000, 120, 146, 
trial0022561, 000600, GDX, 379, 6, 63.166667, ZIC, 1167, 18, 64.833333, ZIP, 776, 8, 97.000000, 130, 141, 
trial0022562, 000600, GDX, 26, 6, 4.333333, ZIC, 1045, 18, 58.055556, ZIP, 901, 8, 112.625000, 180, 200, 
trial0022563, 000600, GDX, 954, 6, 159.000000, ZIC, 611, 18, 33.944444, ZIP, 1103, 8, 137.875000, 142, 150, 
trial0022564, 000600, GDX, 1207, 6, 201.166667, ZIC, 536, 18, 29.777778, ZIP, 784, 8, 98.000000, 184, 196, 
trial0022565, 000600, GDX, 521, 6, 86.833333, ZIC, 945, 18, 52.500000, ZIP, 819, 8, 102.375000, 148, 162, 
trial0022566, 000600, GDX, 814, 6, 135.666667, ZIC, 801, 18, 44.500000, ZIP, 140, 8, 17.500000, 134, 135, 
trial0022567, 000600, GDX, 250, 6, 41.666667, ZIC, 1516, 18, 84.222222, ZIP, 282, 8, 35.250000, 162, 166, 
trial0022568, 000600, GDX, 428, 6, 71.333333, ZIC, 834, 18, 46.333333, ZIP, 1137, 8, 142.125000, 149, 156, 
trial0022569, 000600, GDX, 519, 6, 86.500000, ZIC, 823, 18, 45.722222, ZIP, 1001, 8, 125.125000, 167, 173, 
trial0022570, 000600, GDX, 218, 6, 36.333333, ZIC, 1122, 18, 62.333333, ZIP, 732, 8, 91.500000, 188, 192, 
trial0022571, 000600, GDX, 220, 6, 36.666667, ZIC, 1189, 18, 66.055556, ZIP, 636, 8, 79.500000, 138, 169, 
trial0022572, 000600, GDX, 144, 6, 24.000000, ZIC, 1133, 18, 62.944444, ZIP, 830, 8, 103.750000, 150, 188, 
trial0022573, 000600, GDX, 416, 6, 69.333333, ZIC, 988, 18, 54.888889, ZIP, 844, 8, 105.500000, 150, 168, 
trial0022574, 000600, GDX, 837, 6, 139.500000, ZIC, 1093, 18, 60.722222, ZIP, 409, 8, 51.125000, 140, 154, 
trial0022575, 000600, GDX, 532, 6, 88.666667, ZIC, 1022, 18, 56.777778, ZIP, 726, 8, 90.750000, 132, 163, 
trial0022576, 000600, GDX, 586, 6, 97.666667, ZIC, 808, 18, 44.888889, ZIP, 1418, 8, 177.250000, 138, 150, 
trial0022577, 000600, GDX, 419, 6, 69.833333, ZIC, 828, 18, 46.000000, ZIP, 973, 8, 121.625000, 151, 170, 
trial0022578, 000600, GDX, 342, 6, 57.000000, ZIC, 1600, 18, 88.888889, ZIP, 394, 8, 49.250000, 134, 157, 
trial0022579, 000600, GDX, 505, 6, 84.166667, ZIC, 913, 18, 50.722222, ZIP, 743, 8, 92.875000, 168, 169, 
trial0022580, 000600, GDX, 487, 6, 81.166667, ZIC, 1251, 18, 69.500000, ZIP, 788, 8, 98.500000, 165, 167, 
trial0022581, 000600, GDX, 76, 6, 12.666667, ZIC, 454, 18, 25.222222, ZIP, 635, 8, 79.375000, 130, 146, 
trial0022582, 000600, GDX, 428, 6, 71.333333, ZIC, 317, 18, 17.611111, ZIP, 614, 8, 76.750000, 187, 191, 
trial0022583, 000600, GDX, 326, 6, 54.333333, ZIC, 345, 18, 19.166667, ZIP, 247, 8, 30.875000, 144, 150, 
trial0022584, 000600, GDX, 12, 6, 2.000000, ZIC, 623, 18, 34.611111, ZIP, 646, 8, 80.750000, 139, 148, 
trial0022585, 000600, GDX, 403, 6, 67.166667, ZIC, 378, 18, 21.000000, ZIP, 338, 8, 42.250000, 148, 169, 
trial0022586, 000600, GDX, 156, 6, 26.000000, ZIC, 527, 18, 29.277778, ZIP, 679, 8, 84.875000, 132, 147, 
trial0022587, 000600, GDX, 336, 6, 56.000000, ZIC, 321, 18, 17.833333, ZIP, 257, 8, 32.125000, 145, 174, 
trial0022588, 000600, GDX, 85, 6, 14.166667, ZIC, 680, 18, 37.777778, ZIP, 601, 8, 75.125000, 149, 176, 
trial0022589, 000600, GDX, 112, 6, 18.666667, ZIC, 552, 18, 30.666667, ZIP, 517, 8, 64.625000, 168, 190, 
trial0022590, 000600, GDX, 54, 6, 9.000000, ZIC, 415, 18, 23.055556, ZIP, 527, 8, 65.875000, 153, 161, 
trial0022591, 000600, GDX, 235, 6, 39.166667, ZIC, 491, 18, 27.277778, ZIP, 230, 8, 28.750000, 171, 178, 
trial0022592, 000600, GDX, 370, 6, 61.666667, ZIC, 447, 18, 24.833333, ZIP, 419, 8, 52.375000, 144, 170, 
trial0022593, 000600, GDX, 395, 6, 65.833333, ZIC, 438, 18, 24.333333, ZIP, 248, 8, 31.000000, 136, 144, 
trial0022594, 000600, GDX, 196, 6, 32.666667, ZIC, 357, 18, 19.833333, ZIP, 509, 8, 63.625000, 134, 169, 
trial0022595, 000600, GDX, 284, 6, 47.333333, ZIC, 382, 18, 21.222222, ZIP, 362, 8, 45.250000, 134, 141, 
trial0022596, 000600, GDX, 104, 6, 17.333333, ZIC, 410, 18, 22.777778, ZIP, 516, 8, 64.500000, 141, 164, 
trial0022597, 000600, GDX, 199, 6, 33.166667, ZIC, 418, 18, 23.222222, ZIP, 549, 8, 68.625000, 175, 188, 
trial0022598, 000600, GDX, 101, 6, 16.833333, ZIC, 275, 18, 15.277778, ZIP, 822, 8, 102.750000, 148, 166, 
trial0022599, 000600, GDX, 122, 6, 20.333333, ZIC, 462, 18, 25.666667, ZIP, 157, 8, 19.625000, 184, 209, 
trial0022600, 000600, GDX, 373, 6, 62.166667, ZIC, 293, 18, 16.277778, ZIP, 1083, 8, 135.375000, 153, 183, 
trial0022601, 000600, GDX, 51, 6, 8.500000, ZIC, 206, 18, 11.444444, ZIP, 166, 8, 20.750000, 131, 133, 
trial0022602, 000600, GDX, 183, 6, 30.500000, ZIC, 183, 18, 10.166667, ZIP, 181, 8, 22.625000, 96, 128, 
trial0022603, 000600, GDX, 140, 6, 23.333333, ZIC, 189, 18, 10.500000, ZIP, 156, 8, 19.500000, 120, 127, 
trial0022604, 000600, GDX, 139, 6, 23.166667, ZIC, 168, 18, 9.333333, ZIP, 105, 8, 13.125000, 121, 123, 
trial0022605, 000600, GDX, 188, 6, 31.333333, ZIC, 112, 18, 6.222222, ZIP, 183, 8, 22.875000, 109, 111, 
trial0022606, 000600, GDX, 143, 6, 23.833333, ZIC, 180, 18, 10.000000, ZIP, 389, 8, 48.625000, 104, 119, 
trial0022607, 000600, GDX, 331, 6, 55.166667, ZIC, 117, 18, 6.500000, ZIP, 326, 8, 40.750000, 126, 143, 
trial0022608, 000600, GDX, 152, 6, 25.333333, ZIC, 133, 18, 7.388889, ZIP, 440, 8, 55.000000, 107, 144, 
trial0022609, 000600, GDX, 148, 6, 24.666667, ZIC, 355, 18, 19.722222, ZIP, 258, 8, 32.250000, 144, 152, 
trial0022610, 000600, GDX, 69, 6, 11.500000, ZIC, 78, 18, 4.333333, ZIP, 225, 8, 28.125000, 120, 135, 
trial0022611, 000600, GDX, 82, 6, 13.666667, ZIC, 297, 18, 16.500000, ZIP, 174, 8, 21.750000, 138, 147, 
trial0022612, 000600, GDX, 85, 6, 14.166667, ZIC, 119, 18, 6.611111, ZIP, 197, 8, 24.625000, 102, 124, 
trial0022613, 000600, GDX, 111, 6, 18.500000, ZIC, 268, 18, 14.888889, ZIP, 197, 8, 24.625000, 126, 137, 
trial0022614, 000600, GDX, 76, 6, 12.666667, ZIC, 177, 18, 9.833333, ZIP, 294, 8, 36.750000, 103, 115, 
trial0022615, 000600, GDX, 27, 6, 4.500000, ZIC, 158, 18, 8.777778, ZIP, 118, 8, 14.750000, 136, 139, 
trial0022616, 000600, GDX, 150, 6, 25.000000, ZIC, 137, 18, 7.611111, ZIP, 235, 8, 29.375000, 127, 134, 
trial0022617, 000600, GDX, 24, 6, 4.000000, ZIC, 287, 18, 15.944444, ZIP, 308, 8, 38.500000, 123, 131, 
trial0022618, 000600, GDX, 195, 6, 32.500000, ZIC, 191, 18, 10.611111, ZIP, 136, 8, 17.000000, 106, 110, 
trial0022619, 000600, GDX, 119, 6, 19.833333, ZIC, 148, 18, 8.222222, ZIP, 385, 8, 48.125000, 132, 156, 
trial0022620, 000600, GDX, 41, 6, 6.833333, ZIC, 205, 18, 11.388889, ZIP, 165, 8, 20.625000, 146, 150, 
trial0022621, 000600, GDX, 55, 6, 9.166667, ZIC, 366, 18, 20.333333, ZIP, 469, 8, 58.625000, 131, 147, 
trial0022622, 000600, GDX, 170, 6, 28.333333, ZIC, 292, 18, 16.222222, ZIP, 164, 8, 20.500000, 122, 129, 
trial0022623, 000600, GDX, 121, 6, 20.166667, ZIC, 125, 18, 6.944444, ZIP, 660, 8, 82.500000, 128, 139, 
trial0022624, 000600, GDX, 232, 6, 38.666667, ZIC, 179, 18, 9.944444, ZIP, 326, 8, 40.750000, 123, 124, 
trial0022625, 000600, GDX, 147, 6, 24.500000, ZIC, 213, 18, 11.833333, ZIP, 343, 8, 42.875000, 109, 136, 
trial0022626, 000600, GDX, 167, 6, 27.833333, ZIC, 280, 18, 15.555556, ZIP, 384, 8, 48.000000, 93, 102, 
trial0022627, 000600, GDX, 72, 6, 12.000000, ZIC, 190, 18, 10.555556, ZIP, 105, 8, 13.125000, 110, 124, 
trial0022628, 000600, GDX, 122, 6, 20.333333, ZIC, 170, 18, 9.444444, ZIP, 458, 8, 57.250000, 102, 118, 
trial0022629, 000600, GDX, 68, 6, 11.333333, ZIC, 416, 18, 23.111111, ZIP, 283, 8, 35.375000, 105, 109, 
trial0022630, 000600, GDX, 105, 6, 17.500000, ZIC, 146, 18, 8.111111, ZIP, 282, 8, 35.250000, 135, 137, 
trial0022631, 000600, GDX, 178, 6, 29.666667, ZIC, 254, 18, 14.111111, ZIP, 192, 8, 24.000000, 106, 117, 
trial0022632, 000600, GDX, 178, 6, 29.666667, ZIC, 209, 18, 11.611111, ZIP, 527, 8, 65.875000, 106, 114, 
trial0022633, 000600, GDX, 26, 6, 4.333333, ZIC, 283, 18, 15.722222, ZIP, 247, 8, 30.875000, 96, 113, 
trial0022634, 000600, GDX, 85, 6, 14.166667, ZIC, 593, 18, 32.944444, ZIP, 265, 8, 33.125000, 151, 154, 
trial0022635, 000600, GDX, 102, 6, 17.000000, ZIC, 275, 18, 15.277778, ZIP, 295, 8, 36.875000, 98, 119, 
trial0022636, 000600, GDX, 114, 6, 19.000000, ZIC, 251, 18, 13.944444, ZIP, 457, 8, 57.125000, 117, 128, 
trial0022637, 000600, GDX, 83, 6, 13.833333, ZIC, 375, 18, 20.833333, ZIP, 224, 8, 28.000000, 129, 142, 
trial0022638, 000600, GDX, 149, 6, 24.833333, ZIC, 248, 18, 13.777778, ZIP, 113, 8, 14.125000, 102, 110, 
trial0022639, 000600, GDX, 97, 6, 16.166667, ZIC, 151, 18, 8.388889, ZIP, 398, 8, 49.750000, 107, 115, 
trial0022640, 000600, GDX, 172, 6, 28.666667, ZIC, 175, 18, 9.722222, ZIP, 56, 8, 7.000000, 102, 113, 
trial0022641, 000600, GDX, 324, 6, 54.000000, ZIC, 1308, 18, 72.666667, ZIP, 1797, 8, 224.625000, 112, 114, 
trial0022642, 000600, GDX, 1070, 6, 178.333333, ZIC, 1997, 18, 110.944444, ZIP, 732, 8, 91.500000, 104, 125, 
trial0022643, 000600, GDX, 408, 6, 68.000000, ZIC, 1794, 18, 99.666667, ZIP, 1041, 8, 130.125000, 134, 158, 
trial0022644, 000600, GDX, 1256, 6, 209.333333, ZIC, 1718, 18, 95.444444, ZIP, 1572, 8, 196.500000, 105, 132, 
trial0022645, 000600, GDX, 1403, 6, 233.833333, ZIC, 2079, 18, 115.500000, ZIP, 326, 8, 40.750000, 117, 132, 
trial0022646, 000600, GDX, 1870, 6, 311.666667, ZIC, 1167, 18, 64.833333, ZIP, 1272, 8, 159.000000, 100, 114, 
trial0022647, 000600, GDX, 1453, 6, 242.166667, ZIC, 2298, 18, 127.666667, ZIP, 1748, 8, 218.500000, 111, 125, 
trial0022648, 000600, GDX, 995, 6, 165.833333, ZIC, 1587, 18, 88.166667, ZIP, 1168, 8, 146.000000, 141, 166, 
trial0022649, 000600, GDX, 732, 6, 122.000000, ZIC, 1887, 18, 104.833333, ZIP, 1030, 8, 128.750000, 137, 138, 
trial0022650, 000600, GDX, 1084, 6, 180.666667, ZIC, 2770, 18, 153.888889, ZIP, 690, 8, 86.250000, 133, 158, 
trial0022651, 000600, GDX, 1139, 6, 189.833333, ZIC, 1415, 18, 78.611111, ZIP, 1197, 8, 149.625000, 132, 162, 
trial0022652, 000600, GDX, 1516, 6, 252.666667, ZIC, 2134, 18, 118.555556, ZIP, 1693, 8, 211.625000, 131, 155, 
trial0022653, 000600, GDX, 578, 6, 96.333333, ZIC, 2068, 18, 114.888889, ZIP, 1429, 8, 178.625000, 116, 142, 
trial0022654, 000600, GDX, 440, 6, 73.333333, ZIC, 1554, 18, 86.333333, ZIP, 1347, 8, 168.375000, 114, 134, 
trial0022655, 000600, GDX, 1022, 6, 170.333333, ZIC, 1801, 18, 100.055556, ZIP, 955, 8, 119.375000, 151, 162, 
trial0022656, 000600, GDX, 1813, 6, 302.166667, ZIC, 2077, 18, 115.388889, ZIP, 1282, 8, 160.250000, 113, 149, 
trial0022657, 000600, GDX, 1676, 6, 279.333333, ZIC, 1431, 18, 79.500000, ZIP, 1300, 8, 162.500000, 134, 159, 
trial0022658, 000600, GDX, 923, 6, 153.833333, ZIC, 2038, 18, 113.222222, ZIP, 1450, 8, 181.250000, 146, 160, 
trial0022659, 000600, GDX, 1599, 6, 266.500000, ZIC, 1745, 18, 96.944444, ZIP, 1056, 8, 132.000000, 94, 125, 
trial0022660, 000600, GDX, 314, 6, 52.333333, ZIC, 2766, 18, 153.666667, ZIP, 968, 8, 121.000000, 118, 162, 
trial0022661, 000600, GDX, 406, 6, 67.666667, ZIC, 778, 18, 43.222222, ZIP, 332, 8, 41.500000, 120, 134, 
trial0022662, 000600, GDX, 1592, 6, 265.333333, ZIC, 1734, 18, 96.333333, ZIP, 460, 8, 57.500000, 143, 158, 
trial0022663, 000600, GDX, 1026, 6, 171.000000, ZIC, 2606, 18, 144.777778, ZIP, 250, 8, 31.250000, 133, 140, 
trial0022664, 000600, GDX, 1480, 6, 246.666667, ZIC, 2178, 18, 121.000000, ZIP, 528, 8, 66.000000, 142, 151, 
trial0022665, 000600, GDX, 1083, 6, 180.500000, ZIC, 2616, 18, 145.333333, ZIP, 312, 8, 39.000000, 134, 147, 
trial0022666, 000600, GDX, 776, 6, 129.333333, ZIC, 1567, 18, 87.055556, ZIP, 1562, 8, 195.250000, 129, 141, 
trial0022667, 000600, GDX, 969, 6, 161.500000, ZIC, 2235, 18, 124.166667, ZIP, 1696, 8, 212.000000, 116, 142, 
trial0022668, 000600, GDX, 1318, 6, 219.666667, ZIC, 2352, 18, 130.666667, ZIP, 740, 8, 92.500000, 139, 159, 
trial0022669, 000600, GDX, 400, 6, 66.666667, ZIC, 2300, 18, 127.777778, ZIP, 1331, 8, 166.375000, 123, 130, 
trial0022670, 000600, GDX, 1572, 6, 262.000000, ZIC, 1559, 18, 86.611111, ZIP, 1128, 8, 141.000000, 121, 157, 
trial0022671, 000600, GDX, 2180, 6, 363.333333, ZIC, 896, 18, 49.777778, ZIP, 1611, 8, 201.375000, 127, 139, 
trial0022672, 000600, GDX, 1762, 6, 293.666667, ZIC, 1524, 18, 84.666667, ZIP, 804, 8, 100.500000, 112, 126, 
trial0022673, 000600, GDX, 1069, 6, 178.166667, ZIC, 2194, 18, 121.888889, ZIP, 1396, 8, 174.500000, 98, 145, 
trial0022674, 000600, GDX, 944, 6, 157.333333, ZIC, 2236, 18, 124.222222, ZIP, 882, 8, 110.250000, 167, 170, 
trial0022675, 000600, GDX, 287, 6, 47.833333, ZIC, 1349, 18, 74.944444, ZIP, 1978, 8, 247.250000, 129, 142, 
trial0022676, 000600, GDX, 446, 6, 74.333333, ZIC, 2417, 18, 134.277778, ZIP, 1501, 8, 187.625000, 129, 166, 
trial0022677, 000600, GDX, 372, 6, 62.000000, ZIC, 726, 18, 40.333333, ZIP, 468, 8, 58.500000, 123, 142, 
trial0022678, 000600, GDX, 373, 6, 62.166667, ZIC, 674, 18, 37.444444, ZIP, 569, 8, 71.125000, 136, 146, 
trial0022679, 000600, GDX, 303, 6, 50.500000, ZIC, 777, 18, 43.166667, ZIP, 854, 8, 106.750000, 107, 126, 
trial0022680, 000600, GDX, 543, 6, 90.500000, ZIC, 814, 18, 45.222222, ZIP, 236, 8, 29.500000, 105, 129, 
trial0022681, 000600, GDX, 299, 6, 49.833333, ZIC, 1027, 18, 57.055556, ZIP, 846, 8, 105.750000, 95, 104, 
trial0022682, 000600, GDX, 680, 6, 113.333333, ZIC, 756, 18, 42.000000, ZIP, 654, 8, 81.750000, 70, 71, 
trial0022683, 000600, GDX, 584, 6, 97.333333, ZIC, 1315, 18, 73.055556, ZIP, 177, 8, 22.125000, 76, 88, 
trial0022684, 000600, GDX, 20, 6, 3.333333, ZIC, 998, 18, 55.444444, ZIP, 835, 8, 104.375000, 94, 123, 
trial0022685, 000600, GDX, 229, 6, 38.166667, ZIC, 970, 18, 53.888889, ZIP, 956, 8, 119.500000, 72, 80, 
trial0022686, 000600, GDX, 805, 6, 134.166667, ZIC, 638, 18, 35.444444, ZIP, 783, 8, 97.875000, 70, 80, 
trial0022687, 000600, GDX, 135, 6, 22.500000, ZIC, 918, 18, 51.000000, ZIP, 792, 8, 99.000000, 64, 81, 
trial0022688, 000600, GDX, 567, 6, 94.500000, ZIC, 655, 18, 36.388889, ZIP, 884, 8, 110.500000, 105, 124, 
trial0022689, 000600, GDX, 591, 6, 98.500000, ZIC, 696, 18, 38.666667, ZIP, 911, 8, 113.875000, 87, 99, 
trial0022690, 000600, GDX, 914, 6, 152.333333, ZIC, 697, 18, 38.722222, ZIP, 661, 8, 82.625000, 74, 92, 
trial0022691, 000600, GDX, 489, 6, 81.500000, ZIC, 751, 18, 41.722222, ZIP, 1081, 8, 135.125000, 112, 137, 
trial0022692, 000600, GDX, 394, 6, 65.666667, ZIC, 1483, 18, 82.388889, ZIP, 362, 8, 45.250000, 95, 126, 
trial0022693, 000600, GDX, 707, 6, 117.833333, ZIC, 506, 18, 28.111111, ZIP, 1154, 8, 144.250000, 82, 92, 
trial0022694, 000600, GDX, 733, 6, 122.166667, ZIC, 658, 18, 36.555556, ZIP, 764, 8, 95.500000, 111, 118, 
trial0022695, 000600, GDX, 818, 6, 136.333333, ZIC, 663, 18, 36.833333, ZIP, 975, 8, 121.875000, 71, 79, 
trial0022696, 000600, GDX, 272, 6, 45.333333, ZIC, 605, 18, 33.611111, ZIP, 497, 8, 62.125000, 75, 89, 
trial0022697, 000600, GDX, 147, 6, 24.500000, ZIC, 951, 18, 52.833333, ZIP, 751, 8, 93.875000, 76, 84, 
trial0022698, 000600, GDX, 77, 6, 12.833333, ZIC, 614, 18, 34.111111, ZIP, 720, 8, 90.000000, 100, 106, 
trial0022699, 000600, GDX, 438, 6, 73.000000, ZIC, 574, 18, 31.888889, ZIP, 945, 8, 118.125000, 115, 135, 
trial0022700, 000600, GDX, 372, 6, 62.000000, ZIC, 905, 18, 50.277778, ZIP, 1497, 8, 187.125000, 31, 96, 
trial0022701, 000600, GDX, 22, 6, 3.666667, ZIC, 1316, 18, 73.111111, ZIP, 969, 8, 121.125000, 145, 159, 
trial0022702, 000600, GDX, 597, 6, 99.500000, ZIC, 693, 18, 38.500000, ZIP, 1273, 8, 159.125000, 115, 132, 
trial0022703, 000600, GDX, 922, 6, 153.666667, ZIC, 1349, 18, 74.944444, ZIP, 314, 8, 39.250000, 113, 151, 
trial0022704, 000600, GDX, 155, 6, 25.833333, ZIC, 1043, 18, 57.944444, ZIP, 943, 8, 117.875000, 150, 160, 
trial0022705, 000600, GDX, 696, 6, 116.000000, ZIC, 1454, 18, 80.777778, ZIP, 407, 8, 50.875000, 124, 135, 
trial0022706, 000600, GDX, 880, 6, 146.666667, ZIC, 1259, 18, 69.944444, ZIP, 1040, 8, 130.000000, 116, 137, 
trial0022707, 000600, GDX, 769, 6, 128.166667, ZIC, 1061, 18, 58.944444, ZIP, 495, 8, 61.875000, 150, 165, 
trial0022708, 000600, GDX, 1193, 6, 198.833333, ZIC, 1367, 18, 75.944444, ZIP, 614, 8, 76.750000, 148, 158, 
trial0022709, 000600, GDX, 1267, 6, 211.166667, ZIC, 1261, 18, 70.055556, ZIP, 521, 8, 65.125000, 169, 186, 
trial0022710, 000600, GDX, 612, 6, 102.000000, ZIC, 1004, 18, 55.777778, ZIP, 918, 8, 114.750000, 140, 166, 
trial0022711, 000600, GDX, 1072, 6, 178.666667, ZIC, 1750, 18, 97.222222, ZIP, 244, 8, 30.500000, 136, 138, 
trial0022712, 000600, GDX, 335, 6, 55.833333, ZIC, 1604, 18, 89.111111, ZIP, 1485, 8, 185.625000, 139, 140, 
trial0022713, 000600, GDX, 681, 6, 113.500000, ZIC, 554, 18, 30.777778, ZIP, 889, 8, 111.125000, 119, 143, 
trial0022714, 000600, GDX, 427, 6, 71.166667, ZIC, 1374, 18, 76.333333, ZIP, 901, 8, 112.625000, 131, 172, 
trial0022715, 000600, GDX, 481, 6, 80.166667, ZIC, 1351, 18, 75.055556, ZIP, 1147, 8, 143.375000, 157, 161, 
trial0022716, 000600, GDX, 1219, 6, 203.166667, ZIC, 430, 18, 23.888889, ZIP, 1352, 8, 169.000000, 120, 126, 
trial0022717, 000600, GDX, 149, 6, 24.833333, ZIC, 1578, 18, 87.666667, ZIP, 993, 8, 124.125000, 175, 181, 
trial0022718, 000600, GDX, 352, 6, 58.666667, ZIC, 1245, 18, 69.166667, ZIP, 712, 8, 89.000000, 117, 165, 
trial0022719, 000600, GDX, 837, 6, 139.500000, ZIC, 1015, 18, 56.388889, ZIP, 1237, 8, 154.625000, 161, 167, 
trial0022720, 000600, GDX, 737, 6, 122.833333, ZIC, 1143, 18, 63.500000, ZIP, 749, 8, 93.625000, 115, 131, 
trial0022721, 000600, GDX, 202, 6, 33.666667, ZIC, 296, 18, 16.444444, ZIP, 400, 8, 50.000000, 126, 130, 
trial0022722, 000600, GDX, 171, 6, 28.500000, ZIC, 213, 18, 11.833333, ZIP, 290, 8, 36.250000, 90, 100, 
trial0022723, 000600, GDX, 35, 6, 5.833333, ZIC, 378, 18, 21.000000, ZIP, 556, 8, 69.500000, 116, 136, 
trial0022724, 000600, GDX, 271, 6, 45.166667, ZIC, 312, 18, 17.333333, ZIP, 228, 8, 28.500000, 101, 110, 
trial0022725, 000600, GDX, 100, 6, 16.666667, ZIC, 224, 18, 12.444444, ZIP, 666, 8, 83.250000, 102, 149, 
trial0022726, 000600, GDX, 130, 6, 21.666667, ZIC, 345, 18, 19.166667, ZIP, 485, 8, 60.625000, 118, 130, 
trial0022727, 000600, GDX, 274, 6, 45.666667, ZIC, 194, 18, 10.777778, ZIP, 670, 8, 83.750000, 98, 105, 
trial0022728, 000600, GDX, 170, 6, 28.333333, ZIC, 455, 18, 25.277778, ZIP, 309, 8, 38.625000, 119, 122, 
trial0022729, 000600, GDX, 128, 6, 21.333333, ZIC, 248, 18, 13.777778, ZIP, 465, 8, 58.125000, 148, 159, 
trial0022730, 000600, GDX, 308, 6, 51.333333, ZIC, 175, 18, 9.722222, ZIP, 250, 8, 31.250000, 102, 113, 
trial0022731, 000600, GDX, 228, 6, 38.000000, ZIC, 257, 18, 14.277778, ZIP, 475, 8, 59.375000, 115, 123, 
trial0022732, 000600, GDX, 252, 6, 42.000000, ZIC, 176, 18, 9.777778, ZIP, 426, 8, 53.250000, 117, 132, 
trial0022733, 000600, GDX, 192, 6, 32.000000, ZIC, 638, 18, 35.444444, ZIP, 235, 8, 29.375000, 132, 140, 
trial0022734, 000600, GDX, 195, 6, 32.500000, ZIC, 372, 18, 20.666667, ZIP, 256, 8, 32.000000, 87, 104, 
trial0022735, 000600, GDX, 206, 6, 34.333333, ZIC, 293, 18, 16.277778, ZIP, 362, 8, 45.250000, 90, 100, 
trial0022736, 000600, GDX, 108, 6, 18.000000, ZIC, 244, 18, 13.555556, ZIP, 320, 8, 40.000000, 120, 129, 
trial0022737, 000600, GDX, 191, 6, 31.833333, ZIC, 287, 18, 15.944444, ZIP, 346, 8, 43.250000, 96, 107, 
trial0022738, 000600, GDX, 176, 6, 29.333333, ZIC, 235, 18, 13.055556, ZIP, 513, 8, 64.125000, 128, 133, 
trial0022739, 000600, GDX, 185, 6, 30.833333, ZIC, 253, 18, 14.055556, ZIP, 264, 8, 33.000000, 129, 150, 
trial0022740, 000600, GDX, 198, 6, 33.000000, ZIC, 373, 18, 20.722222, ZIP, 234, 8, 29.250000, 108, 134, 
trial0022741, 000600, GDX, 212, 6, 35.333333, ZIC, 706, 18, 39.222222, ZIP, 953, 8, 119.125000, 135, 147, 
trial0022742, 000600, GDX, 520, 6, 86.666667, ZIC, 211, 18, 11.722222, ZIP, 547, 8, 68.375000, 104, 114, 
trial0022743, 000600, GDX, 419, 6, 69.833333, ZIC, 600, 18, 33.333333, ZIP, 1574, 8, 196.750000, 120, 162, 
trial0022744, 000600, GDX, 316, 6, 52.666667, ZIC, 476, 18, 26.444444, ZIP, 592, 8, 74.000000, 106, 114, 
trial0022745, 000600, GDX, 405, 6, 67.500000, ZIC, 534, 18, 29.666667, ZIP, 507, 8, 63.375000, 104, 109, 
trial0022746, 000600, GDX, 255, 6, 42.500000, ZIC, 616, 18, 34.222222, ZIP, 393, 8, 49.125000, 109, 130, 
trial0022747, 000600, GDX, 99, 6, 16.500000, ZIC, 493, 18, 27.388889, ZIP, 652, 8, 81.500000, 110, 137, 
trial0022748, 000600, GDX, 298, 6, 49.666667, ZIC, 823, 18, 45.722222, ZIP, 662, 8, 82.750000, 127, 143, 
trial0022749, 000600, GDX, 269, 6, 44.833333, ZIC, 541, 18, 30.055556, ZIP, 258, 8, 32.250000, 108, 115, 
trial0022750, 000600, GDX, 271, 6, 45.166667, ZIC, 1139, 18, 63.277778, ZIP, 139, 8, 17.375000, 121, 131, 
trial0022751, 000600, GDX, 287, 6, 47.833333, ZIC, 568, 18, 31.555556, ZIP, 648, 8, 81.000000, 106, 130, 
trial0022752, 000600, GDX, 144, 6, 24.000000, ZIC, 741, 18, 41.166667, ZIP, 497, 8, 62.125000, 92, 95, 
trial0022753, 000600, GDX, 406, 6, 67.666667, ZIC, 665, 18, 36.944444, ZIP, 593, 8, 74.125000, 102, 129, 
trial0022754, 000600, GDX, 78, 6, 13.000000, ZIC, 766, 18, 42.555556, ZIP, 496, 8, 62.000000, 97, 121, 
trial0022755, 000600, GDX, 226, 6, 37.666667, ZIC, 783, 18, 43.500000, ZIP, 1175, 8, 146.875000, 128, 140, 
trial0022756, 000600, GDX, 56, 6, 9.333333, ZIC, 694, 18, 38.555556, ZIP, 773, 8, 96.625000, 120, 122, 
trial0022757, 000600, GDX, 310, 6, 51.666667, ZIC, 467, 18, 25.944444, ZIP, 325, 8, 40.625000, 102, 120, 
trial0022758, 000600, GDX, 448, 6, 74.666667, ZIC, 983, 18, 54.611111, ZIP, 458, 8, 57.250000, 127, 133, 
trial0022759, 000600, GDX, 335, 6, 55.833333, ZIC, 323, 18, 17.944444, ZIP, 524, 8, 65.500000, 114, 115, 
trial0022760, 000600, GDX, 282, 6, 47.000000, ZIC, 309, 18, 17.166667, ZIP, 1418, 8, 177.250000, 137, 143, 
trial0022761, 000600, GDX, 316, 6, 52.666667, ZIC, 653, 18, 36.277778, ZIP, 726, 8, 90.750000, 101, 106, 
trial0022762, 000600, GDX, 302, 6, 50.333333, ZIC, 379, 18, 21.055556, ZIP, 573, 8, 71.625000, 91, 95, 
trial0022763, 000600, GDX, 672, 6, 112.000000, ZIC, 453, 18, 25.166667, ZIP, 428, 8, 53.500000, 86, 103, 
trial0022764, 000600, GDX, 556, 6, 92.666667, ZIC, 836, 18, 46.444444, ZIP, 644, 8, 80.500000, 111, 113, 
trial0022765, 000600, GDX, 721, 6, 120.166667, ZIC, 550, 18, 30.555556, ZIP, 467, 8, 58.375000, 80, 84, 
trial0022766, 000600, GDX, 381, 6, 63.500000, ZIC, 544, 18, 30.222222, ZIP, 796, 8, 99.500000, 86, 91, 
trial0022767, 000600, GDX, 193, 6, 32.166667, ZIC, 669, 18, 37.166667, ZIP, 904, 8, 113.000000, 119, 141, 
trial0022768, 000600, GDX, 310, 6, 51.666667, ZIC, 842, 18, 46.777778, ZIP, 530, 8, 66.250000, 78, 106, 
trial0022769, 000600, GDX, 486, 6, 81.000000, ZIC, 573, 18, 31.833333, ZIP, 355, 8, 44.375000, 84, 106, 
trial0022770, 000600, GDX, 319, 6, 53.166667, ZIC, 228, 18, 12.666667, ZIP, 794, 8, 99.250000, 93, 95, 
trial0022771, 000600, GDX, 312, 6, 52.000000, ZIC, 503, 18, 27.944444, ZIP, 327, 8, 40.875000, 84, 87, 
trial0022772, 000600, GDX, 344, 6, 57.333333, ZIC, 713, 18, 39.611111, ZIP, 880, 8, 110.000000, 76, 107, 
trial0022773, 000600, GDX, 961, 6, 160.166667, ZIC, 783, 18, 43.500000, ZIP, 724, 8, 90.500000, 85, 130, 
trial0022774, 000600, GDX, 163, 6, 27.166667, ZIC, 667, 18, 37.055556, ZIP, 1191, 8, 148.875000, 95, 97, 
trial0022775, 000600, GDX, 71, 6, 11.833333, ZIC, 440, 18, 24.444444, ZIP, 846, 8, 105.750000, 112, 119, 
trial0022776, 000600, GDX, 360, 6, 60.000000, ZIC, 496, 18, 27.555556, ZIP, 706, 8, 88.250000, 108, 119, 
trial0022777, 000600, GDX, 417, 6, 69.500000, ZIC, 477, 18, 26.500000, ZIP, 892, 8, 111.500000, 104, 113, 
trial0022778, 000600, GDX, 429, 6, 71.500000, ZIC, 618, 18, 34.333333, ZIP, 467, 8, 58.375000, 86, 101, 
trial0022779, 000600, GDX, 377, 6, 62.833333, ZIC, 942, 18, 52.333333, ZIP, 848, 8, 106.000000, 78, 81, 
trial0022780, 000600, GDX, 230, 6, 38.333333, ZIC, 588, 18, 32.666667, ZIP, 596, 8, 74.500000, 100, 126, 
trial0022781, 000600, GDX, 219, 6, 36.500000, ZIC, 403, 18, 22.388889, ZIP, 333, 8, 41.625000, 136, 149, 
trial0022782, 000600, GDX, 110, 6, 18.333333, ZIC, 251, 18, 13.944444, ZIP, 332, 8, 41.500000, 111, 125, 
trial0022783, 000600, GDX, 188, 6, 31.333333, ZIC, 245, 18, 13.611111, ZIP, 415, 8, 51.875000, 136, 139, 
trial0022784, 000600, GDX, 172, 6, 28.666667, ZIC, 144, 18, 8.000000, ZIP, 503, 8, 62.875000, 127, 148, 
trial0022785, 000600, GDX, 262, 6, 43.666667, ZIC, 212, 18, 11.777778, ZIP, 156, 8, 19.500000, 121, 132, 
trial0022786, 000600, GDX, 28, 6, 4.666667, ZIC, 322, 18, 17.888889, ZIP, 193, 8, 24.125000, 140, 142, 
trial0022787, 000600, GDX, 64, 6, 10.666667, ZIC, 301, 18, 16.722222, ZIP, 407, 8, 50.875000, 134, 138, 
trial0022788, 000600, GDX, 109, 6, 18.166667, ZIC, 247, 18, 13.722222, ZIP, 193, 8, 24.125000, 98, 113, 
trial0022789, 000600, GDX, 141, 6, 23.500000, ZIC, 159, 18, 8.833333, ZIP, 630, 8, 78.750000, 143, 146, 
trial0022790, 000600, GDX, 66, 6, 11.000000, ZIC, 178, 18, 9.888889, ZIP, 348, 8, 43.500000, 132, 135, 
trial0022791, 000600, GDX, 146, 6, 24.333333, ZIC, 264, 18, 14.666667, ZIP, 269, 8, 33.625000, 101, 108, 
trial0022792, 000600, GDX, 102, 6, 17.000000, ZIC, 510, 18, 28.333333, ZIP, 128, 8, 16.000000, 111, 129, 
trial0022793, 000600, GDX, 158, 6, 26.333333, ZIC, 436, 18, 24.222222, ZIP, 281, 8, 35.125000, 124, 129, 
trial0022794, 000600, GDX, 282, 6, 47.000000, ZIC, 95, 18, 5.277778, ZIP, 223, 8, 27.875000, 117, 122, 
trial0022795, 000600, GDX, 69, 6, 11.500000, ZIC, 266, 18, 14.777778, ZIP, 227, 8, 28.375000, 113, 136, 
trial0022796, 000600, GDX, 253, 6, 42.166667, ZIC, 388, 18, 21.555556, ZIP, 341, 8, 42.625000, 110, 146, 
trial0022797, 000600, GDX, 43, 6, 7.166667, ZIC, 296, 18, 16.444444, ZIP, 86, 8, 10.750000, 124, 128, 
trial0022798, 000600, GDX, 123, 6, 20.500000, ZIC, 181, 18, 10.055556, ZIP, 262, 8, 32.750000, 144, 156, 
trial0022799, 000600, GDX, 150, 6, 25.000000, ZIC, 154, 18, 8.555556, ZIP, 208, 8, 26.000000, 108, 109, 
trial0022800, 000600, GDX, 99, 6, 16.500000, ZIC, 375, 18, 20.833333, ZIP, 315, 8, 39.375000, 133, 136, 
trial0022801, 000600, GDX, 391, 6, 65.166667, ZIC, 849, 18, 47.166667, ZIP, 797, 8, 99.625000, 118, 152, 
trial0022802, 000600, GDX, 706, 6, 117.666667, ZIC, 527, 18, 29.277778, ZIP, 982, 8, 122.750000, 104, 127, 
trial0022803, 000600, GDX, 82, 6, 13.666667, ZIC, 1189, 18, 66.055556, ZIP, 627, 8, 78.375000, 135, 150, 
trial0022804, 000600, GDX, 617, 6, 102.833333, ZIC, 1059, 18, 58.833333, ZIP, 548, 8, 68.500000, 110, 154, 
trial0022805, 000600, GDX, 554, 6, 92.333333, ZIC, 700, 18, 38.888889, ZIP, 828, 8, 103.500000, 108, 115, 
trial0022806, 000600, GDX, 469, 6, 78.166667, ZIC, 984, 18, 54.666667, ZIP, 849, 8, 106.125000, 121, 125, 
trial0022807, 000600, GDX, 501, 6, 83.500000, ZIC, 1000, 18, 55.555556, ZIP, 588, 8, 73.500000, 132, 151, 
trial0022808, 000600, GDX, 366, 6, 61.000000, ZIC, 766, 18, 42.555556, ZIP, 707, 8, 88.375000, 125, 135, 
trial0022809, 000600, GDX, 633, 6, 105.500000, ZIC, 537, 18, 29.833333, ZIP, 911, 8, 113.875000, 101, 110, 
trial0022810, 000600, GDX, 371, 6, 61.833333, ZIC, 1014, 18, 56.333333, ZIP, 729, 8, 91.125000, 109, 114, 
trial0022811, 000600, GDX, 637, 6, 106.166667, ZIC, 596, 18, 33.111111, ZIP, 615, 8, 76.875000, 115, 123, 
trial0022812, 000600, GDX, 421, 6, 70.166667, ZIC, 661, 18, 36.722222, ZIP, 724, 8, 90.500000, 147, 156, 
trial0022813, 000600, GDX, 500, 6, 83.333333, ZIC, 651, 18, 36.166667, ZIP, 558, 8, 69.750000, 112, 133, 
trial0022814, 000600, GDX, 459, 6, 76.500000, ZIC, 653, 18, 36.277778, ZIP, 354, 8, 44.250000, 106, 136, 
trial0022815, 000600, GDX, 341, 6, 56.833333, ZIC, 941, 18, 52.277778, ZIP, 661, 8, 82.625000, 140, 152, 
trial0022816, 000600, GDX, 554, 6, 92.333333, ZIC, 791, 18, 43.944444, ZIP, 675, 8, 84.375000, 102, 111, 
trial0022817, 000600, GDX, 332, 6, 55.333333, ZIC, 849, 18, 47.166667, ZIP, 733, 8, 91.625000, 99, 117, 
trial0022818, 000600, GDX, 655, 6, 109.166667, ZIC, 975, 18, 54.166667, ZIP, 646, 8, 80.750000, 130, 138, 
trial0022819, 000600, GDX, 486, 6, 81.000000, ZIC, 1049, 18, 58.277778, ZIP, 376, 8, 47.000000, 122, 164, 
trial0022820, 000600, GDX, 70, 6, 11.666667, ZIC, 996, 18, 55.333333, ZIP, 798, 8, 99.750000, 140, 159, 
trial0022821, 000600, GDX, 187, 6, 31.166667, ZIC, 1828, 18, 101.555556, ZIP, 1259, 8, 157.375000, 127, 147, 
trial0022822, 000600, GDX, 503, 6, 83.833333, ZIC, 1571, 18, 87.277778, ZIP, 1088, 8, 136.000000, 157, 181, 
trial0022823, 000600, GDX, 908, 6, 151.333333, ZIC, 2164, 18, 120.222222, ZIP, 1174, 8, 146.750000, 117, 157, 
trial0022824, 000600, GDX, 746, 6, 124.333333, ZIC, 985, 18, 54.722222, ZIP, 1492, 8, 186.500000, 144, 174, 
trial0022825, 000600, GDX, 586, 6, 97.666667, ZIC, 1244, 18, 69.111111, ZIP, 1734, 8, 216.750000, 161, 164, 
trial0022826, 000600, GDX, 504, 6, 84.000000, ZIC, 1746, 18, 97.000000, ZIP, 941, 8, 117.625000, 153, 154, 
trial0022827, 000600, GDX, 869, 6, 144.833333, ZIC, 2026, 18, 112.555556, ZIP, 831, 8, 103.875000, 125, 145, 
trial0022828, 000600, GDX, 380, 6, 63.333333, ZIC, 1464, 18, 81.333333, ZIP, 1343, 8, 167.875000, 139, 155, 
trial0022829, 000600, GDX, 699, 6, 116.500000, ZIC, 966, 18, 53.666667, ZIP, 1508, 8, 188.500000, 160, 179, 
trial0022830, 000600, GDX, 961, 6, 160.166667, ZIC, 1509, 18, 83.833333, ZIP, 997, 8, 124.625000, 138, 151, 
trial0022831, 000600, GDX, 1102, 6, 183.666667, ZIC, 1842, 18, 102.333333, ZIP, 985, 8, 123.125000, 149, 165, 
trial0022832, 000600, GDX, 1201, 6, 200.166667, ZIC, 1919, 18, 106.611111, ZIP, 892, 8, 111.500000, 181, 184, 
trial0022833, 000600, GDX, 340, 6, 56.666667, ZIC, 2289, 18, 127.166667, ZIP, 1610, 8, 201.250000, 126, 141, 
trial0022834, 000600, GDX, 710, 6, 118.333333, ZIC, 2039, 18, 113.277778, ZIP, 1116, 8, 139.500000, 115, 120, 
trial0022835, 000600, GDX, 450, 6, 75.000000, ZIC, 1954, 18, 108.555556, ZIP, 972, 8, 121.500000, 151, 166, 
trial0022836, 000600, GDX, 203, 6, 33.833333, ZIC, 1807, 18, 100.388889, ZIP, 1319, 8, 164.875000, 128, 157, 
trial0022837, 000600, GDX, 762, 6, 127.000000, ZIC, 1107, 18, 61.500000, ZIP, 1301, 8, 162.625000, 155, 157, 
trial0022838, 000600, GDX, 956, 6, 159.333333, ZIC, 1663, 18, 92.388889, ZIP, 1360, 8, 170.000000, 160, 170, 
trial0022839, 000600, GDX, 25, 6, 4.166667, ZIC, 1883, 18, 104.611111, ZIP, 1403, 8, 175.375000, 148, 153, 
trial0022840, 000600, GDX, 879, 6, 146.500000, ZIC, 1882, 18, 104.555556, ZIP, 1126, 8, 140.750000, 136, 161, 
trial0022841, 000600, GDX, 905, 6, 150.833333, ZIC, 886, 18, 49.222222, ZIP, 557, 8, 69.625000, 67, 98, 
trial0022842, 000600, GDX, 550, 6, 91.666667, ZIC, 615, 18, 34.166667, ZIP, 444, 8, 55.500000, 92, 102, 
trial0022843, 000600, GDX, 507, 6, 84.500000, ZIC, 746, 18, 41.444444, ZIP, 525, 8, 65.625000, 97, 101, 
trial0022844, 000600, GDX, 361, 6, 60.166667, ZIC, 711, 18, 39.500000, ZIP, 602, 8, 75.250000, 88, 96, 
trial0022845, 000600, GDX, 208, 6, 34.666667, ZIC, 731, 18, 40.611111, ZIP, 725, 8, 90.625000, 74, 76, 
trial0022846, 000600, GDX, 666, 6, 111.000000, ZIC, 643, 18, 35.722222, ZIP, 193, 8, 24.125000, 96, 123, 
trial0022847, 000600, GDX, 803, 6, 133.833333, ZIC, 640, 18, 35.555556, ZIP, 825, 8, 103.125000, 95, 124, 
trial0022848, 000600, GDX, 400, 6, 66.666667, ZIC, 803, 18, 44.611111, ZIP, 819, 8, 102.375000, 95, 119, 
trial0022849, 000600, GDX, 615, 6, 102.500000, ZIC, 787, 18, 43.722222, ZIP, 394, 8, 49.250000, 101, 137, 
trial0022850, 000600, GDX, 223, 6, 37.166667, ZIC, 439, 18, 24.388889, ZIP, 531, 8, 66.375000, 92, 106, 
trial0022851, 000600, GDX, 242, 6, 40.333333, ZIC, 363, 18, 20.166667, ZIP, 744, 8, 93.000000, 94, 122, 
trial0022852, 000600, GDX, 574, 6, 95.666667, ZIC, 712, 18, 39.555556, ZIP, 763, 8, 95.375000, 67, 79, 
trial0022853, 000600, GDX, 91, 6, 15.166667, ZIC, 579, 18, 32.166667, ZIP, 759, 8, 94.875000, 105, 110, 
trial0022854, 000600, GDX, 150, 6, 25.000000, ZIC, 500, 18, 27.777778, ZIP, 703, 8, 87.875000, 91, 107, 
trial0022855, 000600, GDX, 487, 6, 81.166667, ZIC, 791, 18, 43.944444, ZIP, 936, 8, 117.000000, 85, 88, 
trial0022856, 000600, GDX, 759, 6, 126.500000, ZIC, 814, 18, 45.222222, ZIP, 635, 8, 79.375000, 73, 86, 
trial0022857, 000600, GDX, 765, 6, 127.500000, ZIC, 477, 18, 26.500000, ZIP, 666, 8, 83.250000, 113, 139, 
trial0022858, 000600, GDX, 376, 6, 62.666667, ZIC, 557, 18, 30.944444, ZIP, 1278, 8, 159.750000, 70, 71, 
trial0022859, 000600, GDX, 641, 6, 106.833333, ZIC, 1007, 18, 55.944444, ZIP, 238, 8, 29.750000, 65, 73, 
trial0022860, 000600, GDX, 388, 6, 64.666667, ZIC, 805, 18, 44.722222, ZIP, 636, 8, 79.500000, 92, 127, 
trial0022861, 000600, GDX, 417, 6, 69.500000, ZIC, 1198, 18, 66.555556, ZIP, 1685, 8, 210.625000, 142, 174, 
trial0022862, 000600, GDX, 158, 6, 26.333333, ZIC, 1416, 18, 78.666667, ZIP, 700, 8, 87.500000, 148, 177, 
trial0022863, 000600, GDX, 862, 6, 143.666667, ZIC, 1080, 18, 60.000000, ZIP, 129, 8, 16.125000, 148, 150, 
trial0022864, 000600, GDX, 117, 6, 19.500000, ZIC, 1332, 18, 74.000000, ZIP, 1164, 8, 145.500000, 135, 138, 
trial0022865, 000600, GDX, 365, 6, 60.833333, ZIC, 705, 18, 39.166667, ZIP, 549, 8, 68.625000, 160, 173, 
trial0022866, 000600, GDX, 547, 6, 91.166667, ZIC, 890, 18, 49.444444, ZIP, 1679, 8, 209.875000, 143, 168, 
trial0022867, 000600, GDX, 458, 6, 76.333333, ZIC, 1280, 18, 71.111111, ZIP, 981, 8, 122.625000, 114, 152, 
trial0022868, 000600, GDX, 720, 6, 120.000000, ZIC, 1390, 18, 77.222222, ZIP, 354, 8, 44.250000, 164, 168, 
trial0022869, 000600, GDX, 331, 6, 55.166667, ZIC, 1209, 18, 67.166667, ZIP, 887, 8, 110.875000, 124, 159, 
trial0022870, 000600, GDX, 561, 6, 93.500000, ZIC, 2184, 18, 121.333333, ZIP, 325, 8, 40.625000, 119, 129, 
trial0022871, 000600, GDX, 299, 6, 49.833333, ZIC, 1237, 18, 68.722222, ZIP, 1155, 8, 144.375000, 179, 190, 
trial0022872, 000600, GDX, 295, 6, 49.166667, ZIC, 1414, 18, 78.555556, ZIP, 337, 8, 42.125000, 147, 191, 
trial0022873, 000600, GDX, 641, 6, 106.833333, ZIC, 711, 18, 39.500000, ZIP, 1632, 8, 204.000000, 140, 161, 
trial0022874, 000600, GDX, 1334, 6, 222.333333, ZIC, 404, 18, 22.444444, ZIP, 1133, 8, 141.625000, 148, 156, 
trial0022875, 000600, GDX, 1407, 6, 234.500000, ZIC, 613, 18, 34.055556, ZIP, 1004, 8, 125.500000, 149, 153, 
trial0022876, 000600, GDX, 547, 6, 91.166667, ZIC, 1493, 18, 82.944444, ZIP, 775, 8, 96.875000, 170, 187, 
trial0022877, 000600, GDX, 1174, 6, 195.666667, ZIC, 985, 18, 54.722222, ZIP, 1093, 8, 136.625000, 147, 161, 
trial0022878, 000600, GDX, 424, 6, 70.666667, ZIC, 1239, 18, 68.833333, ZIP, 1214, 8, 151.750000, 170, 179, 
trial0022879, 000600, GDX, 761, 6, 126.833333, ZIC, 652, 18, 36.222222, ZIP, 1518, 8, 189.750000, 126, 167, 
trial0022880, 000600, GDX, 316, 6, 52.666667, ZIC, 1327, 18, 73.722222, ZIP, 345, 8, 43.125000, 144, 152, 
trial0022881, 000600, GDX, 392, 6, 65.333333, ZIC, 284, 18, 15.777778, ZIP, 338, 8, 42.250000, 93, 105, 
trial0022882, 000600, GDX, 243, 6, 40.500000, ZIC, 175, 18, 9.722222, ZIP, 470, 8, 58.750000, 113, 118, 
trial0022883, 000600, GDX, 196, 6, 32.666667, ZIC, 671, 18, 37.277778, ZIP, 291, 8, 36.375000, 128, 136, 
trial0022884, 000600, GDX, 132, 6, 22.000000, ZIC, 274, 18, 15.222222, ZIP, 474, 8, 59.250000, 115, 124, 
trial0022885, 000600, GDX, 135, 6, 22.500000, ZIC, 335, 18, 18.611111, ZIP, 444, 8, 55.500000, 91, 95, 
trial0022886, 000600, GDX, 66, 6, 11.000000, ZIC, 302, 18, 16.777778, ZIP, 238, 8, 29.750000, 84, 117, 
trial0022887, 000600, GDX, 151, 6, 25.166667, ZIC, 363, 18, 20.166667, ZIP, 271, 8, 33.875000, 102, 109, 
trial0022888, 000600, GDX, 177, 6, 29.500000, ZIC, 217, 18, 12.055556, ZIP, 453, 8, 56.625000, 134, 140, 
trial0022889, 000600, GDX, 259, 6, 43.166667, ZIC, 526, 18, 29.222222, ZIP, 414, 8, 51.750000, 110, 116, 
trial0022890, 000600, GDX, 238, 6, 39.666667, ZIC, 411, 18, 22.833333, ZIP, 348, 8, 43.500000, 101, 116, 
trial0022891, 000600, GDX, 142, 6, 23.666667, ZIC, 311, 18, 17.277778, ZIP, 130, 8, 16.250000, 82, 85, 
trial0022892, 000600, GDX, 154, 6, 25.666667, ZIC, 173, 18, 9.611111, ZIP, 488, 8, 61.000000, 130, 137, 
trial0022893, 000600, GDX, 333, 6, 55.500000, ZIC, 163, 18, 9.055556, ZIP, 404, 8, 50.500000, 84, 90, 
trial0022894, 000600, GDX, 283, 6, 47.166667, ZIC, 171, 18, 9.500000, ZIP, 237, 8, 29.625000, 120, 130, 
trial0022895, 000600, GDX, 3, 6, 0.500000, ZIC, 309, 18, 17.166667, ZIP, 481, 8, 60.125000, 86, 102, 
trial0022896, 000600, GDX, 212, 6, 35.333333, ZIC, 279, 18, 15.500000, ZIP, 524, 8, 65.500000, 81, 90, 
trial0022897, 000600, GDX, 81, 6, 13.500000, ZIC, 362, 18, 20.111111, ZIP, 629, 8, 78.625000, 104, 124, 
trial0022898, 000600, GDX, 2, 6, 0.333333, ZIC, 232, 18, 12.888889, ZIP, 725, 8, 90.625000, 124, 129, 
trial0022899, 000600, GDX, 293, 6, 48.833333, ZIC, 335, 18, 18.611111, ZIP, 195, 8, 24.375000, 120, 131, 
trial0022900, 000600, GDX, 110, 6, 18.333333, ZIC, 366, 18, 20.333333, ZIP, 439, 8, 54.875000, 127, 138, 
trial0022901, 000600, GDX, 84, 6, 14.000000, ZIC, 42, 18, 2.333333, ZIP, 48, 8, 6.000000, 105, 109, 
trial0022902, 000600, GDX, 75, 6, 12.500000, ZIC, 88, 18, 4.888889, ZIP, 106, 8, 13.250000, 116, 123, 
trial0022903, 000600, GDX, 106, 6, 17.666667, ZIC, 152, 18, 8.444444, ZIP, 123, 8, 15.375000, 96, 111, 
trial0022904, 000600, GDX, 93, 6, 15.500000, ZIC, 56, 18, 3.111111, ZIP, 105, 8, 13.125000, 150, 153, 
trial0022905, 000600, GDX, 89, 6, 14.833333, ZIC, 114, 18, 6.333333, ZIP, 179, 8, 22.375000, 115, 116, 
trial0022906, 000600, GDX, 47, 6, 7.833333, ZIC, 52, 18, 2.888889, ZIP, 204, 8, 25.500000, 132, 138, 
trial0022907, 000600, GDX, 24, 6, 4.000000, ZIC, 155, 18, 8.611111, ZIP, 357, 8, 44.625000, 114, 174, 
trial0022908, 000600, GDX, 15, 6, 2.500000, ZIC, 126, 18, 7.000000, ZIP, 184, 8, 23.000000, 101, 114, 
trial0022909, 000600, GDX, 39, 6, 6.500000, ZIC, 136, 18, 7.555556, ZIP, 122, 8, 15.250000, 105, 108, 
trial0022910, 000600, GDX, 18, 6, 3.000000, ZIC, 123, 18, 6.833333, ZIP, 212, 8, 26.500000, 152, 157, 
trial0022911, 000600, GDX, 92, 6, 15.333333, ZIC, 71, 18, 3.944444, ZIP, 143, 8, 17.875000, 134, 142, 
trial0022912, 000600, GDX, 116, 6, 19.333333, ZIC, 124, 18, 6.888889, ZIP, 214, 8, 26.750000, 105, 123, 
trial0022913, 000600, GDX, 63, 6, 10.500000, ZIC, 95, 18, 5.277778, ZIP, 367, 8, 45.875000, 120, 146, 
trial0022914, 000600, GDX, 89, 6, 14.833333, ZIC, 131, 18, 7.277778, ZIP, 142, 8, 17.750000, 131, 134, 
trial0022915, 000600, GDX, 44, 6, 7.333333, ZIC, 99, 18, 5.500000, ZIP, 155, 8, 19.375000, 141, 146, 
trial0022916, 000600, GDX, 101, 6, 16.833333, ZIC, 68, 18, 3.777778, ZIP, 105, 8, 13.125000, 116, 118, 
trial0022917, 000600, GDX, 12, 6, 2.000000, ZIC, 137, 18, 7.611111, ZIP, 209, 8, 26.125000, 95, 131, 
trial0022918, 000600, GDX, 47, 6, 7.833333, ZIC, 161, 18, 8.944444, ZIP, 30, 8, 3.750000, 98, 106, 
trial0022919, 000600, GDX, 15, 6, 2.500000, ZIC, 159, 18, 8.833333, ZIP, 131, 8, 16.375000, 110, 127, 
trial0022920, 000600, GDX, 21, 6, 3.500000, ZIC, 136, 18, 7.555556, ZIP, 276, 8, 34.500000, 158, 160, 
trial0022921, 000600, GDX, 498, 6, 83.000000, ZIC, 447, 18, 24.833333, ZIP, 1228, 8, 153.500000, 128, 150, 
trial0022922, 000600, GDX, 27, 6, 4.500000, ZIC, 930, 18, 51.666667, ZIP, 431, 8, 53.875000, 155, 174, 
trial0022923, 000600, GDX, 177, 6, 29.500000, ZIC, 700, 18, 38.888889, ZIP, 540, 8, 67.500000, 132, 144, 
trial0022924, 000600, GDX, 428, 6, 71.333333, ZIC, 888, 18, 49.333333, ZIP, 407, 8, 50.875000, 131, 155, 
trial0022925, 000600, GDX, 555, 6, 92.500000, ZIC, 585, 18, 32.500000, ZIP, 437, 8, 54.625000, 118, 130, 
trial0022926, 000600, GDX, 376, 6, 62.666667, ZIC, 696, 18, 38.666667, ZIP, 364, 8, 45.500000, 119, 134, 
trial0022927, 000600, GDX, 452, 6, 75.333333, ZIC, 523, 18, 29.055556, ZIP, 926, 8, 115.750000, 136, 166, 
trial0022928, 000600, GDX, 296, 6, 49.333333, ZIC, 486, 18, 27.000000, ZIP, 702, 8, 87.750000, 109, 119, 
trial0022929, 000600, GDX, 290, 6, 48.333333, ZIC, 1024, 18, 56.888889, ZIP, 1221, 8, 152.625000, 119, 132, 
trial0022930, 000600, GDX, 395, 6, 65.833333, ZIC, 625, 18, 34.722222, ZIP, 301, 8, 37.625000, 139, 161, 
trial0022931, 000600, GDX, 495, 6, 82.500000, ZIC, 697, 18, 38.722222, ZIP, 926, 8, 115.750000, 124, 143, 
trial0022932, 000600, GDX, 68, 6, 11.333333, ZIC, 808, 18, 44.888889, ZIP, 981, 8, 122.625000, 154, 171, 
trial0022933, 000600, GDX, 274, 6, 45.666667, ZIC, 663, 18, 36.833333, ZIP, 674, 8, 84.250000, 150, 151, 
trial0022934, 000600, GDX, 734, 6, 122.333333, ZIC, 405, 18, 22.500000, ZIP, 843, 8, 105.375000, 126, 152, 
trial0022935, 000600, GDX, 281, 6, 46.833333, ZIC, 633, 18, 35.166667, ZIP, 1108, 8, 138.500000, 122, 149, 
trial0022936, 000600, GDX, 539, 6, 89.833333, ZIC, 1072, 18, 59.555556, ZIP, 388, 8, 48.500000, 128, 146, 
trial0022937, 000600, GDX, 185, 6, 30.833333, ZIC, 616, 18, 34.222222, ZIP, 1017, 8, 127.125000, 119, 145, 
trial0022938, 000600, GDX, 582, 6, 97.000000, ZIC, 529, 18, 29.388889, ZIP, 885, 8, 110.625000, 131, 134, 
trial0022939, 000600, GDX, 451, 6, 75.166667, ZIC, 1056, 18, 58.666667, ZIP, 476, 8, 59.500000, 124, 128, 
trial0022940, 000600, GDX, 683, 6, 113.833333, ZIC, 650, 18, 36.111111, ZIP, 600, 8, 75.000000, 146, 149, 
trial0022941, 000600, GDX, 814, 6, 135.666667, ZIC, 1159, 18, 64.388889, ZIP, 1288, 8, 161.000000, 145, 171, 
trial0022942, 000600, GDX, 681, 6, 113.500000, ZIC, 1102, 18, 61.222222, ZIP, 821, 8, 102.625000, 147, 179, 
trial0022943, 000600, GDX, 741, 6, 123.500000, ZIC, 2386, 18, 132.555556, ZIP, 719, 8, 89.875000, 140, 170, 
trial0022944, 000600, GDX, 421, 6, 70.166667, ZIC, 1594, 18, 88.555556, ZIP, 901, 8, 112.625000, 134, 145, 
trial0022945, 000600, GDX, 468, 6, 78.000000, ZIC, 2064, 18, 114.666667, ZIP, 760, 8, 95.000000, 129, 152, 
trial0022946, 000600, GDX, 393, 6, 65.500000, ZIC, 1333, 18, 74.055556, ZIP, 890, 8, 111.250000, 143, 161, 
trial0022947, 000600, GDX, 479, 6, 79.833333, ZIC, 1868, 18, 103.777778, ZIP, 1168, 8, 146.000000, 130, 155, 
trial0022948, 000600, GDX, 898, 6, 149.666667, ZIC, 1427, 18, 79.277778, ZIP, 1424, 8, 178.000000, 138, 160, 
trial0022949, 000600, GDX, 679, 6, 113.166667, ZIC, 1161, 18, 64.500000, ZIP, 1509, 8, 188.625000, 148, 162, 
trial0022950, 000600, GDX, 30, 6, 5.000000, ZIC, 1504, 18, 83.555556, ZIP, 1697, 8, 212.125000, 124, 128, 
trial0022951, 000600, GDX, 750, 6, 125.000000, ZIC, 1900, 18, 105.555556, ZIP, 686, 8, 85.750000, 120, 132, 
trial0022952, 000600, GDX, 335, 6, 55.833333, ZIC, 2015, 18, 111.944444, ZIP, 1254, 8, 156.750000, 161, 192, 
trial0022953, 000600, GDX, 526, 6, 87.666667, ZIC, 1480, 18, 82.222222, ZIP, 1340, 8, 167.500000, 142, 143, 
trial0022954, 000600, GDX, 594, 6, 99.000000, ZIC, 1511, 18, 83.944444, ZIP, 546, 8, 68.250000, 157, 169, 
trial0022955, 000600, GDX, 1141, 6, 190.166667, ZIC, 1745, 18, 96.944444, ZIP, 329, 8, 41.125000, 115, 132, 
trial0022956, 000600, GDX, 13, 6, 2.166667, ZIC, 1927, 18, 107.055556, ZIP, 1160, 8, 145.000000, 126, 185, 
trial0022957, 000600, GDX, 484, 6, 80.666667, ZIC, 1588, 18, 88.222222, ZIP, 1240, 8, 155.000000, 123, 141, 
trial0022958, 000600, GDX, 655, 6, 109.166667, ZIC, 1291, 18, 71.722222, ZIP, 1498, 8, 187.250000, 118, 131, 
trial0022959, 000600, GDX, 635, 6, 105.833333, ZIC, 1229, 18, 68.277778, ZIP, 1570, 8, 196.250000, 130, 141, 
trial0022960, 000600, GDX, 707, 6, 117.833333, ZIC, 1182, 18, 65.666667, ZIP, 1219, 8, 152.375000, 129, 143, 
trial0022961, 000600, GDX, 92, 6, 15.333333, ZIC, 197, 18, 10.944444, ZIP, 292, 8, 36.500000, 117, 150, 
trial0022962, 000600, GDX, 118, 6, 19.666667, ZIC, 29, 18, 1.611111, ZIP, 96, 8, 12.000000, 88, 92, 
trial0022963, 000600, GDX, 28, 6, 4.666667, ZIC, 156, 18, 8.666667, ZIP, 90, 8, 11.250000, 94, 95, 
trial0022964, 000600, GDX, 39, 6, 6.500000, ZIC, 83, 18, 4.611111, ZIP, 122, 8, 15.250000, 88, 93, 
trial0022965, 000600, GDX, 53, 6, 8.833333, ZIC, 96, 18, 5.333333, ZIP, 278, 8, 34.750000, 96, 112, 
trial0022966, 000600, GDX, 133, 6, 22.166667, ZIC, 192, 18, 10.666667, ZIP, 188, 8, 23.500000, 98, 104, 
trial0022967, 000600, GDX, 64, 6, 10.666667, ZIC, 75, 18, 4.166667, ZIP, 194, 8, 24.250000, 94, 124, 
trial0022968, 000600, GDX, 38, 6, 6.333333, ZIC, 82, 18, 4.555556, ZIP, 133, 8, 16.625000, 90, 95, 
trial0022969, 000600, GDX, 92, 6, 15.333333, ZIC, 229, 18, 12.722222, ZIP, 43, 8, 5.375000, 135, 141, 
trial0022970, 000600, GDX, 88, 6, 14.666667, ZIC, 183, 18, 10.166667, ZIP, 117, 8, 14.625000, 86, 99, 
trial0022971, 000600, GDX, 13, 6, 2.166667, ZIC, 91, 18, 5.055556, ZIP, 218, 8, 27.250000, 104, 120, 
trial0022972, 000600, GDX, 68, 6, 11.333333, ZIC, 90, 18, 5.000000, ZIP, 208, 8, 26.000000, 123, 132, 
trial0022973, 000600, GDX, 64, 6, 10.666667, ZIC, 113, 18, 6.277778, ZIP, 202, 8, 25.250000, 130, 143, 
trial0022974, 000600, GDX, 53, 6, 8.833333, ZIC, 153, 18, 8.500000, ZIP, 295, 8, 36.875000, 104, 132, 
trial0022975, 000600, GDX, 83, 6, 13.833333, ZIC, 76, 18, 4.222222, ZIP, 65, 8, 8.125000, 111, 114, 
trial0022976, 000600, GDX, 105, 6, 17.500000, ZIC, 218, 18, 12.111111, ZIP, 254, 8, 31.750000, 117, 127, 
trial0022977, 000600, GDX, 54, 6, 9.000000, ZIC, 83, 18, 4.611111, ZIP, 224, 8, 28.000000, 102, 125, 
trial0022978, 000600, GDX, 45, 6, 7.500000, ZIC, 217, 18, 12.055556, ZIP, 136, 8, 17.000000, 140, 141, 
trial0022979, 000600, GDX, 115, 6, 19.166667, ZIC, 319, 18, 17.722222, ZIP, 206, 8, 25.750000, 92, 119, 
trial0022980, 000600, GDX, 26, 6, 4.333333, ZIC, 137, 18, 7.611111, ZIP, 126, 8, 15.750000, 129, 138, 
trial0022981, 000600, GDX, 438, 6, 73.000000, ZIC, 1548, 18, 86.000000, ZIP, 1501, 8, 187.625000, 122, 143, 
trial0022982, 000600, GDX, 976, 6, 162.666667, ZIC, 1182, 18, 65.666667, ZIP, 1469, 8, 183.625000, 115, 140, 
trial0022983, 000600, GDX, 471, 6, 78.500000, ZIC, 1212, 18, 67.333333, ZIP, 843, 8, 105.375000, 156, 170, 
trial0022984, 000600, GDX, 105, 6, 17.500000, ZIC, 1967, 18, 109.277778, ZIP, 786, 8, 98.250000, 152, 153, 
trial0022985, 000600, GDX, 507, 6, 84.500000, ZIC, 1918, 18, 106.555556, ZIP, 964, 8, 120.500000, 134, 145, 
trial0022986, 000600, GDX, 783, 6, 130.500000, ZIC, 1484, 18, 82.444444, ZIP, 607, 8, 75.875000, 161, 165, 
trial0022987, 000600, GDX, 883, 6, 147.166667, ZIC, 1117, 18, 62.055556, ZIP, 1119, 8, 139.875000, 143, 153, 
trial0022988, 000600, GDX, 440, 6, 73.333333, ZIC, 727, 18, 40.388889, ZIP, 1493, 8, 186.625000, 124, 133, 
trial0022989, 000600, GDX, 593, 6, 98.833333, ZIC, 1233, 18, 68.500000, ZIP, 111, 8, 13.875000, 111, 148, 
trial0022990, 000600, GDX, 990, 6, 165.000000, ZIC, 834, 18, 46.333333, ZIP, 1072, 8, 134.000000, 140, 153, 
trial0022991, 000600, GDX, 479, 6, 79.833333, ZIC, 1365, 18, 75.833333, ZIP, 1417, 8, 177.125000, 165, 206, 
trial0022992, 000600, GDX, 826, 6, 137.666667, ZIC, 1436, 18, 79.777778, ZIP, 834, 8, 104.250000, 160, 172, 
trial0022993, 000600, GDX, 904, 6, 150.666667, ZIC, 1359, 18, 75.500000, ZIP, 795, 8, 99.375000, 128, 152, 
trial0022994, 000600, GDX, 525, 6, 87.500000, ZIC, 1787, 18, 99.277778, ZIP, 942, 8, 117.750000, 125, 130, 
trial0022995, 000600, GDX, 283, 6, 47.166667, ZIC, 1354, 18, 75.222222, ZIP, 1248, 8, 156.000000, 158, 174, 
trial0022996, 000600, GDX, 916, 6, 152.666667, ZIC, 956, 18, 53.111111, ZIP, 906, 8, 113.250000, 121, 158, 
trial0022997, 000600, GDX, 600, 6, 100.000000, ZIC, 1563, 18, 86.833333, ZIP, 862, 8, 107.750000, 124, 141, 
trial0022998, 000600, GDX, 231, 6, 38.500000, ZIC, 1317, 18, 73.166667, ZIP, 593, 8, 74.125000, 161, 178, 
trial0022999, 000600, GDX, 206, 6, 34.333333, ZIC, 1151, 18, 63.944444, ZIP, 990, 8, 123.750000, 146, 148, 
trial0023000, 000600, GDX, 214, 6, 35.666667, ZIC, 1474, 18, 81.888889, ZIP, 609, 8, 76.125000, 172, 173, 
