trial0008501, 000600, AA, 2945, 6, 490.833333, ZIC, 6671, 26, 256.576923, 88, 158, 
trial0008502, 000600, AA, 2514, 6, 419.000000, ZIC, 6534, 26, 251.307692, 147, 152, 
trial0008503, 000600, AA, 1420, 6, 236.666667, ZIC, 7931, 26, 305.038462, 99, 122, 
trial0008504, 000600, AA, 2598, 6, 433.000000, ZIC, 6958, 26, 267.615385, 81, 83, 
trial0008505, 000600, AA, 3365, 6, 560.833333, ZIC, 5252, 26, 202.000000, 128, 138, 
trial0008506, 000600, AA, 1855, 6, 309.166667, ZIC, 7244, 26, 278.615385, 111, 172, 
trial0008507, 000600, AA, 1731, 6, 288.500000, ZIC, 8000, 26, 307.692308, 108, 142, 
trial0008508, 000600, AA, 1887, 6, 314.500000, ZIC, 7340, 26, 282.307692, 88, 118, 
trial0008509, 000600, AA, 1741, 6, 290.166667, ZIC, 7393, 26, 284.346154, 79, 174, 
trial0008510, 000600, AA, 1910, 6, 318.333333, ZIC, 7952, 26, 305.846154, 92, 120, 
trial0008511, 000600, AA, 2396, 6, 399.333333, ZIC, 6487, 26, 249.500000, 107, 111, 
trial0008512, 000600, AA, 2683, 6, 447.166667, ZIC, 6688, 26, 257.230769, 121, 143, 
trial0008513, 000600, AA, 1932, 6, 322.000000, ZIC, 7189, 26, 276.500000, 109, 128, 
trial0008514, 000600, AA, 1878, 6, 313.000000, ZIC, 7695, 26, 295.961538, 112, 143, 
trial0008515, 000600, AA, 2167, 6, 361.166667, ZIC, 7267, 26, 279.500000, 62, 102, 
trial0008516, 000600, AA, 2026, 6, 337.666667, ZIC, 7551, 26, 290.423077, 96, 126, 
trial0008517, 000600, AA, 1582, 6, 263.666667, ZIC, 8258, 26, 317.615385, 73, 167, 
trial0008518, 000600, AA, 174, 6, 29.000000, ZIC, 8725, 26, 335.576923, 125, 134, 
trial0008519, 000600, AA, 2959, 6, 493.166667, ZIC, 6729, 26, 258.807692, 112, 143, 
trial0008520, 000600, AA, 1598, 6, 266.333333, ZIC, 7311, 26, 281.192308, 96, 101, 
trial0008521, 000600, AA, 2463, 6, 410.500000, ZIC, 4782, 26, 183.923077, 146, 210, 
trial0008522, 000600, AA, 1424, 6, 237.333333, ZIC, 6357, 26, 244.500000, 135, 164, 
trial0008523, 000600, AA, 1285, 6, 214.166667, ZIC, 5357, 26, 206.038462, 141, 144, 
trial0008524, 000600, AA, 1330, 6, 221.666667, ZIC, 5880, 26, 226.153846, 100, 131, 
trial0008525, 000600, AA, 1642, 6, 273.666667, ZIC, 5633, 26, 216.653846, 105, 151, 
trial0008526, 000600, AA, 838, 6, 139.666667, ZIC, 5870, 26, 225.769231, 104, 144, 
trial0008527, 000600, AA, 1086, 6, 181.000000, ZIC, 7122, 26, 273.923077, 123, 140, 
trial0008528, 000600, AA, 1431, 6, 238.500000, ZIC, 5923, 26, 227.807692, 96, 123, 
trial0008529, 000600, AA, 1636, 6, 272.666667, ZIC, 5864, 26, 225.538462, 130, 145, 
trial0008530, 000600, AA, 2090, 6, 348.333333, ZIC, 4605, 26, 177.115385, 103, 108, 
trial0008531, 000600, AA, 865, 6, 144.166667, ZIC, 6166, 26, 237.153846, 113, 125, 
trial0008532, 000600, AA, 2784, 6, 464.000000, ZIC, 4573, 26, 175.884615, 95, 180, 
trial0008533, 000600, AA, 2696, 6, 449.333333, ZIC, 4647, 26, 178.730769, 97, 104, 
trial0008534, 000600, AA, 845, 6, 140.833333, ZIC, 6779, 26, 260.730769, 110, 206, 
trial0008535, 000600, AA, 1549, 6, 258.166667, ZIC, 5343, 26, 205.500000, 157, 159, 
trial0008536, 000600, AA, 2136, 6, 356.000000, ZIC, 5678, 26, 218.384615, 130, 155, 
trial0008537, 000600, AA, 1329, 6, 221.500000, ZIC, 5702, 26, 219.307692, 121, 140, 
trial0008538, 000600, AA, 2949, 6, 491.500000, ZIC, 3783, 26, 145.500000, 114, 135, 
trial0008539, 000600, AA, 1918, 6, 319.666667, ZIC, 5379, 26, 206.884615, 122, 127, 
trial0008540, 000600, AA, 1354, 6, 225.666667, ZIC, 6136, 26, 236.000000, 119, 172, 
trial0008541, 000600, AA, 2723, 6, 453.833333, ZIC, 5213, 26, 200.500000, 113, 127, 
trial0008542, 000600, AA, 2118, 6, 353.000000, ZIC, 6288, 26, 241.846154, 114, 156, 
trial0008543, 000600, AA, 2339, 6, 389.833333, ZIC, 5478, 26, 210.692308, 76, 120, 
trial0008544, 000600, AA, 1260, 6, 210.000000, ZIC, 6373, 26, 245.115385, 106, 117, 
trial0008545, 000600, AA, 2542, 6, 423.666667, ZIC, 5252, 26, 202.000000, 78, 135, 
trial0008546, 000600, AA, 1869, 6, 311.500000, ZIC, 5909, 26, 227.269231, 114, 130, 
trial0008547, 000600, AA, 2201, 6, 366.833333, ZIC, 5680, 26, 218.461538, 62, 147, 
trial0008548, 000600, AA, 996, 6, 166.000000, ZIC, 6245, 26, 240.192308, 131, 141, 
trial0008549, 000600, AA, 1628, 6, 271.333333, ZIC, 5608, 26, 215.692308, 148, 155, 
trial0008550, 000600, AA, 1719, 6, 286.500000, ZIC, 6163, 26, 237.038462, 143, 154, 
trial0008551, 000600, AA, 2452, 6, 408.666667, ZIC, 5467, 26, 210.269231, 96, 155, 
trial0008552, 000600, AA, 1681, 6, 280.166667, ZIC, 5692, 26, 218.923077, 122, 134, 
trial0008553, 000600, AA, 1432, 6, 238.666667, ZIC, 5812, 26, 223.538462, 119, 129, 
trial0008554, 000600, AA, 1948, 6, 324.666667, ZIC, 6081, 26, 233.884615, 99, 107, 
trial0008555, 000600, AA, 1836, 6, 306.000000, ZIC, 5595, 26, 215.192308, 104, 107, 
trial0008556, 000600, AA, 552, 6, 92.000000, ZIC, 6566, 26, 252.538462, 117, 134, 
trial0008557, 000600, AA, 1978, 6, 329.666667, ZIC, 5459, 26, 209.961538, 127, 146, 
trial0008558, 000600, AA, 660, 6, 110.000000, ZIC, 6761, 26, 260.038462, 147, 154, 
trial0008559, 000600, AA, 1213, 6, 202.166667, ZIC, 6087, 26, 234.115385, 127, 145, 
trial0008560, 000600, AA, 1426, 6, 237.666667, ZIC, 5691, 26, 218.884615, 87, 111, 
trial0008561, 000600, AA, 204, 6, 34.000000, ZIC, 50, 26, 1.923077, 100, 104, 
trial0008562, 000600, AA, 61, 6, 10.166667, ZIC, 162, 26, 6.230769, 100, 101, 
trial0008563, 000600, AA, 302, 6, 50.333333, ZIC, 39, 26, 1.500000, 72, 104, 
trial0008564, 000600, AA, 154, 6, 25.666667, ZIC, 33, 26, 1.269231, 99, 102, 
trial0008565, 000600, AA, 150, 6, 25.000000, ZIC, 94, 26, 3.615385, 102, 103, 
trial0008566, 000600, AA, 122, 6, 20.333333, ZIC, 166, 26, 6.384615, 100, 102, 
trial0008567, 000600, AA, 283, 6, 47.166667, ZIC, 37, 26, 1.423077, 102, 103, 
trial0008568, 000600, AA, 114, 6, 19.000000, ZIC, 137, 26, 5.269231, 97, 103, 
trial0008569, 000600, AA, 278, 6, 46.333333, ZIC, 58, 26, 2.230769, 81, 115, 
trial0008570, 000600, AA, 166, 6, 27.666667, ZIC, 87, 26, 3.346154, 95, 102, 
trial0008571, 000600, AA, 262, 6, 43.666667, ZIC, 48, 26, 1.846154, 90, 140, 
trial0008572, 000600, AA, 222, 6, 37.000000, ZIC, 34, 26, 1.307692, 102, 104, 
trial0008573, 000600, AA, 196, 6, 32.666667, ZIC, 16, 26, 0.615385, 103, 104, 
trial0008574, 000600, AA, 117, 6, 19.500000, ZIC, 82, 26, 3.153846, 100, 103, 
trial0008575, 000600, AA, 138, 6, 23.000000, ZIC, 190, 26, 7.307692, 101, 104, 
trial0008576, 000600, AA, 149, 6, 24.833333, ZIC, 316, 26, 12.153846, 100, 104, 
trial0008577, 000600, AA, 171, 6, 28.500000, ZIC, 50, 26, 1.923077, 100, 104, 
trial0008578, 000600, AA, 191, 6, 31.833333, ZIC, 23, 26, 0.884615, 102, 104, 
trial0008579, 000600, AA, 56, 6, 9.333333, ZIC, 255, 26, 9.807692, 100, 146, 
trial0008580, 000600, AA, 216, 6, 36.000000, ZIC, 74, 26, 2.846154, 96, 104, 
trial0008581, 000600, AA, 266, 6, 44.333333, ZIC, 4870, 26, 187.307692, 102, 106, 
trial0008582, 000600, AA, 1580, 6, 263.333333, ZIC, 4265, 26, 164.038462, 106, 110, 
trial0008583, 000600, AA, 1407, 6, 234.500000, ZIC, 4163, 26, 160.115385, 89, 103, 
trial0008584, 000600, AA, 1274, 6, 212.333333, ZIC, 4932, 26, 189.692308, 86, 134, 
trial0008585, 000600, AA, 2086, 6, 347.666667, ZIC, 3318, 26, 127.615385, 80, 136, 
trial0008586, 000600, AA, 1813, 6, 302.166667, ZIC, 3715, 26, 142.884615, 102, 104, 
trial0008587, 000600, AA, 598, 6, 99.666667, ZIC, 5165, 26, 198.653846, 83, 98, 
trial0008588, 000600, AA, 557, 6, 92.833333, ZIC, 5075, 26, 195.192308, 76, 100, 
trial0008589, 000600, AA, 628, 6, 104.666667, ZIC, 4720, 26, 181.538462, 93, 98, 
trial0008590, 000600, AA, 1459, 6, 243.166667, ZIC, 4216, 26, 162.153846, 104, 109, 
trial0008591, 000600, AA, 1603, 6, 267.166667, ZIC, 3630, 26, 139.615385, 102, 113, 
trial0008592, 000600, AA, 2293, 6, 382.166667, ZIC, 3070, 26, 118.076923, 68, 94, 
trial0008593, 000600, AA, 2246, 6, 374.333333, ZIC, 3121, 26, 120.038462, 81, 84, 
trial0008594, 000600, AA, 812, 6, 135.333333, ZIC, 4503, 26, 173.192308, 76, 100, 
trial0008595, 000600, AA, 2225, 6, 370.833333, ZIC, 3162, 26, 121.615385, 59, 128, 
trial0008596, 000600, AA, 1468, 6, 244.666667, ZIC, 4075, 26, 156.730769, 95, 114, 
trial0008597, 000600, AA, 1815, 6, 302.500000, ZIC, 3219, 26, 123.807692, 95, 106, 
trial0008598, 000600, AA, 231, 6, 38.500000, ZIC, 5164, 26, 198.615385, 71, 106, 
trial0008599, 000600, AA, 1543, 6, 257.166667, ZIC, 4109, 26, 158.038462, 70, 224, 
trial0008600, 000600, AA, 239, 6, 39.833333, ZIC, 4114, 26, 158.230769, 95, 99, 
trial0008601, 000600, AA, 1096, 6, 182.666667, ZIC, 4774, 26, 183.615385, 140, 156, 
trial0008602, 000600, AA, 1108, 6, 184.666667, ZIC, 5083, 26, 195.500000, 142, 147, 
trial0008603, 000600, AA, 1443, 6, 240.500000, ZIC, 4555, 26, 175.192308, 163, 174, 
trial0008604, 000600, AA, 1930, 6, 321.666667, ZIC, 3291, 26, 126.576923, 158, 160, 
trial0008605, 000600, AA, 1215, 6, 202.500000, ZIC, 5290, 26, 203.461538, 144, 189, 
trial0008606, 000600, AA, 1492, 6, 248.666667, ZIC, 4489, 26, 172.653846, 179, 185, 
trial0008607, 000600, AA, 1133, 6, 188.833333, ZIC, 5463, 26, 210.115385, 152, 175, 
trial0008608, 000600, AA, 2307, 6, 384.500000, ZIC, 3917, 26, 150.653846, 134, 196, 
trial0008609, 000600, AA, 870, 6, 145.000000, ZIC, 5011, 26, 192.730769, 103, 162, 
trial0008610, 000600, AA, 1034, 6, 172.333333, ZIC, 5271, 26, 202.730769, 158, 168, 
trial0008611, 000600, AA, 1354, 6, 225.666667, ZIC, 4683, 26, 180.115385, 124, 195, 
trial0008612, 000600, AA, 1086, 6, 181.000000, ZIC, 5532, 26, 212.769231, 151, 254, 
trial0008613, 000600, AA, 1756, 6, 292.666667, ZIC, 4747, 26, 182.576923, 146, 233, 
trial0008614, 000600, AA, 2646, 6, 441.000000, ZIC, 3622, 26, 139.307692, 155, 173, 
trial0008615, 000600, AA, 2092, 6, 348.666667, ZIC, 3942, 26, 151.615385, 157, 176, 
trial0008616, 000600, AA, 462, 6, 77.000000, ZIC, 5031, 26, 193.500000, 141, 150, 
trial0008617, 000600, AA, 1144, 6, 190.666667, ZIC, 5359, 26, 206.115385, 173, 176, 
trial0008618, 000600, AA, 1709, 6, 284.833333, ZIC, 4247, 26, 163.346154, 159, 170, 
trial0008619, 000600, AA, 1332, 6, 222.000000, ZIC, 4719, 26, 181.500000, 139, 151, 
trial0008620, 000600, AA, 1053, 6, 175.500000, ZIC, 4028, 26, 154.923077, 113, 148, 
trial0008621, 000600, AA, 1579, 6, 263.166667, ZIC, 5683, 26, 218.576923, 117, 128, 
trial0008622, 000600, AA, 1315, 6, 219.166667, ZIC, 6437, 26, 247.576923, 90, 140, 
trial0008623, 000600, AA, 1556, 6, 259.333333, ZIC, 6130, 26, 235.769231, 137, 174, 
trial0008624, 000600, AA, 2506, 6, 417.666667, ZIC, 5458, 26, 209.923077, 80, 140, 
trial0008625, 000600, AA, 234, 6, 39.000000, ZIC, 7795, 26, 299.807692, 150, 169, 
trial0008626, 000600, AA, 2003, 6, 333.833333, ZIC, 5740, 26, 220.769231, 119, 147, 
trial0008627, 000600, AA, 1699, 6, 283.166667, ZIC, 6270, 26, 241.153846, 105, 111, 
trial0008628, 000600, AA, 985, 6, 164.166667, ZIC, 7213, 26, 277.423077, 131, 154, 
trial0008629, 000600, AA, 1781, 6, 296.833333, ZIC, 6069, 26, 233.423077, 92, 200, 
trial0008630, 000600, AA, 2851, 6, 475.166667, ZIC, 5957, 26, 229.115385, 86, 191, 
trial0008631, 000600, AA, 1159, 6, 193.166667, ZIC, 7034, 26, 270.538462, 126, 156, 
trial0008632, 000600, AA, 2071, 6, 345.166667, ZIC, 5289, 26, 203.423077, 67, 107, 
trial0008633, 000600, AA, 2529, 6, 421.500000, ZIC, 5676, 26, 218.307692, 115, 147, 
trial0008634, 000600, AA, 469, 6, 78.166667, ZIC, 7352, 26, 282.769231, 135, 196, 
trial0008635, 000600, AA, 1367, 6, 227.833333, ZIC, 6592, 26, 253.538462, 99, 123, 
trial0008636, 000600, AA, 3525, 6, 587.500000, ZIC, 4091, 26, 157.346154, 114, 143, 
trial0008637, 000600, AA, 1879, 6, 313.166667, ZIC, 6178, 26, 237.615385, 124, 129, 
trial0008638, 000600, AA, 2127, 6, 354.500000, ZIC, 6125, 26, 235.576923, 118, 123, 
trial0008639, 000600, AA, 3009, 6, 501.500000, ZIC, 4986, 26, 191.769231, 117, 128, 
trial0008640, 000600, AA, 1386, 6, 231.000000, ZIC, 6926, 26, 266.384615, 97, 134, 
trial0008641, 000600, AA, 1043, 6, 173.833333, ZIC, 7619, 26, 293.038462, 94, 121, 
trial0008642, 000600, AA, 2160, 6, 360.000000, ZIC, 6015, 26, 231.346154, 101, 151, 
trial0008643, 000600, AA, 2316, 6, 386.000000, ZIC, 5700, 26, 219.230769, 119, 179, 
trial0008644, 000600, AA, 2120, 6, 353.333333, ZIC, 5530, 26, 212.692308, 90, 119, 
trial0008645, 000600, AA, 1354, 6, 225.666667, ZIC, 7147, 26, 274.884615, 117, 135, 
trial0008646, 000600, AA, 890, 6, 148.333333, ZIC, 7366, 26, 283.307692, 92, 151, 
trial0008647, 000600, AA, 2042, 6, 340.333333, ZIC, 6204, 26, 238.615385, 100, 104, 
trial0008648, 000600, AA, 997, 6, 166.166667, ZIC, 7167, 26, 275.653846, 129, 146, 
trial0008649, 000600, AA, 2967, 6, 494.500000, ZIC, 5743, 26, 220.884615, 97, 158, 
trial0008650, 000600, AA, 2295, 6, 382.500000, ZIC, 5465, 26, 210.192308, 112, 124, 
trial0008651, 000600, AA, 152, 6, 25.333333, ZIC, 7363, 26, 283.192308, 116, 147, 
trial0008652, 000600, AA, 2538, 6, 423.000000, ZIC, 6159, 26, 236.884615, 120, 164, 
trial0008653, 000600, AA, 2958, 6, 493.000000, ZIC, 5187, 26, 199.500000, 83, 108, 
trial0008654, 000600, AA, 2077, 6, 346.166667, ZIC, 5771, 26, 221.961538, 109, 114, 
trial0008655, 000600, AA, 1205, 6, 200.833333, ZIC, 7105, 26, 273.269231, 126, 152, 
trial0008656, 000600, AA, 2938, 6, 489.666667, ZIC, 5478, 26, 210.692308, 130, 131, 
trial0008657, 000600, AA, 1940, 6, 323.333333, ZIC, 6038, 26, 232.230769, 89, 170, 
trial0008658, 000600, AA, 1648, 6, 274.666667, ZIC, 6809, 26, 261.884615, 85, 125, 
trial0008659, 000600, AA, 2935, 6, 489.166667, ZIC, 5660, 26, 217.692308, 99, 107, 
trial0008660, 000600, AA, 2799, 6, 466.500000, ZIC, 5741, 26, 220.807692, 74, 127, 
trial0008661, 000600, AA, 1367, 6, 227.833333, ZIC, 2613, 26, 100.500000, 100, 159, 
trial0008662, 000600, AA, 784, 6, 130.666667, ZIC, 3662, 26, 140.846154, 89, 129, 
trial0008663, 000600, AA, 2034, 6, 339.000000, ZIC, 2348, 26, 90.307692, 72, 88, 
trial0008664, 000600, AA, 1052, 6, 175.333333, ZIC, 3189, 26, 122.653846, 72, 116, 
trial0008665, 000600, AA, 326, 6, 54.333333, ZIC, 3534, 26, 135.923077, 65, 89, 
trial0008666, 000600, AA, 1719, 6, 286.500000, ZIC, 2492, 26, 95.846154, 67, 72, 
trial0008667, 000600, AA, 1083, 6, 180.500000, ZIC, 2852, 26, 109.692308, 90, 103, 
trial0008668, 000600, AA, 436, 6, 72.666667, ZIC, 3541, 26, 136.192308, 80, 86, 
trial0008669, 000600, AA, 1111, 6, 185.166667, ZIC, 2790, 26, 107.307692, 63, 92, 
trial0008670, 000600, AA, 806, 6, 134.333333, ZIC, 2857, 26, 109.884615, 90, 91, 
trial0008671, 000600, AA, 824, 6, 137.333333, ZIC, 2808, 26, 108.000000, 94, 97, 
trial0008672, 000600, AA, 1959, 6, 326.500000, ZIC, 2327, 26, 89.500000, 72, 74, 
trial0008673, 000600, AA, 257, 6, 42.833333, ZIC, 3133, 26, 120.500000, 87, 88, 
trial0008674, 000600, AA, 495, 6, 82.500000, ZIC, 3073, 26, 118.192308, 74, 128, 
trial0008675, 000600, AA, 404, 6, 67.333333, ZIC, 3503, 26, 134.730769, 95, 117, 
trial0008676, 000600, AA, 848, 6, 141.333333, ZIC, 2882, 26, 110.846154, 70, 112, 
trial0008677, 000600, AA, 1712, 6, 285.333333, ZIC, 2111, 26, 81.192308, 76, 99, 
trial0008678, 000600, AA, 1138, 6, 189.666667, ZIC, 2844, 26, 109.384615, 56, 83, 
trial0008679, 000600, AA, 1051, 6, 175.166667, ZIC, 2784, 26, 107.076923, 75, 120, 
trial0008680, 000600, AA, 1899, 6, 316.500000, ZIC, 2214, 26, 85.153846, 77, 123, 
trial0008681, 000600, AA, 521, 6, 86.833333, ZIC, 5402, 26, 207.769231, 63, 95, 
trial0008682, 000600, AA, 1246, 6, 207.666667, ZIC, 4491, 26, 172.730769, 88, 120, 
trial0008683, 000600, AA, 611, 6, 101.833333, ZIC, 5047, 26, 194.115385, 91, 181, 
trial0008684, 000600, AA, 1484, 6, 247.333333, ZIC, 4576, 26, 176.000000, 96, 103, 
trial0008685, 000600, AA, 1807, 6, 301.166667, ZIC, 4476, 26, 172.153846, 77, 91, 
trial0008686, 000600, AA, 858, 6, 143.000000, ZIC, 4954, 26, 190.538462, 95, 98, 
trial0008687, 000600, AA, 1802, 6, 300.333333, ZIC, 3764, 26, 144.769231, 90, 126, 
trial0008688, 000600, AA, 2609, 6, 434.833333, ZIC, 3736, 26, 143.692308, 69, 85, 
trial0008689, 000600, AA, 1120, 6, 186.666667, ZIC, 4221, 26, 162.346154, 103, 106, 
trial0008690, 000600, AA, 1488, 6, 248.000000, ZIC, 4597, 26, 176.807692, 85, 118, 
trial0008691, 000600, AA, 499, 6, 83.166667, ZIC, 5884, 26, 226.307692, 70, 90, 
trial0008692, 000600, AA, 1514, 6, 252.333333, ZIC, 4210, 26, 161.923077, 129, 152, 
trial0008693, 000600, AA, 1862, 6, 310.333333, ZIC, 4365, 26, 167.884615, 74, 134, 
trial0008694, 000600, AA, 709, 6, 118.166667, ZIC, 5376, 26, 206.769231, 74, 100, 
trial0008695, 000600, AA, 903, 6, 150.500000, ZIC, 4687, 26, 180.269231, 65, 85, 
trial0008696, 000600, AA, 1325, 6, 220.833333, ZIC, 4098, 26, 157.615385, 66, 113, 
trial0008697, 000600, AA, 1050, 6, 175.000000, ZIC, 4827, 26, 185.653846, 73, 152, 
trial0008698, 000600, AA, 627, 6, 104.500000, ZIC, 4573, 26, 175.884615, 68, 90, 
trial0008699, 000600, AA, 2405, 6, 400.833333, ZIC, 3383, 26, 130.115385, 87, 92, 
trial0008700, 000600, AA, 1163, 6, 193.833333, ZIC, 4021, 26, 154.653846, 53, 85, 
trial0008701, 000600, AA, 1543, 6, 257.166667, ZIC, 2560, 26, 98.461538, 88, 132, 
trial0008702, 000600, AA, 1964, 6, 327.333333, ZIC, 2217, 26, 85.269231, 158, 160, 
trial0008703, 000600, AA, 1134, 6, 189.000000, ZIC, 2543, 26, 97.807692, 95, 134, 
trial0008704, 000600, AA, 433, 6, 72.166667, ZIC, 2995, 26, 115.192308, 99, 113, 
trial0008705, 000600, AA, 772, 6, 128.666667, ZIC, 3084, 26, 118.615385, 111, 156, 
trial0008706, 000600, AA, 787, 6, 131.166667, ZIC, 3584, 26, 137.846154, 102, 140, 
trial0008707, 000600, AA, 1333, 6, 222.166667, ZIC, 2774, 26, 106.692308, 90, 123, 
trial0008708, 000600, AA, 478, 6, 79.666667, ZIC, 3180, 26, 122.307692, 128, 153, 
trial0008709, 000600, AA, 1526, 6, 254.333333, ZIC, 2676, 26, 102.923077, 110, 115, 
trial0008710, 000600, AA, 1538, 6, 256.333333, ZIC, 2343, 26, 90.115385, 107, 180, 
trial0008711, 000600, AA, 1435, 6, 239.166667, ZIC, 2604, 26, 100.153846, 138, 140, 
trial0008712, 000600, AA, 514, 6, 85.666667, ZIC, 3093, 26, 118.961538, 122, 151, 
trial0008713, 000600, AA, 1619, 6, 269.833333, ZIC, 2229, 26, 85.730769, 89, 113, 
trial0008714, 000600, AA, 561, 6, 93.500000, ZIC, 3609, 26, 138.807692, 126, 135, 
trial0008715, 000600, AA, 1783, 6, 297.166667, ZIC, 2044, 26, 78.615385, 107, 136, 
trial0008716, 000600, AA, 1001, 6, 166.833333, ZIC, 3096, 26, 119.076923, 115, 132, 
trial0008717, 000600, AA, 796, 6, 132.666667, ZIC, 2804, 26, 107.846154, 116, 140, 
trial0008718, 000600, AA, 574, 6, 95.666667, ZIC, 2958, 26, 113.769231, 109, 124, 
trial0008719, 000600, AA, 585, 6, 97.500000, ZIC, 3135, 26, 120.576923, 122, 132, 
trial0008720, 000600, AA, 847, 6, 141.166667, ZIC, 3268, 26, 125.692308, 112, 144, 
trial0008721, 000600, AA, 1497, 6, 249.500000, ZIC, 3218, 26, 123.769231, 100, 107, 
trial0008722, 000600, AA, 1413, 6, 235.500000, ZIC, 2557, 26, 98.346154, 114, 131, 
trial0008723, 000600, AA, 1545, 6, 257.500000, ZIC, 2768, 26, 106.461538, 110, 122, 
trial0008724, 000600, AA, 1009, 6, 168.166667, ZIC, 2942, 26, 113.153846, 101, 113, 
trial0008725, 000600, AA, 1424, 6, 237.333333, ZIC, 2508, 26, 96.461538, 118, 163, 
trial0008726, 000600, AA, 610, 6, 101.666667, ZIC, 3767, 26, 144.884615, 120, 137, 
trial0008727, 000600, AA, 1741, 6, 290.166667, ZIC, 2744, 26, 105.538462, 100, 117, 
trial0008728, 000600, AA, 1165, 6, 194.166667, ZIC, 2773, 26, 106.653846, 93, 107, 
trial0008729, 000600, AA, 1612, 6, 268.666667, ZIC, 2487, 26, 95.653846, 103, 131, 
trial0008730, 000600, AA, 1237, 6, 206.166667, ZIC, 2543, 26, 97.807692, 111, 119, 
trial0008731, 000600, AA, 1097, 6, 182.833333, ZIC, 3312, 26, 127.384615, 126, 134, 
trial0008732, 000600, AA, 1051, 6, 175.166667, ZIC, 2815, 26, 108.269231, 98, 177, 
trial0008733, 000600, AA, 1052, 6, 175.333333, ZIC, 3099, 26, 119.192308, 129, 141, 
trial0008734, 000600, AA, 1210, 6, 201.666667, ZIC, 3040, 26, 116.923077, 115, 131, 
trial0008735, 000600, AA, 655, 6, 109.166667, ZIC, 3248, 26, 124.923077, 118, 140, 
trial0008736, 000600, AA, 1655, 6, 275.833333, ZIC, 2223, 26, 85.500000, 119, 152, 
trial0008737, 000600, AA, 1353, 6, 225.500000, ZIC, 3163, 26, 121.653846, 96, 122, 
trial0008738, 000600, AA, 683, 6, 113.833333, ZIC, 3444, 26, 132.461538, 145, 167, 
trial0008739, 000600, AA, 1251, 6, 208.500000, ZIC, 2506, 26, 96.384615, 125, 138, 
trial0008740, 000600, AA, 935, 6, 155.833333, ZIC, 2984, 26, 114.769231, 110, 115, 
trial0008741, 000600, AA, 1663, 6, 277.166667, ZIC, 2882, 26, 110.846154, 121, 144, 
trial0008742, 000600, AA, 1082, 6, 180.333333, ZIC, 3562, 26, 137.000000, 115, 146, 
trial0008743, 000600, AA, 570, 6, 95.000000, ZIC, 3786, 26, 145.615385, 101, 126, 
trial0008744, 000600, AA, 1297, 6, 216.166667, ZIC, 2334, 26, 89.769231, 111, 130, 
trial0008745, 000600, AA, 1108, 6, 184.666667, ZIC, 3048, 26, 117.230769, 140, 220, 
trial0008746, 000600, AA, 1565, 6, 260.833333, ZIC, 2371, 26, 91.192308, 137, 155, 
trial0008747, 000600, AA, 423, 6, 70.500000, ZIC, 3304, 26, 127.076923, 114, 125, 
trial0008748, 000600, AA, 1514, 6, 252.333333, ZIC, 2515, 26, 96.730769, 127, 153, 
trial0008749, 000600, AA, 2048, 6, 341.333333, ZIC, 2249, 26, 86.500000, 118, 132, 
trial0008750, 000600, AA, 1374, 6, 229.000000, ZIC, 2855, 26, 109.807692, 140, 167, 
trial0008751, 000600, AA, 417, 6, 69.500000, ZIC, 3208, 26, 123.384615, 125, 139, 
trial0008752, 000600, AA, 1766, 6, 294.333333, ZIC, 2663, 26, 102.423077, 115, 119, 
trial0008753, 000600, AA, 1088, 6, 181.333333, ZIC, 2538, 26, 97.615385, 137, 138, 
trial0008754, 000600, AA, 564, 6, 94.000000, ZIC, 3222, 26, 123.923077, 127, 134, 
trial0008755, 000600, AA, 1511, 6, 251.833333, ZIC, 2677, 26, 102.961538, 109, 129, 
trial0008756, 000600, AA, 1454, 6, 242.333333, ZIC, 2743, 26, 105.500000, 109, 130, 
trial0008757, 000600, AA, 1178, 6, 196.333333, ZIC, 2755, 26, 105.961538, 115, 122, 
trial0008758, 000600, AA, 1779, 6, 296.500000, ZIC, 2402, 26, 92.384615, 126, 133, 
trial0008759, 000600, AA, 1156, 6, 192.666667, ZIC, 2341, 26, 90.038462, 117, 128, 
trial0008760, 000600, AA, 120, 6, 20.000000, ZIC, 3527, 26, 135.653846, 135, 138, 
trial0008761, 000600, AA, 1271, 6, 211.833333, ZIC, 4874, 26, 187.461538, 100, 140, 
trial0008762, 000600, AA, 888, 6, 148.000000, ZIC, 4906, 26, 188.692308, 130, 137, 
trial0008763, 000600, AA, 1265, 6, 210.833333, ZIC, 4638, 26, 178.384615, 120, 145, 
trial0008764, 000600, AA, 1902, 6, 317.000000, ZIC, 5003, 26, 192.423077, 103, 147, 
trial0008765, 000600, AA, 2958, 6, 493.000000, ZIC, 3323, 26, 127.807692, 144, 175, 
trial0008766, 000600, AA, 1502, 6, 250.333333, ZIC, 4975, 26, 191.346154, 76, 109, 
trial0008767, 000600, AA, 1861, 6, 310.166667, ZIC, 4481, 26, 172.346154, 88, 125, 
trial0008768, 000600, AA, 849, 6, 141.500000, ZIC, 5496, 26, 211.384615, 90, 186, 
trial0008769, 000600, AA, 417, 6, 69.500000, ZIC, 5211, 26, 200.423077, 126, 139, 
trial0008770, 000600, AA, 1179, 6, 196.500000, ZIC, 5210, 26, 200.384615, 112, 131, 
trial0008771, 000600, AA, 2530, 6, 421.666667, ZIC, 4170, 26, 160.384615, 121, 226, 
trial0008772, 000600, AA, 1237, 6, 206.166667, ZIC, 5256, 26, 202.153846, 130, 142, 
trial0008773, 000600, AA, 1808, 6, 301.333333, ZIC, 4880, 26, 187.692308, 111, 151, 
trial0008774, 000600, AA, 2506, 6, 417.666667, ZIC, 3797, 26, 146.038462, 130, 150, 
trial0008775, 000600, AA, 1427, 6, 237.833333, ZIC, 4787, 26, 184.115385, 114, 187, 
trial0008776, 000600, AA, 2773, 6, 462.166667, ZIC, 3822, 26, 147.000000, 129, 136, 
trial0008777, 000600, AA, 2081, 6, 346.833333, ZIC, 4787, 26, 184.115385, 140, 142, 
trial0008778, 000600, AA, 2235, 6, 372.500000, ZIC, 4875, 26, 187.500000, 110, 122, 
trial0008779, 000600, AA, 1815, 6, 302.500000, ZIC, 5074, 26, 195.153846, 119, 168, 
trial0008780, 000600, AA, 2873, 6, 478.833333, ZIC, 4018, 26, 154.538462, 118, 210, 
trial0008781, 000600, AA, 2204, 6, 367.333333, ZIC, 4870, 26, 187.307692, 89, 102, 
trial0008782, 000600, AA, 487, 6, 81.166667, ZIC, 6274, 26, 241.307692, 69, 149, 
trial0008783, 000600, AA, 1962, 6, 327.000000, ZIC, 4937, 26, 189.884615, 114, 170, 
trial0008784, 000600, AA, 1743, 6, 290.500000, ZIC, 5624, 26, 216.307692, 113, 180, 
trial0008785, 000600, AA, 387, 6, 64.500000, ZIC, 5970, 26, 229.615385, 97, 115, 
trial0008786, 000600, AA, 1528, 6, 254.666667, ZIC, 5570, 26, 214.230769, 86, 120, 
trial0008787, 000600, AA, 1136, 6, 189.333333, ZIC, 6138, 26, 236.076923, 125, 126, 
trial0008788, 000600, AA, 1651, 6, 275.166667, ZIC, 5519, 26, 212.269231, 123, 139, 
trial0008789, 000600, AA, 2843, 6, 473.833333, ZIC, 4871, 26, 187.346154, 106, 168, 
trial0008790, 000600, AA, 675, 6, 112.500000, ZIC, 5837, 26, 224.500000, 119, 127, 
trial0008791, 000600, AA, 1285, 6, 214.166667, ZIC, 5743, 26, 220.884615, 114, 118, 
trial0008792, 000600, AA, 2496, 6, 416.000000, ZIC, 5122, 26, 197.000000, 108, 118, 
trial0008793, 000600, AA, 941, 6, 156.833333, ZIC, 5976, 26, 229.846154, 96, 132, 
trial0008794, 000600, AA, 1779, 6, 296.500000, ZIC, 5272, 26, 202.769231, 65, 102, 
trial0008795, 000600, AA, 1209, 6, 201.500000, ZIC, 5728, 26, 220.307692, 119, 142, 
trial0008796, 000600, AA, 702, 6, 117.000000, ZIC, 6501, 26, 250.038462, 98, 108, 
trial0008797, 000600, AA, 984, 6, 164.000000, ZIC, 5896, 26, 226.769231, 99, 140, 
trial0008798, 000600, AA, 2552, 6, 425.333333, ZIC, 4851, 26, 186.576923, 92, 110, 
trial0008799, 000600, AA, 2264, 6, 377.333333, ZIC, 5242, 26, 201.615385, 110, 169, 
trial0008800, 000600, AA, 701, 6, 116.833333, ZIC, 6641, 26, 255.423077, 133, 151, 
trial0008801, 000600, AA, 1413, 6, 235.500000, ZIC, 8053, 26, 309.730769, 101, 148, 
trial0008802, 000600, AA, 2167, 6, 361.166667, ZIC, 6868, 26, 264.153846, 131, 176, 
trial0008803, 000600, AA, 2165, 6, 360.833333, ZIC, 6121, 26, 235.423077, 128, 147, 
trial0008804, 000600, AA, 1906, 6, 317.666667, ZIC, 7371, 26, 283.500000, 95, 155, 
trial0008805, 000600, AA, 1530, 6, 255.000000, ZIC, 7680, 26, 295.384615, 130, 137, 
trial0008806, 000600, AA, 183, 6, 30.500000, ZIC, 8275, 26, 318.269231, 125, 186, 
trial0008807, 000600, AA, 1593, 6, 265.500000, ZIC, 6949, 26, 267.269231, 149, 178, 
trial0008808, 000600, AA, 2933, 6, 488.833333, ZIC, 5852, 26, 225.076923, 152, 198, 
trial0008809, 000600, AA, 1642, 6, 273.666667, ZIC, 7456, 26, 286.769231, 98, 152, 
trial0008810, 000600, AA, 3968, 6, 661.333333, ZIC, 4793, 26, 184.346154, 106, 108, 
trial0008811, 000600, AA, 2427, 6, 404.500000, ZIC, 6203, 26, 238.576923, 103, 134, 
trial0008812, 000600, AA, 2843, 6, 473.833333, ZIC, 5714, 26, 219.769231, 114, 160, 
trial0008813, 000600, AA, 4555, 6, 759.166667, ZIC, 4456, 26, 171.384615, 97, 127, 
trial0008814, 000600, AA, 2538, 6, 423.000000, ZIC, 6527, 26, 251.038462, 105, 127, 
trial0008815, 000600, AA, 1199, 6, 199.833333, ZIC, 8596, 26, 330.615385, 122, 150, 
trial0008816, 000600, AA, 1302, 6, 217.000000, ZIC, 7062, 26, 271.615385, 162, 194, 
trial0008817, 000600, AA, 2619, 6, 436.500000, ZIC, 6662, 26, 256.230769, 144, 157, 
trial0008818, 000600, AA, 1207, 6, 201.166667, ZIC, 7440, 26, 286.153846, 144, 164, 
trial0008819, 000600, AA, 1676, 6, 279.333333, ZIC, 6535, 26, 251.346154, 115, 127, 
trial0008820, 000600, AA, 2466, 6, 411.000000, ZIC, 6796, 26, 261.384615, 69, 104, 
trial0008821, 000600, AA, 1135, 6, 189.166667, ZIC, 2756, 26, 106.000000, 97, 149, 
trial0008822, 000600, AA, 1182, 6, 197.000000, ZIC, 2723, 26, 104.730769, 90, 103, 
trial0008823, 000600, AA, 242, 6, 40.333333, ZIC, 2963, 26, 113.961538, 90, 104, 
trial0008824, 000600, AA, 1590, 6, 265.000000, ZIC, 2020, 26, 77.692308, 88, 135, 
trial0008825, 000600, AA, 1198, 6, 199.666667, ZIC, 2877, 26, 110.653846, 68, 70, 
trial0008826, 000600, AA, 941, 6, 156.833333, ZIC, 2718, 26, 104.538462, 80, 119, 
trial0008827, 000600, AA, 1039, 6, 173.166667, ZIC, 2565, 26, 98.653846, 90, 97, 
trial0008828, 000600, AA, 1338, 6, 223.000000, ZIC, 2120, 26, 81.538462, 84, 87, 
trial0008829, 000600, AA, 593, 6, 98.833333, ZIC, 2956, 26, 113.692308, 73, 85, 
trial0008830, 000600, AA, 735, 6, 122.500000, ZIC, 2697, 26, 103.730769, 87, 92, 
trial0008831, 000600, AA, 961, 6, 160.166667, ZIC, 2924, 26, 112.461538, 60, 87, 
trial0008832, 000600, AA, 758, 6, 126.333333, ZIC, 3339, 26, 128.423077, 87, 124, 
trial0008833, 000600, AA, 1487, 6, 247.833333, ZIC, 2424, 26, 93.230769, 68, 83, 
trial0008834, 000600, AA, 1353, 6, 225.500000, ZIC, 2799, 26, 107.653846, 73, 127, 
trial0008835, 000600, AA, 339, 6, 56.500000, ZIC, 2782, 26, 107.000000, 76, 116, 
trial0008836, 000600, AA, 1251, 6, 208.500000, ZIC, 1893, 26, 72.807692, 73, 83, 
trial0008837, 000600, AA, 1761, 6, 293.500000, ZIC, 1857, 26, 71.423077, 101, 118, 
trial0008838, 000600, AA, 478, 6, 79.666667, ZIC, 3243, 26, 124.730769, 71, 84, 
trial0008839, 000600, AA, 858, 6, 143.000000, ZIC, 2913, 26, 112.038462, 66, 104, 
trial0008840, 000600, AA, 395, 6, 65.833333, ZIC, 3697, 26, 142.192308, 77, 93, 
trial0008841, 000600, AA, 391, 6, 65.166667, ZIC, 2192, 26, 84.307692, 135, 149, 
trial0008842, 000600, AA, 1104, 6, 184.000000, ZIC, 1573, 26, 60.500000, 123, 153, 
trial0008843, 000600, AA, 588, 6, 98.000000, ZIC, 1879, 26, 72.269231, 124, 138, 
trial0008844, 000600, AA, 1333, 6, 222.166667, ZIC, 1652, 26, 63.538462, 121, 131, 
trial0008845, 000600, AA, 574, 6, 95.666667, ZIC, 1929, 26, 74.192308, 123, 124, 
trial0008846, 000600, AA, 869, 6, 144.833333, ZIC, 1881, 26, 72.346154, 115, 117, 
trial0008847, 000600, AA, 459, 6, 76.500000, ZIC, 1946, 26, 74.846154, 119, 145, 
trial0008848, 000600, AA, 1229, 6, 204.833333, ZIC, 1302, 26, 50.076923, 146, 148, 
trial0008849, 000600, AA, 300, 6, 50.000000, ZIC, 2489, 26, 95.730769, 127, 134, 
trial0008850, 000600, AA, 599, 6, 99.833333, ZIC, 2018, 26, 77.615385, 115, 200, 
trial0008851, 000600, AA, 601, 6, 100.166667, ZIC, 1875, 26, 72.115385, 131, 135, 
trial0008852, 000600, AA, 1242, 6, 207.000000, ZIC, 1392, 26, 53.538462, 135, 167, 
trial0008853, 000600, AA, 1493, 6, 248.833333, ZIC, 1426, 26, 54.846154, 93, 136, 
trial0008854, 000600, AA, 880, 6, 146.666667, ZIC, 2027, 26, 77.961538, 131, 140, 
trial0008855, 000600, AA, 1250, 6, 208.333333, ZIC, 1324, 26, 50.923077, 109, 137, 
trial0008856, 000600, AA, 392, 6, 65.333333, ZIC, 2170, 26, 83.461538, 123, 135, 
trial0008857, 000600, AA, 854, 6, 142.333333, ZIC, 1743, 26, 67.038462, 124, 131, 
trial0008858, 000600, AA, 369, 6, 61.500000, ZIC, 1772, 26, 68.153846, 108, 144, 
trial0008859, 000600, AA, 1398, 6, 233.000000, ZIC, 1728, 26, 66.461538, 129, 138, 
trial0008860, 000600, AA, 475, 6, 79.166667, ZIC, 2059, 26, 79.192308, 107, 130, 
trial0008861, 000600, AA, 2243, 6, 373.833333, ZIC, 3315, 26, 127.500000, 105, 164, 
trial0008862, 000600, AA, 704, 6, 117.333333, ZIC, 4465, 26, 171.730769, 156, 164, 
trial0008863, 000600, AA, 855, 6, 142.500000, ZIC, 4083, 26, 157.038462, 135, 142, 
trial0008864, 000600, AA, 1801, 6, 300.166667, ZIC, 2821, 26, 108.500000, 103, 168, 
trial0008865, 000600, AA, 1971, 6, 328.500000, ZIC, 3694, 26, 142.076923, 151, 202, 
trial0008866, 000600, AA, 712, 6, 118.666667, ZIC, 3808, 26, 146.461538, 153, 175, 
trial0008867, 000600, AA, 1544, 6, 257.333333, ZIC, 3955, 26, 152.115385, 130, 160, 
trial0008868, 000600, AA, 1911, 6, 318.500000, ZIC, 2770, 26, 106.538462, 150, 151, 
trial0008869, 000600, AA, 1447, 6, 241.166667, ZIC, 4119, 26, 158.423077, 136, 158, 
trial0008870, 000600, AA, 975, 6, 162.500000, ZIC, 4214, 26, 162.076923, 112, 187, 
trial0008871, 000600, AA, 1205, 6, 200.833333, ZIC, 4468, 26, 171.846154, 152, 168, 
trial0008872, 000600, AA, 1298, 6, 216.333333, ZIC, 4331, 26, 166.576923, 126, 181, 
trial0008873, 000600, AA, 896, 6, 149.333333, ZIC, 3912, 26, 150.461538, 175, 176, 
trial0008874, 000600, AA, 1092, 6, 182.000000, ZIC, 4099, 26, 157.653846, 151, 176, 
trial0008875, 000600, AA, 1423, 6, 237.166667, ZIC, 4256, 26, 163.692308, 163, 233, 
trial0008876, 000600, AA, 720, 6, 120.000000, ZIC, 4847, 26, 186.423077, 130, 168, 
trial0008877, 000600, AA, 1965, 6, 327.500000, ZIC, 4113, 26, 158.192308, 152, 205, 
trial0008878, 000600, AA, 483, 6, 80.500000, ZIC, 4489, 26, 172.653846, 174, 184, 
trial0008879, 000600, AA, 204, 6, 34.000000, ZIC, 5060, 26, 194.615385, 126, 158, 
trial0008880, 000600, AA, 2068, 6, 344.666667, ZIC, 3003, 26, 115.500000, 157, 160, 
trial0008881, 000600, AA, 1602, 6, 267.000000, ZIC, 4186, 26, 161.000000, 89, 123, 
trial0008882, 000600, AA, 1601, 6, 266.833333, ZIC, 3880, 26, 149.230769, 78, 139, 
trial0008883, 000600, AA, 991, 6, 165.166667, ZIC, 4289, 26, 164.961538, 95, 151, 
trial0008884, 000600, AA, 1589, 6, 264.833333, ZIC, 3777, 26, 145.269231, 101, 115, 
trial0008885, 000600, AA, 2834, 6, 472.333333, ZIC, 3749, 26, 144.192308, 87, 131, 
trial0008886, 000600, AA, 490, 6, 81.666667, ZIC, 5101, 26, 196.192308, 63, 101, 
trial0008887, 000600, AA, 1079, 6, 179.833333, ZIC, 3796, 26, 146.000000, 78, 109, 
trial0008888, 000600, AA, 1199, 6, 199.833333, ZIC, 4979, 26, 191.500000, 87, 117, 
trial0008889, 000600, AA, 1466, 6, 244.333333, ZIC, 3874, 26, 149.000000, 87, 127, 
trial0008890, 000600, AA, 597, 6, 99.500000, ZIC, 4549, 26, 174.961538, 88, 95, 
trial0008891, 000600, AA, 707, 6, 117.833333, ZIC, 5110, 26, 196.538462, 88, 108, 
trial0008892, 000600, AA, 2606, 6, 434.333333, ZIC, 3478, 26, 133.769231, 106, 170, 
trial0008893, 000600, AA, 1031, 6, 171.833333, ZIC, 4385, 26, 168.653846, 90, 99, 
trial0008894, 000600, AA, 2501, 6, 416.833333, ZIC, 2801, 26, 107.730769, 73, 93, 
trial0008895, 000600, AA, 1711, 6, 285.166667, ZIC, 4327, 26, 166.423077, 81, 132, 
trial0008896, 000600, AA, 846, 6, 141.000000, ZIC, 4275, 26, 164.423077, 80, 121, 
trial0008897, 000600, AA, 1490, 6, 248.333333, ZIC, 3751, 26, 144.269231, 87, 110, 
trial0008898, 000600, AA, 2187, 6, 364.500000, ZIC, 3598, 26, 138.384615, 80, 85, 
trial0008899, 000600, AA, 672, 6, 112.000000, ZIC, 4751, 26, 182.730769, 104, 137, 
trial0008900, 000600, AA, 905, 6, 150.833333, ZIC, 4724, 26, 181.692308, 78, 104, 
trial0008901, 000600, AA, 458, 6, 76.333333, ZIC, 589, 26, 22.653846, 102, 173, 
trial0008902, 000600, AA, 246, 6, 41.000000, ZIC, 692, 26, 26.615385, 105, 108, 
trial0008903, 000600, AA, 253, 6, 42.166667, ZIC, 578, 26, 22.230769, 103, 106, 
trial0008904, 000600, AA, 303, 6, 50.500000, ZIC, 234, 26, 9.000000, 108, 109, 
trial0008905, 000600, AA, 418, 6, 69.666667, ZIC, 472, 26, 18.153846, 99, 103, 
trial0008906, 000600, AA, 17, 6, 2.833333, ZIC, 459, 26, 17.653846, 111, 119, 
trial0008907, 000600, AA, 573, 6, 95.500000, ZIC, 525, 26, 20.192308, 116, 142, 
trial0008908, 000600, AA, 235, 6, 39.166667, ZIC, 448, 26, 17.230769, 98, 112, 
trial0008909, 000600, AA, 586, 6, 97.666667, ZIC, 503, 26, 19.346154, 93, 100, 
trial0008910, 000600, AA, 337, 6, 56.166667, ZIC, 510, 26, 19.615385, 98, 107, 
trial0008911, 000600, AA, 320, 6, 53.333333, ZIC, 363, 26, 13.961538, 107, 108, 
trial0008912, 000600, AA, 198, 6, 33.000000, ZIC, 286, 26, 11.000000, 98, 108, 
trial0008913, 000600, AA, 481, 6, 80.166667, ZIC, 508, 26, 19.538462, 109, 111, 
trial0008914, 000600, AA, 443, 6, 73.833333, ZIC, 337, 26, 12.961538, 101, 109, 
trial0008915, 000600, AA, 138, 6, 23.000000, ZIC, 518, 26, 19.923077, 101, 103, 
trial0008916, 000600, AA, 407, 6, 67.833333, ZIC, 404, 26, 15.538462, 109, 113, 
trial0008917, 000600, AA, 263, 6, 43.833333, ZIC, 482, 26, 18.538462, 128, 130, 
trial0008918, 000600, AA, 354, 6, 59.000000, ZIC, 373, 26, 14.346154, 109, 118, 
trial0008919, 000600, AA, 429, 6, 71.500000, ZIC, 476, 26, 18.307692, 106, 109, 
trial0008920, 000600, AA, 336, 6, 56.000000, ZIC, 603, 26, 23.192308, 97, 100, 
trial0008921, 000600, AA, 1487, 6, 247.833333, ZIC, 3640, 26, 140.000000, 112, 128, 
trial0008922, 000600, AA, 809, 6, 134.833333, ZIC, 3735, 26, 143.653846, 95, 112, 
trial0008923, 000600, AA, 2357, 6, 392.833333, ZIC, 3598, 26, 138.384615, 121, 166, 
trial0008924, 000600, AA, 522, 6, 87.000000, ZIC, 4371, 26, 168.115385, 102, 127, 
trial0008925, 000600, AA, 963, 6, 160.500000, ZIC, 4512, 26, 173.538462, 99, 148, 
trial0008926, 000600, AA, 2228, 6, 371.333333, ZIC, 3314, 26, 127.461538, 113, 159, 
trial0008927, 000600, AA, 1786, 6, 297.666667, ZIC, 3394, 26, 130.538462, 91, 156, 
trial0008928, 000600, AA, 810, 6, 135.000000, ZIC, 4148, 26, 159.538462, 95, 155, 
trial0008929, 000600, AA, 506, 6, 84.333333, ZIC, 4276, 26, 164.461538, 83, 101, 
trial0008930, 000600, AA, 1430, 6, 238.333333, ZIC, 3449, 26, 132.653846, 93, 109, 
trial0008931, 000600, AA, 1309, 6, 218.166667, ZIC, 4274, 26, 164.384615, 104, 126, 
trial0008932, 000600, AA, 993, 6, 165.500000, ZIC, 4081, 26, 156.961538, 92, 100, 
trial0008933, 000600, AA, 939, 6, 156.500000, ZIC, 4433, 26, 170.500000, 104, 169, 
trial0008934, 000600, AA, 1205, 6, 200.833333, ZIC, 3701, 26, 142.346154, 101, 145, 
trial0008935, 000600, AA, 1299, 6, 216.500000, ZIC, 3477, 26, 133.730769, 75, 139, 
trial0008936, 000600, AA, 655, 6, 109.166667, ZIC, 4831, 26, 185.807692, 104, 138, 
trial0008937, 000600, AA, 979, 6, 163.166667, ZIC, 3663, 26, 140.884615, 111, 119, 
trial0008938, 000600, AA, 1184, 6, 197.333333, ZIC, 4137, 26, 159.115385, 78, 111, 
trial0008939, 000600, AA, 1149, 6, 191.500000, ZIC, 4358, 26, 167.615385, 103, 112, 
trial0008940, 000600, AA, 2824, 6, 470.666667, ZIC, 2457, 26, 94.500000, 69, 106, 
trial0008941, 000600, AA, 984, 6, 164.000000, ZIC, 3498, 26, 134.538462, 84, 134, 
trial0008942, 000600, AA, 2015, 6, 335.833333, ZIC, 3116, 26, 119.846154, 51, 81, 
trial0008943, 000600, AA, 1112, 6, 185.333333, ZIC, 3875, 26, 149.038462, 95, 100, 
trial0008944, 000600, AA, 800, 6, 133.333333, ZIC, 3667, 26, 141.038462, 77, 89, 
trial0008945, 000600, AA, 1428, 6, 238.000000, ZIC, 2979, 26, 114.576923, 78, 128, 
trial0008946, 000600, AA, 2192, 6, 365.333333, ZIC, 2419, 26, 93.038462, 67, 119, 
trial0008947, 000600, AA, 1640, 6, 273.333333, ZIC, 3228, 26, 124.153846, 74, 86, 
trial0008948, 000600, AA, 1235, 6, 205.833333, ZIC, 3286, 26, 126.384615, 45, 55, 
trial0008949, 000600, AA, 805, 6, 134.166667, ZIC, 3571, 26, 137.346154, 88, 113, 
trial0008950, 000600, AA, 566, 6, 94.333333, ZIC, 3431, 26, 131.961538, 75, 85, 
trial0008951, 000600, AA, 966, 6, 161.000000, ZIC, 3644, 26, 140.153846, 73, 87, 
trial0008952, 000600, AA, 1312, 6, 218.666667, ZIC, 3338, 26, 128.384615, 86, 106, 
trial0008953, 000600, AA, 1030, 6, 171.666667, ZIC, 3792, 26, 145.846154, 61, 75, 
trial0008954, 000600, AA, 772, 6, 128.666667, ZIC, 3356, 26, 129.076923, 88, 90, 
trial0008955, 000600, AA, 1446, 6, 241.000000, ZIC, 3444, 26, 132.461538, 73, 105, 
trial0008956, 000600, AA, 1090, 6, 181.666667, ZIC, 3163, 26, 121.653846, 77, 89, 
trial0008957, 000600, AA, 856, 6, 142.666667, ZIC, 3651, 26, 140.423077, 65, 77, 
trial0008958, 000600, AA, 1102, 6, 183.666667, ZIC, 3880, 26, 149.230769, 67, 119, 
trial0008959, 000600, AA, 619, 6, 103.166667, ZIC, 2939, 26, 113.038462, 80, 91, 
trial0008960, 000600, AA, 1214, 6, 202.333333, ZIC, 3811, 26, 146.576923, 71, 114, 
trial0008961, 000600, AA, 1374, 6, 229.000000, ZIC, 2038, 26, 78.384615, 81, 100, 
trial0008962, 000600, AA, 663, 6, 110.500000, ZIC, 2240, 26, 86.153846, 82, 95, 
trial0008963, 000600, AA, 1151, 6, 191.833333, ZIC, 1856, 26, 71.384615, 80, 95, 
trial0008964, 000600, AA, 1065, 6, 177.500000, ZIC, 2305, 26, 88.653846, 101, 119, 
trial0008965, 000600, AA, 717, 6, 119.500000, ZIC, 2505, 26, 96.346154, 98, 101, 
trial0008966, 000600, AA, 101, 6, 16.833333, ZIC, 2677, 26, 102.961538, 86, 113, 
trial0008967, 000600, AA, 925, 6, 154.166667, ZIC, 1988, 26, 76.461538, 90, 124, 
trial0008968, 000600, AA, 398, 6, 66.333333, ZIC, 2438, 26, 93.769231, 106, 123, 
trial0008969, 000600, AA, 1245, 6, 207.500000, ZIC, 1883, 26, 72.423077, 88, 114, 
trial0008970, 000600, AA, 1170, 6, 195.000000, ZIC, 2125, 26, 81.730769, 78, 88, 
trial0008971, 000600, AA, 1316, 6, 219.333333, ZIC, 1882, 26, 72.384615, 82, 83, 
trial0008972, 000600, AA, 740, 6, 123.333333, ZIC, 2081, 26, 80.038462, 82, 129, 
trial0008973, 000600, AA, 983, 6, 163.833333, ZIC, 2047, 26, 78.730769, 77, 145, 
trial0008974, 000600, AA, 400, 6, 66.666667, ZIC, 2529, 26, 97.269231, 71, 92, 
trial0008975, 000600, AA, 1316, 6, 219.333333, ZIC, 2042, 26, 78.538462, 85, 111, 
trial0008976, 000600, AA, 936, 6, 156.000000, ZIC, 2423, 26, 93.192308, 96, 98, 
trial0008977, 000600, AA, 638, 6, 106.333333, ZIC, 2635, 26, 101.346154, 95, 97, 
trial0008978, 000600, AA, 1427, 6, 237.833333, ZIC, 1838, 26, 70.692308, 84, 110, 
trial0008979, 000600, AA, 822, 6, 137.000000, ZIC, 1851, 26, 71.192308, 98, 100, 
trial0008980, 000600, AA, 409, 6, 68.166667, ZIC, 2402, 26, 92.384615, 73, 100, 
trial0008981, 000600, AA, 179, 6, 29.833333, ZIC, 556, 26, 21.384615, 90, 100, 
trial0008982, 000600, AA, 585, 6, 97.500000, ZIC, 389, 26, 14.961538, 97, 99, 
trial0008983, 000600, AA, 311, 6, 51.833333, ZIC, 535, 26, 20.576923, 82, 91, 
trial0008984, 000600, AA, 495, 6, 82.500000, ZIC, 554, 26, 21.307692, 81, 95, 
trial0008985, 000600, AA, 258, 6, 43.000000, ZIC, 726, 26, 27.923077, 86, 94, 
trial0008986, 000600, AA, 410, 6, 68.333333, ZIC, 706, 26, 27.153846, 87, 103, 
trial0008987, 000600, AA, 390, 6, 65.000000, ZIC, 582, 26, 22.384615, 87, 91, 
trial0008988, 000600, AA, 537, 6, 89.500000, ZIC, 416, 26, 16.000000, 98, 99, 
trial0008989, 000600, AA, 477, 6, 79.500000, ZIC, 469, 26, 18.038462, 91, 93, 
trial0008990, 000600, AA, 221, 6, 36.833333, ZIC, 758, 26, 29.153846, 95, 101, 
trial0008991, 000600, AA, 581, 6, 96.833333, ZIC, 580, 26, 22.307692, 81, 99, 
trial0008992, 000600, AA, 575, 6, 95.833333, ZIC, 653, 26, 25.115385, 85, 131, 
trial0008993, 000600, AA, 254, 6, 42.333333, ZIC, 651, 26, 25.038462, 82, 86, 
trial0008994, 000600, AA, 616, 6, 102.666667, ZIC, 584, 26, 22.461538, 94, 97, 
trial0008995, 000600, AA, 644, 6, 107.333333, ZIC, 376, 26, 14.461538, 102, 122, 
trial0008996, 000600, AA, 391, 6, 65.166667, ZIC, 650, 26, 25.000000, 95, 96, 
trial0008997, 000600, AA, 508, 6, 84.666667, ZIC, 324, 26, 12.461538, 99, 102, 
trial0008998, 000600, AA, 452, 6, 75.333333, ZIC, 729, 26, 28.038462, 90, 91, 
trial0008999, 000600, AA, 463, 6, 77.166667, ZIC, 501, 26, 19.269231, 100, 104, 
trial0009000, 000600, AA, 872, 6, 145.333333, ZIC, 379, 26, 14.576923, 92, 99, 
