trial0007001, GDX, 116, 10, 11.600000, 0.900000, ZIP, 1000, 30, 33.333333, 0.966667, 
trial0007002, GDX, 234, 10, 23.400000, 0.700000, ZIP, 764, 30, 25.466667, 0.900000, 
trial0007003, GDX, 160, 10, 16.000000, 1.000000, ZIP, 767, 30, 25.566667, 0.933333, 
trial0007004, GDX, 226, 10, 22.600000, 1.300000, ZIP, 740, 30, 24.666667, 0.766667, 
trial0007005, GDX, 246, 10, 24.600000, 0.900000, ZIP, 850, 30, 28.333333, 0.900000, 
trial0007006, GDX, 188, 10, 18.800000, 0.900000, ZIP, 1074, 30, 35.800000, 1.433333, 
trial0007007, GDX, 270, 10, 27.000000, 1.600000, ZIP, 1300, 30, 43.333333, 1.600000, 
trial0007008, GDX, 268, 10, 26.800000, 0.600000, ZIP, 856, 30, 28.533333, 1.066667, 
trial0007009, GDX, 497, 10, 49.700000, 2.600000, ZIP, 783, 30, 26.100000, 1.000000, 
trial0007010, GDX, 98, 10, 9.800000, 0.700000, ZIP, 1310, 30, 43.666667, 1.500000, 
trial0007011, GDX, 289, 10, 28.900000, 1.200000, ZIP, 840, 30, 28.000000, 1.133333, 
trial0007012, GDX, 283, 10, 28.300000, 1.000000, ZIP, 1013, 30, 33.766667, 1.333333, 
trial0007013, GDX, 347, 10, 34.700000, 2.000000, ZIP, 1174, 30, 39.133333, 1.333333, 
trial0007014, GDX, 87, 10, 8.700000, 0.600000, ZIP, 713, 30, 23.766667, 0.800000, 
trial0007015, GDX, 288, 10, 28.800000, 1.100000, ZIP, 810, 30, 27.000000, 0.833333, 
trial0007016, GDX, 305, 10, 30.500000, 1.400000, ZIP, 1378, 30, 45.933333, 1.666667, 
trial0007017, GDX, 279, 10, 27.900000, 1.400000, ZIP, 777, 30, 25.900000, 0.933333, 
trial0007018, GDX, 153, 10, 15.300000, 0.800000, ZIP, 824, 30, 27.466667, 0.733333, 
trial0007019, GDX, 372, 10, 37.200000, 1.800000, ZIP, 958, 30, 31.933333, 1.466667, 
trial0007020, GDX, 362, 10, 36.200000, 1.300000, ZIP, 563, 30, 18.766667, 0.800000, 
trial0007021, GDX, 208, 10, 20.800000, 0.700000, ZIP, 969, 30, 32.300000, 1.166667, 
trial0007022, GDX, 429, 10, 42.900000, 1.700000, ZIP, 755, 30, 25.166667, 1.166667, 
trial0007023, GDX, 334, 10, 33.400000, 1.100000, ZIP, 797, 30, 26.566667, 0.966667, 
trial0007024, GDX, 170, 10, 17.000000, 1.000000, ZIP, 1138, 30, 37.933333, 1.266667, 
trial0007025, GDX, 209, 10, 20.900000, 0.900000, ZIP, 757, 30, 25.233333, 0.900000, 
trial0007026, GDX, 308, 10, 30.800000, 1.900000, ZIP, 1178, 30, 39.266667, 1.366667, 
trial0007027, GDX, 341, 10, 34.100000, 1.000000, ZIP, 1020, 30, 34.000000, 1.466667, 
trial0007028, GDX, 256, 10, 25.600000, 1.200000, ZIP, 1640, 30, 54.666667, 1.800000, 
trial0007029, GDX, 197, 10, 19.700000, 1.500000, ZIP, 962, 30, 32.066667, 1.166667, 
trial0007030, GDX, 405, 10, 40.500000, 1.600000, ZIP, 656, 30, 21.866667, 0.800000, 
trial0007031, GDX, 215, 10, 21.500000, 1.300000, ZIP, 743, 30, 24.766667, 0.833333, 
trial0007032, GDX, 587, 10, 58.700000, 1.900000, ZIP, 1075, 30, 35.833333, 1.333333, 
trial0007033, GDX, 179, 10, 17.900000, 1.200000, ZIP, 563, 30, 18.766667, 0.733333, 
trial0007034, GDX, 234, 10, 23.400000, 1.000000, ZIP, 589, 30, 19.633333, 0.733333, 
trial0007035, GDX, 237, 10, 23.700000, 0.900000, ZIP, 336, 30, 11.200000, 0.533333, 
trial0007036, GDX, 311, 10, 31.100000, 1.000000, ZIP, 910, 30, 30.333333, 1.200000, 
trial0007037, GDX, 277, 10, 27.700000, 1.400000, ZIP, 931, 30, 31.033333, 1.066667, 
trial0007038, GDX, 245, 10, 24.500000, 1.100000, ZIP, 825, 30, 27.500000, 0.966667, 
trial0007039, GDX, 394, 10, 39.400000, 1.900000, ZIP, 808, 30, 26.933333, 1.100000, 
trial0007040, GDX, 396, 10, 39.600000, 1.600000, ZIP, 445, 30, 14.833333, 0.466667, 
trial0007041, GDX, 315, 10, 31.500000, 1.700000, ZIP, 881, 30, 29.366667, 1.166667, 
trial0007042, GDX, 568, 10, 56.800000, 2.600000, ZIP, 481, 30, 16.033333, 0.600000, 
trial0007043, GDX, 580, 10, 58.000000, 2.000000, ZIP, 682, 30, 22.733333, 1.133333, 
trial0007044, GDX, 204, 10, 20.400000, 1.200000, ZIP, 526, 30, 17.533333, 0.666667, 
trial0007045, GDX, 229, 10, 22.900000, 1.200000, ZIP, 757, 30, 25.233333, 0.866667, 
trial0007046, GDX, 492, 10, 49.200000, 1.800000, ZIP, 901, 30, 30.033333, 1.466667, 
trial0007047, GDX, 251, 10, 25.100000, 1.200000, ZIP, 824, 30, 27.466667, 1.000000, 
trial0007048, GDX, 381, 10, 38.100000, 1.300000, ZIP, 893, 30, 29.766667, 1.100000, 
trial0007049, GDX, 229, 10, 22.900000, 1.300000, ZIP, 589, 30, 19.633333, 0.700000, 
trial0007050, GDX, 289, 10, 28.900000, 1.300000, ZIP, 838, 30, 27.933333, 1.166667, 
trial0007051, GDX, 110, 10, 11.000000, 1.200000, ZIP, 716, 30, 23.866667, 0.666667, 
trial0007052, GDX, 352, 10, 35.200000, 1.300000, ZIP, 649, 30, 21.633333, 0.966667, 
trial0007053, GDX, 94, 10, 9.400000, 0.700000, ZIP, 732, 30, 24.400000, 0.966667, 
trial0007054, GDX, 544, 10, 54.400000, 2.000000, ZIP, 703, 30, 23.433333, 0.866667, 
trial0007055, GDX, 264, 10, 26.400000, 1.300000, ZIP, 888, 30, 29.600000, 1.100000, 
trial0007056, GDX, 261, 10, 26.100000, 1.300000, ZIP, 1073, 30, 35.766667, 1.300000, 
trial0007057, GDX, 252, 10, 25.200000, 1.200000, ZIP, 847, 30, 28.233333, 0.933333, 
trial0007058, GDX, 275, 10, 27.500000, 1.600000, ZIP, 829, 30, 27.633333, 0.866667, 
trial0007059, GDX, 241, 10, 24.100000, 1.000000, ZIP, 751, 30, 25.033333, 1.133333, 
trial0007060, GDX, 172, 10, 17.200000, 0.700000, ZIP, 665, 30, 22.166667, 0.900000, 
trial0007061, GDX, 234, 10, 23.400000, 0.900000, ZIP, 838, 30, 27.933333, 0.966667, 
trial0007062, GDX, 353, 10, 35.300000, 1.300000, ZIP, 1123, 30, 37.433333, 1.433333, 
trial0007063, GDX, 266, 10, 26.600000, 1.700000, ZIP, 1454, 30, 48.466667, 1.766667, 
trial0007064, GDX, 211, 10, 21.100000, 1.100000, ZIP, 921, 30, 30.700000, 1.100000, 
trial0007065, GDX, 283, 10, 28.300000, 1.000000, ZIP, 597, 30, 19.900000, 0.666667, 
trial0007066, GDX, 165, 10, 16.500000, 0.900000, ZIP, 1025, 30, 34.166667, 1.233333, 
trial0007067, GDX, 250, 10, 25.000000, 0.700000, ZIP, 966, 30, 32.200000, 1.233333, 
trial0007068, GDX, 281, 10, 28.100000, 1.700000, ZIP, 1347, 30, 44.900000, 1.566667, 
trial0007069, GDX, 232, 10, 23.200000, 1.100000, ZIP, 682, 30, 22.733333, 1.033333, 
trial0007070, GDX, 300, 10, 30.000000, 1.000000, ZIP, 673, 30, 22.433333, 0.933333, 
trial0007071, GDX, 202, 10, 20.200000, 1.500000, ZIP, 967, 30, 32.233333, 0.966667, 
trial0007072, GDX, 118, 10, 11.800000, 0.600000, ZIP, 718, 30, 23.933333, 0.733333, 
trial0007073, GDX, 224, 10, 22.400000, 0.900000, ZIP, 776, 30, 25.866667, 0.966667, 
trial0007074, GDX, 411, 10, 41.100000, 2.100000, ZIP, 762, 30, 25.400000, 0.966667, 
trial0007075, GDX, 47, 10, 4.700000, 0.500000, ZIP, 946, 30, 31.533333, 1.100000, 
trial0007076, GDX, 181, 10, 18.100000, 0.800000, ZIP, 515, 30, 17.166667, 0.600000, 
trial0007077, GDX, 132, 10, 13.200000, 0.600000, ZIP, 467, 30, 15.566667, 0.600000, 
trial0007078, GDX, 14, 10, 1.400000, 0.400000, ZIP, 573, 30, 19.100000, 0.600000, 
trial0007079, GDX, 230, 10, 23.000000, 1.500000, ZIP, 930, 30, 31.000000, 1.100000, 
trial0007080, GDX, 269, 10, 26.900000, 1.300000, ZIP, 484, 30, 16.133333, 0.633333, 
trial0007081, GDX, 142, 10, 14.200000, 0.900000, ZIP, 560, 30, 18.666667, 0.700000, 
trial0007082, GDX, 212, 10, 21.200000, 1.000000, ZIP, 856, 30, 28.533333, 1.066667, 
trial0007083, GDX, 391, 10, 39.100000, 1.600000, ZIP, 1080, 30, 36.000000, 1.466667, 
trial0007084, GDX, 200, 10, 20.000000, 0.700000, ZIP, 783, 30, 26.100000, 0.900000, 
trial0007085, GDX, 340, 10, 34.000000, 1.600000, ZIP, 930, 30, 31.000000, 1.000000, 
trial0007086, GDX, 490, 10, 49.000000, 1.800000, ZIP, 925, 30, 30.833333, 1.166667, 
trial0007087, GDX, 206, 10, 20.600000, 0.800000, ZIP, 665, 30, 22.166667, 0.733333, 
trial0007088, GDX, 246, 10, 24.600000, 0.900000, ZIP, 844, 30, 28.133333, 1.166667, 
trial0007089, GDX, 325, 10, 32.500000, 1.500000, ZIP, 603, 30, 20.100000, 0.700000, 
trial0007090, GDX, 250, 10, 25.000000, 1.700000, ZIP, 759, 30, 25.300000, 0.900000, 
trial0007091, GDX, 301, 10, 30.100000, 1.200000, ZIP, 928, 30, 30.933333, 1.333333, 
trial0007092, GDX, 118, 10, 11.800000, 0.400000, ZIP, 873, 30, 29.100000, 1.000000, 
trial0007093, GDX, 167, 10, 16.700000, 1.200000, ZIP, 695, 30, 23.166667, 1.000000, 
trial0007094, GDX, 170, 10, 17.000000, 1.200000, ZIP, 885, 30, 29.500000, 1.066667, 
trial0007095, GDX, 55, 10, 5.500000, 0.700000, ZIP, 622, 30, 20.733333, 0.633333, 
trial0007096, GDX, 210, 10, 21.000000, 1.200000, ZIP, 773, 30, 25.766667, 1.133333, 
trial0007097, GDX, 340, 10, 34.000000, 1.600000, ZIP, 669, 30, 22.300000, 0.933333, 
trial0007098, GDX, 138, 10, 13.800000, 0.700000, ZIP, 562, 30, 18.733333, 0.633333, 
trial0007099, GDX, 346, 10, 34.600000, 1.500000, ZIP, 591, 30, 19.700000, 0.766667, 
trial0007100, GDX, 420, 10, 42.000000, 1.500000, ZIP, 644, 30, 21.466667, 0.700000, 
trial0007101, GDX, 175, 10, 17.500000, 1.500000, ZIP, 681, 30, 22.700000, 1.166667, 
trial0007102, GDX, 200, 10, 20.000000, 1.100000, ZIP, 565, 30, 18.833333, 1.166667, 
trial0007103, GDX, 218, 10, 21.800000, 1.300000, ZIP, 563, 30, 18.766667, 0.966667, 
trial0007104, GDX, 459, 10, 45.900000, 2.300000, ZIP, 442, 30, 14.733333, 0.900000, 
trial0007105, GDX, 139, 10, 13.900000, 1.300000, ZIP, 415, 30, 13.833333, 0.566667, 
trial0007106, GDX, 368, 10, 36.800000, 1.500000, ZIP, 785, 30, 26.166667, 1.766667, 
trial0007107, GDX, 177, 10, 17.700000, 1.700000, ZIP, 951, 30, 31.700000, 1.233333, 
trial0007108, GDX, 55, 10, 5.500000, 0.900000, ZIP, 767, 30, 25.566667, 1.100000, 
trial0007109, GDX, 74, 10, 7.400000, 0.700000, ZIP, 547, 30, 18.233333, 0.766667, 
trial0007110, GDX, 105, 10, 10.500000, 0.900000, ZIP, 679, 30, 22.633333, 1.100000, 
trial0007111, GDX, 280, 10, 28.000000, 1.900000, ZIP, 684, 30, 22.800000, 1.166667, 
trial0007112, GDX, 127, 10, 12.700000, 1.000000, ZIP, 414, 30, 13.800000, 0.800000, 
trial0007113, GDX, 179, 10, 17.900000, 1.300000, ZIP, 803, 30, 26.766667, 1.166667, 
trial0007114, GDX, 83, 10, 8.300000, 0.600000, ZIP, 749, 30, 24.966667, 1.133333, 
trial0007115, GDX, 157, 10, 15.700000, 1.100000, ZIP, 481, 30, 16.033333, 1.033333, 
trial0007116, GDX, 160, 10, 16.000000, 0.800000, ZIP, 678, 30, 22.600000, 1.133333, 
trial0007117, GDX, 381, 10, 38.100000, 1.900000, ZIP, 350, 30, 11.666667, 0.633333, 
trial0007118, GDX, 179, 10, 17.900000, 1.100000, ZIP, 293, 30, 9.766667, 0.566667, 
trial0007119, GDX, 166, 10, 16.600000, 1.500000, ZIP, 762, 30, 25.400000, 1.233333, 
trial0007120, GDX, 196, 10, 19.600000, 1.300000, ZIP, 472, 30, 15.733333, 0.833333, 
trial0007121, GDX, 167, 10, 16.700000, 1.300000, ZIP, 838, 30, 27.933333, 1.700000, 
trial0007122, GDX, 194, 10, 19.400000, 1.200000, ZIP, 362, 30, 12.066667, 0.600000, 
trial0007123, GDX, 269, 10, 26.900000, 1.800000, ZIP, 473, 30, 15.766667, 0.800000, 
trial0007124, GDX, 135, 10, 13.500000, 0.800000, ZIP, 340, 30, 11.333333, 0.600000, 
trial0007125, GDX, 156, 10, 15.600000, 1.000000, ZIP, 468, 30, 15.600000, 0.866667, 
trial0007126, GDX, 216, 10, 21.600000, 1.500000, ZIP, 657, 30, 21.900000, 1.366667, 
trial0007127, GDX, 199, 10, 19.900000, 1.400000, ZIP, 568, 30, 18.933333, 0.933333, 
trial0007128, GDX, 295, 10, 29.500000, 2.300000, ZIP, 396, 30, 13.200000, 0.566667, 
trial0007129, GDX, 134, 10, 13.400000, 1.300000, ZIP, 1106, 30, 36.866667, 1.633333, 
trial0007130, GDX, 231, 10, 23.100000, 1.300000, ZIP, 188, 30, 6.266667, 0.300000, 
trial0007131, GDX, 254, 10, 25.400000, 1.100000, ZIP, 673, 30, 22.433333, 1.100000, 
trial0007132, GDX, 131, 10, 13.100000, 1.200000, ZIP, 631, 30, 21.033333, 1.066667, 
trial0007133, GDX, 229, 10, 22.900000, 1.400000, ZIP, 584, 30, 19.466667, 1.066667, 
trial0007134, GDX, 232, 10, 23.200000, 1.500000, ZIP, 797, 30, 26.566667, 1.366667, 
trial0007135, GDX, 135, 10, 13.500000, 0.700000, ZIP, 528, 30, 17.600000, 0.966667, 
trial0007136, GDX, 88, 10, 8.800000, 1.000000, ZIP, 724, 30, 24.133333, 1.200000, 
trial0007137, GDX, 111, 10, 11.100000, 0.700000, ZIP, 784, 30, 26.133333, 1.366667, 
trial0007138, GDX, 259, 10, 25.900000, 1.400000, ZIP, 461, 30, 15.366667, 0.666667, 
trial0007139, GDX, 110, 10, 11.000000, 0.400000, ZIP, 323, 30, 10.766667, 0.533333, 
trial0007140, GDX, 266, 10, 26.600000, 1.800000, ZIP, 255, 30, 8.500000, 0.400000, 
trial0007141, GDX, 240, 10, 24.000000, 1.200000, ZIP, 332, 30, 11.066667, 0.666667, 
trial0007142, GDX, 65, 10, 6.500000, 0.700000, ZIP, 506, 30, 16.866667, 0.566667, 
trial0007143, GDX, 324, 10, 32.400000, 2.000000, ZIP, 279, 30, 9.300000, 0.400000, 
trial0007144, GDX, 292, 10, 29.200000, 1.600000, ZIP, 535, 30, 17.833333, 1.066667, 
trial0007145, GDX, 279, 10, 27.900000, 1.400000, ZIP, 755, 30, 25.166667, 1.200000, 
trial0007146, GDX, 185, 10, 18.500000, 1.400000, ZIP, 437, 30, 14.566667, 0.666667, 
trial0007147, GDX, 207, 10, 20.700000, 1.500000, ZIP, 763, 30, 25.433333, 1.366667, 
trial0007148, GDX, 121, 10, 12.100000, 0.800000, ZIP, 603, 30, 20.100000, 1.000000, 
trial0007149, GDX, 233, 10, 23.300000, 1.400000, ZIP, 733, 30, 24.433333, 1.333333, 
trial0007150, GDX, 159, 10, 15.900000, 0.900000, ZIP, 652, 30, 21.733333, 1.433333, 
trial0007151, GDX, 402, 10, 40.200000, 1.600000, ZIP, 700, 30, 23.333333, 1.200000, 
trial0007152, GDX, 62, 10, 6.200000, 1.100000, ZIP, 790, 30, 26.333333, 1.433333, 
trial0007153, GDX, 31, 10, 3.100000, 0.400000, ZIP, 812, 30, 27.066667, 1.266667, 
trial0007154, GDX, 326, 10, 32.600000, 2.000000, ZIP, 633, 30, 21.100000, 1.266667, 
trial0007155, GDX, 267, 10, 26.700000, 1.500000, ZIP, 766, 30, 25.533333, 1.300000, 
trial0007156, GDX, 186, 10, 18.600000, 1.500000, ZIP, 455, 30, 15.166667, 0.500000, 
trial0007157, GDX, 210, 10, 21.000000, 1.900000, ZIP, 1053, 30, 35.100000, 1.833333, 
trial0007158, GDX, 207, 10, 20.700000, 1.100000, ZIP, 547, 30, 18.233333, 1.100000, 
trial0007159, GDX, 250, 10, 25.000000, 1.700000, ZIP, 464, 30, 15.466667, 1.100000, 
trial0007160, GDX, 184, 10, 18.400000, 1.200000, ZIP, 813, 30, 27.100000, 1.266667, 
trial0007161, GDX, 151, 10, 15.100000, 1.200000, ZIP, 395, 30, 13.166667, 0.666667, 
trial0007162, GDX, 237, 10, 23.700000, 1.600000, ZIP, 530, 30, 17.666667, 0.866667, 
trial0007163, GDX, 165, 10, 16.500000, 1.500000, ZIP, 673, 30, 22.433333, 1.166667, 
trial0007164, GDX, 209, 10, 20.900000, 1.200000, ZIP, 539, 30, 17.966667, 0.933333, 
trial0007165, GDX, 201, 10, 20.100000, 1.100000, ZIP, 195, 30, 6.500000, 0.366667, 
trial0007166, GDX, 306, 10, 30.600000, 2.200000, ZIP, 828, 30, 27.600000, 1.333333, 
trial0007167, GDX, 182, 10, 18.200000, 1.300000, ZIP, 697, 30, 23.233333, 1.100000, 
trial0007168, GDX, 170, 10, 17.000000, 1.100000, ZIP, 569, 30, 18.966667, 0.966667, 
trial0007169, GDX, 148, 10, 14.800000, 0.600000, ZIP, 530, 30, 17.666667, 0.733333, 
trial0007170, GDX, 211, 10, 21.100000, 1.600000, ZIP, 775, 30, 25.833333, 1.200000, 
trial0007171, GDX, 135, 10, 13.500000, 0.800000, ZIP, 599, 30, 19.966667, 1.133333, 
trial0007172, GDX, 259, 10, 25.900000, 1.600000, ZIP, 353, 30, 11.766667, 0.666667, 
trial0007173, GDX, 214, 10, 21.400000, 1.500000, ZIP, 411, 30, 13.700000, 0.766667, 
trial0007174, GDX, 92, 10, 9.200000, 1.000000, ZIP, 584, 30, 19.466667, 0.866667, 
trial0007175, GDX, 258, 10, 25.800000, 1.300000, ZIP, 546, 30, 18.200000, 0.966667, 
trial0007176, GDX, 120, 10, 12.000000, 1.200000, ZIP, 595, 30, 19.833333, 0.933333, 
trial0007177, GDX, 85, 10, 8.500000, 0.700000, ZIP, 293, 30, 9.766667, 0.433333, 
trial0007178, GDX, 37, 10, 3.700000, 0.500000, ZIP, 837, 30, 27.900000, 1.233333, 
trial0007179, GDX, 117, 10, 11.700000, 0.700000, ZIP, 500, 30, 16.666667, 0.700000, 
trial0007180, GDX, 9, 10, 0.900000, 0.400000, ZIP, 504, 30, 16.800000, 0.666667, 
trial0007181, GDX, 174, 10, 17.400000, 1.300000, ZIP, 621, 30, 20.700000, 0.966667, 
trial0007182, GDX, 114, 10, 11.400000, 0.900000, ZIP, 481, 30, 16.033333, 0.700000, 
trial0007183, GDX, 269, 10, 26.900000, 1.300000, ZIP, 412, 30, 13.733333, 0.700000, 
trial0007184, GDX, 228, 10, 22.800000, 1.000000, ZIP, 612, 30, 20.400000, 1.133333, 
trial0007185, GDX, 221, 10, 22.100000, 1.200000, ZIP, 694, 30, 23.133333, 1.133333, 
trial0007186, GDX, 278, 10, 27.800000, 2.000000, ZIP, 625, 30, 20.833333, 1.266667, 
trial0007187, GDX, 162, 10, 16.200000, 1.300000, ZIP, 1060, 30, 35.333333, 1.633333, 
trial0007188, GDX, 245, 10, 24.500000, 1.500000, ZIP, 725, 30, 24.166667, 1.233333, 
trial0007189, GDX, 174, 10, 17.400000, 1.300000, ZIP, 762, 30, 25.400000, 1.366667, 
trial0007190, GDX, 108, 10, 10.800000, 1.000000, ZIP, 671, 30, 22.366667, 1.266667, 
trial0007191, GDX, 150, 10, 15.000000, 1.400000, ZIP, 780, 30, 26.000000, 1.266667, 
trial0007192, GDX, 311, 10, 31.100000, 1.700000, ZIP, 379, 30, 12.633333, 0.766667, 
trial0007193, GDX, 268, 10, 26.800000, 1.500000, ZIP, 571, 30, 19.033333, 1.166667, 
trial0007194, GDX, 246, 10, 24.600000, 2.000000, ZIP, 1114, 30, 37.133333, 2.066667, 
trial0007195, GDX, 462, 10, 46.200000, 2.400000, ZIP, 977, 30, 32.566667, 1.866667, 
trial0007196, GDX, 263, 10, 26.300000, 2.000000, ZIP, 965, 30, 32.166667, 1.866667, 
trial0007197, GDX, 528, 10, 52.800000, 2.100000, ZIP, 1039, 30, 34.633333, 2.166667, 
trial0007198, GDX, 229, 10, 22.900000, 1.900000, ZIP, 1223, 30, 40.766667, 2.033333, 
trial0007199, GDX, 630, 10, 63.000000, 2.800000, ZIP, 847, 30, 28.233333, 1.933333, 
trial0007200, GDX, 419, 10, 41.900000, 2.300000, ZIP, 1028, 30, 34.266667, 1.766667, 
trial0007201, GDX, 1029, 10, 102.900000, 3.000000, ZIP, 1366, 30, 45.533333, 1.666667, 
trial0007202, GDX, 756, 10, 75.600000, 2.800000, ZIP, 1656, 30, 55.200000, 1.800000, 
trial0007203, GDX, 597, 10, 59.700000, 2.400000, ZIP, 2219, 30, 73.966667, 2.400000, 
trial0007204, GDX, 204, 10, 20.400000, 1.000000, ZIP, 2627, 30, 87.566667, 2.600000, 
trial0007205, GDX, 538, 10, 53.800000, 1.500000, ZIP, 2339, 30, 77.966667, 2.433333, 
trial0007206, GDX, 191, 10, 19.100000, 0.600000, ZIP, 2187, 30, 72.900000, 2.266667, 
trial0007207, GDX, 673, 10, 67.300000, 2.300000, ZIP, 1889, 30, 62.966667, 2.166667, 
trial0007208, GDX, 494, 10, 49.400000, 1.800000, ZIP, 1898, 30, 63.266667, 1.800000, 
trial0007209, GDX, 66, 10, 6.600000, 0.500000, ZIP, 1365, 30, 45.500000, 1.366667, 
trial0007210, GDX, 281, 10, 28.100000, 0.900000, ZIP, 803, 30, 26.766667, 0.966667, 
trial0007211, GDX, 672, 10, 67.200000, 2.000000, ZIP, 1220, 30, 40.666667, 1.200000, 
trial0007212, GDX, 219, 10, 21.900000, 0.700000, ZIP, 1216, 30, 40.533333, 1.233333, 
trial0007213, GDX, 305, 10, 30.500000, 1.700000, ZIP, 1187, 30, 39.566667, 1.100000, 
trial0007214, GDX, 516, 10, 51.600000, 1.200000, ZIP, 1273, 30, 42.433333, 1.333333, 
trial0007215, GDX, 461, 10, 46.100000, 1.300000, ZIP, 1015, 30, 33.833333, 1.000000, 
trial0007216, GDX, 420, 10, 42.000000, 1.500000, ZIP, 1023, 30, 34.100000, 0.900000, 
trial0007217, GDX, 292, 10, 29.200000, 1.100000, ZIP, 1086, 30, 36.200000, 1.033333, 
trial0007218, GDX, 169, 10, 16.900000, 0.900000, ZIP, 1503, 30, 50.100000, 1.433333, 
trial0007219, GDX, 514, 10, 51.400000, 1.300000, ZIP, 1083, 30, 36.100000, 1.033333, 
trial0007220, GDX, 381, 10, 38.100000, 0.900000, ZIP, 756, 30, 25.200000, 0.900000, 
trial0007221, GDX, 266, 10, 26.600000, 0.800000, ZIP, 1227, 30, 40.900000, 0.933333, 
trial0007222, GDX, 507, 10, 50.700000, 1.200000, ZIP, 1050, 30, 35.000000, 1.266667, 
trial0007223, GDX, 382, 10, 38.200000, 1.400000, ZIP, 1101, 30, 36.700000, 1.066667, 
trial0007224, GDX, 450, 10, 45.000000, 1.200000, ZIP, 1035, 30, 34.500000, 1.066667, 
trial0007225, GDX, 276, 10, 27.600000, 0.900000, ZIP, 812, 30, 27.066667, 0.900000, 
trial0007226, GDX, 502, 10, 50.200000, 1.800000, ZIP, 1056, 30, 35.200000, 1.133333, 
trial0007227, GDX, 668, 10, 66.800000, 1.900000, ZIP, 1298, 30, 43.266667, 1.433333, 
trial0007228, GDX, 111, 10, 11.100000, 0.600000, ZIP, 1325, 30, 44.166667, 1.200000, 
trial0007229, GDX, 435, 10, 43.500000, 1.300000, ZIP, 1172, 30, 39.066667, 1.033333, 
trial0007230, GDX, 280, 10, 28.000000, 1.200000, ZIP, 899, 30, 29.966667, 0.866667, 
trial0007231, GDX, 290, 10, 29.000000, 0.900000, ZIP, 891, 30, 29.700000, 0.966667, 
trial0007232, GDX, 472, 10, 47.200000, 1.800000, ZIP, 753, 30, 25.100000, 0.800000, 
trial0007233, GDX, 284, 10, 28.400000, 0.900000, ZIP, 1171, 30, 39.033333, 1.233333, 
trial0007234, GDX, 290, 10, 29.000000, 1.000000, ZIP, 1238, 30, 41.266667, 1.000000, 
trial0007235, GDX, 681, 10, 68.100000, 1.900000, ZIP, 1285, 30, 42.833333, 1.366667, 
trial0007236, GDX, 285, 10, 28.500000, 1.100000, ZIP, 587, 30, 19.566667, 0.700000, 
trial0007237, GDX, 361, 10, 36.100000, 1.500000, ZIP, 1392, 30, 46.400000, 1.233333, 
trial0007238, GDX, 137, 10, 13.700000, 0.600000, ZIP, 1335, 30, 44.500000, 1.200000, 
trial0007239, GDX, 212, 10, 21.200000, 1.100000, ZIP, 1445, 30, 48.166667, 1.366667, 
trial0007240, GDX, 299, 10, 29.900000, 1.100000, ZIP, 1248, 30, 41.600000, 1.166667, 
trial0007241, GDX, 199, 10, 19.900000, 1.400000, ZIP, 1494, 30, 49.800000, 1.200000, 
trial0007242, GDX, 272, 10, 27.200000, 0.800000, ZIP, 791, 30, 26.366667, 0.733333, 
trial0007243, GDX, 246, 10, 24.600000, 0.800000, ZIP, 567, 30, 18.900000, 0.600000, 
trial0007244, GDX, 402, 10, 40.200000, 1.200000, ZIP, 1207, 30, 40.233333, 1.200000, 
trial0007245, GDX, 416, 10, 41.600000, 1.800000, ZIP, 1231, 30, 41.033333, 1.133333, 
trial0007246, GDX, 140, 10, 14.000000, 0.900000, ZIP, 1430, 30, 47.666667, 1.300000, 
trial0007247, GDX, 268, 10, 26.800000, 1.200000, ZIP, 1114, 30, 37.133333, 1.133333, 
trial0007248, GDX, 241, 10, 24.100000, 1.100000, ZIP, 1260, 30, 42.000000, 1.366667, 
trial0007249, GDX, 204, 10, 20.400000, 0.800000, ZIP, 1267, 30, 42.233333, 1.133333, 
trial0007250, GDX, 609, 10, 60.900000, 1.600000, ZIP, 716, 30, 23.866667, 0.733333, 
trial0007251, GDX, 183, 10, 18.300000, 1.000000, ZIP, 1371, 30, 45.700000, 1.266667, 
trial0007252, GDX, 303, 10, 30.300000, 0.800000, ZIP, 576, 30, 19.200000, 0.533333, 
trial0007253, GDX, 251, 10, 25.100000, 0.700000, ZIP, 1083, 30, 36.100000, 1.233333, 
trial0007254, GDX, 310, 10, 31.000000, 1.400000, ZIP, 1548, 30, 51.600000, 1.333333, 
trial0007255, GDX, 169, 10, 16.900000, 0.800000, ZIP, 1152, 30, 38.400000, 1.200000, 
trial0007256, GDX, 400, 10, 40.000000, 1.400000, ZIP, 1345, 30, 44.833333, 1.333333, 
trial0007257, GDX, 302, 10, 30.200000, 1.300000, ZIP, 1609, 30, 53.633333, 1.300000, 
trial0007258, GDX, 158, 10, 15.800000, 1.100000, ZIP, 1368, 30, 45.600000, 1.100000, 
trial0007259, GDX, 478, 10, 47.800000, 1.800000, ZIP, 1181, 30, 39.366667, 1.000000, 
trial0007260, GDX, 714, 10, 71.400000, 2.300000, ZIP, 1044, 30, 34.800000, 1.033333, 
trial0007261, GDX, 151, 10, 15.100000, 0.700000, ZIP, 1138, 30, 37.933333, 0.966667, 
trial0007262, GDX, 801, 10, 80.100000, 1.700000, ZIP, 680, 30, 22.666667, 0.766667, 
trial0007263, GDX, 251, 10, 25.100000, 0.700000, ZIP, 1201, 30, 40.033333, 1.100000, 
trial0007264, GDX, 418, 10, 41.800000, 1.600000, ZIP, 975, 30, 32.500000, 0.933333, 
trial0007265, GDX, 474, 10, 47.400000, 1.300000, ZIP, 993, 30, 33.100000, 0.900000, 
trial0007266, GDX, 211, 10, 21.100000, 1.000000, ZIP, 1231, 30, 41.033333, 1.266667, 
trial0007267, GDX, 293, 10, 29.300000, 0.800000, ZIP, 1290, 30, 43.000000, 1.400000, 
trial0007268, GDX, 285, 10, 28.500000, 1.000000, ZIP, 1174, 30, 39.133333, 1.066667, 
trial0007269, GDX, 115, 10, 11.500000, 0.700000, ZIP, 1341, 30, 44.700000, 1.200000, 
trial0007270, GDX, 333, 10, 33.300000, 1.000000, ZIP, 1154, 30, 38.466667, 1.066667, 
trial0007271, GDX, 455, 10, 45.500000, 1.600000, ZIP, 1087, 30, 36.233333, 0.933333, 
trial0007272, GDX, 475, 10, 47.500000, 1.300000, ZIP, 907, 30, 30.233333, 0.866667, 
trial0007273, GDX, 410, 10, 41.000000, 1.400000, ZIP, 1205, 30, 40.166667, 1.200000, 
trial0007274, GDX, 192, 10, 19.200000, 0.600000, ZIP, 862, 30, 28.733333, 0.733333, 
trial0007275, GDX, 405, 10, 40.500000, 1.200000, ZIP, 1132, 30, 37.733333, 1.133333, 
trial0007276, GDX, 221, 10, 22.100000, 0.500000, ZIP, 1098, 30, 36.600000, 1.100000, 
trial0007277, GDX, 465, 10, 46.500000, 1.300000, ZIP, 642, 30, 21.400000, 0.766667, 
trial0007278, GDX, 402, 10, 40.200000, 0.900000, ZIP, 1010, 30, 33.666667, 1.033333, 
trial0007279, GDX, 304, 10, 30.400000, 1.400000, ZIP, 960, 30, 32.000000, 0.866667, 
trial0007280, GDX, 98, 10, 9.800000, 0.600000, ZIP, 1017, 30, 33.900000, 1.000000, 
trial0007281, GDX, 358, 10, 35.800000, 1.500000, ZIP, 1022, 30, 34.066667, 0.900000, 
trial0007282, GDX, 212, 10, 21.200000, 0.900000, ZIP, 1051, 30, 35.033333, 0.966667, 
trial0007283, GDX, 198, 10, 19.800000, 1.000000, ZIP, 1451, 30, 48.366667, 1.333333, 
trial0007284, GDX, 342, 10, 34.200000, 1.300000, ZIP, 940, 30, 31.333333, 0.966667, 
trial0007285, GDX, 468, 10, 46.800000, 1.000000, ZIP, 1143, 30, 38.100000, 1.200000, 
trial0007286, GDX, 142, 10, 14.200000, 1.000000, ZIP, 1047, 30, 34.900000, 0.866667, 
trial0007287, GDX, 172, 10, 17.200000, 1.000000, ZIP, 1320, 30, 44.000000, 1.200000, 
trial0007288, GDX, 228, 10, 22.800000, 0.800000, ZIP, 1365, 30, 45.500000, 1.333333, 
trial0007289, GDX, 432, 10, 43.200000, 1.200000, ZIP, 1063, 30, 35.433333, 1.066667, 
trial0007290, GDX, 301, 10, 30.100000, 0.700000, ZIP, 696, 30, 23.200000, 0.766667, 
trial0007291, GDX, 179, 10, 17.900000, 1.000000, ZIP, 864, 30, 28.800000, 0.700000, 
trial0007292, GDX, 191, 10, 19.100000, 0.900000, ZIP, 1173, 30, 39.100000, 1.166667, 
trial0007293, GDX, 457, 10, 45.700000, 1.300000, ZIP, 1262, 30, 42.066667, 1.366667, 
trial0007294, GDX, 590, 10, 59.000000, 1.400000, ZIP, 870, 30, 29.000000, 0.800000, 
trial0007295, GDX, 322, 10, 32.200000, 1.200000, ZIP, 1127, 30, 37.566667, 1.133333, 
trial0007296, GDX, 517, 10, 51.700000, 1.900000, ZIP, 1548, 30, 51.600000, 1.766667, 
trial0007297, GDX, 406, 10, 40.600000, 1.600000, ZIP, 1429, 30, 47.633333, 1.333333, 
trial0007298, GDX, 339, 10, 33.900000, 1.200000, ZIP, 1133, 30, 37.766667, 1.133333, 
trial0007299, GDX, 639, 10, 63.900000, 2.100000, ZIP, 1302, 30, 43.400000, 1.300000, 
trial0007300, GDX, 923, 10, 92.300000, 2.800000, ZIP, 806, 30, 26.866667, 0.600000, 
trial0007301, GDX, 442, 10, 44.200000, 2.200000, ZIP, 1367, 30, 45.566667, 1.666667, 
trial0007302, GDX, 151, 10, 15.100000, 1.200000, ZIP, 1199, 30, 39.966667, 1.466667, 
trial0007303, GDX, 594, 10, 59.400000, 1.600000, ZIP, 813, 30, 27.100000, 1.200000, 
trial0007304, GDX, 188, 10, 18.800000, 0.800000, ZIP, 1803, 30, 60.100000, 2.266667, 
trial0007305, GDX, 192, 10, 19.200000, 0.800000, ZIP, 1396, 30, 46.533333, 1.800000, 
trial0007306, GDX, 200, 10, 20.000000, 0.700000, ZIP, 915, 30, 30.500000, 1.233333, 
trial0007307, GDX, 260, 10, 26.000000, 1.300000, ZIP, 1336, 30, 44.533333, 1.633333, 
trial0007308, GDX, 523, 10, 52.300000, 1.900000, ZIP, 1289, 30, 42.966667, 1.566667, 
trial0007309, GDX, 381, 10, 38.100000, 1.300000, ZIP, 1605, 30, 53.500000, 2.100000, 
trial0007310, GDX, 336, 10, 33.600000, 1.200000, ZIP, 945, 30, 31.500000, 1.066667, 
trial0007311, GDX, 538, 10, 53.800000, 2.300000, ZIP, 1397, 30, 46.566667, 1.733333, 
trial0007312, GDX, 242, 10, 24.200000, 1.100000, ZIP, 1251, 30, 41.700000, 1.566667, 
trial0007313, GDX, 397, 10, 39.700000, 1.800000, ZIP, 1409, 30, 46.966667, 1.933333, 
trial0007314, GDX, 549, 10, 54.900000, 1.700000, ZIP, 919, 30, 30.633333, 1.433333, 
trial0007315, GDX, 320, 10, 32.000000, 1.400000, ZIP, 1201, 30, 40.033333, 1.533333, 
trial0007316, GDX, 476, 10, 47.600000, 2.000000, ZIP, 1378, 30, 45.933333, 1.466667, 
trial0007317, GDX, 285, 10, 28.500000, 1.200000, ZIP, 1049, 30, 34.966667, 1.400000, 
trial0007318, GDX, 415, 10, 41.500000, 1.300000, ZIP, 1181, 30, 39.366667, 1.500000, 
trial0007319, GDX, 543, 10, 54.300000, 1.900000, ZIP, 1258, 30, 41.933333, 1.633333, 
trial0007320, GDX, 458, 10, 45.800000, 1.700000, ZIP, 1172, 30, 39.066667, 1.700000, 
trial0007321, GDX, 172, 10, 17.200000, 1.100000, ZIP, 1465, 30, 48.833333, 1.966667, 
trial0007322, GDX, 592, 10, 59.200000, 2.100000, ZIP, 1094, 30, 36.466667, 1.300000, 
trial0007323, GDX, 376, 10, 37.600000, 1.400000, ZIP, 1473, 30, 49.100000, 1.600000, 
trial0007324, GDX, 282, 10, 28.200000, 1.100000, ZIP, 957, 30, 31.900000, 1.166667, 
trial0007325, GDX, 229, 10, 22.900000, 1.200000, ZIP, 993, 30, 33.100000, 1.133333, 
trial0007326, GDX, 345, 10, 34.500000, 1.400000, ZIP, 1380, 30, 46.000000, 1.666667, 
trial0007327, GDX, 376, 10, 37.600000, 1.500000, ZIP, 1208, 30, 40.266667, 1.633333, 
trial0007328, GDX, 287, 10, 28.700000, 1.300000, ZIP, 1543, 30, 51.433333, 1.900000, 
trial0007329, GDX, 94, 10, 9.400000, 0.700000, ZIP, 1488, 30, 49.600000, 1.500000, 
trial0007330, GDX, 215, 10, 21.500000, 1.100000, ZIP, 1435, 30, 47.833333, 1.700000, 
trial0007331, GDX, 172, 10, 17.200000, 1.000000, ZIP, 1836, 30, 61.200000, 2.200000, 
trial0007332, GDX, 267, 10, 26.700000, 0.900000, ZIP, 1613, 30, 53.766667, 1.833333, 
trial0007333, GDX, 277, 10, 27.700000, 1.400000, ZIP, 1078, 30, 35.933333, 1.466667, 
trial0007334, GDX, 205, 10, 20.500000, 1.400000, ZIP, 981, 30, 32.700000, 0.933333, 
trial0007335, GDX, 203, 10, 20.300000, 0.900000, ZIP, 1224, 30, 40.800000, 1.566667, 
trial0007336, GDX, 161, 10, 16.100000, 1.200000, ZIP, 1145, 30, 38.166667, 1.200000, 
trial0007337, GDX, 579, 10, 57.900000, 2.200000, ZIP, 1389, 30, 46.300000, 1.600000, 
trial0007338, GDX, 478, 10, 47.800000, 1.900000, ZIP, 857, 30, 28.566667, 1.366667, 
trial0007339, GDX, 196, 10, 19.600000, 1.500000, ZIP, 993, 30, 33.100000, 1.166667, 
trial0007340, GDX, 395, 10, 39.500000, 1.500000, ZIP, 1098, 30, 36.600000, 1.633333, 
trial0007341, GDX, 159, 10, 15.900000, 0.800000, ZIP, 1042, 30, 34.733333, 1.266667, 
trial0007342, GDX, 218, 10, 21.800000, 1.400000, ZIP, 1335, 30, 44.500000, 1.733333, 
trial0007343, GDX, 361, 10, 36.100000, 1.800000, ZIP, 1097, 30, 36.566667, 1.466667, 
trial0007344, GDX, 363, 10, 36.300000, 1.400000, ZIP, 930, 30, 31.000000, 1.266667, 
trial0007345, GDX, 236, 10, 23.600000, 1.400000, ZIP, 574, 30, 19.133333, 0.633333, 
trial0007346, GDX, 147, 10, 14.700000, 0.700000, ZIP, 1132, 30, 37.733333, 1.233333, 
trial0007347, GDX, 533, 10, 53.300000, 2.400000, ZIP, 1129, 30, 37.633333, 1.466667, 
trial0007348, GDX, 466, 10, 46.600000, 1.600000, ZIP, 1151, 30, 38.366667, 1.600000, 
trial0007349, GDX, 319, 10, 31.900000, 1.100000, ZIP, 1267, 30, 42.233333, 1.700000, 
trial0007350, GDX, 287, 10, 28.700000, 1.300000, ZIP, 1120, 30, 37.333333, 1.366667, 
trial0007351, GDX, 484, 10, 48.400000, 1.900000, ZIP, 1315, 30, 43.833333, 1.566667, 
trial0007352, GDX, 761, 10, 76.100000, 2.300000, ZIP, 1017, 30, 33.900000, 1.366667, 
trial0007353, GDX, 442, 10, 44.200000, 1.100000, ZIP, 1220, 30, 40.666667, 1.766667, 
trial0007354, GDX, 169, 10, 16.900000, 0.700000, ZIP, 1206, 30, 40.200000, 1.566667, 
trial0007355, GDX, 502, 10, 50.200000, 1.900000, ZIP, 1438, 30, 47.933333, 1.766667, 
trial0007356, GDX, 146, 10, 14.600000, 0.700000, ZIP, 1522, 30, 50.733333, 1.900000, 
trial0007357, GDX, 206, 10, 20.600000, 0.700000, ZIP, 1167, 30, 38.900000, 1.366667, 
trial0007358, GDX, 383, 10, 38.300000, 1.400000, ZIP, 911, 30, 30.366667, 1.333333, 
trial0007359, GDX, 136, 10, 13.600000, 0.900000, ZIP, 1228, 30, 40.933333, 1.366667, 
trial0007360, GDX, 620, 10, 62.000000, 2.100000, ZIP, 1172, 30, 39.066667, 1.700000, 
trial0007361, GDX, 237, 10, 23.700000, 0.700000, ZIP, 666, 30, 22.200000, 1.100000, 
trial0007362, GDX, 359, 10, 35.900000, 1.100000, ZIP, 1024, 30, 34.133333, 1.033333, 
trial0007363, GDX, 657, 10, 65.700000, 2.200000, ZIP, 1300, 30, 43.333333, 1.800000, 
trial0007364, GDX, 418, 10, 41.800000, 1.700000, ZIP, 1139, 30, 37.966667, 1.700000, 
trial0007365, GDX, 536, 10, 53.600000, 1.600000, ZIP, 1069, 30, 35.633333, 1.466667, 
trial0007366, GDX, 535, 10, 53.500000, 2.100000, ZIP, 738, 30, 24.600000, 0.966667, 
trial0007367, GDX, 221, 10, 22.100000, 1.700000, ZIP, 1275, 30, 42.500000, 1.366667, 
trial0007368, GDX, 338, 10, 33.800000, 1.500000, ZIP, 1099, 30, 36.633333, 1.300000, 
trial0007369, GDX, 272, 10, 27.200000, 1.100000, ZIP, 1093, 30, 36.433333, 1.433333, 
trial0007370, GDX, 666, 10, 66.600000, 1.800000, ZIP, 1112, 30, 37.066667, 1.533333, 
trial0007371, GDX, 149, 10, 14.900000, 1.000000, ZIP, 1227, 30, 40.900000, 1.600000, 
trial0007372, GDX, 375, 10, 37.500000, 1.600000, ZIP, 1006, 30, 33.533333, 1.533333, 
trial0007373, GDX, 529, 10, 52.900000, 1.800000, ZIP, 1086, 30, 36.200000, 1.533333, 
trial0007374, GDX, 824, 10, 82.400000, 2.600000, ZIP, 1094, 30, 36.466667, 1.466667, 
trial0007375, GDX, 464, 10, 46.400000, 1.500000, ZIP, 1204, 30, 40.133333, 1.633333, 
trial0007376, GDX, 233, 10, 23.300000, 1.000000, ZIP, 1384, 30, 46.133333, 1.600000, 
trial0007377, GDX, 475, 10, 47.500000, 2.000000, ZIP, 926, 30, 30.866667, 1.266667, 
trial0007378, GDX, 439, 10, 43.900000, 1.400000, ZIP, 1391, 30, 46.366667, 1.800000, 
trial0007379, GDX, 122, 10, 12.200000, 0.700000, ZIP, 1271, 30, 42.366667, 1.700000, 
trial0007380, GDX, 415, 10, 41.500000, 1.300000, ZIP, 1083, 30, 36.100000, 1.466667, 
trial0007381, GDX, 237, 10, 23.700000, 0.800000, ZIP, 1179, 30, 39.300000, 1.600000, 
trial0007382, GDX, 364, 10, 36.400000, 1.300000, ZIP, 1207, 30, 40.233333, 1.500000, 
trial0007383, GDX, 211, 10, 21.100000, 1.200000, ZIP, 919, 30, 30.633333, 1.066667, 
trial0007384, GDX, 412, 10, 41.200000, 1.600000, ZIP, 1269, 30, 42.300000, 1.733333, 
trial0007385, GDX, 483, 10, 48.300000, 1.500000, ZIP, 1379, 30, 45.966667, 1.700000, 
trial0007386, GDX, 522, 10, 52.200000, 1.900000, ZIP, 1087, 30, 36.233333, 1.500000, 
trial0007387, GDX, 136, 10, 13.600000, 1.000000, ZIP, 1307, 30, 43.566667, 1.400000, 
trial0007388, GDX, 459, 10, 45.900000, 1.600000, ZIP, 1346, 30, 44.866667, 1.800000, 
trial0007389, GDX, 181, 10, 18.100000, 1.100000, ZIP, 1270, 30, 42.333333, 1.700000, 
trial0007390, GDX, 418, 10, 41.800000, 1.100000, ZIP, 1421, 30, 47.366667, 2.033333, 
trial0007391, GDX, 214, 10, 21.400000, 0.800000, ZIP, 1272, 30, 42.400000, 1.866667, 
trial0007392, GDX, 398, 10, 39.800000, 1.400000, ZIP, 1568, 30, 52.266667, 2.200000, 
trial0007393, GDX, 287, 10, 28.700000, 1.300000, ZIP, 1082, 30, 36.066667, 1.366667, 
trial0007394, GDX, 105, 10, 10.500000, 0.600000, ZIP, 1163, 30, 38.766667, 1.333333, 
trial0007395, GDX, 409, 10, 40.900000, 1.700000, ZIP, 1443, 30, 48.100000, 1.900000, 
trial0007396, GDX, 43, 10, 4.300000, 0.600000, ZIP, 1127, 30, 37.566667, 1.666667, 
trial0007397, GDX, 641, 10, 64.100000, 2.300000, ZIP, 1229, 30, 40.966667, 1.566667, 
trial0007398, GDX, 326, 10, 32.600000, 0.900000, ZIP, 1248, 30, 41.600000, 1.633333, 
trial0007399, GDX, 408, 10, 40.800000, 1.600000, ZIP, 1253, 30, 41.766667, 1.600000, 
trial0007400, GDX, 325, 10, 32.500000, 1.200000, ZIP, 1531, 30, 51.033333, 2.000000, 
trial0007401, GDX, 338, 10, 33.800000, 1.000000, ZIP, 1177, 30, 39.233333, 1.266667, 
trial0007402, GDX, 269, 10, 26.900000, 0.900000, ZIP, 750, 30, 25.000000, 0.766667, 
trial0007403, GDX, 206, 10, 20.600000, 1.100000, ZIP, 1045, 30, 34.833333, 1.100000, 
trial0007404, GDX, 366, 10, 36.600000, 1.600000, ZIP, 879, 30, 29.300000, 0.933333, 
trial0007405, GDX, 96, 10, 9.600000, 0.600000, ZIP, 1115, 30, 37.166667, 1.000000, 
trial0007406, GDX, 91, 10, 9.100000, 0.500000, ZIP, 534, 30, 17.800000, 0.500000, 
trial0007407, GDX, 5, 10, 0.500000, 0.500000, ZIP, 841, 30, 28.033333, 0.700000, 
trial0007408, GDX, 341, 10, 34.100000, 1.200000, ZIP, 735, 30, 24.500000, 0.800000, 
trial0007409, GDX, 424, 10, 42.400000, 1.300000, ZIP, 722, 30, 24.066667, 0.833333, 
trial0007410, GDX, 218, 10, 21.800000, 0.900000, ZIP, 632, 30, 21.066667, 0.566667, 
trial0007411, GDX, 528, 10, 52.800000, 1.700000, ZIP, 786, 30, 26.200000, 0.766667, 
trial0007412, GDX, 176, 10, 17.600000, 1.100000, ZIP, 945, 30, 31.500000, 0.900000, 
trial0007413, GDX, 364, 10, 36.400000, 1.200000, ZIP, 1171, 30, 39.033333, 1.266667, 
trial0007414, GDX, 173, 10, 17.300000, 1.200000, ZIP, 862, 30, 28.733333, 0.666667, 
trial0007415, GDX, 253, 10, 25.300000, 0.900000, ZIP, 778, 30, 25.933333, 0.900000, 
trial0007416, GDX, 248, 10, 24.800000, 1.400000, ZIP, 986, 30, 32.866667, 0.933333, 
trial0007417, GDX, 337, 10, 33.700000, 1.400000, ZIP, 1111, 30, 37.033333, 1.400000, 
trial0007418, GDX, 358, 10, 35.800000, 1.700000, ZIP, 798, 30, 26.600000, 0.833333, 
trial0007419, GDX, 288, 10, 28.800000, 1.000000, ZIP, 802, 30, 26.733333, 1.000000, 
trial0007420, GDX, 248, 10, 24.800000, 0.900000, ZIP, 1456, 30, 48.533333, 1.433333, 
trial0007421, GDX, 556, 10, 55.600000, 2.200000, ZIP, 1222, 30, 40.733333, 1.333333, 
trial0007422, GDX, 246, 10, 24.600000, 1.400000, ZIP, 892, 30, 29.733333, 0.866667, 
trial0007423, GDX, 233, 10, 23.300000, 1.100000, ZIP, 1101, 30, 36.700000, 1.166667, 
trial0007424, GDX, 322, 10, 32.200000, 1.300000, ZIP, 916, 30, 30.533333, 1.166667, 
trial0007425, GDX, 299, 10, 29.900000, 0.800000, ZIP, 717, 30, 23.900000, 0.800000, 
trial0007426, GDX, 177, 10, 17.700000, 0.700000, ZIP, 780, 30, 26.000000, 0.700000, 
trial0007427, GDX, 123, 10, 12.300000, 0.800000, ZIP, 901, 30, 30.033333, 0.866667, 
trial0007428, GDX, 333, 10, 33.300000, 1.300000, ZIP, 660, 30, 22.000000, 0.700000, 
trial0007429, GDX, 456, 10, 45.600000, 1.300000, ZIP, 699, 30, 23.300000, 0.833333, 
trial0007430, GDX, 340, 10, 34.000000, 1.200000, ZIP, 979, 30, 32.633333, 1.000000, 
trial0007431, GDX, 566, 10, 56.600000, 1.700000, ZIP, 906, 30, 30.200000, 1.166667, 
trial0007432, GDX, 468, 10, 46.800000, 1.700000, ZIP, 1179, 30, 39.300000, 1.366667, 
trial0007433, GDX, 266, 10, 26.600000, 1.000000, ZIP, 753, 30, 25.100000, 0.733333, 
trial0007434, GDX, 315, 10, 31.500000, 0.900000, ZIP, 677, 30, 22.566667, 0.766667, 
trial0007435, GDX, 98, 10, 9.800000, 0.700000, ZIP, 748, 30, 24.933333, 0.700000, 
trial0007436, GDX, 162, 10, 16.200000, 0.600000, ZIP, 413, 30, 13.766667, 0.400000, 
trial0007437, GDX, 166, 10, 16.600000, 1.300000, ZIP, 801, 30, 26.700000, 0.766667, 
trial0007438, GDX, 564, 10, 56.400000, 2.300000, ZIP, 919, 30, 30.633333, 1.033333, 
trial0007439, GDX, 158, 10, 15.800000, 1.100000, ZIP, 1109, 30, 36.966667, 0.966667, 
trial0007440, GDX, 739, 10, 73.900000, 2.200000, ZIP, 1080, 30, 36.000000, 1.266667, 
trial0007441, GDX, 546, 10, 54.600000, 1.900000, ZIP, 1246, 30, 41.533333, 1.500000, 
trial0007442, GDX, 184, 10, 18.400000, 0.600000, ZIP, 1013, 30, 33.766667, 1.000000, 
trial0007443, GDX, 56, 10, 5.600000, 0.700000, ZIP, 1302, 30, 43.400000, 1.300000, 
trial0007444, GDX, 584, 10, 58.400000, 2.100000, ZIP, 1078, 30, 35.933333, 1.100000, 
trial0007445, GDX, 152, 10, 15.200000, 1.100000, ZIP, 826, 30, 27.533333, 0.766667, 
trial0007446, GDX, 385, 10, 38.500000, 1.400000, ZIP, 951, 30, 31.700000, 1.133333, 
trial0007447, GDX, 412, 10, 41.200000, 1.800000, ZIP, 752, 30, 25.066667, 0.733333, 
trial0007448, GDX, 683, 10, 68.300000, 2.400000, ZIP, 618, 30, 20.600000, 0.800000, 
trial0007449, GDX, 159, 10, 15.900000, 0.600000, ZIP, 1296, 30, 43.200000, 1.466667, 
trial0007450, GDX, 181, 10, 18.100000, 0.900000, ZIP, 890, 30, 29.666667, 0.833333, 
trial0007451, GDX, 153, 10, 15.300000, 0.600000, ZIP, 417, 30, 13.900000, 0.466667, 
trial0007452, GDX, 179, 10, 17.900000, 0.900000, ZIP, 742, 30, 24.733333, 0.833333, 
trial0007453, GDX, 242, 10, 24.200000, 1.000000, ZIP, 1253, 30, 41.766667, 1.466667, 
trial0007454, GDX, 322, 10, 32.200000, 1.500000, ZIP, 1133, 30, 37.766667, 1.233333, 
trial0007455, GDX, 646, 10, 64.600000, 2.000000, ZIP, 619, 30, 20.633333, 0.600000, 
trial0007456, GDX, 255, 10, 25.500000, 1.000000, ZIP, 1124, 30, 37.466667, 1.133333, 
trial0007457, GDX, 133, 10, 13.300000, 0.600000, ZIP, 968, 30, 32.266667, 1.066667, 
trial0007458, GDX, 449, 10, 44.900000, 2.300000, ZIP, 1471, 30, 49.033333, 1.566667, 
trial0007459, GDX, 378, 10, 37.800000, 1.400000, ZIP, 531, 30, 17.700000, 0.533333, 
trial0007460, GDX, 190, 10, 19.000000, 0.900000, ZIP, 830, 30, 27.666667, 0.700000, 
trial0007461, GDX, 145, 10, 14.500000, 1.300000, ZIP, 1635, 30, 54.500000, 1.566667, 
trial0007462, GDX, 476, 10, 47.600000, 1.800000, ZIP, 1586, 30, 52.866667, 1.466667, 
trial0007463, GDX, 359, 10, 35.900000, 1.400000, ZIP, 951, 30, 31.700000, 1.000000, 
trial0007464, GDX, 215, 10, 21.500000, 1.300000, ZIP, 1141, 30, 38.033333, 1.100000, 
trial0007465, GDX, 179, 10, 17.900000, 0.900000, ZIP, 817, 30, 27.233333, 0.700000, 
trial0007466, GDX, 356, 10, 35.600000, 1.100000, ZIP, 860, 30, 28.666667, 0.900000, 
trial0007467, GDX, 281, 10, 28.100000, 1.400000, ZIP, 928, 30, 30.933333, 1.133333, 
trial0007468, GDX, 178, 10, 17.800000, 0.500000, ZIP, 870, 30, 29.000000, 0.966667, 
trial0007469, GDX, 278, 10, 27.800000, 1.300000, ZIP, 924, 30, 30.800000, 1.033333, 
trial0007470, GDX, 149, 10, 14.900000, 0.800000, ZIP, 863, 30, 28.766667, 0.800000, 
trial0007471, GDX, 269, 10, 26.900000, 1.300000, ZIP, 616, 30, 20.533333, 0.433333, 
trial0007472, GDX, 244, 10, 24.400000, 0.900000, ZIP, 720, 30, 24.000000, 0.633333, 
trial0007473, GDX, 427, 10, 42.700000, 1.300000, ZIP, 576, 30, 19.200000, 0.500000, 
trial0007474, GDX, 343, 10, 34.300000, 1.500000, ZIP, 787, 30, 26.233333, 0.833333, 
trial0007475, GDX, 318, 10, 31.800000, 0.900000, ZIP, 1130, 30, 37.666667, 1.433333, 
trial0007476, GDX, 180, 10, 18.000000, 0.800000, ZIP, 849, 30, 28.300000, 0.666667, 
trial0007477, GDX, 124, 10, 12.400000, 0.800000, ZIP, 867, 30, 28.900000, 0.800000, 
trial0007478, GDX, 235, 10, 23.500000, 0.900000, ZIP, 857, 30, 28.566667, 0.900000, 
trial0007479, GDX, 309, 10, 30.900000, 1.800000, ZIP, 1475, 30, 49.166667, 1.533333, 
trial0007480, GDX, 239, 10, 23.900000, 1.300000, ZIP, 282, 30, 9.400000, 0.233333, 
trial0007481, GDX, 475, 10, 47.500000, 1.900000, ZIP, 882, 30, 29.400000, 0.900000, 
trial0007482, GDX, 139, 10, 13.900000, 0.700000, ZIP, 674, 30, 22.466667, 0.633333, 
trial0007483, GDX, 360, 10, 36.000000, 1.200000, ZIP, 1014, 30, 33.800000, 1.266667, 
trial0007484, GDX, 172, 10, 17.200000, 0.700000, ZIP, 932, 30, 31.066667, 0.900000, 
trial0007485, GDX, 32, 10, 3.200000, 0.300000, ZIP, 1441, 30, 48.033333, 1.633333, 
trial0007486, GDX, 199, 10, 19.900000, 0.700000, ZIP, 829, 30, 27.633333, 0.766667, 
trial0007487, GDX, 426, 10, 42.600000, 1.400000, ZIP, 656, 30, 21.866667, 0.666667, 
trial0007488, GDX, 196, 10, 19.600000, 1.000000, ZIP, 1264, 30, 42.133333, 1.200000, 
trial0007489, GDX, 259, 10, 25.900000, 1.400000, ZIP, 923, 30, 30.766667, 0.800000, 
trial0007490, GDX, 136, 10, 13.600000, 0.700000, ZIP, 1134, 30, 37.800000, 1.266667, 
trial0007491, GDX, 358, 10, 35.800000, 1.200000, ZIP, 933, 30, 31.100000, 0.933333, 
trial0007492, GDX, 573, 10, 57.300000, 1.600000, ZIP, 570, 30, 19.000000, 0.666667, 
trial0007493, GDX, 299, 10, 29.900000, 0.900000, ZIP, 934, 30, 31.133333, 0.766667, 
trial0007494, GDX, 234, 10, 23.400000, 0.900000, ZIP, 886, 30, 29.533333, 0.833333, 
trial0007495, GDX, 240, 10, 24.000000, 1.300000, ZIP, 814, 30, 27.133333, 0.766667, 
trial0007496, GDX, 71, 10, 7.100000, 0.300000, ZIP, 488, 30, 16.266667, 0.466667, 
trial0007497, GDX, 395, 10, 39.500000, 1.600000, ZIP, 922, 30, 30.733333, 1.133333, 
trial0007498, GDX, 235, 10, 23.500000, 0.600000, ZIP, 698, 30, 23.266667, 0.800000, 
trial0007499, GDX, 193, 10, 19.300000, 1.000000, ZIP, 1103, 30, 36.766667, 1.133333, 
trial0007500, GDX, 313, 10, 31.300000, 1.200000, ZIP, 1205, 30, 40.166667, 1.266667, 
