trial0000501, AA, 3731, 26, 143.513757, 9.269231, 0.000038, 0.009408, GDX, 2539, 14, 181.403022, 6.357143, 0.001769, 0.000086, 
trial0000502, AA, 5462, 26, 210.112717, 9.384615, 0.000141, 0.016233, GDX, 1087, 14, 77.647811, 4.142857, 0.005145, 0.000442, 
trial0000503, AA, 3842, 26, 147.797264, 8.076923, 0.000047, 0.028638, GDX, 1943, 14, 138.805082, 6.571429, 0.004438, 0.000415, 
trial0000504, AA, 4972, 26, 191.250619, 10.384615, 0.000009, 0.000868, GDX, 1452, 14, 103.748850, 4.428571, 0.000502, 0.000035, 
trial0000505, AA, 7134, 26, 274.387101, 12.346154, 0.000009, 0.002333, GDX, 405, 14, 28.995384, 2.500000, 0.000491, 0.000032, 
trial0000506, AA, 4385, 26, 168.670802, 8.846154, 0.000010, 0.001963, GDX, 1971, 14, 140.825654, 5.428571, 0.000513, 0.000038, 
trial0000507, AA, 3801, 26, 146.217188, 9.269231, 0.000016, 0.003638, GDX, 2327, 14, 166.239508, 6.214286, 0.000685, 0.000058, 
trial0000508, AA, 5535, 26, 212.910829, 10.884615, 0.000022, 0.018443, GDX, 1404, 14, 100.308461, 3.642857, 0.003841, 0.000205, 
trial0000509, AA, 4686, 26, 180.237922, 9.115385, 0.000066, 0.023578, GDX, 1615, 14, 115.415289, 5.500000, 0.005098, 0.000444, 
trial0000510, AA, 5463, 26, 210.151789, 9.923077, 0.000028, 0.027462, GDX, 1415, 14, 101.075248, 4.857143, 0.005053, 0.000319, 
trial0000511, AA, 4115, 26, 158.294698, 8.653846, 0.000834, 0.023709, GDX, 2376, 14, 169.738418, 6.642857, 0.004798, 0.000363, 
trial0000512, AA, 4505, 26, 173.289079, 10.269231, 0.000050, 0.015123, GDX, 1836, 14, 131.177424, 5.071429, 0.005989, 0.000401, 
trial0000513, AA, 5702, 26, 219.308647, 11.115385, 0.000086, 0.019310, GDX, 966, 14, 69.069655, 3.214286, 0.005220, 0.000349, 
trial0000514, AA, 5847, 26, 224.890878, 11.653846, 0.000107, 0.024960, GDX, 1007, 14, 71.988369, 2.642857, 0.005928, 0.000431, 
trial0000515, AA, 5616, 26, 216.014414, 10.961538, 0.000048, 0.022456, GDX, 786, 14, 56.187518, 3.071429, 0.005605, 0.000238, 
trial0000516, AA, 2884, 26, 110.923171, 6.769231, 0.000025, 0.014086, GDX, 3222, 14, 230.214111, 9.000000, 0.005477, 0.000683, 
trial0000517, AA, 4240, 26, 163.106588, 9.230769, 0.000066, 0.030711, GDX, 2034, 14, 145.302050, 5.714286, 0.005131, 0.000501, 
trial0000518, AA, 5381, 26, 206.990766, 10.730769, 0.000132, 0.020533, GDX, 1310, 14, 93.588577, 3.928571, 0.005858, 0.000363, 
trial0000519, AA, 5525, 26, 212.513090, 10.692308, 0.000094, 0.024088, GDX, 1223, 14, 87.404261, 3.714286, 0.005690, 0.000303, 
trial0000520, AA, 5445, 26, 209.425722, 10.653846, 0.000079, 0.012445, GDX, 1451, 14, 103.709373, 4.928571, 0.004892, 0.000505, 
trial0000521, AA, 3800, 26, 146.183673, 7.576923, 0.000050, 0.020273, GDX, 2387, 14, 170.516035, 7.642857, 0.005111, 0.000467, 
trial0000522, AA, 3707, 26, 142.604585, 9.038462, 0.000241, 0.032427, GDX, 2271, 14, 162.234343, 6.357143, 0.005836, 0.000312, 
trial0000523, AA, 4983, 26, 191.692074, 10.384615, 0.000040, 0.016535, GDX, 1789, 14, 127.786149, 5.000000, 0.005445, 0.000421, 
trial0000524, AA, 4932, 26, 189.693985, 9.461538, 0.000041, 0.015872, GDX, 1875, 14, 133.996885, 5.571429, 0.004968, 0.000555, 
trial0000525, AA, 4388, 26, 168.804409, 9.961538, 0.000243, 0.026459, GDX, 1902, 14, 135.863240, 4.642857, 0.005590, 0.000346, 
trial0000526, AA, 3848, 26, 148.005760, 8.538462, 0.000021, 0.016294, GDX, 2189, 14, 156.417874, 5.857143, 0.005714, 0.000444, 
trial0000527, AA, 4760, 26, 183.085033, 11.692308, 0.000097, 0.010002, GDX, 1767, 14, 126.270652, 4.142857, 0.001984, 0.000133, 
trial0000528, AA, 6004, 26, 230.933909, 10.653846, 0.000010, 0.004328, GDX, 931, 14, 66.551312, 3.785714, 0.000594, 0.000040, 
trial0000529, AA, 5110, 26, 196.544916, 10.307692, 0.000011, 0.011732, GDX, 1055, 14, 75.416585, 3.857143, 0.002924, 0.000204, 
trial0000530, AA, 4887, 26, 187.978269, 10.000000, 0.000030, 0.020509, GDX, 1723, 14, 123.111786, 4.714286, 0.005170, 0.000358, 
trial0000531, AA, 6459, 26, 248.449472, 12.115385, 0.000124, 0.025257, GDX, 769, 14, 54.950981, 3.071429, 0.005049, 0.000405, 
trial0000532, AA, 6338, 26, 243.782855, 11.807692, 0.000021, 0.023506, GDX, 663, 14, 47.403269, 3.357143, 0.004943, 0.000394, 
trial0000533, AA, 5283, 26, 203.217066, 10.884615, 0.000070, 0.012887, GDX, 1543, 14, 110.239735, 4.785714, 0.005200, 0.000302, 
trial0000534, AA, 5042, 26, 193.954765, 9.653846, 0.000100, 0.027835, GDX, 1561, 14, 111.512579, 5.071429, 0.005200, 0.000383, 
trial0000535, AA, 4767, 26, 183.376243, 9.846154, 0.000131, 0.016584, GDX, 1438, 14, 102.729834, 4.857143, 0.006314, 0.000291, 
trial0000536, AA, 4339, 26, 166.905761, 10.461538, 0.000073, 0.024582, GDX, 1748, 14, 124.889300, 4.857143, 0.005382, 0.000426, 
trial0000537, AA, 4498, 26, 173.004692, 9.692308, 0.000034, 0.010767, GDX, 2013, 14, 143.848429, 4.571429, 0.005964, 0.000442, 
trial0000538, AA, 5219, 26, 200.765040, 10.576923, 0.000109, 0.026151, GDX, 1799, 14, 128.507782, 5.071429, 0.005563, 0.000437, 
trial0000539, AA, 5856, 26, 225.259429, 10.269231, 0.000066, 0.028616, GDX, 1026, 14, 73.303917, 3.785714, 0.005171, 0.000344, 
trial0000540, AA, 5591, 26, 215.048946, 9.961538, 0.000011, 0.026524, GDX, 909, 14, 64.980529, 3.785714, 0.005074, 0.000328, 
trial0000541, AA, 3435, 26, 132.146730, 8.846154, 0.000027, 0.022183, GDX, 2429, 14, 173.513215, 6.285714, 0.005903, 0.000371, 
trial0000542, AA, 4555, 26, 175.193499, 8.269231, 0.000022, 0.046917, GDX, 1783, 14, 127.426359, 5.785714, 0.005151, 0.000336, 
trial0000543, AA, 3837, 26, 147.588440, 8.730769, 0.000024, 0.019565, GDX, 1983, 14, 141.692898, 5.357143, 0.006396, 0.000307, 
trial0000544, AA, 4123, 26, 158.578983, 9.692308, 0.000189, 0.024257, GDX, 2161, 14, 154.424745, 4.571429, 0.006293, 0.000406, 
trial0000545, AA, 5251, 26, 201.969595, 10.000000, 0.000060, 0.012374, GDX, 1768, 14, 126.342181, 5.857143, 0.004595, 0.000501, 
trial0000546, AA, 4425, 26, 170.228420, 9.153846, 0.000117, 0.024416, GDX, 1834, 14, 131.004363, 5.857143, 0.005270, 0.000311, 
trial0000547, AA, 4970, 26, 191.156960, 9.384615, 0.000102, 0.038985, GDX, 1401, 14, 100.137074, 4.714286, 0.004988, 0.000706, 
trial0000548, AA, 4818, 26, 185.320281, 10.230769, 0.000060, 0.018020, GDX, 1494, 14, 106.762336, 4.142857, 0.001490, 0.000122, 
trial0000549, AA, 4329, 26, 166.522443, 10.230769, 0.000055, 0.002936, GDX, 1823, 14, 130.244035, 5.000000, 0.000685, 0.000049, 
trial0000550, AA, 5529, 26, 212.670535, 11.615385, 0.000063, 0.011124, GDX, 1304, 14, 93.183293, 3.857143, 0.003636, 0.000220, 
trial0000551, AA, 5429, 26, 208.845940, 9.692308, 0.000149, 0.020208, GDX, 1193, 14, 85.214683, 4.571429, 0.005832, 0.000340, 
trial0000552, AA, 5057, 26, 194.536331, 10.423077, 0.000012, 0.030651, GDX, 1169, 14, 83.503957, 3.642857, 0.005778, 0.000346, 
trial0000553, AA, 4193, 26, 161.299006, 9.576923, 0.000194, 0.024952, GDX, 2135, 14, 152.516131, 5.785714, 0.005015, 0.000432, 
trial0000554, AA, 5013, 26, 192.810575, 9.615385, 0.000083, 0.018397, GDX, 1268, 14, 90.637504, 4.428571, 0.005022, 0.000348, 
trial0000555, AA, 5661, 26, 217.732994, 10.461538, 0.000144, 0.021186, GDX, 1375, 14, 98.281583, 4.142857, 0.004974, 0.000758, 
trial0000556, AA, 3858, 26, 148.414855, 7.961538, 0.000363, 0.025217, GDX, 2350, 14, 167.872413, 6.928571, 0.005902, 0.000414, 
trial0000557, AA, 4996, 26, 192.185163, 10.076923, 0.000123, 0.022323, GDX, 1823, 14, 130.227554, 5.285714, 0.005381, 0.000585, 
trial0000558, AA, 4369, 26, 168.046075, 9.230769, 0.000192, 0.017236, GDX, 2373, 14, 169.557289, 6.571429, 0.004103, 0.000431, 
trial0000559, AA, 4255, 26, 163.671763, 9.423077, 0.000187, 0.027750, GDX, 1862, 14, 133.038155, 5.500000, 0.005666, 0.000410, 
trial0000560, AA, 4297, 26, 165.274800, 9.769231, 0.000039, 0.033909, GDX, 2179, 14, 155.703943, 5.714286, 0.005119, 0.000723, 
trial0000561, AA, 4752, 26, 182.795619, 9.576923, 0.000042, 0.013642, GDX, 1938, 14, 138.450994, 6.071429, 0.005385, 0.000388, 
trial0000562, AA, 5094, 26, 195.949989, 9.653846, 0.000071, 0.016140, GDX, 1609, 14, 114.950021, 5.071429, 0.005253, 0.000349, 
trial0000563, AA, 4791, 26, 184.300976, 9.461538, 0.000064, 0.019984, GDX, 1988, 14, 142.012473, 5.571429, 0.005084, 0.000525, 
trial0000564, AA, 5787, 26, 222.602331, 11.076923, 0.000061, 0.013874, GDX, 1154, 14, 82.452815, 4.142857, 0.004455, 0.000345, 
trial0000565, AA, 4859, 26, 186.922307, 9.115385, 0.000166, 0.026065, GDX, 1715, 14, 122.501430, 5.500000, 0.005201, 0.000385, 
trial0000566, AA, 4269, 26, 164.215771, 9.500000, 0.000020, 0.023089, GDX, 1977, 14, 141.242139, 5.500000, 0.005316, 0.000385, 
trial0000567, AA, 4890, 26, 188.080830, 10.461538, 0.000092, 0.010417, GDX, 1648, 14, 117.778459, 5.000000, 0.005094, 0.000331, 
trial0000568, AA, 4613, 26, 177.445885, 10.000000, 0.000025, 0.032535, GDX, 1885, 14, 134.671927, 5.142857, 0.004864, 0.000406, 
trial0000569, AA, 5805, 26, 223.302926, 11.307692, 0.000088, 0.023445, GDX, 1419, 14, 101.365995, 5.000000, 0.005251, 0.000474, 
trial0000570, AA, 4014, 26, 154.417161, 8.461538, 0.000009, 0.005660, GDX, 2215, 14, 158.225272, 6.142857, 0.000701, 0.000065, 
trial0000571, AA, 5325, 26, 204.835227, 10.076923, 0.000011, 0.002313, GDX, 1404, 14, 100.306008, 4.571429, 0.000685, 0.000040, 
trial0000572, AA, 4149, 26, 159.608977, 8.923077, 0.000027, 0.016889, GDX, 2010, 14, 143.583328, 6.000000, 0.003489, 0.000186, 
trial0000573, AA, 4644, 26, 178.636809, 8.769231, 0.000070, 0.035130, GDX, 1812, 14, 129.460213, 5.714286, 0.005337, 0.000328, 
trial0000574, AA, 5002, 26, 192.407478, 9.269231, 0.000151, 0.038950, GDX, 1451, 14, 103.671826, 5.214286, 0.005416, 0.000323, 
trial0000575, AA, 4994, 26, 192.104903, 8.961538, 0.000011, 0.023191, GDX, 1837, 14, 131.233751, 7.357143, 0.004492, 0.000517, 
trial0000576, AA, 5295, 26, 203.682070, 10.115385, 0.000072, 0.035731, GDX, 1345, 14, 96.090441, 4.214286, 0.005440, 0.000367, 
trial0000577, AA, 5278, 26, 203.033567, 11.346154, 0.000085, 0.013381, GDX, 1556, 14, 111.151947, 3.785714, 0.005342, 0.000484, 
trial0000578, AA, 5312, 26, 204.322631, 10.923077, 0.000189, 0.014245, GDX, 1299, 14, 92.829400, 4.000000, 0.005259, 0.000405, 
trial0000579, AA, 4005, 26, 154.041517, 7.423077, 0.000042, 0.025457, GDX, 2096, 14, 149.780040, 6.500000, 0.005076, 0.000406, 
trial0000580, AA, 4096, 26, 157.560056, 8.730769, 0.000096, 0.033365, GDX, 2189, 14, 156.388468, 5.928571, 0.005833, 0.000397, 
trial0000581, AA, 5748, 26, 221.087624, 10.615385, 0.000077, 0.020300, GDX, 947, 14, 67.694412, 4.285714, 0.005150, 0.000356, 
trial0000582, AA, 4744, 26, 182.464464, 9.576923, 0.000060, 0.026048, GDX, 1542, 14, 110.208852, 4.642857, 0.005476, 0.000406, 
trial0000583, AA, 4914, 26, 189.032414, 9.423077, 0.000089, 0.018954, GDX, 1770, 14, 126.439803, 5.214286, 0.005596, 0.000471, 
trial0000584, AA, 4642, 26, 178.563772, 8.730769, 0.000012, 0.025001, GDX, 1627, 14, 116.238710, 5.928571, 0.005174, 0.000406, 
trial0000585, AA, 5045, 26, 194.041797, 10.153846, 0.000136, 0.014501, GDX, 1662, 14, 118.779520, 5.285714, 0.005539, 0.000337, 
trial0000586, AA, 5195, 26, 199.841549, 10.961538, 0.000709, 0.020540, GDX, 1753, 14, 125.222837, 4.642857, 0.004963, 0.000321, 
trial0000587, AA, 3703, 26, 142.433124, 7.923077, 0.000051, 0.011845, GDX, 2637, 14, 188.409913, 7.428571, 0.005088, 0.000506, 
trial0000588, AA, 5854, 26, 225.174375, 11.961538, 0.000192, 0.037480, GDX, 1397, 14, 99.819019, 3.642857, 0.005080, 0.000487, 
trial0000589, AA, 5553, 26, 213.599223, 9.807692, 0.000028, 0.027186, GDX, 1359, 14, 97.101443, 5.500000, 0.005038, 0.000374, 
trial0000590, AA, 6277, 26, 241.424236, 10.846154, 0.000094, 0.031696, GDX, 740, 14, 52.926419, 3.571429, 0.005150, 0.000314, 
trial0000591, AA, 5099, 26, 196.127466, 10.769231, 0.000034, 0.010028, GDX, 1578, 14, 112.763278, 4.428571, 0.005030, 0.000393, 
trial0000592, AA, 4873, 26, 187.449244, 9.615385, 0.000010, 0.002238, GDX, 1820, 14, 130.022833, 5.714286, 0.000509, 0.000035, 
trial0000593, AA, 4145, 26, 159.449918, 7.653846, 0.000010, 0.002227, GDX, 1868, 14, 133.450153, 6.500000, 0.000650, 0.000057, 
trial0000594, AA, 4911, 26, 188.904913, 9.846154, 0.000069, 0.004160, GDX, 1514, 14, 108.176591, 4.857143, 0.003081, 0.000181, 
trial0000595, AA, 5149, 26, 198.039045, 9.769231, 0.000122, 0.033892, GDX, 1751, 14, 125.141774, 5.571429, 0.005641, 0.000353, 
trial0000596, AA, 3105, 26, 119.425504, 7.307692, 0.000043, 0.038130, GDX, 2475, 14, 176.852635, 7.000000, 0.005161, 0.000418, 
trial0000597, AA, 5976, 26, 229.871143, 11.769231, 0.000048, 0.018925, GDX, 1229, 14, 87.810734, 3.571429, 0.005154, 0.000405, 
trial0000598, AA, 4015, 26, 154.460187, 7.769231, 0.000067, 0.024414, GDX, 2262, 14, 161.573939, 7.714286, 0.005512, 0.000389, 
trial0000599, AA, 3710, 26, 142.719487, 8.653846, 0.000136, 0.020082, GDX, 2370, 14, 169.306667, 6.500000, 0.005367, 0.000512, 
trial0000600, AA, 3516, 26, 135.263864, 7.461538, 0.000380, 0.017267, GDX, 2843, 14, 203.081395, 7.857143, 0.004891, 0.000549, 
trial0000601, AA, 7971, 26, 306.587411, 9.538462, 0.000063, 0.018581, GDX, 3688, 14, 263.480522, 6.428571, 0.007234, 0.000386, 
trial0000602, AA, 7564, 26, 290.941006, 8.153846, 0.000046, 0.023939, GDX, 3840, 14, 274.323846, 7.285714, 0.006644, 0.000402, 
trial0000603, AA, 5680, 26, 218.499503, 8.923077, 0.000873, 0.043299, GDX, 4409, 14, 314.929494, 6.571429, 0.007798, 0.000548, 
trial0000604, AA, 7633, 26, 293.593879, 8.961538, 0.000213, 0.040897, GDX, 3841, 14, 274.397081, 6.928571, 0.007381, 0.000490, 
trial0000605, AA, 7930, 26, 305.010312, 10.653846, 0.000161, 0.020311, GDX, 3929, 14, 280.695135, 5.500000, 0.008862, 0.000607, 
trial0000606, AA, 10822, 26, 416.264443, 12.730769, 0.000129, 0.013618, GDX, 1666, 14, 119.008891, 2.642857, 0.006628, 0.000453, 
trial0000607, AA, 9664, 26, 371.707440, 9.769231, 0.000053, 0.035605, GDX, 2606, 14, 186.186183, 5.714286, 0.007336, 0.000698, 
trial0000608, AA, 8333, 26, 320.536347, 9.423077, 0.000115, 0.016308, GDX, 3248, 14, 232.003928, 6.214286, 0.006289, 0.000764, 
trial0000609, AA, 6798, 26, 261.462961, 8.769231, 0.000149, 0.025597, GDX, 4735, 14, 338.283072, 7.714286, 0.007178, 0.000870, 
trial0000610, AA, 9649, 26, 371.120960, 10.692308, 0.000109, 0.026462, GDX, 1977, 14, 141.275359, 4.285714, 0.006419, 0.000404, 
trial0000611, AA, 7600, 26, 292.318629, 8.884615, 0.000029, 0.016937, GDX, 4611, 14, 329.408261, 8.214286, 0.006065, 0.000650, 
trial0000612, AA, 6084, 26, 234.002792, 8.576923, 0.000011, 0.012013, GDX, 5250, 14, 375.066243, 7.928571, 0.002358, 0.000371, 
trial0000613, AA, 6659, 26, 256.137750, 8.846154, 0.000010, 0.003409, GDX, 4184, 14, 298.887035, 7.714286, 0.000905, 0.000055, 
trial0000614, AA, 9857, 26, 379.146224, 12.038462, 0.000018, 0.012313, GDX, 1871, 14, 133.657013, 3.357143, 0.005604, 0.000161, 
trial0000615, AA, 8536, 26, 328.330351, 10.653846, 0.000033, 0.019485, GDX, 3218, 14, 229.886490, 5.357143, 0.007430, 0.000390, 
trial0000616, AA, 8585, 26, 330.196257, 10.230769, 0.000116, 0.025700, GDX, 3214, 14, 229.635522, 5.142857, 0.006317, 0.000587, 
trial0000617, AA, 9702, 26, 373.178838, 9.884615, 0.000178, 0.021436, GDX, 2156, 14, 154.025015, 4.785714, 0.007101, 0.000450, 
trial0000618, AA, 7206, 26, 277.172114, 9.461538, 0.000064, 0.028920, GDX, 3325, 14, 237.537503, 5.857143, 0.007451, 0.000372, 
trial0000619, AA, 7683, 26, 295.510218, 9.538462, 0.000229, 0.033357, GDX, 3414, 14, 243.909596, 5.857143, 0.007847, 0.000533, 
trial0000620, AA, 7446, 26, 286.388997, 9.307692, 0.000093, 0.027783, GDX, 3948, 14, 282.063292, 6.714286, 0.007339, 0.000572, 
trial0000621, AA, 8176, 26, 314.494664, 11.076923, 0.000084, 0.023212, GDX, 3217, 14, 229.795624, 5.142857, 0.007078, 0.000524, 
trial0000622, AA, 10159, 26, 390.757263, 10.384615, 0.000076, 0.023644, GDX, 2061, 14, 147.236512, 4.857143, 0.005920, 0.000479, 
trial0000623, AA, 9401, 26, 361.592211, 10.307692, 0.000011, 0.038220, GDX, 2501, 14, 178.685894, 5.000000, 0.007472, 0.000394, 
trial0000624, AA, 7039, 26, 270.757104, 9.461538, 0.000021, 0.019813, GDX, 4276, 14, 305.451092, 6.571429, 0.006341, 0.000579, 
trial0000625, AA, 10667, 26, 410.277454, 11.384615, 0.000022, 0.003525, GDX, 1834, 14, 131.056157, 3.714286, 0.000725, 0.000039, 
trial0000626, AA, 9826, 26, 377.953590, 10.769231, 0.000022, 0.014619, GDX, 1689, 14, 120.657619, 4.142857, 0.003021, 0.000074, 
trial0000627, AA, 7758, 26, 298.411818, 10.384615, 0.000191, 0.019467, GDX, 3881, 14, 277.235195, 6.142857, 0.007499, 0.000702, 
trial0000628, AA, 9248, 26, 355.714413, 10.923077, 0.000051, 0.030768, GDX, 2731, 14, 195.101805, 5.142857, 0.007199, 0.000483, 
trial0000629, AA, 8874, 26, 341.340389, 10.076923, 0.000219, 0.020099, GDX, 2577, 14, 184.082135, 5.857143, 0.007771, 0.000430, 
trial0000630, AA, 7834, 26, 301.315243, 10.576923, 0.000126, 0.023064, GDX, 3737, 14, 266.985978, 5.357143, 0.007815, 0.000487, 
trial0000631, AA, 9736, 26, 374.463441, 11.384615, 0.000057, 0.024415, GDX, 2280, 14, 162.925038, 3.857143, 0.008190, 0.000427, 
trial0000632, AA, 10209, 26, 392.659912, 10.692308, 0.000046, 0.024207, GDX, 1676, 14, 119.774449, 3.857143, 0.007114, 0.000405, 
trial0000633, AA, 6426, 26, 247.172714, 8.269231, 0.000134, 0.014986, GDX, 4826, 14, 344.750673, 8.357143, 0.006980, 0.000785, 
trial0000634, AA, 7909, 26, 304.202899, 9.615385, 0.000050, 0.029156, GDX, 2887, 14, 206.266046, 5.142857, 0.008163, 0.000302, 
trial0000635, AA, 8060, 26, 310.000201, 10.653846, 0.000114, 0.021215, GDX, 2655, 14, 189.713913, 4.214286, 0.008228, 0.000432, 
trial0000636, AA, 7527, 26, 289.514928, 8.346154, 0.000118, 0.035910, GDX, 3860, 14, 275.757990, 6.500000, 0.006579, 0.000491, 
trial0000637, AA, 7910, 26, 304.258363, 8.384615, 0.000077, 0.026092, GDX, 3750, 14, 267.877325, 7.428571, 0.007555, 0.000625, 
trial0000638, AA, 8335, 26, 320.607960, 10.461538, 0.000076, 0.021826, GDX, 3114, 14, 222.442359, 4.571429, 0.006967, 0.000555, 
trial0000639, AA, 9300, 26, 357.720654, 10.269231, 0.000115, 0.022777, GDX, 3175, 14, 226.804500, 6.357143, 0.007139, 0.000368, 
trial0000640, AA, 9061, 26, 348.508038, 11.115385, 0.000054, 0.027596, GDX, 2595, 14, 185.413644, 4.214286, 0.006579, 0.000793, 
trial0000641, AA, 8107, 26, 311.843765, 9.230769, 0.000081, 0.021728, GDX, 3424, 14, 244.575865, 6.285714, 0.007935, 0.000447, 
trial0000642, AA, 6591, 26, 253.534633, 8.807692, 0.000028, 0.007139, GDX, 4779, 14, 341.364253, 7.214286, 0.001215, 0.000214, 
trial0000643, AA, 8881, 26, 341.585956, 9.230769, 0.000012, 0.002465, GDX, 2543, 14, 181.697511, 5.285714, 0.001129, 0.000049, 
trial0000644, AA, 9802, 26, 377.034308, 11.653846, 0.000020, 0.018116, GDX, 2015, 14, 143.936286, 4.500000, 0.006897, 0.000291, 
trial0000645, AA, 6843, 26, 263.222326, 9.538462, 0.000033, 0.023131, GDX, 4505, 14, 321.801394, 7.000000, 0.007628, 0.000485, 
trial0000646, AA, 9242, 26, 355.481170, 11.192308, 0.000274, 0.015208, GDX, 2051, 14, 146.534969, 4.071429, 0.008439, 0.000391, 
trial0000647, AA, 7409, 26, 284.973250, 9.192308, 0.000068, 0.024536, GDX, 3584, 14, 256.049678, 6.500000, 0.007903, 0.000339, 
trial0000648, AA, 8006, 26, 307.953450, 10.076923, 0.000128, 0.018437, GDX, 3806, 14, 271.872164, 5.428571, 0.008112, 0.000502, 
trial0000649, AA, 10388, 26, 399.539443, 11.423077, 0.000026, 0.028711, GDX, 1844, 14, 131.783892, 4.642857, 0.007717, 0.000444, 
trial0000650, AA, 6909, 26, 265.768461, 7.076923, 0.000011, 0.011927, GDX, 4474, 14, 319.572859, 9.142857, 0.007395, 0.000694, 
trial0000651, AA, 7809, 26, 300.359852, 9.423077, 0.000144, 0.024166, GDX, 3994, 14, 285.331704, 6.642857, 0.007467, 0.000566, 
trial0000652, AA, 9229, 26, 354.974045, 10.730769, 0.000120, 0.022884, GDX, 2660, 14, 190.048203, 4.642857, 0.007994, 0.000425, 
trial0000653, AA, 8246, 26, 317.181926, 10.115385, 0.000192, 0.031720, GDX, 3601, 14, 257.233566, 6.071429, 0.006734, 0.000619, 
trial0000654, AA, 7829, 26, 301.147342, 9.153846, 0.000070, 0.010300, GDX, 3651, 14, 260.797793, 6.857143, 0.006578, 0.000533, 
trial0000655, AA, 9370, 26, 360.420999, 9.653846, 0.000156, 0.040149, GDX, 2356, 14, 168.289573, 5.071429, 0.007749, 0.000388, 
trial0000656, AA, 8114, 26, 312.097280, 10.346154, 0.000063, 0.020156, GDX, 3928, 14, 280.605052, 6.785714, 0.007010, 0.000873, 
trial0000657, AA, 7428, 26, 285.714979, 8.884615, 0.000140, 0.035671, GDX, 3762, 14, 268.743610, 6.928571, 0.007739, 0.000288, 
trial0000658, AA, 8845, 26, 340.212533, 9.846154, 0.000027, 0.032007, GDX, 2330, 14, 166.462439, 5.000000, 0.007026, 0.000364, 
trial0000659, AA, 9391, 26, 361.226603, 11.000000, 0.000116, 0.028291, GDX, 2543, 14, 181.650595, 4.571429, 0.006539, 0.000420, 
trial0000660, AA, 8707, 26, 334.901996, 10.615385, 0.000010, 0.002058, GDX, 3563, 14, 254.539151, 6.428571, 0.000619, 0.000047, 
trial0000661, AA, 8191, 26, 315.058203, 9.884615, 0.000010, 0.003476, GDX, 3435, 14, 245.391909, 6.785714, 0.001299, 0.000073, 
trial0000662, AA, 9511, 26, 365.826907, 9.923077, 0.000155, 0.014359, GDX, 3146, 14, 224.750029, 6.714286, 0.005831, 0.000418, 
trial0000663, AA, 7634, 26, 293.621904, 10.076923, 0.000115, 0.046911, GDX, 3097, 14, 221.273607, 5.142857, 0.011594, 0.000456, 
trial0000664, AA, 7848, 26, 301.865790, 9.115385, 0.000039, 0.066886, GDX, 3986, 14, 284.749248, 6.500000, 0.013570, 0.001597, 
trial0000665, AA, 7747, 26, 297.982268, 10.961538, 0.000095, 0.049377, GDX, 3730, 14, 266.461502, 5.071429, 0.011224, 0.000688, 
trial0000666, AA, 7956, 26, 306.029888, 8.230769, 0.000028, 0.033073, GDX, 3484, 14, 248.873064, 7.428571, 0.006368, 0.000488, 
trial0000667, AA, 9904, 26, 380.929359, 11.000000, 0.000349, 0.031212, GDX, 2122, 14, 151.631191, 4.571429, 0.006984, 0.000471, 
trial0000668, AA, 9808, 26, 377.239038, 11.384615, 0.000145, 0.018548, GDX, 1613, 14, 115.270359, 3.571429, 0.007956, 0.000359, 
trial0000669, AA, 10642, 26, 409.309807, 11.730769, 0.000093, 0.022707, GDX, 1122, 14, 80.210358, 3.500000, 0.007272, 0.000397, 
trial0000670, AA, 8003, 26, 307.813284, 9.500000, 0.000117, 0.033388, GDX, 3643, 14, 260.275329, 6.500000, 0.006349, 0.000620, 
trial0000671, AA, 7957, 26, 306.053407, 10.269231, 0.000083, 0.022378, GDX, 3203, 14, 228.829387, 4.642857, 0.008138, 0.000338, 
trial0000672, AA, 8034, 26, 309.003306, 9.846154, 0.000109, 0.029510, GDX, 4058, 14, 289.922432, 6.428571, 0.006234, 0.000834, 
trial0000673, AA, 9624, 26, 370.159296, 11.384615, 0.000102, 0.032476, GDX, 1786, 14, 127.632736, 3.714286, 0.007756, 0.000362, 
trial0000674, AA, 8104, 26, 311.727410, 9.769231, 0.000077, 0.027451, GDX, 3013, 14, 215.220524, 5.857143, 0.007827, 0.000399, 
trial0000675, AA, 7021, 26, 270.043731, 8.384615, 0.000058, 0.024259, GDX, 3518, 14, 251.347356, 7.285714, 0.005665, 0.000309, 
trial0000676, AA, 7214, 26, 277.464074, 9.461538, 0.000010, 0.002193, GDX, 3996, 14, 285.495291, 6.428571, 0.000789, 0.000054, 
trial0000677, AA, 9650, 26, 371.169064, 10.115385, 0.000025, 0.012778, GDX, 2214, 14, 158.186024, 4.214286, 0.003507, 0.000136, 
trial0000678, AA, 6623, 26, 254.760842, 8.115385, 0.000138, 0.030217, GDX, 4106, 14, 293.301293, 6.642857, 0.006901, 0.000617, 
trial0000679, AA, 7572, 26, 291.257935, 9.923077, 0.000148, 0.038087, GDX, 4274, 14, 305.306691, 6.714286, 0.007347, 0.000753, 
trial0000680, AA, 8405, 26, 323.288247, 10.038462, 0.000105, 0.021980, GDX, 3373, 14, 240.964685, 6.357143, 0.006207, 0.000365, 
trial0000681, AA, 6448, 26, 248.002270, 9.807692, 0.000058, 0.042306, GDX, 5118, 14, 365.638641, 6.928571, 0.007780, 0.000620, 
trial0000682, AA, 10188, 26, 391.853911, 11.961538, 0.000102, 0.028258, GDX, 2228, 14, 159.199879, 3.214286, 0.009270, 0.000331, 
trial0000683, AA, 8343, 26, 320.885470, 10.346154, 0.000540, 0.019596, GDX, 3289, 14, 234.998414, 5.642857, 0.007136, 0.000468, 
trial0000684, AA, 10799, 26, 415.355148, 11.346154, 0.000090, 0.044650, GDX, 1901, 14, 135.840440, 5.071429, 0.006661, 0.000468, 
trial0000685, AA, 8724, 26, 335.542784, 10.115385, 0.000017, 0.019503, GDX, 3050, 14, 217.920543, 6.214286, 0.006836, 0.000387, 
trial0000686, AA, 8626, 26, 331.799226, 8.923077, 0.000211, 0.014185, GDX, 3385, 14, 241.801438, 8.000000, 0.007048, 0.000934, 
trial0000687, AA, 9521, 26, 366.203016, 11.730769, 0.000053, 0.026242, GDX, 2916, 14, 208.337257, 4.500000, 0.005965, 0.000991, 
trial0000688, AA, 10235, 26, 393.685522, 11.153846, 0.000052, 0.026846, GDX, 1526, 14, 109.012602, 3.571429, 0.007566, 0.000406, 
trial0000689, AA, 8395, 26, 322.890471, 11.192308, 0.000026, 0.013104, GDX, 3328, 14, 237.774840, 5.500000, 0.007901, 0.000370, 
trial0000690, AA, 7559, 26, 290.766342, 10.115385, 0.000848, 0.036016, GDX, 3197, 14, 228.362508, 5.500000, 0.007935, 0.000512, 
trial0000691, AA, 7629, 26, 293.454522, 8.692308, 0.000213, 0.023621, GDX, 4270, 14, 305.013031, 7.285714, 0.006794, 0.000835, 
trial0000692, AA, 8521, 26, 327.738153, 9.730769, 0.000054, 0.031393, GDX, 3349, 14, 239.272002, 6.357143, 0.006887, 0.000456, 
trial0000693, AA, 8015, 26, 308.297964, 10.807692, 0.000106, 0.019537, GDX, 3110, 14, 222.160924, 4.785714, 0.004611, 0.000249, 
trial0000694, AA, 5460, 26, 210.026304, 8.153846, 0.000009, 0.002584, GDX, 5600, 14, 400.022578, 8.857143, 0.000918, 0.000065, 
trial0000695, AA, 8358, 26, 321.465330, 10.846154, 0.000013, 0.007291, GDX, 3175, 14, 226.850101, 4.857143, 0.004293, 0.000132, 
trial0000696, AA, 9402, 26, 361.650287, 11.230769, 0.000023, 0.014124, GDX, 3017, 14, 215.506611, 5.285714, 0.007131, 0.000434, 
trial0000697, AA, 7455, 26, 286.749964, 10.461538, 0.000059, 0.014484, GDX, 4428, 14, 316.321496, 6.714286, 0.006068, 0.001141, 
trial0000698, AA, 9647, 26, 371.061985, 10.615385, 0.000058, 0.043998, GDX, 1945, 14, 138.956313, 4.000000, 0.007221, 0.000301, 
trial0000699, AA, 8785, 26, 337.917324, 9.615385, 0.000052, 0.024014, GDX, 2869, 14, 204.939255, 6.142857, 0.006369, 0.000391, 
trial0000700, AA, 8489, 26, 326.526238, 10.115385, 0.000044, 0.026737, GDX, 3333, 14, 238.094129, 6.928571, 0.007244, 0.000681, 
trial0000701, AA, 5835, 26, 224.423495, 9.307692, 0.000018, 0.022268, GDX, 2945, 14, 210.427795, 6.285714, 0.008046, 0.000421, 
trial0000702, AA, 6591, 26, 253.530424, 10.615385, 0.000216, 0.037088, GDX, 2391, 14, 170.800642, 5.285714, 0.007458, 0.000373, 
trial0000703, AA, 7830, 26, 301.155825, 11.423077, 0.000143, 0.028889, GDX, 1612, 14, 115.210612, 3.357143, 0.007440, 0.000387, 
trial0000704, AA, 7899, 26, 303.837485, 10.769231, 0.000049, 0.035726, GDX, 1412, 14, 100.873242, 4.571429, 0.007362, 0.000426, 
trial0000705, AA, 7386, 26, 284.111882, 10.846154, 0.000055, 0.037735, GDX, 1559, 14, 111.363647, 3.714286, 0.006792, 0.000322, 
trial0000706, AA, 6323, 26, 243.193414, 8.692308, 0.000012, 0.018153, GDX, 2697, 14, 192.712232, 6.285714, 0.006976, 0.000441, 
trial0000707, AA, 6294, 26, 242.088097, 9.153846, 0.000117, 0.026817, GDX, 2576, 14, 184.050677, 6.142857, 0.007094, 0.000722, 
trial0000708, AA, 7288, 26, 280.328122, 10.269231, 0.000087, 0.015186, GDX, 1639, 14, 117.104916, 3.928571, 0.007587, 0.000470, 
trial0000709, AA, 6788, 26, 261.092736, 10.615385, 0.000179, 0.029066, GDX, 2545, 14, 181.827775, 6.000000, 0.006909, 0.000427, 
trial0000710, AA, 7117, 26, 273.744945, 9.961538, 0.000054, 0.022222, GDX, 2099, 14, 149.973674, 4.642857, 0.008438, 0.000422, 
trial0000711, AA, 6383, 26, 245.536920, 10.769231, 0.000021, 0.010449, GDX, 2324, 14, 166.002862, 4.428571, 0.001305, 0.000083, 
trial0000712, AA, 5765, 26, 221.759243, 8.038462, 0.000010, 0.002653, GDX, 2641, 14, 188.661405, 6.214286, 0.001258, 0.000065, 
trial0000713, AA, 9501, 26, 365.439735, 13.038462, 0.000013, 0.015385, GDX, 410, 14, 29.326206, 1.785714, 0.007591, 0.000323, 
trial0000714, AA, 7215, 26, 277.535250, 10.423077, 0.000106, 0.026994, GDX, 2227, 14, 159.077394, 5.214286, 0.006484, 0.000491, 
trial0000715, AA, 7341, 26, 282.361384, 10.846154, 0.000044, 0.030813, GDX, 1283, 14, 91.686001, 3.142857, 0.008032, 0.000254, 
trial0000716, AA, 5383, 26, 207.043502, 8.692308, 0.000073, 0.038886, GDX, 2802, 14, 200.204925, 5.714286, 0.007471, 0.000472, 
trial0000717, AA, 6884, 26, 264.807178, 10.384615, 0.000037, 0.030862, GDX, 2368, 14, 169.143812, 4.857143, 0.007141, 0.000568, 
trial0000718, AA, 7570, 26, 291.182881, 11.153846, 0.000296, 0.018132, GDX, 1975, 14, 141.088936, 4.571429, 0.007056, 0.000460, 
trial0000719, AA, 6363, 26, 244.755601, 9.884615, 0.000268, 0.030559, GDX, 2888, 14, 206.311026, 6.071429, 0.007083, 0.000480, 
trial0000720, AA, 7219, 26, 277.673774, 10.692308, 0.000066, 0.020704, GDX, 2005, 14, 143.248705, 5.000000, 0.007505, 0.000512, 
trial0000721, AA, 6054, 26, 232.846717, 8.807692, 0.000146, 0.014713, GDX, 2211, 14, 157.998955, 5.357143, 0.007809, 0.000377, 
trial0000722, AA, 8003, 26, 307.814692, 11.615385, 0.000110, 0.017864, GDX, 1740, 14, 124.344144, 4.142857, 0.008076, 0.000441, 
trial0000723, AA, 6005, 26, 230.991115, 8.730769, 0.000032, 0.023866, GDX, 3345, 14, 238.945073, 7.642857, 0.007319, 0.000603, 
trial0000724, AA, 7652, 26, 294.331484, 12.000000, 0.000164, 0.025261, GDX, 2070, 14, 147.884386, 4.571429, 0.006589, 0.000619, 
trial0000725, AA, 6070, 26, 233.486708, 9.653846, 0.000056, 0.044770, GDX, 2780, 14, 198.596115, 5.214286, 0.007099, 0.000509, 
trial0000726, AA, 6627, 26, 254.892434, 9.230769, 0.000153, 0.013705, GDX, 2290, 14, 163.628337, 5.714286, 0.006382, 0.000395, 
trial0000727, AA, 6210, 26, 238.855272, 9.423077, 0.000012, 0.012841, GDX, 2488, 14, 177.768781, 5.642857, 0.007938, 0.000324, 
trial0000728, AA, 6086, 26, 234.112340, 9.576923, 0.000010, 0.002074, GDX, 2214, 14, 158.148511, 4.785714, 0.000677, 0.000036, 
trial0000729, AA, 6707, 26, 257.968326, 10.153846, 0.000023, 0.002865, GDX, 2349, 14, 167.844538, 5.857143, 0.001736, 0.000114, 
trial0000730, AA, 7865, 26, 302.524990, 10.000000, 0.000294, 0.026602, GDX, 1504, 14, 107.453590, 4.428571, 0.007053, 0.000293, 
trial0000731, AA, 7894, 26, 303.632394, 11.769231, 0.000116, 0.043432, GDX, 1256, 14, 89.754126, 3.428571, 0.006866, 0.000318, 
trial0000732, AA, 6615, 26, 254.423569, 9.884615, 0.000126, 0.028429, GDX, 2486, 14, 177.641944, 5.500000, 0.007589, 0.000437, 
trial0000733, AA, 6081, 26, 233.920939, 9.961538, 0.000157, 0.031865, GDX, 2503, 14, 178.789686, 4.928571, 0.007166, 0.000417, 
trial0000734, AA, 5342, 26, 205.479133, 8.846154, 0.000100, 0.025630, GDX, 2852, 14, 203.753039, 6.142857, 0.007912, 0.000314, 
trial0000735, AA, 6259, 26, 240.755275, 9.038462, 0.000093, 0.027596, GDX, 2161, 14, 154.383061, 5.214286, 0.007401, 0.000287, 
trial0000736, AA, 4892, 26, 188.191303, 8.692308, 0.000051, 0.035362, GDX, 3530, 14, 252.144722, 7.285714, 0.007020, 0.000509, 
trial0000737, AA, 8939, 26, 343.821420, 13.115385, 0.000124, 0.026174, GDX, 910, 14, 65.045934, 2.071429, 0.007385, 0.000283, 
trial0000738, AA, 7839, 26, 301.537505, 11.538462, 0.000069, 0.015681, GDX, 1837, 14, 131.216063, 5.142857, 0.007358, 0.000457, 
trial0000739, AA, 7049, 26, 271.124558, 11.538462, 0.000220, 0.009444, GDX, 2355, 14, 168.268677, 4.428571, 0.007687, 0.000290, 
trial0000740, AA, 5392, 26, 207.395284, 10.076923, 0.000105, 0.016660, GDX, 3202, 14, 228.765901, 5.857143, 0.007421, 0.000494, 
trial0000741, AA, 7765, 26, 298.681109, 10.615385, 0.000102, 0.013230, GDX, 1421, 14, 101.520797, 4.142857, 0.007767, 0.000254, 
trial0000742, AA, 7893, 26, 303.606512, 10.884615, 0.000126, 0.025233, GDX, 1111, 14, 79.373621, 2.928571, 0.007415, 0.000341, 
trial0000743, AA, 5815, 26, 223.682306, 7.730769, 0.000045, 0.033824, GDX, 3364, 14, 240.304288, 7.785714, 0.007205, 0.000465, 
trial0000744, AA, 6076, 26, 233.707670, 9.961538, 0.000137, 0.025644, GDX, 2384, 14, 170.328614, 4.642857, 0.007280, 0.000490, 
trial0000745, AA, 7297, 26, 280.674529, 11.807692, 0.000010, 0.002268, GDX, 1669, 14, 119.247303, 2.642857, 0.000839, 0.000045, 
trial0000746, AA, 6500, 26, 250.037862, 9.038462, 0.000013, 0.007718, GDX, 2199, 14, 157.072543, 5.928571, 0.002604, 0.000102, 
trial0000747, AA, 6541, 26, 251.606369, 10.384615, 0.000021, 0.014270, GDX, 2601, 14, 185.802458, 5.142857, 0.007378, 0.000437, 
trial0000748, AA, 5707, 26, 219.514741, 10.730769, 0.000163, 0.012111, GDX, 3393, 14, 242.401196, 6.357143, 0.006161, 0.000381, 
trial0000749, AA, 7633, 26, 293.600487, 9.576923, 0.000095, 0.032068, GDX, 1572, 14, 112.313381, 3.928571, 0.006435, 0.000300, 
trial0000750, AA, 7580, 26, 291.542231, 9.423077, 0.000132, 0.040505, GDX, 1602, 14, 114.493000, 5.214286, 0.006720, 0.000346, 
trial0000751, AA, 7107, 26, 273.360664, 9.115385, 0.000079, 0.030825, GDX, 2796, 14, 199.758767, 6.928571, 0.006224, 0.000824, 
trial0000752, AA, 3192, 26, 122.774697, 6.884615, 0.000043, 0.013831, GDX, 4709, 14, 336.418419, 9.500000, 0.007410, 0.000527, 
trial0000753, AA, 8440, 26, 324.618969, 11.230769, 0.000122, 0.020989, GDX, 1337, 14, 95.564771, 4.142857, 0.006632, 0.000442, 
trial0000754, AA, 6072, 26, 233.547284, 10.307692, 0.000042, 0.029609, GDX, 3187, 14, 227.697900, 6.285714, 0.007174, 0.000528, 
trial0000755, AA, 6672, 26, 256.636246, 9.615385, 0.000109, 0.024368, GDX, 2492, 14, 178.032685, 5.857143, 0.006691, 0.000396, 
trial0000756, AA, 7587, 26, 291.844312, 12.000000, 0.000042, 0.034184, GDX, 1389, 14, 99.217706, 3.571429, 0.007293, 0.000348, 
trial0000757, AA, 4872, 26, 187.388405, 8.384615, 0.000023, 0.024618, GDX, 3468, 14, 247.778677, 6.857143, 0.008249, 0.000398, 
trial0000758, AA, 7826, 26, 301.027312, 10.230769, 0.000092, 0.018104, GDX, 1782, 14, 127.306420, 4.428571, 0.006359, 0.000566, 
trial0000759, AA, 7088, 26, 272.617203, 10.115385, 0.000076, 0.035124, GDX, 2342, 14, 167.353765, 5.214286, 0.006561, 0.000359, 
trial0000760, AA, 6489, 26, 249.594434, 9.846154, 0.000408, 0.021087, GDX, 2908, 14, 207.753194, 6.857143, 0.006838, 0.000511, 
trial0000761, AA, 5769, 26, 221.890042, 7.692308, 0.000090, 0.019702, GDX, 2683, 14, 191.704208, 6.857143, 0.007387, 0.000383, 
trial0000762, AA, 7167, 26, 275.692084, 10.576923, 0.000094, 0.022282, GDX, 1907, 14, 136.214702, 4.357143, 0.007701, 0.000374, 
trial0000763, AA, 6706, 26, 257.938339, 11.346154, 0.000010, 0.002441, GDX, 2659, 14, 189.971656, 4.785714, 0.000695, 0.000044, 
trial0000764, AA, 7577, 26, 291.439913, 10.576923, 0.000017, 0.011358, GDX, 1703, 14, 121.683019, 4.214286, 0.002350, 0.000135, 
trial0000765, AA, 7710, 26, 296.563582, 10.653846, 0.000035, 0.012206, GDX, 1675, 14, 119.667633, 4.214286, 0.007480, 0.000354, 
trial0000766, AA, 6894, 26, 265.187415, 9.769231, 0.000046, 0.024157, GDX, 2148, 14, 153.437658, 4.857143, 0.006849, 0.000514, 
trial0000767, AA, 5218, 26, 200.729649, 7.846154, 0.000035, 0.020486, GDX, 3386, 14, 241.859223, 7.571429, 0.007461, 0.000515, 
trial0000768, AA, 5210, 26, 200.400886, 8.500000, 0.000032, 0.022558, GDX, 3144, 14, 224.612640, 6.357143, 0.007674, 0.000361, 
trial0000769, AA, 5497, 26, 211.439270, 8.576923, 0.000089, 0.021652, GDX, 2862, 14, 204.469927, 5.785714, 0.007545, 0.000385, 
trial0000770, AA, 7646, 26, 294.104730, 11.730769, 0.000073, 0.048854, GDX, 1857, 14, 132.662644, 3.785714, 0.007242, 0.000369, 
trial0000771, AA, 6858, 26, 263.804881, 10.653846, 0.000068, 0.026531, GDX, 2149, 14, 153.505221, 4.500000, 0.007493, 0.000398, 
trial0000772, AA, 5257, 26, 202.209049, 8.769231, 0.000117, 0.025532, GDX, 3199, 14, 228.540337, 6.571429, 0.008139, 0.000449, 
trial0000773, AA, 8358, 26, 321.489638, 11.115385, 0.000092, 0.038763, GDX, 1098, 14, 78.447815, 3.642857, 0.007345, 0.000371, 
trial0000774, AA, 7290, 26, 280.412959, 9.307692, 0.000418, 0.026500, GDX, 1855, 14, 132.518790, 4.571429, 0.007314, 0.000382, 
trial0000775, AA, 5979, 26, 229.984230, 10.307692, 0.000045, 0.029813, GDX, 2774, 14, 198.172145, 5.428571, 0.008710, 0.000362, 
trial0000776, AA, 7989, 26, 307.305798, 12.384615, 0.000053, 0.023267, GDX, 1044, 14, 74.574947, 2.714286, 0.007360, 0.000311, 
trial0000777, AA, 6595, 26, 253.686774, 10.846154, 0.000112, 0.030350, GDX, 2392, 14, 170.867420, 4.857143, 0.007578, 0.000378, 
trial0000778, AA, 5114, 26, 196.723926, 8.730769, 0.000427, 0.017327, GDX, 3390, 14, 242.155565, 6.785714, 0.007298, 0.000422, 
trial0000779, AA, 7130, 26, 274.238824, 9.307692, 0.000122, 0.021172, GDX, 1763, 14, 125.985040, 5.000000, 0.006097, 0.000334, 
trial0000780, AA, 6276, 26, 241.421984, 9.000000, 0.000010, 0.002423, GDX, 2599, 14, 185.644887, 6.571429, 0.000702, 0.000043, 
trial0000781, AA, 6439, 26, 247.689949, 10.076923, 0.000024, 0.004662, GDX, 2562, 14, 183.004381, 5.571429, 0.001453, 0.000111, 
trial0000782, AA, 7585, 26, 291.743510, 10.269231, 0.000170, 0.035898, GDX, 1955, 14, 139.690625, 4.928571, 0.007214, 0.000484, 
trial0000783, AA, 8082, 26, 310.852289, 10.076923, 0.000169, 0.017706, GDX, 1604, 14, 114.631464, 5.857143, 0.006424, 0.000478, 
trial0000784, AA, 6234, 26, 239.803724, 10.807692, 0.000155, 0.019533, GDX, 2688, 14, 192.007369, 4.928571, 0.008366, 0.000495, 
trial0000785, AA, 7800, 26, 300.012627, 11.153846, 0.000098, 0.012016, GDX, 2147, 14, 153.405120, 5.285714, 0.005789, 0.000542, 
trial0000786, AA, 7972, 26, 306.618218, 11.076923, 0.000110, 0.029748, GDX, 1760, 14, 125.780453, 5.142857, 0.007772, 0.000559, 
trial0000787, AA, 8725, 26, 335.600495, 11.461538, 0.000166, 0.019611, GDX, 1104, 14, 78.884795, 3.571429, 0.006734, 0.000319, 
trial0000788, AA, 7297, 26, 280.682432, 11.076923, 0.000081, 0.027655, GDX, 2282, 14, 163.018340, 5.000000, 0.006599, 0.000476, 
trial0000789, AA, 7238, 26, 278.419096, 11.576923, 0.000081, 0.026284, GDX, 1886, 14, 134.721679, 4.500000, 0.007942, 0.000390, 
trial0000790, AA, 6117, 26, 235.292140, 7.961538, 0.000012, 0.037686, GDX, 3097, 14, 221.243168, 7.928571, 0.006532, 0.000644, 
trial0000791, AA, 7053, 26, 271.280770, 9.730769, 0.000124, 0.021397, GDX, 2182, 14, 155.907142, 5.357143, 0.007706, 0.000596, 
trial0000792, AA, 7792, 26, 299.702013, 10.576923, 0.000028, 0.024969, GDX, 1700, 14, 121.481975, 4.928571, 0.008021, 0.000470, 
trial0000793, AA, 6331, 26, 243.534990, 8.769231, 0.000064, 0.020514, GDX, 2379, 14, 169.935019, 5.571429, 0.006405, 0.000525, 
trial0000794, AA, 5638, 26, 216.858277, 8.692308, 0.000156, 0.042811, GDX, 2876, 14, 205.477486, 6.285714, 0.007634, 0.000428, 
trial0000795, AA, 6731, 26, 258.917209, 9.692308, 0.000063, 0.015706, GDX, 2685, 14, 191.796612, 5.714286, 0.006786, 0.000553, 
trial0000796, AA, 6616, 26, 254.474926, 10.500000, 0.000044, 0.021937, GDX, 2254, 14, 161.046567, 4.500000, 0.007179, 0.000429, 
trial0000797, AA, 7547, 26, 290.270099, 11.384615, 0.000011, 0.018350, GDX, 1846, 14, 131.926960, 3.857143, 0.004407, 0.000216, 
trial0000798, AA, 4264, 26, 164.007850, 7.038462, 0.000015, 0.004107, GDX, 3708, 14, 264.913993, 8.071429, 0.000890, 0.000057, 
trial0000799, AA, 7038, 26, 270.716169, 10.269231, 0.000057, 0.011444, GDX, 1851, 14, 132.241400, 3.785714, 0.005322, 0.000171, 
trial0000800, AA, 6054, 26, 232.862393, 10.846154, 0.000060, 0.035914, GDX, 3265, 14, 233.255556, 5.571429, 0.006376, 0.000445, 
trial0000801, AA, 6683, 26, 257.049427, 9.346154, 0.000013, 0.030135, GDX, 2562, 14, 183.051065, 5.785714, 0.006136, 0.000365, 
trial0000802, AA, 6572, 26, 252.800723, 10.307692, 0.000082, 0.020585, GDX, 3436, 14, 245.441514, 6.857143, 0.006029, 0.000591, 
trial0000803, AA, 8511, 26, 327.370507, 10.153846, 0.000028, 0.010564, GDX, 1785, 14, 127.526202, 4.857143, 0.005459, 0.000452, 
trial0000804, AA, 6591, 26, 253.503340, 9.615385, 0.000128, 0.029659, GDX, 3080, 14, 220.065226, 5.857143, 0.006274, 0.000704, 
trial0000805, AA, 8135, 26, 312.922683, 11.730769, 0.000022, 0.019807, GDX, 2041, 14, 145.786447, 5.071429, 0.005280, 0.000540, 
trial0000806, AA, 8107, 26, 311.821076, 11.038462, 0.000044, 0.017568, GDX, 2039, 14, 145.689430, 4.071429, 0.005830, 0.001262, 
trial0000807, AA, 8014, 26, 308.259973, 10.230769, 0.000021, 0.027198, GDX, 2186, 14, 156.160051, 4.714286, 0.005147, 0.000947, 
trial0000808, AA, 6527, 26, 251.060170, 9.423077, 0.000059, 0.032549, GDX, 3439, 14, 245.673969, 6.642857, 0.005316, 0.000728, 
trial0000809, AA, 6041, 26, 232.377060, 8.230769, 0.000062, 0.032635, GDX, 3328, 14, 237.728316, 6.714286, 0.005520, 0.000489, 
trial0000810, AA, 7183, 26, 276.305241, 9.269231, 0.000029, 0.026540, GDX, 2694, 14, 192.433124, 7.071429, 0.005513, 0.000812, 
trial0000811, AA, 6931, 26, 266.611206, 10.346154, 0.000092, 0.025215, GDX, 2535, 14, 181.079190, 4.785714, 0.006886, 0.000438, 
trial0000812, AA, 5906, 26, 227.163346, 8.384615, 0.000476, 0.024799, GDX, 3317, 14, 236.982358, 7.285714, 0.005316, 0.000703, 
trial0000813, AA, 7325, 26, 281.766313, 9.346154, 0.000179, 0.018559, GDX, 2875, 14, 205.362562, 6.500000, 0.005560, 0.000475, 
trial0000814, AA, 7853, 26, 302.049160, 12.000000, 0.000132, 0.014526, GDX, 2605, 14, 186.122989, 4.857143, 0.005066, 0.000870, 
trial0000815, AA, 7446, 26, 286.402154, 10.461538, 0.000046, 0.028271, GDX, 2236, 14, 159.753142, 5.000000, 0.005758, 0.000387, 
trial0000816, AA, 6217, 26, 239.134604, 9.153846, 0.000074, 0.037476, GDX, 3232, 14, 230.892879, 6.857143, 0.006064, 0.000744, 
trial0000817, AA, 8062, 26, 310.102544, 11.038462, 0.000097, 0.026257, GDX, 1564, 14, 111.738132, 3.642857, 0.006024, 0.000387, 
trial0000818, AA, 6872, 26, 264.326435, 11.000000, 0.000009, 0.001541, GDX, 2425, 14, 173.250907, 4.857143, 0.000585, 0.000067, 
trial0000819, AA, 7755, 26, 298.299261, 9.961538, 0.000010, 0.004024, GDX, 2697, 14, 192.658516, 5.928571, 0.000781, 0.000101, 
trial0000820, AA, 6358, 26, 244.539675, 10.038462, 0.000125, 0.012717, GDX, 3025, 14, 216.140604, 5.500000, 0.005209, 0.000442, 
trial0000821, AA, 6895, 26, 265.225275, 10.115385, 0.000047, 0.023934, GDX, 2512, 14, 179.438775, 4.357143, 0.005599, 0.000435, 
trial0000822, AA, 5987, 26, 230.285144, 9.923077, 0.000105, 0.037434, GDX, 3009, 14, 214.970446, 5.714286, 0.006164, 0.000450, 
trial0000823, AA, 5996, 26, 230.653408, 7.846154, 0.000121, 0.013512, GDX, 3068, 14, 219.143671, 6.714286, 0.005451, 0.000711, 
trial0000824, AA, 5554, 26, 213.627465, 7.615385, 0.000095, 0.026672, GDX, 3260, 14, 232.906136, 7.285714, 0.005071, 0.000704, 
trial0000825, AA, 5989, 26, 230.382715, 8.961538, 0.000012, 0.022984, GDX, 3357, 14, 239.789244, 6.500000, 0.006144, 0.000603, 
trial0000826, AA, 6732, 26, 258.932959, 9.538462, 0.000101, 0.029019, GDX, 2586, 14, 184.767362, 5.714286, 0.005948, 0.000434, 
trial0000827, AA, 6608, 26, 254.164014, 11.192308, 0.000111, 0.020661, GDX, 3382, 14, 241.623974, 6.214286, 0.004529, 0.001413, 
trial0000828, AA, 6907, 26, 265.674220, 9.115385, 0.000100, 0.037644, GDX, 2813, 14, 200.962163, 6.357143, 0.005615, 0.000505, 
trial0000829, AA, 6400, 26, 246.174275, 8.230769, 0.000052, 0.024708, GDX, 3170, 14, 226.462060, 7.142857, 0.005486, 0.000692, 
trial0000830, AA, 7220, 26, 277.701477, 10.846154, 0.000053, 0.024804, GDX, 2692, 14, 192.340114, 5.142857, 0.005397, 0.000551, 
trial0000831, AA, 6547, 26, 251.845321, 11.500000, 0.000072, 0.018542, GDX, 3227, 14, 230.501546, 5.071429, 0.005267, 0.000484, 
trial0000832, AA, 7951, 26, 305.817254, 9.692308, 0.000119, 0.016495, GDX, 2495, 14, 178.267957, 6.571429, 0.004812, 0.001417, 
trial0000833, AA, 8934, 26, 343.647666, 12.884615, 0.000227, 0.041053, GDX, 1008, 14, 72.011477, 2.500000, 0.006062, 0.000247, 
trial0000834, AA, 6460, 26, 248.481006, 8.115385, 0.000088, 0.035399, GDX, 2920, 14, 208.606702, 6.785714, 0.005621, 0.000422, 
trial0000835, AA, 7546, 26, 290.244622, 10.076923, 0.000122, 0.021623, GDX, 3134, 14, 223.902845, 7.428571, 0.004853, 0.000839, 
trial0000836, AA, 7360, 26, 283.106577, 11.000000, 0.000081, 0.024628, GDX, 2397, 14, 171.230643, 4.714286, 0.006174, 0.000463, 
trial0000837, AA, 7593, 26, 292.069217, 11.153846, 0.000047, 0.014464, GDX, 2103, 14, 150.228597, 3.857143, 0.005694, 0.000886, 
trial0000838, AA, 8229, 26, 316.509242, 10.076923, 0.000032, 0.020987, GDX, 1695, 14, 121.125693, 4.857143, 0.005268, 0.000551, 
trial0000839, AA, 5206, 26, 200.254592, 7.692308, 0.000093, 0.016133, GDX, 3883, 14, 277.384330, 7.571429, 0.002706, 0.000593, 
trial0000840, AA, 6544, 26, 251.710440, 9.423077, 0.000010, 0.003387, GDX, 3704, 14, 264.609183, 6.928571, 0.000496, 0.000130, 
trial0000841, AA, 8575, 26, 329.825602, 11.230769, 0.000010, 0.004102, GDX, 1646, 14, 117.609596, 4.285714, 0.001024, 0.000068, 
trial0000842, AA, 6047, 26, 232.594645, 9.269231, 0.000170, 0.030937, GDX, 2465, 14, 176.109945, 4.500000, 0.006324, 0.000415, 
trial0000843, AA, 6319, 26, 243.057075, 8.615385, 0.000152, 0.019368, GDX, 3215, 14, 229.679718, 6.000000, 0.005892, 0.000453, 
trial0000844, AA, 8052, 26, 309.729850, 12.269231, 0.000122, 0.005621, GDX, 1882, 14, 134.430278, 3.357143, 0.005990, 0.000773, 
trial0000845, AA, 6830, 26, 262.702785, 11.615385, 0.000020, 0.020905, GDX, 2841, 14, 202.980541, 4.571429, 0.006163, 0.000660, 
trial0000846, AA, 7285, 26, 280.194554, 10.038462, 0.000112, 0.025433, GDX, 2639, 14, 188.567257, 6.071429, 0.005496, 0.000910, 
trial0000847, AA, 6605, 26, 254.075254, 11.153846, 0.000126, 0.026591, GDX, 3253, 14, 232.360242, 5.571429, 0.005783, 0.000726, 
trial0000848, AA, 5775, 26, 222.115565, 8.230769, 0.000073, 0.013909, GDX, 3959, 14, 282.856807, 8.142857, 0.004644, 0.000690, 
trial0000849, AA, 7696, 26, 296.019095, 9.538462, 0.000064, 0.016106, GDX, 2522, 14, 180.178824, 6.142857, 0.005133, 0.000442, 
trial0000850, AA, 5222, 26, 200.850043, 7.538462, 0.000087, 0.023387, GDX, 4492, 14, 320.921349, 9.857143, 0.005572, 0.000744, 
trial0000851, AA, 9714, 26, 373.647531, 11.423077, 0.000146, 0.025214, GDX, 702, 14, 50.154586, 2.785714, 0.005398, 0.000374, 
trial0000852, AA, 6202, 26, 238.556236, 9.923077, 0.000110, 0.018663, GDX, 3120, 14, 222.895562, 5.571429, 0.006289, 0.000845, 
trial0000853, AA, 5666, 26, 217.939534, 9.230769, 0.000019, 0.024737, GDX, 3832, 14, 273.755151, 7.000000, 0.005998, 0.000629, 
trial0000854, AA, 5833, 26, 224.379792, 8.192308, 0.000021, 0.037985, GDX, 3371, 14, 240.794672, 6.642857, 0.004921, 0.000887, 
trial0000855, AA, 6860, 26, 263.870998, 9.769231, 0.000098, 0.028758, GDX, 3304, 14, 236.025290, 6.714286, 0.005396, 0.000650, 
trial0000856, AA, 6985, 26, 268.656000, 8.153846, 0.000011, 0.028293, GDX, 2621, 14, 187.281715, 5.857143, 0.005463, 0.000485, 
trial0000857, AA, 6481, 26, 249.303172, 10.346154, 0.000018, 0.025868, GDX, 4043, 14, 288.794110, 7.357143, 0.004688, 0.001123, 
trial0000858, AA, 7684, 26, 295.560926, 10.346154, 0.000107, 0.038243, GDX, 2246, 14, 160.458280, 4.500000, 0.005505, 0.000603, 
trial0000859, AA, 5894, 26, 226.718584, 8.230769, 0.000041, 0.021621, GDX, 3784, 14, 270.308345, 8.142857, 0.004723, 0.001014, 
trial0000860, AA, 8157, 26, 313.750709, 10.884615, 0.000144, 0.023873, GDX, 1593, 14, 113.820111, 4.357143, 0.005757, 0.000377, 
trial0000861, AA, 5430, 26, 208.866136, 8.307692, 0.000041, 0.026208, GDX, 4062, 14, 290.177176, 7.857143, 0.003694, 0.000965, 
trial0000862, AA, 6059, 26, 233.062117, 8.884615, 0.000010, 0.002372, GDX, 3787, 14, 270.527498, 7.785714, 0.000507, 0.000094, 
trial0000863, AA, 6322, 26, 243.178829, 9.461538, 0.000044, 0.003829, GDX, 3332, 14, 238.025033, 6.142857, 0.000943, 0.000078, 
trial0000864, AA, 6190, 26, 238.091541, 9.423077, 0.000021, 0.020734, GDX, 3277, 14, 234.115710, 6.214286, 0.005332, 0.000303, 
trial0000865, AA, 5562, 26, 213.949210, 8.961538, 0.000055, 0.019918, GDX, 4200, 14, 300.022896, 7.642857, 0.005905, 0.001302, 
trial0000866, AA, 6552, 26, 252.003308, 9.461538, 0.000044, 0.043634, GDX, 2726, 14, 194.779571, 5.714286, 0.005676, 0.000745, 
trial0000867, AA, 7342, 26, 282.407681, 10.346154, 0.000016, 0.029723, GDX, 2624, 14, 187.457164, 5.357143, 0.005540, 0.000571, 
trial0000868, AA, 6423, 26, 247.069260, 9.730769, 0.000079, 0.036099, GDX, 2654, 14, 189.585660, 5.357143, 0.005775, 0.000769, 
trial0000869, AA, 5802, 26, 223.182220, 8.846154, 0.000055, 0.025860, GDX, 3654, 14, 261.018734, 7.000000, 0.006544, 0.000608, 
trial0000870, AA, 6776, 26, 260.627812, 11.076923, 0.000336, 0.039941, GDX, 2878, 14, 205.619778, 5.142857, 0.006986, 0.000453, 
trial0000871, AA, 6934, 26, 266.724255, 9.692308, 0.000075, 0.029728, GDX, 3296, 14, 235.440670, 6.000000, 0.005506, 0.001140, 
trial0000872, AA, 8314, 26, 319.775908, 11.076923, 0.000038, 0.019340, GDX, 1754, 14, 125.344742, 4.428571, 0.005924, 0.000329, 
trial0000873, AA, 5816, 26, 223.692671, 8.192308, 0.000108, 0.017292, GDX, 3736, 14, 266.927896, 7.785714, 0.005390, 0.000765, 
trial0000874, AA, 6561, 26, 252.377818, 10.576923, 0.000025, 0.024659, GDX, 3609, 14, 257.798339, 6.071429, 0.006171, 0.000866, 
trial0000875, AA, 5881, 26, 226.192568, 8.846154, 0.000077, 0.011674, GDX, 3749, 14, 267.856660, 7.285714, 0.005282, 0.000684, 
trial0000876, AA, 8690, 26, 334.253404, 10.653846, 0.000028, 0.014170, GDX, 2014, 14, 143.886536, 5.214286, 0.004743, 0.001175, 
trial0000877, AA, 8378, 26, 322.258623, 11.076923, 0.000114, 0.028428, GDX, 2230, 14, 159.305415, 5.714286, 0.004797, 0.000800, 
trial0000878, AA, 7338, 26, 282.234694, 10.076923, 0.000124, 0.016577, GDX, 2202, 14, 157.349854, 5.000000, 0.006004, 0.000365, 
trial0000879, AA, 5952, 26, 228.951868, 10.346154, 0.000076, 0.023970, GDX, 2867, 14, 204.803674, 5.071429, 0.006561, 0.000668, 
trial0000880, AA, 8248, 26, 317.261935, 10.692308, 0.000047, 0.019297, GDX, 2306, 14, 164.727835, 5.285714, 0.004827, 0.000536, 
trial0000881, AA, 7556, 26, 290.616530, 11.153846, 0.000140, 0.032295, GDX, 2169, 14, 154.997873, 4.428571, 0.006225, 0.000485, 
trial0000882, AA, 5856, 26, 225.259942, 8.653846, 0.000036, 0.029768, GDX, 3426, 14, 244.731537, 6.928571, 0.005755, 0.000507, 
trial0000883, AA, 6747, 26, 259.534371, 11.000000, 0.000010, 0.005028, GDX, 3045, 14, 217.507597, 5.142857, 0.000861, 0.000082, 
trial0000884, AA, 7573, 26, 291.292253, 10.307692, 0.000011, 0.002319, GDX, 2489, 14, 177.814387, 6.142857, 0.000735, 0.000067, 
trial0000885, AA, 6024, 26, 231.701069, 9.384615, 0.000011, 0.015536, GDX, 3803, 14, 271.698015, 6.857143, 0.004274, 0.000419, 
trial0000886, AA, 6585, 26, 253.270943, 9.115385, 0.000153, 0.044940, GDX, 2541, 14, 181.568249, 5.357143, 0.005652, 0.000380, 
trial0000887, AA, 7284, 26, 280.175865, 11.115385, 0.000088, 0.028974, GDX, 1820, 14, 130.030537, 3.500000, 0.005905, 0.000389, 
trial0000888, AA, 6851, 26, 263.503960, 9.576923, 0.000139, 0.012439, GDX, 2761, 14, 197.278360, 6.214286, 0.005372, 0.000582, 
trial0000889, AA, 8890, 26, 341.930085, 11.423077, 0.000020, 0.019678, GDX, 1166, 14, 83.344128, 3.785714, 0.005448, 0.000396, 
trial0000890, AA, 6943, 26, 267.048909, 8.807692, 0.000107, 0.033018, GDX, 2771, 14, 197.980597, 6.357143, 0.006228, 0.000433, 
trial0000891, AA, 3821, 26, 146.996439, 6.307692, 0.000047, 0.032072, GDX, 4650, 14, 332.149471, 10.142857, 0.005932, 0.000604, 
trial0000892, AA, 7662, 26, 294.707147, 11.384615, 0.000071, 0.045319, GDX, 2388, 14, 170.615298, 4.428571, 0.006655, 0.000322, 
trial0000893, AA, 6365, 26, 244.822990, 10.423077, 0.000075, 0.034948, GDX, 3163, 14, 225.971590, 6.071429, 0.006486, 0.000267, 
trial0000894, AA, 5393, 26, 207.426493, 9.307692, 0.000310, 0.015334, GDX, 3157, 14, 225.565084, 6.285714, 0.005834, 0.000530, 
trial0000895, AA, 7267, 26, 279.523672, 9.307692, 0.000127, 0.024035, GDX, 2492, 14, 178.027466, 6.428571, 0.005887, 0.000428, 
trial0000896, AA, 7249, 26, 278.810690, 10.576923, 0.000012, 0.018204, GDX, 2831, 14, 202.280147, 5.214286, 0.005425, 0.001186, 
trial0000897, AA, 8366, 26, 321.784587, 11.038462, 0.000097, 0.031794, GDX, 1804, 14, 128.900052, 4.214286, 0.005517, 0.000724, 
trial0000898, AA, 7342, 26, 282.411084, 9.769231, 0.000372, 0.029201, GDX, 2804, 14, 200.307986, 5.857143, 0.004208, 0.000793, 
trial0000899, AA, 4445, 26, 170.991164, 9.346154, 0.000099, 0.030793, GDX, 4539, 14, 324.230696, 7.214286, 0.005886, 0.000901, 
trial0000900, AA, 8348, 26, 321.102430, 11.769231, 0.000053, 0.027425, GDX, 1858, 14, 132.738344, 3.714286, 0.006180, 0.000451, 
trial0000901, AA, 6384, 26, 245.554519, 9.615385, 0.000048, 0.034271, GDX, 1570, 14, 112.184465, 5.285714, 0.005812, 0.000456, 
trial0000902, AA, 5451, 26, 209.687216, 10.423077, 0.000073, 0.022902, GDX, 2168, 14, 154.866599, 4.500000, 0.006384, 0.000613, 
trial0000903, AA, 6446, 26, 247.938854, 10.153846, 0.000224, 0.010474, GDX, 1563, 14, 111.684986, 4.857143, 0.005346, 0.000363, 
trial0000904, AA, 6763, 26, 260.152300, 11.115385, 0.000010, 0.001556, GDX, 1596, 14, 114.002872, 4.071429, 0.000589, 0.000039, 
trial0000905, AA, 6844, 26, 263.241283, 11.461538, 0.000011, 0.013243, GDX, 1265, 14, 90.409045, 3.142857, 0.002037, 0.000078, 
trial0000906, AA, 5319, 26, 204.612318, 9.615385, 0.000117, 0.024958, GDX, 2195, 14, 156.791409, 5.571429, 0.006622, 0.000477, 
trial0000907, AA, 4128, 26, 158.773023, 8.730769, 0.000061, 0.023778, GDX, 3281, 14, 234.421529, 6.214286, 0.006595, 0.000449, 
trial0000908, AA, 5617, 26, 216.058910, 8.692308, 0.000107, 0.025745, GDX, 2092, 14, 149.462024, 5.714286, 0.006098, 0.000420, 
trial0000909, AA, 6486, 26, 249.484739, 11.576923, 0.000157, 0.017818, GDX, 1983, 14, 141.671198, 3.928571, 0.006005, 0.000402, 
trial0000910, AA, 6469, 26, 248.809677, 10.153846, 0.000160, 0.024427, GDX, 1725, 14, 123.282028, 4.857143, 0.006215, 0.000356, 
trial0000911, AA, 6126, 26, 235.629937, 10.384615, 0.000099, 0.032798, GDX, 1948, 14, 139.187259, 4.571429, 0.005955, 0.000404, 
trial0000912, AA, 6654, 26, 255.958931, 11.230769, 0.000061, 0.041187, GDX, 1510, 14, 107.861986, 3.857143, 0.005650, 0.000472, 
trial0000913, AA, 4903, 26, 188.603520, 8.846154, 0.000012, 0.017601, GDX, 3036, 14, 216.879177, 7.857143, 0.006641, 0.000548, 
trial0000914, AA, 5118, 26, 196.858877, 8.807692, 0.000152, 0.020966, GDX, 2581, 14, 184.404943, 6.214286, 0.006533, 0.000420, 
trial0000915, AA, 6973, 26, 268.223894, 10.923077, 0.000111, 0.027949, GDX, 1251, 14, 89.369910, 3.571429, 0.006264, 0.000355, 
trial0000916, AA, 5009, 26, 192.691898, 10.576923, 0.000050, 0.020362, GDX, 2995, 14, 213.929332, 5.928571, 0.006824, 0.000559, 
trial0000917, AA, 5501, 26, 211.603991, 9.653846, 0.000185, 0.016452, GDX, 2663, 14, 190.235446, 6.785714, 0.006113, 0.000652, 
trial0000918, AA, 6015, 26, 231.356086, 10.692308, 0.000059, 0.018011, GDX, 2304, 14, 164.624413, 5.142857, 0.005850, 0.000622, 
trial0000919, AA, 5109, 26, 196.506702, 9.384615, 0.000023, 0.023950, GDX, 2590, 14, 185.058981, 6.142857, 0.006848, 0.000374, 
trial0000920, AA, 3655, 26, 140.581048, 8.076923, 0.000141, 0.035110, GDX, 3524, 14, 251.778055, 7.000000, 0.006186, 0.000466, 
trial0000921, AA, 6291, 26, 241.982747, 9.923077, 0.000063, 0.016723, GDX, 1988, 14, 142.032042, 6.000000, 0.005690, 0.000456, 
trial0000922, AA, 7128, 26, 274.154757, 10.230769, 0.000143, 0.026383, GDX, 1131, 14, 80.855451, 3.285714, 0.006068, 0.000330, 
trial0000923, AA, 6403, 26, 246.298588, 10.461538, 0.000058, 0.007192, GDX, 2016, 14, 144.016908, 5.285714, 0.001786, 0.000231, 
trial0000924, AA, 8100, 26, 311.540957, 12.346154, 0.000010, 0.002271, GDX, 584, 14, 41.781081, 2.642857, 0.000728, 0.000033, 
trial0000925, AA, 5272, 26, 202.779209, 8.461538, 0.000065, 0.010688, GDX, 2547, 14, 181.981469, 6.285714, 0.004035, 0.000263, 
trial0000926, AA, 5699, 26, 219.228081, 9.000000, 0.000127, 0.032923, GDX, 2045, 14, 146.076421, 5.857143, 0.006649, 0.000477, 
trial0000927, AA, 6525, 26, 250.995850, 10.769231, 0.000156, 0.025819, GDX, 1599, 14, 114.221993, 4.142857, 0.005758, 0.000690, 
trial0000928, AA, 6001, 26, 230.834997, 9.884615, 0.000056, 0.020675, GDX, 1803, 14, 128.806435, 4.928571, 0.005661, 0.000427, 
trial0000929, AA, 7153, 26, 275.125121, 9.807692, 0.000094, 0.018454, GDX, 1266, 14, 90.481918, 4.500000, 0.006015, 0.000313, 
trial0000930, AA, 5935, 26, 228.289477, 9.615385, 0.000055, 0.018881, GDX, 1744, 14, 124.605257, 4.428571, 0.006130, 0.000288, 
trial0000931, AA, 5173, 26, 198.992233, 9.538462, 0.000177, 0.022498, GDX, 2471, 14, 176.514425, 5.285714, 0.006109, 0.000381, 
trial0000932, AA, 4953, 26, 190.532601, 7.846154, 0.000054, 0.042319, GDX, 2996, 14, 214.010884, 7.571429, 0.005418, 0.000492, 
trial0000933, AA, 6613, 26, 254.382859, 9.961538, 0.000036, 0.019431, GDX, 1696, 14, 121.146118, 5.642857, 0.005855, 0.000417, 
trial0000934, AA, 6780, 26, 260.796008, 11.461538, 0.000126, 0.018020, GDX, 1439, 14, 102.807413, 4.142857, 0.006819, 0.000300, 
trial0000935, AA, 6036, 26, 232.166315, 11.192308, 0.000126, 0.026136, GDX, 2223, 14, 158.833987, 4.071429, 0.007021, 0.000438, 
trial0000936, AA, 4736, 26, 182.170262, 8.576923, 0.000088, 0.023966, GDX, 2963, 14, 211.683799, 7.357143, 0.006294, 0.000327, 
trial0000937, AA, 6028, 26, 231.867928, 10.269231, 0.000128, 0.007013, GDX, 1731, 14, 123.673847, 4.785714, 0.006482, 0.000324, 
trial0000938, AA, 6745, 26, 259.429366, 10.346154, 0.000093, 0.025695, GDX, 1314, 14, 93.916892, 3.928571, 0.006140, 0.000391, 
trial0000939, AA, 6888, 26, 264.958144, 11.615385, 0.000062, 0.013456, GDX, 1571, 14, 112.220590, 4.142857, 0.007188, 0.000367, 
trial0000940, AA, 5388, 26, 207.261158, 9.769231, 0.000033, 0.020067, GDX, 2851, 14, 203.657849, 6.857143, 0.005828, 0.000372, 
trial0000941, AA, 7168, 26, 275.702883, 12.076923, 0.000022, 0.025007, GDX, 1306, 14, 93.337503, 3.857143, 0.005648, 0.000384, 
trial0000942, AA, 7096, 26, 272.954804, 10.846154, 0.000012, 0.008174, GDX, 1393, 14, 99.512507, 3.857143, 0.004540, 0.000239, 
trial0000943, AA, 6206, 26, 238.717242, 10.615385, 0.000325, 0.003137, GDX, 1978, 14, 141.310837, 4.714286, 0.000665, 0.000038, 
trial0000944, AA, 7317, 26, 281.451329, 11.500000, 0.000034, 0.009565, GDX, 942, 14, 67.304675, 2.642857, 0.002933, 0.000121, 
trial0000945, AA, 5573, 26, 214.369927, 9.153846, 0.000087, 0.030802, GDX, 2161, 14, 154.384421, 6.428571, 0.006160, 0.000461, 
trial0000946, AA, 6609, 26, 254.206158, 9.576923, 0.000027, 0.035629, GDX, 1830, 14, 130.759993, 5.928571, 0.005629, 0.000477, 
trial0000947, AA, 6638, 26, 255.320891, 10.115385, 0.000155, 0.037239, GDX, 1221, 14, 87.261202, 3.928571, 0.006336, 0.000279, 
trial0000948, AA, 5827, 26, 224.133987, 8.346154, 0.000043, 0.022441, GDX, 2477, 14, 176.965452, 7.642857, 0.006262, 0.000440, 
trial0000949, AA, 4547, 26, 174.885287, 7.923077, 0.000083, 0.027680, GDX, 2807, 14, 200.570181, 7.000000, 0.006118, 0.000638, 
trial0000950, AA, 4577, 26, 176.065018, 9.307692, 0.000065, 0.031313, GDX, 3117, 14, 222.664966, 6.428571, 0.006942, 0.000439, 
trial0000951, AA, 6681, 26, 256.989076, 9.538462, 0.000088, 0.025687, GDX, 1493, 14, 106.663145, 5.428571, 0.005738, 0.000352, 
trial0000952, AA, 6226, 26, 239.465160, 10.961538, 0.000145, 0.021153, GDX, 2133, 14, 152.421846, 4.500000, 0.005696, 0.000461, 
trial0000953, AA, 5123, 26, 197.044561, 9.961538, 0.000133, 0.026247, GDX, 2571, 14, 183.702958, 5.642857, 0.006712, 0.000598, 
trial0000954, AA, 4816, 26, 185.260775, 8.807692, 0.000134, 0.025601, GDX, 2853, 14, 203.801417, 6.785714, 0.005497, 0.000475, 
trial0000955, AA, 7262, 26, 279.342844, 11.384615, 0.000115, 0.045284, GDX, 1017, 14, 72.649005, 3.285714, 0.006578, 0.000307, 
trial0000956, AA, 5956, 26, 229.114272, 12.000000, 0.000165, 0.013850, GDX, 1948, 14, 139.144923, 3.857143, 0.007049, 0.000337, 
trial0000957, AA, 6985, 26, 268.667203, 11.423077, 0.000118, 0.016095, GDX, 1349, 14, 96.403766, 3.928571, 0.006737, 0.000319, 
trial0000958, AA, 6509, 26, 250.377366, 9.846154, 0.000100, 0.021587, GDX, 1505, 14, 107.513464, 4.142857, 0.005901, 0.000451, 
trial0000959, AA, 6029, 26, 231.902748, 10.576923, 0.000061, 0.020231, GDX, 2250, 14, 160.752039, 4.785714, 0.006527, 0.000349, 
trial0000960, AA, 4308, 26, 165.715826, 7.923077, 0.000135, 0.023325, GDX, 3136, 14, 224.027752, 7.714286, 0.006412, 0.000495, 
trial0000961, AA, 6681, 26, 256.986858, 11.500000, 0.000126, 0.015428, GDX, 1703, 14, 121.667264, 4.071429, 0.006641, 0.000399, 
trial0000962, AA, 6091, 26, 234.280658, 11.000000, 0.000019, 0.005859, GDX, 1838, 14, 131.335920, 4.285714, 0.000871, 0.000049, 
trial0000963, AA, 6696, 26, 257.574328, 9.961538, 0.000010, 0.002993, GDX, 1843, 14, 131.647677, 5.928571, 0.000854, 0.000067, 
trial0000964, AA, 6135, 26, 235.963273, 10.153846, 0.000015, 0.016892, GDX, 2169, 14, 154.996778, 5.571429, 0.004678, 0.000396, 
trial0000965, AA, 5164, 26, 198.616030, 8.423077, 0.000028, 0.022319, GDX, 2380, 14, 170.070230, 6.071429, 0.006297, 0.000414, 
trial0000966, AA, 5853, 26, 225.122756, 10.923077, 0.000145, 0.016896, GDX, 2311, 14, 165.129167, 5.000000, 0.006373, 0.000629, 
trial0000967, AA, 6178, 26, 237.647804, 10.461538, 0.000098, 0.019509, GDX, 2096, 14, 149.725507, 4.571429, 0.006021, 0.000818, 
trial0000968, AA, 5257, 26, 202.208549, 8.769231, 0.000089, 0.021437, GDX, 2772, 14, 198.041265, 6.714286, 0.006390, 0.000430, 
trial0000969, AA, 6457, 26, 248.358745, 10.961538, 0.000079, 0.026600, GDX, 1502, 14, 107.333760, 3.928571, 0.006505, 0.000491, 
trial0000970, AA, 7008, 26, 269.543370, 11.346154, 0.000021, 0.027463, GDX, 1626, 14, 116.205170, 4.071429, 0.006267, 0.000400, 
trial0000971, AA, 6087, 26, 234.121682, 11.384615, 0.000064, 0.044868, GDX, 1892, 14, 135.202591, 4.285714, 0.006391, 0.000470, 
trial0000972, AA, 6758, 26, 259.960675, 10.115385, 0.000078, 0.029045, GDX, 1686, 14, 120.430176, 4.642857, 0.006125, 0.000294, 
trial0000973, AA, 6591, 26, 253.506345, 10.115385, 0.000189, 0.016474, GDX, 2013, 14, 143.845359, 5.928571, 0.005939, 0.000564, 
trial0000974, AA, 5786, 26, 222.558926, 10.076923, 0.000066, 0.035166, GDX, 1998, 14, 142.747709, 5.000000, 0.006540, 0.000526, 
trial0000975, AA, 7659, 26, 294.602378, 12.307692, 0.000077, 0.011328, GDX, 1005, 14, 71.809870, 3.428571, 0.006368, 0.000367, 
trial0000976, AA, 5289, 26, 203.424313, 9.500000, 0.000061, 0.027631, GDX, 2125, 14, 151.854847, 4.642857, 0.006927, 0.000351, 
trial0000977, AA, 6999, 26, 269.200852, 11.115385, 0.000021, 0.041045, GDX, 1080, 14, 77.198418, 3.642857, 0.006131, 0.000414, 
trial0000978, AA, 5232, 26, 201.233953, 8.923077, 0.000122, 0.023044, GDX, 2622, 14, 187.351229, 6.714286, 0.006164, 0.000391, 
trial0000979, AA, 6195, 26, 238.295930, 10.384615, 0.000030, 0.018477, GDX, 2024, 14, 144.593273, 5.000000, 0.006966, 0.000369, 
trial0000980, AA, 7098, 26, 273.009258, 11.153846, 0.000040, 0.010981, GDX, 1041, 14, 74.411378, 2.428571, 0.006498, 0.000406, 
trial0000981, AA, 5990, 26, 230.390408, 10.230769, 0.000010, 0.002412, GDX, 2149, 14, 153.560672, 6.142857, 0.000548, 0.000049, 
trial0000982, AA, 6682, 26, 257.012683, 10.615385, 0.000010, 0.003919, GDX, 1277, 14, 91.262160, 4.000000, 0.001124, 0.000062, 
trial0000983, AA, 6761, 26, 260.069860, 11.384615, 0.000222, 0.011765, GDX, 1448, 14, 103.441689, 3.714286, 0.006442, 0.000339, 
trial0000984, AA, 5048, 26, 194.177227, 6.923077, 0.000012, 0.029050, GDX, 2751, 14, 196.528007, 8.285714, 0.005251, 0.000582, 
trial0000985, AA, 6230, 26, 239.626953, 10.500000, 0.000047, 0.026446, GDX, 2019, 14, 144.264231, 4.785714, 0.005841, 0.000461, 
trial0000986, AA, 6900, 26, 265.412461, 11.269231, 0.000012, 0.026451, GDX, 1854, 14, 132.448286, 4.785714, 0.005675, 0.000334, 
trial0000987, AA, 6792, 26, 261.246334, 11.192308, 0.000292, 0.019380, GDX, 1462, 14, 104.471093, 3.928571, 0.006225, 0.000308, 
trial0000988, AA, 6021, 26, 231.592678, 10.615385, 0.000082, 0.017063, GDX, 1798, 14, 128.470741, 4.285714, 0.006972, 0.000309, 
trial0000989, AA, 6855, 26, 263.689689, 12.884615, 0.000098, 0.026249, GDX, 1509, 14, 107.790577, 3.357143, 0.006251, 0.000402, 
trial0000990, AA, 6671, 26, 256.578970, 11.230769, 0.000071, 0.026031, GDX, 1263, 14, 90.281913, 3.714286, 0.006672, 0.000348, 
trial0000991, AA, 7224, 26, 277.871757, 10.423077, 0.000052, 0.027559, GDX, 1095, 14, 78.238166, 4.071429, 0.006279, 0.000371, 
trial0000992, AA, 7307, 26, 281.043307, 11.038462, 0.000050, 0.032994, GDX, 1112, 14, 79.491002, 2.785714, 0.005755, 0.000396, 
trial0000993, AA, 5422, 26, 208.570846, 10.769231, 0.000078, 0.013359, GDX, 2272, 14, 162.297001, 4.714286, 0.006339, 0.000522, 
trial0000994, AA, 6667, 26, 256.446659, 11.769231, 0.000115, 0.020677, GDX, 1277, 14, 91.241919, 3.000000, 0.006213, 0.000328, 
trial0000995, AA, 6440, 26, 247.713040, 10.692308, 0.000081, 0.011300, GDX, 1804, 14, 128.890068, 4.571429, 0.006235, 0.000582, 
trial0000996, AA, 5830, 26, 224.256745, 9.038462, 0.000134, 0.033760, GDX, 1684, 14, 120.308902, 5.071429, 0.006795, 0.000254, 
trial0000997, AA, 4088, 26, 157.242757, 8.076923, 0.000092, 0.025242, GDX, 3236, 14, 231.192024, 7.285714, 0.006470, 0.000425, 
trial0000998, AA, 6921, 26, 266.222588, 11.692308, 0.000068, 0.033709, GDX, 1413, 14, 100.943765, 3.428571, 0.006703, 0.000322, 
trial0000999, AA, 7108, 26, 273.387964, 10.961538, 0.000011, 0.014657, GDX, 1481, 14, 105.850924, 4.214286, 0.003543, 0.000434, 
trial0001000, AA, 6454, 26, 248.232819, 11.500000, 0.000011, 0.001156, GDX, 2345, 14, 167.567621, 4.785714, 0.000587, 0.000065, 
