trial0014001, GDX, 1227, 20, 61.350000, 1.450000, 0.003655, 0.003261, 0.000394, ZIC, 1392, 20, 69.600000, 1.450000, 0.000189, 0.000008, 0.000181, 
trial0014002, GDX, 730, 20, 36.500000, 1.100000, 0.003265, 0.002848, 0.000418, ZIC, 1076, 20, 53.800000, 1.200000, 0.000018, 0.000007, 0.000011, 
trial0014003, GDX, 1616, 20, 80.800000, 1.650000, 0.003260, 0.003235, 0.000025, ZIC, 1541, 20, 77.050000, 1.850000, 0.000177, 0.000161, 0.000016, 
trial0014004, GDX, 1994, 20, 99.700000, 2.800000, 0.002303, 0.001773, 0.000530, ZIC, 2000, 20, 100.000000, 1.800000, 0.000022, 0.000008, 0.000014, 
trial0014005, GDX, 1360, 20, 68.000000, 1.750000, 0.003952, 0.003635, 0.000317, ZIC, 861, 20, 43.050000, 1.050000, 0.000020, 0.000008, 0.000013, 
trial0014006, GDX, 1256, 20, 62.800000, 1.600000, 0.003192, 0.003171, 0.000022, ZIC, 758, 20, 37.900000, 0.900000, 0.000329, 0.000008, 0.000321, 
trial0014007, GDX, 1267, 20, 63.350000, 1.850000, 0.003100, 0.002907, 0.000194, ZIC, 1228, 20, 61.400000, 1.450000, 0.000923, 0.000008, 0.000915, 
trial0014008, GDX, 974, 20, 48.700000, 1.500000, 0.003171, 0.002734, 0.000437, ZIC, 1247, 20, 62.350000, 1.200000, 0.000021, 0.000008, 0.000013, 
trial0014009, GDX, 440, 20, 22.000000, 0.800000, 0.003782, 0.003351, 0.000430, ZIC, 1421, 20, 71.050000, 1.300000, 0.000203, 0.000191, 0.000011, 
trial0014010, GDX, 1713, 20, 85.650000, 2.350000, 0.003560, 0.003537, 0.000023, ZIC, 1187, 20, 59.350000, 1.150000, 0.000227, 0.000007, 0.000220, 
trial0014011, GDX, 968, 20, 48.400000, 1.800000, 0.003468, 0.003444, 0.000023, ZIC, 1027, 20, 51.350000, 0.900000, 0.000511, 0.000161, 0.000349, 
trial0014012, GDX, 946, 20, 47.300000, 1.350000, 0.003336, 0.003314, 0.000022, ZIC, 1662, 20, 83.100000, 1.850000, 0.000452, 0.000149, 0.000303, 
trial0014013, GDX, 1637, 20, 81.850000, 1.550000, 0.003792, 0.003421, 0.000372, ZIC, 585, 20, 29.250000, 0.750000, 0.000020, 0.000008, 0.000012, 
trial0014014, GDX, 1738, 20, 86.900000, 1.950000, 0.004066, 0.004045, 0.000021, ZIC, 1074, 20, 53.700000, 0.950000, 0.000488, 0.000291, 0.000198, 
trial0014015, GDX, 1402, 20, 70.100000, 1.900000, 0.003997, 0.003622, 0.000375, ZIC, 1821, 20, 91.050000, 1.400000, 0.000164, 0.000008, 0.000156, 
trial0014016, GDX, 1661, 20, 83.050000, 2.300000, 0.004407, 0.003968, 0.000439, ZIC, 1450, 20, 72.500000, 1.300000, 0.000024, 0.000008, 0.000016, 
trial0014017, GDX, 1745, 20, 87.250000, 2.000000, 0.003031, 0.002859, 0.000172, ZIC, 1654, 20, 82.700000, 2.300000, 0.000023, 0.000008, 0.000015, 
trial0014018, GDX, 944, 20, 47.200000, 1.500000, 0.003679, 0.003655, 0.000025, ZIC, 1127, 20, 56.350000, 1.300000, 0.000189, 0.000007, 0.000182, 
trial0014019, GDX, 1427, 20, 71.350000, 1.600000, 0.004073, 0.003713, 0.000360, ZIC, 1195, 20, 59.750000, 1.300000, 0.000020, 0.000008, 0.000013, 
trial0014020, GDX, 1284, 20, 64.200000, 1.800000, 0.003064, 0.003043, 0.000021, ZIC, 1806, 20, 90.300000, 1.400000, 0.000294, 0.000139, 0.000155, 
trial0014021, GDX, 1128, 20, 56.400000, 1.550000, 0.002562, 0.002388, 0.000174, ZIC, 1308, 20, 65.400000, 1.450000, 0.000424, 0.000149, 0.000275, 
trial0014022, GDX, 2279, 20, 113.950000, 2.300000, 0.002511, 0.002321, 0.000190, ZIC, 1117, 20, 55.850000, 1.350000, 0.000190, 0.000175, 0.000015, 
trial0014023, GDX, 1489, 20, 74.450000, 2.050000, 0.002764, 0.002431, 0.000333, ZIC, 2021, 20, 101.050000, 1.750000, 0.000431, 0.000144, 0.000287, 
trial0014024, GDX, 1613, 20, 80.650000, 1.800000, 0.002762, 0.002404, 0.000358, ZIC, 1322, 20, 66.100000, 1.700000, 0.000205, 0.000192, 0.000014, 
trial0014025, GDX, 1363, 20, 68.150000, 1.750000, 0.003100, 0.002757, 0.000344, ZIC, 1225, 20, 61.250000, 1.250000, 0.000275, 0.000007, 0.000268, 
trial0014026, GDX, 1630, 20, 81.500000, 2.150000, 0.003205, 0.003183, 0.000023, ZIC, 1587, 20, 79.350000, 1.250000, 0.000157, 0.000008, 0.000149, 
trial0014027, GDX, 1676, 20, 83.800000, 2.000000, 0.003210, 0.003187, 0.000023, ZIC, 1199, 20, 59.950000, 1.300000, 0.000020, 0.000007, 0.000013, 
trial0014028, GDX, 987, 20, 49.350000, 1.800000, 0.003089, 0.002836, 0.000253, ZIC, 1935, 20, 96.750000, 1.600000, 0.000153, 0.000139, 0.000014, 
trial0014029, GDX, 1207, 20, 60.350000, 1.500000, 0.003347, 0.003323, 0.000024, ZIC, 1224, 20, 61.200000, 1.200000, 0.000189, 0.000007, 0.000181, 
trial0014030, GDX, 700, 20, 35.000000, 1.250000, 0.004035, 0.004014, 0.000021, ZIC, 1656, 20, 82.800000, 1.450000, 0.000021, 0.000008, 0.000013, 
trial0014031, GDX, 1152, 20, 57.600000, 1.350000, 0.003089, 0.003066, 0.000022, ZIC, 1122, 20, 56.100000, 1.450000, 0.000021, 0.000008, 0.000014, 
trial0014032, GDX, 1067, 20, 53.350000, 1.200000, 0.004008, 0.003639, 0.000368, ZIC, 909, 20, 45.450000, 1.000000, 0.000019, 0.000007, 0.000012, 
trial0014033, GDX, 898, 20, 44.900000, 1.250000, 0.003594, 0.003311, 0.000283, ZIC, 825, 20, 41.250000, 1.150000, 0.000020, 0.000008, 0.000012, 
trial0014034, GDX, 1100, 20, 55.000000, 1.400000, 0.003032, 0.002623, 0.000408, ZIC, 1071, 20, 53.550000, 1.400000, 0.000019, 0.000007, 0.000012, 
trial0014035, GDX, 777, 20, 38.850000, 1.250000, 0.004108, 0.003903, 0.000205, ZIC, 1139, 20, 56.950000, 1.150000, 0.000021, 0.000007, 0.000013, 
trial0014036, GDX, 1115, 20, 55.750000, 1.800000, 0.003272, 0.002851, 0.000422, ZIC, 1789, 20, 89.450000, 1.600000, 0.000022, 0.000007, 0.000015, 
trial0014037, GDX, 1182, 20, 59.100000, 1.550000, 0.004267, 0.004039, 0.000228, ZIC, 937, 20, 46.850000, 1.150000, 0.000391, 0.000192, 0.000199, 
trial0014038, GDX, 2157, 20, 107.850000, 2.250000, 0.002526, 0.002501, 0.000024, ZIC, 995, 20, 49.750000, 1.250000, 0.000730, 0.000139, 0.000590, 
trial0014039, GDX, 761, 20, 38.050000, 1.150000, 0.003442, 0.003420, 0.000022, ZIC, 1248, 20, 62.400000, 1.500000, 0.000021, 0.000008, 0.000013, 
trial0014040, GDX, 1237, 20, 61.850000, 1.800000, 0.003639, 0.003451, 0.000188, ZIC, 979, 20, 48.950000, 1.000000, 0.000020, 0.000008, 0.000013, 
trial0014041, GDX, 2059, 20, 102.950000, 2.350000, 0.002410, 0.002388, 0.000022, ZIC, 1399, 20, 69.950000, 1.550000, 0.000021, 0.000007, 0.000014, 
trial0014042, GDX, 2418, 20, 120.900000, 2.550000, 0.002228, 0.001685, 0.000543, ZIC, 1224, 20, 61.200000, 1.650000, 0.000207, 0.000008, 0.000199, 
trial0014043, GDX, 639, 20, 31.950000, 1.100000, 0.003267, 0.003063, 0.000203, ZIC, 951, 20, 47.550000, 1.000000, 0.000522, 0.000175, 0.000347, 
trial0014044, GDX, 1146, 20, 57.300000, 1.650000, 0.004042, 0.003835, 0.000207, ZIC, 816, 20, 40.800000, 1.450000, 0.000022, 0.000008, 0.000014, 
trial0014045, GDX, 2106, 20, 105.300000, 2.050000, 0.003245, 0.002866, 0.000379, ZIC, 1284, 20, 64.200000, 1.650000, 0.000330, 0.000316, 0.000013, 
trial0014046, GDX, 1193, 20, 59.650000, 1.550000, 0.004148, 0.003737, 0.000411, ZIC, 1814, 20, 90.700000, 1.750000, 0.000284, 0.000139, 0.000145, 
trial0014047, GDX, 1185, 20, 59.250000, 1.850000, 0.003273, 0.003043, 0.000230, ZIC, 1811, 20, 90.550000, 1.450000, 0.000357, 0.000175, 0.000182, 
trial0014048, GDX, 1712, 20, 85.600000, 2.050000, 0.003715, 0.003319, 0.000397, ZIC, 999, 20, 49.950000, 1.250000, 0.000022, 0.000007, 0.000014, 
trial0014049, GDX, 1288, 20, 64.400000, 1.550000, 0.003050, 0.002844, 0.000206, ZIC, 1377, 20, 68.850000, 1.550000, 0.000174, 0.000007, 0.000166, 
trial0014050, GDX, 1549, 20, 77.450000, 2.300000, 0.002358, 0.002337, 0.000021, ZIC, 1562, 20, 78.100000, 1.600000, 0.000144, 0.000131, 0.000014, 
trial0014051, GDX, 1249, 20, 62.450000, 1.850000, 0.002888, 0.002639, 0.000249, ZIC, 1327, 20, 66.350000, 1.250000, 0.000189, 0.000008, 0.000182, 
trial0014052, GDX, 628, 20, 31.400000, 1.200000, 0.004389, 0.004368, 0.000021, ZIC, 898, 20, 44.900000, 1.300000, 0.000329, 0.000149, 0.000180, 
trial0014053, GDX, 1736, 20, 86.800000, 2.100000, 0.003199, 0.002945, 0.000253, ZIC, 1116, 20, 55.800000, 1.400000, 0.000154, 0.000008, 0.000146, 
trial0014054, GDX, 1152, 20, 57.600000, 1.800000, 0.004218, 0.003929, 0.000289, ZIC, 1634, 20, 81.700000, 1.500000, 0.000021, 0.000007, 0.000014, 
trial0014055, GDX, 1227, 20, 61.350000, 1.750000, 0.003226, 0.002857, 0.000369, ZIC, 1757, 20, 87.850000, 1.550000, 0.000022, 0.000008, 0.000015, 
trial0014056, GDX, 1250, 20, 62.500000, 1.750000, 0.003733, 0.003217, 0.000516, ZIC, 1210, 20, 60.500000, 1.450000, 0.000205, 0.000008, 0.000197, 
trial0014057, GDX, 611, 20, 30.550000, 1.000000, 0.003754, 0.003178, 0.000575, ZIC, 1882, 20, 94.100000, 1.700000, 0.000020, 0.000007, 0.000012, 
trial0014058, GDX, 1668, 20, 83.400000, 2.100000, 0.002895, 0.002737, 0.000158, ZIC, 2183, 20, 109.150000, 2.000000, 0.000318, 0.000303, 0.000015, 
trial0014059, GDX, 594, 20, 29.700000, 1.250000, 0.003009, 0.002986, 0.000023, ZIC, 1764, 20, 88.200000, 1.850000, 0.000315, 0.000008, 0.000307, 
trial0014060, GDX, 1851, 20, 92.550000, 1.850000, 0.004046, 0.003760, 0.000285, ZIC, 1040, 20, 52.000000, 1.150000, 0.000463, 0.000308, 0.000155, 
trial0014061, GDX, 1461, 20, 73.050000, 2.150000, 0.003455, 0.003096, 0.000359, ZIC, 1666, 20, 83.300000, 1.350000, 0.000163, 0.000007, 0.000156, 
trial0014062, GDX, 1153, 20, 57.650000, 1.200000, 0.002765, 0.002515, 0.000250, ZIC, 874, 20, 43.700000, 0.800000, 0.000226, 0.000008, 0.000218, 
trial0014063, GDX, 975, 20, 48.750000, 1.450000, 0.003499, 0.003478, 0.000021, ZIC, 1305, 20, 65.250000, 1.350000, 0.000152, 0.000008, 0.000144, 
trial0014064, GDX, 539, 20, 26.950000, 0.950000, 0.003445, 0.003425, 0.000020, ZIC, 1435, 20, 71.750000, 1.350000, 0.000161, 0.000149, 0.000012, 
trial0014065, GDX, 1623, 20, 81.150000, 1.850000, 0.003482, 0.003255, 0.000228, ZIC, 918, 20, 45.900000, 1.150000, 0.000165, 0.000150, 0.000015, 
trial0014066, GDX, 1185, 20, 59.250000, 2.000000, 0.003174, 0.002674, 0.000500, ZIC, 1939, 20, 96.950000, 1.700000, 0.000022, 0.000008, 0.000014, 
trial0014067, GDX, 1563, 20, 78.150000, 1.800000, 0.004616, 0.004595, 0.000021, ZIC, 1047, 20, 52.350000, 0.900000, 0.000021, 0.000008, 0.000014, 
trial0014068, GDX, 1410, 20, 70.500000, 1.450000, 0.003745, 0.003725, 0.000020, ZIC, 1012, 20, 50.600000, 1.050000, 0.000174, 0.000008, 0.000166, 
trial0014069, GDX, 1896, 20, 94.800000, 2.550000, 0.002625, 0.002414, 0.000211, ZIC, 1225, 20, 61.250000, 1.350000, 0.000359, 0.000008, 0.000351, 
trial0014070, GDX, 1530, 20, 76.500000, 1.750000, 0.003091, 0.002747, 0.000344, ZIC, 914, 20, 45.700000, 1.250000, 0.000332, 0.000008, 0.000324, 
trial0014071, GDX, 1140, 20, 57.000000, 1.750000, 0.003433, 0.002877, 0.000557, ZIC, 1642, 20, 82.100000, 1.650000, 0.000479, 0.000008, 0.000471, 
trial0014072, GDX, 1075, 20, 53.750000, 1.600000, 0.003163, 0.003000, 0.000163, ZIC, 1360, 20, 68.000000, 1.500000, 0.000438, 0.000008, 0.000430, 
trial0014073, GDX, 1169, 20, 58.450000, 1.750000, 0.003935, 0.003682, 0.000253, ZIC, 992, 20, 49.600000, 1.050000, 0.000446, 0.000149, 0.000297, 
trial0014074, GDX, 1813, 20, 90.650000, 2.050000, 0.003720, 0.003526, 0.000193, ZIC, 1533, 20, 76.650000, 1.650000, 0.000361, 0.000191, 0.000170, 
trial0014075, GDX, 997, 20, 49.850000, 1.450000, 0.003930, 0.003906, 0.000024, ZIC, 1090, 20, 54.500000, 1.250000, 0.000021, 0.000007, 0.000014, 
trial0014076, GDX, 1915, 20, 95.750000, 2.100000, 0.003301, 0.003278, 0.000024, ZIC, 987, 20, 49.350000, 1.200000, 0.000175, 0.000161, 0.000014, 
trial0014077, GDX, 985, 20, 49.250000, 1.500000, 0.003421, 0.003397, 0.000024, ZIC, 1527, 20, 76.350000, 1.800000, 0.000164, 0.000008, 0.000156, 
trial0014078, GDX, 1244, 20, 62.200000, 1.500000, 0.002449, 0.002428, 0.000021, ZIC, 1169, 20, 58.450000, 1.600000, 0.000636, 0.000303, 0.000332, 
trial0014079, GDX, 1165, 20, 58.250000, 1.750000, 0.002830, 0.002641, 0.000189, ZIC, 1205, 20, 60.250000, 1.350000, 0.000575, 0.000152, 0.000423, 
trial0014080, GDX, 1645, 20, 82.250000, 1.700000, 0.004261, 0.003779, 0.000483, ZIC, 1119, 20, 55.950000, 1.200000, 0.000152, 0.000139, 0.000013, 
trial0014081, GDX, 1670, 20, 83.500000, 2.400000, 0.002731, 0.002538, 0.000193, ZIC, 1429, 20, 71.450000, 1.400000, 0.000181, 0.000008, 0.000173, 
trial0014082, GDX, 2085, 20, 104.250000, 2.350000, 0.003764, 0.003573, 0.000192, ZIC, 770, 20, 38.500000, 0.950000, 0.000499, 0.000008, 0.000491, 
trial0014083, GDX, 1963, 20, 98.150000, 2.100000, 0.003058, 0.003038, 0.000020, ZIC, 1344, 20, 67.200000, 1.400000, 0.000021, 0.000008, 0.000014, 
trial0014084, GDX, 1483, 20, 74.150000, 1.600000, 0.003557, 0.003534, 0.000023, ZIC, 882, 20, 44.100000, 1.200000, 0.000189, 0.000008, 0.000182, 
trial0014085, GDX, 1520, 20, 76.000000, 1.850000, 0.003182, 0.002975, 0.000207, ZIC, 1012, 20, 50.600000, 1.050000, 0.000465, 0.000161, 0.000304, 
trial0014086, GDX, 1996, 20, 99.800000, 2.700000, 0.003601, 0.003424, 0.000177, ZIC, 941, 20, 47.050000, 1.000000, 0.000177, 0.000008, 0.000169, 
trial0014087, GDX, 1609, 20, 80.450000, 2.150000, 0.003377, 0.002937, 0.000440, ZIC, 1009, 20, 50.450000, 1.050000, 0.000433, 0.000008, 0.000425, 
trial0014088, GDX, 758, 20, 37.900000, 1.000000, 0.003293, 0.003070, 0.000223, ZIC, 1164, 20, 58.200000, 1.200000, 0.000162, 0.000008, 0.000154, 
trial0014089, GDX, 1098, 20, 54.900000, 1.850000, 0.003516, 0.003288, 0.000229, ZIC, 824, 20, 41.200000, 0.950000, 0.000601, 0.000175, 0.000426, 
trial0014090, GDX, 1012, 20, 50.600000, 1.400000, 0.003732, 0.003709, 0.000023, ZIC, 1244, 20, 62.200000, 1.400000, 0.000163, 0.000008, 0.000155, 
trial0014091, GDX, 664, 20, 33.200000, 0.950000, 0.003783, 0.003762, 0.000021, ZIC, 1365, 20, 68.250000, 1.350000, 0.000561, 0.000380, 0.000181, 
trial0014092, GDX, 1414, 20, 70.700000, 1.650000, 0.003351, 0.002762, 0.000589, ZIC, 1109, 20, 55.450000, 1.350000, 0.000176, 0.000162, 0.000014, 
trial0014093, GDX, 1541, 20, 77.050000, 1.850000, 0.003570, 0.003208, 0.000362, ZIC, 1069, 20, 53.450000, 1.350000, 0.000163, 0.000150, 0.000014, 
trial0014094, GDX, 1054, 20, 52.700000, 1.650000, 0.004296, 0.004271, 0.000024, ZIC, 1637, 20, 81.850000, 1.650000, 0.000174, 0.000008, 0.000167, 
trial0014095, GDX, 323, 20, 16.150000, 0.500000, 0.003425, 0.003408, 0.000017, ZIC, 1010, 20, 50.500000, 0.900000, 0.000017, 0.000008, 0.000010, 
trial0014096, GDX, 1484, 20, 74.200000, 1.850000, 0.003837, 0.003630, 0.000207, ZIC, 1156, 20, 57.800000, 1.350000, 0.000320, 0.000139, 0.000181, 
trial0014097, GDX, 1038, 20, 51.900000, 1.450000, 0.003336, 0.002783, 0.000553, ZIC, 1099, 20, 54.950000, 1.350000, 0.000020, 0.000007, 0.000013, 
trial0014098, GDX, 1168, 20, 58.400000, 1.600000, 0.003041, 0.002851, 0.000189, ZIC, 847, 20, 42.350000, 1.000000, 0.000379, 0.000008, 0.000371, 
trial0014099, GDX, 1393, 20, 69.650000, 1.800000, 0.003609, 0.003584, 0.000025, ZIC, 1804, 20, 90.200000, 1.900000, 0.000024, 0.000008, 0.000016, 
trial0014100, GDX, 1395, 20, 69.750000, 1.800000, 0.003015, 0.002838, 0.000177, ZIC, 1651, 20, 82.550000, 1.600000, 0.000164, 0.000008, 0.000156, 
trial0014101, GDX, 1688, 20, 84.400000, 2.000000, 0.004250, 0.004226, 0.000024, ZIC, 1336, 20, 66.800000, 1.100000, 0.000024, 0.000008, 0.000016, 
trial0014102, GDX, 1616, 20, 80.800000, 1.750000, 0.003654, 0.003631, 0.000022, ZIC, 780, 20, 39.000000, 0.750000, 0.000205, 0.000008, 0.000198, 
trial0014103, GDX, 1753, 20, 87.650000, 1.650000, 0.004093, 0.003764, 0.000328, ZIC, 785, 20, 39.250000, 1.050000, 0.000343, 0.000329, 0.000013, 
trial0014104, GDX, 1512, 20, 75.600000, 1.650000, 0.004876, 0.004498, 0.000377, ZIC, 1575, 20, 78.750000, 1.350000, 0.000175, 0.000008, 0.000168, 
trial0014105, GDX, 1255, 20, 62.750000, 1.250000, 0.003995, 0.003582, 0.000412, ZIC, 1008, 20, 50.400000, 1.050000, 0.000021, 0.000008, 0.000013, 
trial0014106, GDX, 1648, 20, 82.400000, 1.550000, 0.004045, 0.003432, 0.000613, ZIC, 1439, 20, 71.950000, 1.450000, 0.000322, 0.000166, 0.000157, 
trial0014107, GDX, 815, 20, 40.750000, 1.250000, 0.003863, 0.003841, 0.000022, ZIC, 1296, 20, 64.800000, 1.150000, 0.000020, 0.000008, 0.000012, 
trial0014108, GDX, 1269, 20, 63.450000, 1.350000, 0.004175, 0.003970, 0.000205, ZIC, 762, 20, 38.100000, 0.750000, 0.000394, 0.000176, 0.000219, 
trial0014109, GDX, 859, 20, 42.950000, 1.350000, 0.003452, 0.003223, 0.000229, ZIC, 2569, 20, 128.450000, 2.050000, 0.000023, 0.000007, 0.000016, 
trial0014110, GDX, 1805, 20, 90.250000, 2.150000, 0.003660, 0.002939, 0.000721, ZIC, 1676, 20, 83.800000, 1.550000, 0.000023, 0.000008, 0.000016, 
trial0014111, GDX, 943, 20, 47.150000, 1.250000, 0.003707, 0.003455, 0.000252, ZIC, 1095, 20, 54.750000, 1.050000, 0.000020, 0.000007, 0.000013, 
trial0014112, GDX, 2132, 20, 106.600000, 2.100000, 0.003908, 0.003885, 0.000023, ZIC, 1036, 20, 51.800000, 1.100000, 0.000024, 0.000007, 0.000016, 
trial0014113, GDX, 1679, 20, 83.950000, 1.950000, 0.003360, 0.002966, 0.000394, ZIC, 1324, 20, 66.200000, 1.450000, 0.000190, 0.000008, 0.000182, 
trial0014114, GDX, 1765, 20, 88.250000, 2.050000, 0.003513, 0.003490, 0.000023, ZIC, 2069, 20, 103.450000, 1.650000, 0.000021, 0.000007, 0.000014, 
trial0014115, GDX, 2582, 20, 129.100000, 2.500000, 0.003287, 0.003263, 0.000024, ZIC, 1181, 20, 59.050000, 1.300000, 0.000332, 0.000149, 0.000182, 
trial0014116, GDX, 1248, 20, 62.400000, 1.650000, 0.003828, 0.003619, 0.000210, ZIC, 1502, 20, 75.100000, 1.450000, 0.000358, 0.000175, 0.000183, 
trial0014117, GDX, 1904, 20, 95.200000, 2.000000, 0.004149, 0.004126, 0.000023, ZIC, 1522, 20, 76.100000, 1.700000, 0.000164, 0.000007, 0.000157, 
trial0014118, GDX, 1031, 20, 51.550000, 1.550000, 0.004611, 0.004382, 0.000228, ZIC, 1731, 20, 86.550000, 1.450000, 0.000380, 0.000213, 0.000167, 
trial0014119, GDX, 257, 20, 12.850000, 0.900000, 0.003559, 0.003540, 0.000019, ZIC, 1358, 20, 67.900000, 1.100000, 0.000187, 0.000009, 0.000178, 
trial0014120, GDX, 1547, 20, 77.350000, 1.750000, 0.004138, 0.003933, 0.000205, ZIC, 1131, 20, 56.550000, 0.950000, 0.000191, 0.000178, 0.000013, 
trial0014121, GDX, 1495, 20, 74.750000, 1.250000, 0.003495, 0.003248, 0.000247, ZIC, 967, 20, 48.350000, 1.150000, 0.000188, 0.000008, 0.000180, 
trial0014122, GDX, 2325, 20, 116.250000, 2.450000, 0.002813, 0.002648, 0.000165, ZIC, 2079, 20, 103.950000, 2.050000, 0.000259, 0.000123, 0.000136, 
trial0014123, GDX, 1239, 20, 61.950000, 1.750000, 0.003899, 0.003669, 0.000230, ZIC, 1095, 20, 54.750000, 1.050000, 0.000158, 0.000008, 0.000150, 
trial0014124, GDX, 2455, 20, 122.750000, 2.800000, 0.004379, 0.004148, 0.000230, ZIC, 1231, 20, 61.550000, 1.100000, 0.000362, 0.000008, 0.000353, 
trial0014125, GDX, 1092, 20, 54.600000, 1.100000, 0.004844, 0.004822, 0.000022, ZIC, 1301, 20, 65.050000, 1.300000, 0.000189, 0.000175, 0.000014, 
trial0014126, GDX, 1695, 20, 84.750000, 1.700000, 0.003612, 0.003028, 0.000584, ZIC, 968, 20, 48.400000, 0.900000, 0.000173, 0.000160, 0.000012, 
trial0014127, GDX, 974, 20, 48.700000, 1.250000, 0.004630, 0.003967, 0.000663, ZIC, 1168, 20, 58.400000, 1.050000, 0.000021, 0.000007, 0.000014, 
trial0014128, GDX, 1648, 20, 82.400000, 1.650000, 0.004236, 0.004213, 0.000023, ZIC, 1308, 20, 65.400000, 1.450000, 0.000176, 0.000008, 0.000168, 
trial0014129, GDX, 1633, 20, 81.650000, 1.650000, 0.003369, 0.003347, 0.000022, ZIC, 1043, 20, 52.150000, 1.150000, 0.000163, 0.000008, 0.000155, 
trial0014130, GDX, 645, 20, 32.250000, 0.900000, 0.003956, 0.003565, 0.000391, ZIC, 883, 20, 44.150000, 1.100000, 0.000018, 0.000008, 0.000010, 
trial0014131, GDX, 1840, 20, 92.000000, 2.050000, 0.004392, 0.003979, 0.000414, ZIC, 961, 20, 48.050000, 0.850000, 0.000023, 0.000008, 0.000016, 
trial0014132, GDX, 1690, 20, 84.500000, 1.500000, 0.004016, 0.003993, 0.000023, ZIC, 1427, 20, 71.350000, 1.400000, 0.000176, 0.000008, 0.000168, 
trial0014133, GDX, 1319, 20, 65.950000, 1.950000, 0.003865, 0.003841, 0.000024, ZIC, 1474, 20, 73.700000, 1.050000, 0.000192, 0.000008, 0.000184, 
trial0014134, GDX, 1077, 20, 53.850000, 1.850000, 0.002965, 0.002939, 0.000026, ZIC, 2395, 20, 119.750000, 2.250000, 0.000323, 0.000165, 0.000158, 
trial0014135, GDX, 941, 20, 47.050000, 1.250000, 0.004776, 0.004570, 0.000206, ZIC, 1178, 20, 58.900000, 1.150000, 0.000020, 0.000007, 0.000013, 
trial0014136, GDX, 1184, 20, 59.200000, 1.300000, 0.003413, 0.003394, 0.000019, ZIC, 1013, 20, 50.650000, 1.100000, 0.000205, 0.000008, 0.000197, 
trial0014137, GDX, 1554, 20, 77.700000, 1.300000, 0.004470, 0.004059, 0.000411, ZIC, 719, 20, 35.950000, 1.300000, 0.000021, 0.000008, 0.000013, 
trial0014138, GDX, 1517, 20, 75.850000, 2.050000, 0.003243, 0.003036, 0.000207, ZIC, 1339, 20, 66.950000, 1.250000, 0.000174, 0.000161, 0.000013, 
trial0014139, GDX, 1300, 20, 65.000000, 1.550000, 0.003484, 0.003279, 0.000205, ZIC, 1289, 20, 64.450000, 1.250000, 0.000175, 0.000161, 0.000014, 
trial0014140, GDX, 1160, 20, 58.000000, 1.350000, 0.003806, 0.003600, 0.000207, ZIC, 1332, 20, 66.600000, 1.550000, 0.000175, 0.000008, 0.000168, 
trial0014141, GDX, 2662, 20, 133.100000, 2.400000, 0.004234, 0.004210, 0.000024, ZIC, 380, 20, 19.000000, 0.500000, 0.000412, 0.000192, 0.000220, 
trial0014142, GDX, 2382, 20, 119.100000, 2.250000, 0.003196, 0.003171, 0.000025, ZIC, 1543, 20, 77.150000, 1.250000, 0.000360, 0.000008, 0.000352, 
trial0014143, GDX, 1190, 20, 59.500000, 1.700000, 0.003524, 0.003496, 0.000028, ZIC, 2126, 20, 106.300000, 1.700000, 0.000208, 0.000008, 0.000200, 
trial0014144, GDX, 867, 20, 43.350000, 1.250000, 0.004491, 0.004468, 0.000023, ZIC, 1530, 20, 76.500000, 1.350000, 0.000207, 0.000008, 0.000199, 
trial0014145, GDX, 1025, 20, 51.250000, 1.300000, 0.003919, 0.003464, 0.000455, ZIC, 1122, 20, 56.100000, 1.200000, 0.000179, 0.000008, 0.000171, 
trial0014146, GDX, 918, 20, 45.900000, 1.200000, 0.003451, 0.003430, 0.000021, ZIC, 1273, 20, 63.650000, 1.050000, 0.000021, 0.000008, 0.000014, 
trial0014147, GDX, 1340, 20, 67.000000, 1.600000, 0.002861, 0.002522, 0.000339, ZIC, 1205, 20, 60.250000, 1.400000, 0.002738, 0.000007, 0.002731, 
trial0014148, GDX, 1387, 20, 69.350000, 1.550000, 0.004394, 0.003961, 0.000433, ZIC, 1933, 20, 96.650000, 2.050000, 0.000023, 0.000008, 0.000016, 
trial0014149, GDX, 1056, 20, 52.800000, 1.450000, 0.003819, 0.003799, 0.000021, ZIC, 1439, 20, 71.950000, 1.150000, 0.000342, 0.000161, 0.000180, 
trial0014150, GDX, 1801, 20, 90.050000, 1.700000, 0.003158, 0.002800, 0.000358, ZIC, 1367, 20, 68.350000, 1.400000, 0.000644, 0.000291, 0.000353, 
trial0014151, GDX, 1614, 20, 80.700000, 1.750000, 0.004340, 0.003826, 0.000514, ZIC, 1090, 20, 54.500000, 0.950000, 0.000023, 0.000008, 0.000015, 
trial0014152, GDX, 1143, 20, 57.150000, 1.450000, 0.003708, 0.003453, 0.000255, ZIC, 1300, 20, 65.000000, 1.250000, 0.000762, 0.000379, 0.000383, 
trial0014153, GDX, 731, 20, 36.550000, 1.100000, 0.005759, 0.005248, 0.000511, ZIC, 402, 20, 20.100000, 0.500000, 0.000021, 0.000008, 0.000013, 
trial0014154, GDX, 1027, 20, 51.350000, 1.250000, 0.004730, 0.004710, 0.000020, ZIC, 1097, 20, 54.850000, 0.850000, 0.000019, 0.000008, 0.000012, 
trial0014155, GDX, 906, 20, 45.300000, 1.250000, 0.004301, 0.004093, 0.000207, ZIC, 1688, 20, 84.400000, 1.450000, 0.000374, 0.000008, 0.000367, 
trial0014156, GDX, 1167, 20, 58.350000, 1.800000, 0.003425, 0.003402, 0.000023, ZIC, 2326, 20, 116.300000, 1.600000, 0.000153, 0.000008, 0.000145, 
trial0014157, GDX, 624, 20, 31.200000, 0.800000, 0.004490, 0.004063, 0.000428, ZIC, 976, 20, 48.800000, 1.100000, 0.000376, 0.000365, 0.000011, 
trial0014158, GDX, 1331, 20, 66.550000, 1.400000, 0.004445, 0.003832, 0.000613, ZIC, 863, 20, 43.150000, 0.900000, 0.000187, 0.000007, 0.000179, 
trial0014159, GDX, 1543, 20, 77.150000, 1.700000, 0.003959, 0.003733, 0.000225, ZIC, 1107, 20, 55.350000, 1.000000, 0.000021, 0.000008, 0.000013, 
trial0014160, GDX, 1529, 20, 76.450000, 1.600000, 0.002986, 0.002254, 0.000732, ZIC, 1694, 20, 84.700000, 1.700000, 0.000486, 0.000150, 0.000336, 
trial0014161, GDX, 1644, 20, 82.200000, 1.650000, 0.002796, 0.002775, 0.000021, ZIC, 1680, 20, 84.000000, 1.450000, 0.000143, 0.000130, 0.000013, 
trial0014162, GDX, 878, 20, 43.900000, 1.300000, 0.003706, 0.003503, 0.000203, ZIC, 1088, 20, 54.400000, 1.200000, 0.000426, 0.000008, 0.000417, 
trial0014163, GDX, 1628, 20, 81.400000, 1.850000, 0.004016, 0.003807, 0.000209, ZIC, 1068, 20, 53.400000, 1.250000, 0.000023, 0.000007, 0.000015, 
trial0014164, GDX, 1413, 20, 70.650000, 1.550000, 0.003779, 0.003183, 0.000596, ZIC, 1624, 20, 81.200000, 1.450000, 0.000343, 0.000161, 0.000181, 
trial0014165, GDX, 930, 20, 46.500000, 1.100000, 0.004295, 0.004276, 0.000019, ZIC, 1143, 20, 57.150000, 1.100000, 0.000019, 0.000008, 0.000012, 
trial0014166, GDX, 1696, 20, 84.800000, 2.050000, 0.003272, 0.003064, 0.000208, ZIC, 2150, 20, 107.500000, 1.450000, 0.000020, 0.000007, 0.000013, 
trial0014167, GDX, 881, 20, 44.050000, 1.250000, 0.004259, 0.004055, 0.000204, ZIC, 1024, 20, 51.200000, 0.850000, 0.000640, 0.000273, 0.000367, 
trial0014168, GDX, 888, 20, 44.400000, 1.150000, 0.004914, 0.004664, 0.000250, ZIC, 664, 20, 33.200000, 0.450000, 0.000481, 0.000008, 0.000473, 
trial0014169, GDX, 1561, 20, 78.050000, 1.700000, 0.003311, 0.003287, 0.000025, ZIC, 1858, 20, 92.900000, 1.800000, 0.000664, 0.000377, 0.000287, 
trial0014170, GDX, 1562, 20, 78.100000, 2.000000, 0.003426, 0.003048, 0.000377, ZIC, 1600, 20, 80.000000, 1.400000, 0.000716, 0.000376, 0.000340, 
trial0014171, GDX, 511, 20, 25.550000, 0.750000, 0.004254, 0.004233, 0.000021, ZIC, 1497, 20, 74.850000, 1.350000, 0.000188, 0.000008, 0.000180, 
trial0014172, GDX, 2275, 20, 113.750000, 2.000000, 0.003934, 0.003521, 0.000413, ZIC, 1458, 20, 72.900000, 1.500000, 0.000208, 0.000008, 0.000201, 
trial0014173, GDX, 492, 20, 24.600000, 0.750000, 0.005216, 0.005196, 0.000019, ZIC, 1259, 20, 62.950000, 1.250000, 0.000186, 0.000007, 0.000179, 
trial0014174, GDX, 2070, 20, 103.500000, 2.250000, 0.004128, 0.004103, 0.000025, ZIC, 1434, 20, 71.700000, 1.150000, 0.000023, 0.000008, 0.000015, 
trial0014175, GDX, 1225, 20, 61.250000, 1.700000, 0.004418, 0.003953, 0.000465, ZIC, 711, 20, 35.550000, 0.700000, 0.000372, 0.000009, 0.000363, 
trial0014176, GDX, 1653, 20, 82.650000, 1.900000, 0.003706, 0.003307, 0.000399, ZIC, 1668, 20, 83.400000, 1.600000, 0.000422, 0.000008, 0.000414, 
trial0014177, GDX, 907, 20, 45.350000, 1.000000, 0.003085, 0.002899, 0.000186, ZIC, 982, 20, 49.100000, 1.000000, 0.000487, 0.000150, 0.000337, 
trial0014178, GDX, 1984, 20, 99.200000, 2.200000, 0.003018, 0.002994, 0.000024, ZIC, 1285, 20, 64.250000, 1.300000, 0.000189, 0.000008, 0.000181, 
trial0014179, GDX, 665, 20, 33.250000, 0.900000, 0.004379, 0.004175, 0.000204, ZIC, 860, 20, 43.000000, 1.100000, 0.000187, 0.000008, 0.000180, 
trial0014180, GDX, 1320, 20, 66.000000, 1.700000, 0.003920, 0.003665, 0.000255, ZIC, 1388, 20, 69.400000, 1.600000, 0.000021, 0.000007, 0.000014, 
trial0014181, GDX, 1140, 20, 57.000000, 1.400000, 0.004933, 0.004705, 0.000228, ZIC, 666, 20, 33.300000, 0.800000, 0.000021, 0.000008, 0.000013, 
trial0014182, GDX, 1573, 20, 78.650000, 1.950000, 0.004259, 0.004236, 0.000023, ZIC, 926, 20, 46.300000, 0.950000, 0.000022, 0.000008, 0.000014, 
trial0014183, GDX, 1362, 20, 68.100000, 1.450000, 0.004235, 0.004028, 0.000207, ZIC, 1481, 20, 74.050000, 1.150000, 0.000190, 0.000008, 0.000182, 
trial0014184, GDX, 875, 20, 43.750000, 1.650000, 0.003776, 0.003752, 0.000024, ZIC, 1680, 20, 84.000000, 1.650000, 0.000020, 0.000007, 0.000013, 
trial0014185, GDX, 963, 20, 48.150000, 1.300000, 0.003578, 0.003299, 0.000279, ZIC, 1846, 20, 92.300000, 1.500000, 0.000022, 0.000007, 0.000015, 
trial0014186, GDX, 1086, 20, 54.300000, 1.400000, 0.003669, 0.003644, 0.000025, ZIC, 1953, 20, 97.650000, 1.800000, 0.000498, 0.000162, 0.000336, 
trial0014187, GDX, 806, 20, 40.300000, 1.300000, 0.004341, 0.004318, 0.000023, ZIC, 1620, 20, 81.000000, 1.400000, 0.000394, 0.000381, 0.000013, 
trial0014188, GDX, 1238, 20, 61.900000, 1.350000, 0.003752, 0.003732, 0.000019, ZIC, 538, 20, 26.900000, 0.850000, 0.000530, 0.000175, 0.000355, 
trial0014189, GDX, 1410, 20, 70.500000, 1.600000, 0.004051, 0.003843, 0.000208, ZIC, 1431, 20, 71.550000, 1.300000, 0.000346, 0.000162, 0.000184, 
trial0014190, GDX, 1006, 20, 50.300000, 1.200000, 0.003700, 0.003248, 0.000452, ZIC, 1139, 20, 56.950000, 1.300000, 0.000329, 0.000162, 0.000167, 
trial0014191, GDX, 1590, 20, 79.500000, 1.650000, 0.004482, 0.004253, 0.000230, ZIC, 1181, 20, 59.050000, 1.250000, 0.000252, 0.000008, 0.000244, 
trial0014192, GDX, 2199, 20, 109.950000, 1.750000, 0.003948, 0.003696, 0.000252, ZIC, 1259, 20, 62.950000, 1.150000, 0.000560, 0.000176, 0.000384, 
trial0014193, GDX, 516, 20, 25.800000, 0.750000, 0.004234, 0.004217, 0.000017, ZIC, 1030, 20, 51.500000, 0.850000, 0.000185, 0.000174, 0.000010, 
trial0014194, GDX, 1697, 20, 84.850000, 1.650000, 0.003365, 0.003158, 0.000208, ZIC, 1043, 20, 52.150000, 1.150000, 0.000348, 0.000192, 0.000156, 
trial0014195, GDX, 1828, 20, 91.400000, 2.050000, 0.003353, 0.003142, 0.000211, ZIC, 2226, 20, 111.300000, 2.350000, 0.000023, 0.000007, 0.000015, 
trial0014196, GDX, 1399, 20, 69.950000, 1.650000, 0.003430, 0.002961, 0.000469, ZIC, 1227, 20, 61.350000, 1.350000, 0.000178, 0.000007, 0.000171, 
trial0014197, GDX, 1291, 20, 64.550000, 1.450000, 0.004017, 0.003253, 0.000764, ZIC, 881, 20, 44.050000, 0.850000, 0.000226, 0.000213, 0.000013, 
trial0014198, GDX, 971, 20, 48.550000, 1.050000, 0.003542, 0.003113, 0.000429, ZIC, 656, 20, 32.800000, 0.750000, 0.000019, 0.000008, 0.000011, 
trial0014199, GDX, 1409, 20, 70.450000, 1.850000, 0.004229, 0.004208, 0.000021, ZIC, 1202, 20, 60.100000, 0.950000, 0.000229, 0.000008, 0.000222, 
trial0014200, GDX, 1936, 20, 96.800000, 2.100000, 0.003639, 0.003429, 0.000210, ZIC, 1778, 20, 88.900000, 1.700000, 0.000378, 0.000178, 0.000200, 
trial0014201, GDX, 1179, 20, 58.950000, 1.450000, 0.004344, 0.004091, 0.000253, ZIC, 1142, 20, 57.100000, 1.250000, 0.000022, 0.000008, 0.000015, 
trial0014202, GDX, 299, 20, 14.950000, 0.900000, 0.005336, 0.005317, 0.000019, ZIC, 610, 20, 30.500000, 0.500000, 0.000654, 0.000008, 0.000646, 
trial0014203, GDX, 396, 20, 19.800000, 0.700000, 0.005194, 0.005174, 0.000019, ZIC, 789, 20, 39.450000, 0.700000, 0.000202, 0.000191, 0.000011, 
trial0014204, GDX, 1106, 20, 55.300000, 1.250000, 0.004100, 0.004079, 0.000021, ZIC, 556, 20, 27.800000, 0.650000, 0.000482, 0.000264, 0.000218, 
trial0014205, GDX, 1055, 20, 52.750000, 1.400000, 0.003219, 0.003197, 0.000023, ZIC, 860, 20, 43.000000, 1.000000, 0.000357, 0.000177, 0.000181, 
trial0014206, GDX, 765, 20, 38.250000, 1.000000, 0.005376, 0.005355, 0.000021, ZIC, 1033, 20, 51.650000, 1.000000, 0.000019, 0.000007, 0.000012, 
trial0014207, GDX, 929, 20, 46.450000, 1.300000, 0.004453, 0.004431, 0.000022, ZIC, 877, 20, 43.850000, 1.000000, 0.000020, 0.000007, 0.000013, 
trial0014208, GDX, 827, 20, 41.350000, 1.100000, 0.004519, 0.004499, 0.000020, ZIC, 875, 20, 43.750000, 0.700000, 0.000019, 0.000007, 0.000012, 
trial0014209, GDX, 880, 20, 44.000000, 0.950000, 0.004641, 0.004619, 0.000022, ZIC, 1365, 20, 68.250000, 1.450000, 0.000020, 0.000008, 0.000012, 
trial0014210, GDX, 1826, 20, 91.300000, 2.300000, 0.004066, 0.003840, 0.000227, ZIC, 943, 20, 47.150000, 0.900000, 0.000024, 0.000008, 0.000016, 
trial0014211, GDX, 677, 20, 33.850000, 1.000000, 0.004656, 0.004021, 0.000635, ZIC, 766, 20, 38.300000, 1.000000, 0.000225, 0.000008, 0.000217, 
trial0014212, GDX, 653, 20, 32.650000, 1.200000, 0.003855, 0.003666, 0.000188, ZIC, 1278, 20, 63.900000, 1.200000, 0.000204, 0.000191, 0.000012, 
trial0014213, GDX, 532, 20, 26.600000, 0.900000, 0.004525, 0.004297, 0.000228, ZIC, 1099, 20, 54.950000, 1.300000, 0.000313, 0.000008, 0.000305, 
trial0014214, GDX, 896, 20, 44.800000, 1.100000, 0.003751, 0.003730, 0.000020, ZIC, 733, 20, 36.650000, 0.900000, 0.000246, 0.000234, 0.000012, 
trial0014215, GDX, 1099, 20, 54.950000, 1.350000, 0.004185, 0.003752, 0.000433, ZIC, 1195, 20, 59.750000, 1.350000, 0.000622, 0.000422, 0.000200, 
trial0014216, GDX, 516, 20, 25.800000, 0.700000, 0.004290, 0.004271, 0.000018, ZIC, 981, 20, 49.050000, 1.100000, 0.000172, 0.000161, 0.000011, 
trial0014217, GDX, 524, 20, 26.200000, 0.700000, 0.004337, 0.004317, 0.000020, ZIC, 925, 20, 46.250000, 0.900000, 0.000019, 0.000007, 0.000012, 
trial0014218, GDX, 586, 20, 29.300000, 0.800000, 0.004307, 0.004055, 0.000252, ZIC, 1278, 20, 63.900000, 1.400000, 0.000021, 0.000008, 0.000013, 
trial0014219, GDX, 1182, 20, 59.100000, 1.800000, 0.003674, 0.003385, 0.000288, ZIC, 1407, 20, 70.350000, 1.400000, 0.000023, 0.000008, 0.000015, 
trial0014220, GDX, 614, 20, 30.700000, 1.050000, 0.005068, 0.004588, 0.000480, ZIC, 368, 20, 18.400000, 0.350000, 0.000225, 0.000008, 0.000217, 
trial0014221, GDX, 1033, 20, 51.650000, 1.600000, 0.003977, 0.003746, 0.000231, ZIC, 1489, 20, 74.450000, 1.600000, 0.000021, 0.000007, 0.000014, 
trial0014222, GDX, 909, 20, 45.450000, 1.400000, 0.004018, 0.003997, 0.000021, ZIC, 1093, 20, 54.650000, 1.000000, 0.000206, 0.000192, 0.000013, 
trial0014223, GDX, 791, 20, 39.550000, 1.100000, 0.003771, 0.003753, 0.000019, ZIC, 814, 20, 40.700000, 1.000000, 0.000404, 0.000392, 0.000012, 
trial0014224, GDX, 1178, 20, 58.900000, 1.450000, 0.004696, 0.004121, 0.000575, ZIC, 715, 20, 35.750000, 0.650000, 0.000022, 0.000008, 0.000014, 
trial0014225, GDX, 1275, 20, 63.750000, 1.900000, 0.004675, 0.004149, 0.000525, ZIC, 1460, 20, 73.000000, 1.600000, 0.000360, 0.000008, 0.000352, 
trial0014226, GDX, 498, 20, 24.900000, 1.000000, 0.004714, 0.004464, 0.000250, ZIC, 657, 20, 32.850000, 0.500000, 0.000019, 0.000008, 0.000012, 
trial0014227, GDX, 1556, 20, 77.800000, 2.200000, 0.004056, 0.004031, 0.000026, ZIC, 622, 20, 31.100000, 0.700000, 0.000823, 0.000315, 0.000508, 
trial0014228, GDX, 933, 20, 46.650000, 1.300000, 0.004080, 0.003384, 0.000696, ZIC, 739, 20, 36.950000, 0.800000, 0.000432, 0.000009, 0.000423, 
trial0014229, GDX, 1172, 20, 58.600000, 1.350000, 0.004871, 0.004849, 0.000022, ZIC, 755, 20, 37.750000, 1.050000, 0.000188, 0.000175, 0.000013, 
trial0014230, GDX, 779, 20, 38.950000, 1.500000, 0.003275, 0.002882, 0.000393, ZIC, 1168, 20, 58.400000, 1.100000, 0.000207, 0.000008, 0.000199, 
trial0014231, GDX, 1693, 20, 84.650000, 1.550000, 0.005068, 0.004473, 0.000595, ZIC, 568, 20, 28.400000, 1.050000, 0.000189, 0.000008, 0.000181, 
trial0014232, GDX, 1226, 20, 61.300000, 1.400000, 0.003062, 0.003043, 0.000019, ZIC, 904, 20, 45.200000, 1.100000, 0.000327, 0.000162, 0.000165, 
trial0014233, GDX, 173, 20, 8.650000, 0.550000, 0.004742, 0.004519, 0.000223, ZIC, 966, 20, 48.300000, 0.850000, 0.000202, 0.000191, 0.000011, 
trial0014234, GDX, 939, 20, 46.950000, 1.200000, 0.003308, 0.003288, 0.000020, ZIC, 1057, 20, 52.850000, 1.000000, 0.000357, 0.000007, 0.000350, 
trial0014235, GDX, 903, 20, 45.150000, 1.200000, 0.005021, 0.004000, 0.001021, ZIC, 1041, 20, 52.050000, 1.200000, 0.000020, 0.000008, 0.000012, 
trial0014236, GDX, 1018, 20, 50.900000, 1.450000, 0.004706, 0.004480, 0.000225, ZIC, 1116, 20, 55.800000, 0.950000, 0.000021, 0.000008, 0.000013, 
trial0014237, GDX, 878, 20, 43.900000, 1.650000, 0.004002, 0.003974, 0.000028, ZIC, 2022, 20, 101.100000, 1.950000, 0.000190, 0.000007, 0.000183, 
trial0014238, GDX, 535, 20, 26.750000, 0.800000, 0.004806, 0.004786, 0.000020, ZIC, 532, 20, 26.600000, 0.700000, 0.000715, 0.000476, 0.000238, 
trial0014239, GDX, 1087, 20, 54.350000, 1.500000, 0.004294, 0.004276, 0.000018, ZIC, 757, 20, 37.850000, 0.700000, 0.000157, 0.000008, 0.000149, 
trial0014240, GDX, 483, 20, 24.150000, 0.900000, 0.004072, 0.003868, 0.000204, ZIC, 955, 20, 47.750000, 1.200000, 0.000019, 0.000008, 0.000012, 
trial0014241, GDX, 602, 20, 30.100000, 0.800000, 0.004643, 0.004234, 0.000408, ZIC, 478, 20, 23.900000, 0.600000, 0.000018, 0.000008, 0.000011, 
trial0014242, GDX, 660, 20, 33.000000, 0.950000, 0.005115, 0.004602, 0.000514, ZIC, 687, 20, 34.350000, 0.650000, 0.000389, 0.000377, 0.000012, 
trial0014243, GDX, 1405, 20, 70.250000, 1.500000, 0.004665, 0.004458, 0.000207, ZIC, 917, 20, 45.850000, 1.000000, 0.000559, 0.000008, 0.000551, 
trial0014244, GDX, 803, 20, 40.150000, 1.100000, 0.004309, 0.004285, 0.000024, ZIC, 1225, 20, 61.250000, 1.400000, 0.000023, 0.000008, 0.000015, 
trial0014245, GDX, 748, 20, 37.400000, 1.300000, 0.004127, 0.004106, 0.000022, ZIC, 674, 20, 33.700000, 0.900000, 0.000188, 0.000175, 0.000012, 
trial0014246, GDX, 1072, 20, 53.600000, 1.250000, 0.004392, 0.004037, 0.000355, ZIC, 874, 20, 43.700000, 0.950000, 0.000680, 0.000008, 0.000672, 
trial0014247, GDX, 694, 20, 34.700000, 1.200000, 0.004654, 0.004404, 0.000250, ZIC, 1223, 20, 61.150000, 1.300000, 0.000206, 0.000192, 0.000013, 
trial0014248, GDX, 615, 20, 30.750000, 0.800000, 0.003958, 0.003296, 0.000662, ZIC, 882, 20, 44.100000, 0.900000, 0.000371, 0.000008, 0.000364, 
trial0014249, GDX, 1339, 20, 66.950000, 1.500000, 0.005046, 0.004836, 0.000210, ZIC, 1213, 20, 60.650000, 1.500000, 0.000208, 0.000007, 0.000201, 
trial0014250, GDX, 344, 20, 17.200000, 0.850000, 0.005139, 0.005119, 0.000020, ZIC, 619, 20, 30.950000, 0.550000, 0.000227, 0.000213, 0.000014, 
trial0014251, GDX, 1089, 20, 54.450000, 1.350000, 0.004456, 0.004229, 0.000227, ZIC, 719, 20, 35.950000, 0.850000, 0.000188, 0.000008, 0.000181, 
trial0014252, GDX, 805, 20, 40.250000, 1.350000, 0.004365, 0.004344, 0.000021, ZIC, 677, 20, 33.850000, 0.650000, 0.000457, 0.000213, 0.000244, 
trial0014253, GDX, 268, 20, 13.400000, 0.600000, 0.004122, 0.003716, 0.000406, ZIC, 648, 20, 32.400000, 0.600000, 0.000203, 0.000008, 0.000195, 
trial0014254, GDX, 260, 20, 13.000000, 0.750000, 0.004873, 0.004852, 0.000021, ZIC, 1101, 20, 55.050000, 1.150000, 0.000410, 0.000193, 0.000217, 
trial0014255, GDX, 386, 20, 19.300000, 0.800000, 0.004470, 0.004153, 0.000317, ZIC, 1092, 20, 54.600000, 1.100000, 0.000456, 0.000008, 0.000448, 
trial0014256, GDX, 1224, 20, 61.200000, 1.550000, 0.006447, 0.005955, 0.000492, ZIC, 235, 20, 11.750000, 0.350000, 0.000548, 0.000009, 0.000539, 
trial0014257, GDX, 1155, 20, 57.750000, 1.500000, 0.004015, 0.003992, 0.000024, ZIC, 1246, 20, 62.300000, 1.200000, 0.000191, 0.000009, 0.000183, 
trial0014258, GDX, 816, 20, 40.800000, 1.500000, 0.003831, 0.003621, 0.000210, ZIC, 1102, 20, 55.100000, 1.200000, 0.000393, 0.000008, 0.000385, 
trial0014259, GDX, 991, 20, 49.550000, 1.400000, 0.004722, 0.004289, 0.000432, ZIC, 1025, 20, 51.250000, 1.000000, 0.000357, 0.000008, 0.000349, 
trial0014260, GDX, 655, 20, 32.750000, 1.000000, 0.004157, 0.004137, 0.000021, ZIC, 703, 20, 35.150000, 0.800000, 0.000019, 0.000007, 0.000012, 
trial0014261, GDX, 622, 20, 31.100000, 1.200000, 0.004377, 0.004354, 0.000023, ZIC, 1132, 20, 56.600000, 1.100000, 0.000022, 0.000008, 0.000014, 
trial0014262, GDX, 1085, 20, 54.250000, 1.600000, 0.004567, 0.004339, 0.000228, ZIC, 1122, 20, 56.100000, 1.100000, 0.000175, 0.000008, 0.000167, 
trial0014263, GDX, 487, 20, 24.350000, 0.950000, 0.004439, 0.004420, 0.000019, ZIC, 855, 20, 42.750000, 0.950000, 0.000020, 0.000008, 0.000012, 
trial0014264, GDX, 1445, 20, 72.250000, 1.900000, 0.004740, 0.004487, 0.000253, ZIC, 796, 20, 39.800000, 0.800000, 0.000208, 0.000008, 0.000201, 
trial0014265, GDX, 283, 20, 14.150000, 0.550000, 0.004341, 0.004325, 0.000017, ZIC, 990, 20, 49.500000, 0.850000, 0.000017, 0.000007, 0.000010, 
trial0014266, GDX, 992, 20, 49.600000, 1.350000, 0.003235, 0.003011, 0.000225, ZIC, 969, 20, 48.450000, 0.850000, 0.000589, 0.000424, 0.000165, 
trial0014267, GDX, 587, 20, 29.350000, 1.250000, 0.003756, 0.003286, 0.000470, ZIC, 1116, 20, 55.800000, 1.050000, 0.000020, 0.000007, 0.000013, 
trial0014268, GDX, 754, 20, 37.700000, 0.950000, 0.004369, 0.004351, 0.000017, ZIC, 457, 20, 22.850000, 0.550000, 0.000202, 0.000008, 0.000195, 
trial0014269, GDX, 999, 20, 49.950000, 1.450000, 0.004558, 0.004535, 0.000023, ZIC, 994, 20, 49.700000, 1.050000, 0.000023, 0.000008, 0.000015, 
trial0014270, GDX, 1214, 20, 60.700000, 1.550000, 0.003867, 0.003706, 0.000161, ZIC, 797, 20, 39.850000, 1.050000, 0.000393, 0.000009, 0.000384, 
trial0014271, GDX, 805, 20, 40.250000, 1.150000, 0.004383, 0.004363, 0.000020, ZIC, 821, 20, 41.050000, 1.050000, 0.000357, 0.000176, 0.000181, 
trial0014272, GDX, 573, 20, 28.650000, 1.300000, 0.004351, 0.004331, 0.000020, ZIC, 809, 20, 40.450000, 0.900000, 0.000022, 0.000009, 0.000013, 
trial0014273, GDX, 1158, 20, 57.900000, 1.850000, 0.004813, 0.004790, 0.000023, ZIC, 224, 20, 11.200000, 0.250000, 0.000024, 0.000008, 0.000016, 
trial0014274, GDX, 1389, 20, 69.450000, 1.750000, 0.003993, 0.003970, 0.000023, ZIC, 768, 20, 38.400000, 0.950000, 0.000020, 0.000007, 0.000013, 
trial0014275, GDX, 806, 20, 40.300000, 0.950000, 0.004289, 0.004040, 0.000249, ZIC, 906, 20, 45.300000, 1.150000, 0.000526, 0.000192, 0.000333, 
trial0014276, GDX, 579, 20, 28.950000, 1.050000, 0.004172, 0.003890, 0.000282, ZIC, 674, 20, 33.700000, 0.850000, 0.000186, 0.000008, 0.000179, 
trial0014277, GDX, 739, 20, 36.950000, 0.950000, 0.004169, 0.004149, 0.000020, ZIC, 1027, 20, 51.350000, 1.150000, 0.000357, 0.000161, 0.000196, 
trial0014278, GDX, 684, 20, 34.200000, 0.800000, 0.004409, 0.004391, 0.000019, ZIC, 657, 20, 32.850000, 0.800000, 0.000203, 0.000008, 0.000195, 
trial0014279, GDX, 702, 20, 35.100000, 1.050000, 0.005117, 0.005095, 0.000023, ZIC, 669, 20, 33.450000, 0.650000, 0.000286, 0.000271, 0.000015, 
trial0014280, GDX, 548, 20, 27.400000, 0.950000, 0.005417, 0.005398, 0.000019, ZIC, 396, 20, 19.800000, 0.550000, 0.000021, 0.000008, 0.000013, 
trial0014281, GDX, 1089, 20, 54.450000, 1.400000, 0.004432, 0.004411, 0.000021, ZIC, 585, 20, 29.250000, 1.000000, 0.000207, 0.000008, 0.000199, 
trial0014282, GDX, 974, 20, 48.700000, 1.600000, 0.003736, 0.003712, 0.000024, ZIC, 792, 20, 39.600000, 1.000000, 0.000022, 0.000008, 0.000014, 
trial0014283, GDX, 891, 20, 44.550000, 1.200000, 0.005038, 0.004553, 0.000485, ZIC, 1238, 20, 61.900000, 1.300000, 0.000190, 0.000177, 0.000013, 
trial0014284, GDX, 856, 20, 42.800000, 1.300000, 0.004820, 0.004795, 0.000025, ZIC, 685, 20, 34.250000, 0.800000, 0.000227, 0.000007, 0.000219, 
trial0014285, GDX, 798, 20, 39.900000, 1.200000, 0.003469, 0.003450, 0.000019, ZIC, 823, 20, 41.150000, 0.900000, 0.000388, 0.000007, 0.000380, 
trial0014286, GDX, 922, 20, 46.100000, 1.400000, 0.003898, 0.003507, 0.000391, ZIC, 1077, 20, 53.850000, 1.000000, 0.000174, 0.000008, 0.000167, 
trial0014287, GDX, 602, 20, 30.100000, 0.950000, 0.004423, 0.004138, 0.000285, ZIC, 1004, 20, 50.200000, 0.950000, 0.000328, 0.000008, 0.000320, 
trial0014288, GDX, 598, 20, 29.900000, 1.450000, 0.003513, 0.003321, 0.000191, ZIC, 1674, 20, 83.700000, 1.350000, 0.000021, 0.000008, 0.000013, 
trial0014289, GDX, 674, 20, 33.700000, 0.950000, 0.004600, 0.004413, 0.000188, ZIC, 826, 20, 41.300000, 0.950000, 0.000203, 0.000007, 0.000196, 
trial0014290, GDX, 729, 20, 36.450000, 1.150000, 0.004582, 0.004560, 0.000022, ZIC, 753, 20, 37.650000, 0.750000, 0.000595, 0.000213, 0.000382, 
trial0014291, GDX, 669, 20, 33.450000, 1.300000, 0.004319, 0.003802, 0.000517, ZIC, 1077, 20, 53.850000, 1.000000, 0.000022, 0.000008, 0.000014, 
trial0014292, GDX, 1125, 20, 56.250000, 1.550000, 0.003720, 0.003695, 0.000025, ZIC, 899, 20, 44.950000, 1.150000, 0.000195, 0.000008, 0.000187, 
trial0014293, GDX, 323, 20, 16.150000, 0.850000, 0.003759, 0.003510, 0.000249, ZIC, 1565, 20, 78.250000, 1.250000, 0.000020, 0.000008, 0.000012, 
trial0014294, GDX, 828, 20, 41.400000, 1.150000, 0.004531, 0.004510, 0.000021, ZIC, 818, 20, 40.900000, 1.050000, 0.000022, 0.000008, 0.000014, 
trial0014295, GDX, 889, 20, 44.450000, 1.250000, 0.003653, 0.003465, 0.000188, ZIC, 723, 20, 36.150000, 0.650000, 0.000021, 0.000008, 0.000013, 
trial0014296, GDX, 656, 20, 32.800000, 1.250000, 0.004203, 0.003993, 0.000210, ZIC, 1192, 20, 59.600000, 1.350000, 0.000500, 0.000008, 0.000492, 
trial0014297, GDX, 1561, 20, 78.050000, 1.500000, 0.004400, 0.004379, 0.000021, ZIC, 743, 20, 37.150000, 1.100000, 0.000357, 0.000343, 0.000013, 
trial0014298, GDX, 537, 20, 26.850000, 1.100000, 0.003733, 0.003529, 0.000204, ZIC, 1014, 20, 50.700000, 1.100000, 0.000404, 0.000238, 0.000166, 
trial0014299, GDX, 1504, 20, 75.200000, 1.300000, 0.004121, 0.003894, 0.000226, ZIC, 636, 20, 31.800000, 0.900000, 0.000412, 0.000194, 0.000218, 
trial0014300, GDX, 681, 20, 34.050000, 1.000000, 0.004121, 0.004103, 0.000018, ZIC, 875, 20, 43.750000, 0.600000, 0.000223, 0.000008, 0.000215, 
trial0014301, GDX, 832, 20, 41.600000, 1.400000, 0.004030, 0.004008, 0.000023, ZIC, 924, 20, 46.200000, 1.200000, 0.000022, 0.000008, 0.000014, 
trial0014302, GDX, 770, 20, 38.500000, 1.500000, 0.004129, 0.004106, 0.000023, ZIC, 845, 20, 42.250000, 1.200000, 0.000226, 0.000008, 0.000218, 
trial0014303, GDX, 774, 20, 38.700000, 1.250000, 0.003767, 0.003747, 0.000020, ZIC, 734, 20, 36.700000, 0.950000, 0.000327, 0.000161, 0.000166, 
trial0014304, GDX, 766, 20, 38.300000, 1.750000, 0.003689, 0.003461, 0.000228, ZIC, 1301, 20, 65.050000, 1.450000, 0.000333, 0.000161, 0.000172, 
trial0014305, GDX, 1133, 20, 56.650000, 1.350000, 0.004111, 0.003657, 0.000454, ZIC, 424, 20, 21.200000, 0.650000, 0.000172, 0.000161, 0.000011, 
trial0014306, GDX, 776, 20, 38.800000, 1.200000, 0.003814, 0.003791, 0.000023, ZIC, 1496, 20, 74.800000, 1.600000, 0.000151, 0.000139, 0.000012, 
trial0014307, GDX, 408, 20, 20.400000, 0.700000, 0.003864, 0.003643, 0.000220, ZIC, 490, 20, 24.500000, 0.800000, 0.000158, 0.000149, 0.000009, 
trial0014308, GDX, 1093, 20, 54.650000, 2.000000, 0.003954, 0.003726, 0.000228, ZIC, 929, 20, 46.450000, 0.900000, 0.000252, 0.000008, 0.000244, 
trial0014309, GDX, 721, 20, 36.050000, 0.900000, 0.004267, 0.004249, 0.000019, ZIC, 638, 20, 31.900000, 0.800000, 0.000018, 0.000007, 0.000011, 
trial0014310, GDX, 493, 20, 24.650000, 0.800000, 0.004269, 0.003987, 0.000281, ZIC, 453, 20, 22.650000, 0.600000, 0.000389, 0.000008, 0.000381, 
trial0014311, GDX, 1041, 20, 52.050000, 1.800000, 0.004054, 0.004031, 0.000023, ZIC, 723, 20, 36.150000, 0.800000, 0.000693, 0.000511, 0.000182, 
trial0014312, GDX, 584, 20, 29.200000, 1.450000, 0.003315, 0.003293, 0.000023, ZIC, 1037, 20, 51.850000, 1.150000, 0.000022, 0.000008, 0.000014, 
trial0014313, GDX, 754, 20, 37.700000, 1.400000, 0.003374, 0.003352, 0.000021, ZIC, 912, 20, 45.600000, 1.100000, 0.000173, 0.000161, 0.000013, 
trial0014314, GDX, 325, 20, 16.250000, 0.500000, 0.003938, 0.003718, 0.000220, ZIC, 443, 20, 22.150000, 0.600000, 0.000340, 0.000008, 0.000332, 
trial0014315, GDX, 1137, 20, 56.850000, 1.250000, 0.003868, 0.003849, 0.000019, ZIC, 735, 20, 36.750000, 1.050000, 0.000019, 0.000008, 0.000012, 
trial0014316, GDX, 517, 20, 25.850000, 0.950000, 0.004458, 0.004043, 0.000415, ZIC, 760, 20, 38.000000, 0.950000, 0.000018, 0.000007, 0.000011, 
trial0014317, GDX, 677, 20, 33.850000, 1.200000, 0.004594, 0.004110, 0.000484, ZIC, 776, 20, 38.800000, 1.000000, 0.000021, 0.000008, 0.000014, 
trial0014318, GDX, 1688, 20, 84.400000, 2.300000, 0.003778, 0.003215, 0.000563, ZIC, 1102, 20, 55.100000, 1.200000, 0.000022, 0.000008, 0.000014, 
trial0014319, GDX, 306, 20, 15.300000, 0.550000, 0.004261, 0.004039, 0.000223, ZIC, 629, 20, 31.450000, 0.750000, 0.000185, 0.000175, 0.000010, 
trial0014320, GDX, 617, 20, 30.850000, 1.200000, 0.003934, 0.003726, 0.000208, ZIC, 1061, 20, 53.050000, 1.400000, 0.000021, 0.000008, 0.000013, 
trial0014321, GDX, 824, 20, 41.200000, 1.600000, 0.003952, 0.003725, 0.000227, ZIC, 695, 20, 34.750000, 0.800000, 0.000020, 0.000007, 0.000012, 
trial0014322, GDX, 1036, 20, 51.800000, 1.500000, 0.004493, 0.004243, 0.000250, ZIC, 587, 20, 29.350000, 0.800000, 0.000173, 0.000008, 0.000165, 
trial0014323, GDX, 324, 20, 16.200000, 0.700000, 0.003509, 0.003492, 0.000018, ZIC, 683, 20, 34.150000, 0.900000, 0.000340, 0.000176, 0.000163, 
trial0014324, GDX, 541, 20, 27.050000, 0.700000, 0.003806, 0.003787, 0.000019, ZIC, 740, 20, 37.000000, 1.000000, 0.000345, 0.000149, 0.000195, 
trial0014325, GDX, 223, 20, 11.150000, 0.800000, 0.004680, 0.004660, 0.000020, ZIC, 828, 20, 41.400000, 0.800000, 0.000020, 0.000008, 0.000012, 
trial0014326, GDX, 1185, 20, 59.250000, 1.900000, 0.003628, 0.003606, 0.000022, ZIC, 743, 20, 37.150000, 1.000000, 0.000487, 0.000008, 0.000479, 
trial0014327, GDX, 664, 20, 33.200000, 1.100000, 0.004130, 0.003878, 0.000252, ZIC, 770, 20, 38.500000, 0.800000, 0.000187, 0.000007, 0.000180, 
trial0014328, GDX, 868, 20, 43.400000, 1.650000, 0.003390, 0.002995, 0.000395, ZIC, 1606, 20, 80.300000, 1.550000, 0.000162, 0.000149, 0.000013, 
trial0014329, GDX, 803, 20, 40.150000, 1.650000, 0.003575, 0.003320, 0.000255, ZIC, 1407, 20, 70.350000, 1.350000, 0.000496, 0.000176, 0.000320, 
trial0014330, GDX, 484, 20, 24.200000, 0.800000, 0.004297, 0.004092, 0.000205, ZIC, 728, 20, 36.400000, 1.100000, 0.000187, 0.000009, 0.000179, 
trial0014331, GDX, 897, 20, 44.850000, 1.500000, 0.003713, 0.003692, 0.000022, ZIC, 384, 20, 19.200000, 0.600000, 0.000708, 0.000235, 0.000472, 
trial0014332, GDX, 704, 20, 35.200000, 1.750000, 0.004400, 0.003781, 0.000619, ZIC, 1339, 20, 66.950000, 1.300000, 0.000177, 0.000008, 0.000169, 
trial0014333, GDX, 1024, 20, 51.200000, 1.450000, 0.004286, 0.004010, 0.000275, ZIC, 531, 20, 26.550000, 0.850000, 0.000356, 0.000008, 0.000348, 
trial0014334, GDX, 760, 20, 38.000000, 1.400000, 0.004542, 0.003924, 0.000619, ZIC, 397, 20, 19.850000, 0.700000, 0.000020, 0.000007, 0.000013, 
trial0014335, GDX, 266, 20, 13.300000, 0.450000, 0.004455, 0.004438, 0.000018, ZIC, 637, 20, 31.850000, 0.950000, 0.000018, 0.000008, 0.000011, 
trial0014336, GDX, 747, 20, 37.350000, 1.250000, 0.004003, 0.003612, 0.000391, ZIC, 871, 20, 43.550000, 1.050000, 0.000020, 0.000008, 0.000012, 
trial0014337, GDX, 939, 20, 46.950000, 1.250000, 0.003979, 0.003956, 0.000023, ZIC, 721, 20, 36.050000, 0.950000, 0.000019, 0.000007, 0.000012, 
trial0014338, GDX, 444, 20, 22.200000, 0.700000, 0.004340, 0.004091, 0.000248, ZIC, 680, 20, 34.000000, 0.800000, 0.000276, 0.000008, 0.000268, 
trial0014339, GDX, 431, 20, 21.550000, 1.200000, 0.004199, 0.004177, 0.000022, ZIC, 1052, 20, 52.600000, 1.150000, 0.000020, 0.000007, 0.000013, 
trial0014340, GDX, 409, 20, 20.450000, 0.600000, 0.004840, 0.004619, 0.000221, ZIC, 431, 20, 21.550000, 0.800000, 0.000203, 0.000008, 0.000195, 
trial0014341, GDX, 613, 20, 30.650000, 1.100000, 0.004141, 0.004120, 0.000021, ZIC, 1013, 20, 50.650000, 1.100000, 0.000187, 0.000175, 0.000012, 
trial0014342, GDX, 565, 20, 28.250000, 1.250000, 0.003525, 0.003335, 0.000190, ZIC, 909, 20, 45.450000, 1.050000, 0.000380, 0.000213, 0.000167, 
trial0014343, GDX, 759, 20, 37.950000, 1.800000, 0.004039, 0.004014, 0.000025, ZIC, 685, 20, 34.250000, 0.650000, 0.000207, 0.000008, 0.000199, 
trial0014344, GDX, 780, 20, 39.000000, 0.900000, 0.005021, 0.004776, 0.000246, ZIC, 403, 20, 20.150000, 0.600000, 0.000019, 0.000008, 0.000011, 
trial0014345, GDX, 760, 20, 38.000000, 1.200000, 0.004126, 0.003939, 0.000186, ZIC, 799, 20, 39.950000, 1.000000, 0.000356, 0.000344, 0.000012, 
trial0014346, GDX, 783, 20, 39.150000, 1.400000, 0.004341, 0.004317, 0.000024, ZIC, 1101, 20, 55.050000, 1.100000, 0.000540, 0.000359, 0.000181, 
trial0014347, GDX, 263, 20, 13.150000, 0.700000, 0.003546, 0.003341, 0.000205, ZIC, 1021, 20, 51.050000, 1.200000, 0.000018, 0.000007, 0.000011, 
trial0014348, GDX, 342, 20, 17.100000, 0.500000, 0.003555, 0.003167, 0.000388, ZIC, 763, 20, 38.150000, 1.000000, 0.000389, 0.000007, 0.000382, 
trial0014349, GDX, 858, 20, 42.900000, 1.500000, 0.003891, 0.003499, 0.000392, ZIC, 1503, 20, 75.150000, 1.500000, 0.000021, 0.000008, 0.000013, 
trial0014350, GDX, 529, 20, 26.450000, 1.050000, 0.004181, 0.003976, 0.000205, ZIC, 1032, 20, 51.600000, 1.150000, 0.000187, 0.000175, 0.000013, 
trial0014351, GDX, 825, 20, 41.250000, 1.550000, 0.003402, 0.003042, 0.000360, ZIC, 1367, 20, 68.350000, 1.500000, 0.000205, 0.000192, 0.000013, 
trial0014352, GDX, 676, 20, 33.800000, 1.250000, 0.004061, 0.003671, 0.000390, ZIC, 921, 20, 46.050000, 1.150000, 0.000359, 0.000009, 0.000351, 
trial0014353, GDX, 735, 20, 36.750000, 1.250000, 0.004196, 0.004172, 0.000023, ZIC, 993, 20, 49.650000, 1.150000, 0.000226, 0.000008, 0.000218, 
trial0014354, GDX, 617, 20, 30.850000, 1.400000, 0.004061, 0.004039, 0.000022, ZIC, 576, 20, 28.800000, 0.800000, 0.000020, 0.000007, 0.000013, 
trial0014355, GDX, 574, 20, 28.700000, 0.950000, 0.004449, 0.004427, 0.000022, ZIC, 853, 20, 42.650000, 1.050000, 0.000205, 0.000193, 0.000013, 
trial0014356, GDX, 609, 20, 30.450000, 0.900000, 0.003766, 0.003540, 0.000225, ZIC, 857, 20, 42.850000, 1.200000, 0.000019, 0.000007, 0.000012, 
trial0014357, GDX, 686, 20, 34.300000, 1.200000, 0.004571, 0.004552, 0.000019, ZIC, 284, 20, 14.200000, 0.350000, 0.000457, 0.000008, 0.000449, 
trial0014358, GDX, 968, 20, 48.400000, 1.600000, 0.004296, 0.004070, 0.000226, ZIC, 561, 20, 28.050000, 0.600000, 0.000207, 0.000193, 0.000014, 
trial0014359, GDX, 899, 20, 44.950000, 1.650000, 0.004699, 0.004676, 0.000023, ZIC, 959, 20, 47.950000, 0.850000, 0.000021, 0.000007, 0.000014, 
trial0014360, GDX, 852, 20, 42.600000, 1.400000, 0.005016, 0.004790, 0.000226, ZIC, 622, 20, 31.100000, 0.900000, 0.000019, 0.000007, 0.000012, 
trial0014361, GDX, 681, 20, 34.050000, 1.200000, 0.004234, 0.003822, 0.000412, ZIC, 863, 20, 43.150000, 1.100000, 0.000287, 0.000272, 0.000015, 
trial0014362, GDX, 763, 20, 38.150000, 0.800000, 0.004003, 0.003981, 0.000022, ZIC, 902, 20, 45.100000, 1.300000, 0.000354, 0.000174, 0.000180, 
trial0014363, GDX, 858, 20, 42.900000, 1.500000, 0.005513, 0.005260, 0.000253, ZIC, 472, 20, 23.600000, 0.700000, 0.000433, 0.000008, 0.000425, 
trial0014364, GDX, 611, 20, 30.550000, 1.400000, 0.004768, 0.004747, 0.000020, ZIC, 662, 20, 33.100000, 0.700000, 0.000389, 0.000008, 0.000381, 
trial0014365, GDX, 961, 20, 48.050000, 1.700000, 0.004166, 0.003957, 0.000209, ZIC, 1009, 20, 50.450000, 1.300000, 0.000376, 0.000176, 0.000200, 
trial0014366, GDX, 316, 20, 15.800000, 0.800000, 0.004017, 0.003997, 0.000019, ZIC, 848, 20, 42.400000, 1.000000, 0.000020, 0.000008, 0.000012, 
trial0014367, GDX, 754, 20, 37.700000, 1.500000, 0.004289, 0.004267, 0.000022, ZIC, 994, 20, 49.700000, 1.200000, 0.000020, 0.000008, 0.000013, 
trial0014368, GDX, 782, 20, 39.100000, 1.400000, 0.004032, 0.004010, 0.000022, ZIC, 907, 20, 45.350000, 1.200000, 0.000189, 0.000175, 0.000013, 
trial0014369, GDX, 861, 20, 43.050000, 1.500000, 0.003645, 0.003419, 0.000226, ZIC, 735, 20, 36.750000, 1.100000, 0.000191, 0.000008, 0.000183, 
trial0014370, GDX, 561, 20, 28.050000, 1.250000, 0.005862, 0.005840, 0.000023, ZIC, 350, 20, 17.500000, 0.450000, 0.000023, 0.000008, 0.000015, 
trial0014371, GDX, 518, 20, 25.900000, 0.950000, 0.004318, 0.004297, 0.000021, ZIC, 1050, 20, 52.500000, 1.250000, 0.000189, 0.000009, 0.000181, 
trial0014372, GDX, 825, 20, 41.250000, 1.250000, 0.004308, 0.004057, 0.000251, ZIC, 595, 20, 29.750000, 0.850000, 0.000206, 0.000192, 0.000014, 
trial0014373, GDX, 319, 20, 15.950000, 0.500000, 0.003518, 0.003319, 0.000199, ZIC, 438, 20, 21.900000, 0.700000, 0.000185, 0.000008, 0.000177, 
trial0014374, GDX, 594, 20, 29.700000, 1.600000, 0.004791, 0.004772, 0.000019, ZIC, 489, 20, 24.450000, 0.500000, 0.000021, 0.000008, 0.000013, 
trial0014375, GDX, 441, 20, 22.050000, 1.000000, 0.004531, 0.004512, 0.000019, ZIC, 819, 20, 40.950000, 0.900000, 0.000187, 0.000008, 0.000179, 
trial0014376, GDX, 884, 20, 44.200000, 1.450000, 0.005693, 0.005444, 0.000249, ZIC, 408, 20, 20.400000, 0.450000, 0.000021, 0.000008, 0.000014, 
trial0014377, GDX, 1109, 20, 55.450000, 2.000000, 0.003832, 0.003602, 0.000230, ZIC, 1017, 20, 50.850000, 1.100000, 0.000023, 0.000008, 0.000015, 
trial0014378, GDX, 789, 20, 39.450000, 1.300000, 0.005235, 0.004638, 0.000597, ZIC, 954, 20, 47.700000, 1.000000, 0.000021, 0.000008, 0.000013, 
trial0014379, GDX, 502, 20, 25.100000, 1.000000, 0.003228, 0.002856, 0.000372, ZIC, 826, 20, 41.300000, 1.200000, 0.000174, 0.000008, 0.000166, 
trial0014380, GDX, 254, 20, 12.700000, 0.700000, 0.003639, 0.003621, 0.000018, ZIC, 747, 20, 37.350000, 0.800000, 0.000185, 0.000174, 0.000010, 
trial0014381, GDX, 444, 20, 22.200000, 0.950000, 0.004879, 0.004507, 0.000372, ZIC, 1254, 20, 62.700000, 1.150000, 0.000019, 0.000007, 0.000012, 
trial0014382, GDX, 815, 20, 40.750000, 1.550000, 0.005646, 0.005253, 0.000393, ZIC, 367, 20, 18.350000, 0.550000, 0.000022, 0.000008, 0.000014, 
trial0014383, GDX, 750, 20, 37.500000, 1.300000, 0.004625, 0.004109, 0.000516, ZIC, 884, 20, 44.200000, 0.900000, 0.000021, 0.000008, 0.000014, 
trial0014384, GDX, 757, 20, 37.850000, 1.200000, 0.005030, 0.005011, 0.000019, ZIC, 517, 20, 25.850000, 0.900000, 0.000187, 0.000175, 0.000012, 
trial0014385, GDX, 1103, 20, 55.150000, 1.500000, 0.003659, 0.003272, 0.000388, ZIC, 796, 20, 39.800000, 1.000000, 0.000342, 0.000329, 0.000013, 
trial0014386, GDX, 411, 20, 20.550000, 0.900000, 0.004117, 0.003709, 0.000408, ZIC, 950, 20, 47.500000, 1.000000, 0.000019, 0.000007, 0.000012, 
trial0014387, GDX, 862, 20, 43.100000, 1.150000, 0.004713, 0.004693, 0.000020, ZIC, 530, 20, 26.500000, 0.650000, 0.000203, 0.000008, 0.000196, 
trial0014388, GDX, 860, 20, 43.000000, 1.550000, 0.004819, 0.004428, 0.000391, ZIC, 577, 20, 28.850000, 0.650000, 0.000204, 0.000007, 0.000197, 
trial0014389, GDX, 567, 20, 28.350000, 1.150000, 0.003849, 0.003644, 0.000205, ZIC, 831, 20, 41.550000, 1.050000, 0.000191, 0.000008, 0.000183, 
trial0014390, GDX, 1078, 20, 53.900000, 2.000000, 0.004768, 0.004742, 0.000025, ZIC, 572, 20, 28.600000, 0.800000, 0.000022, 0.000008, 0.000014, 
trial0014391, GDX, 1205, 20, 60.250000, 1.900000, 0.003615, 0.003592, 0.000022, ZIC, 922, 20, 46.100000, 0.900000, 0.000361, 0.000347, 0.000014, 
trial0014392, GDX, 629, 20, 31.450000, 1.150000, 0.004363, 0.004137, 0.000226, ZIC, 727, 20, 36.350000, 0.950000, 0.000204, 0.000008, 0.000197, 
trial0014393, GDX, 1008, 20, 50.400000, 1.550000, 0.005003, 0.004979, 0.000024, ZIC, 726, 20, 36.300000, 1.050000, 0.000024, 0.000008, 0.000016, 
trial0014394, GDX, 411, 20, 20.550000, 0.850000, 0.006346, 0.006091, 0.000254, ZIC, 472, 20, 23.600000, 0.550000, 0.000456, 0.000212, 0.000244, 
trial0014395, GDX, 668, 20, 33.400000, 1.200000, 0.004278, 0.003877, 0.000401, ZIC, 734, 20, 36.700000, 0.900000, 0.000251, 0.000008, 0.000243, 
trial0014396, GDX, 715, 20, 35.750000, 0.850000, 0.005267, 0.005250, 0.000017, ZIC, 578, 20, 28.900000, 0.650000, 0.000185, 0.000175, 0.000010, 
trial0014397, GDX, 363, 20, 18.150000, 0.900000, 0.003776, 0.003347, 0.000429, ZIC, 427, 20, 21.350000, 0.800000, 0.000171, 0.000160, 0.000011, 
trial0014398, GDX, 1527, 20, 76.350000, 2.200000, 0.004266, 0.004239, 0.000027, ZIC, 517, 20, 25.850000, 0.700000, 0.000024, 0.000008, 0.000016, 
trial0014399, GDX, 1060, 20, 53.000000, 1.950000, 0.003957, 0.003149, 0.000808, ZIC, 845, 20, 42.250000, 1.150000, 0.000022, 0.000008, 0.000015, 
trial0014400, GDX, 830, 20, 41.500000, 1.050000, 0.004072, 0.004054, 0.000017, ZIC, 383, 20, 19.150000, 0.650000, 0.000172, 0.000008, 0.000164, 
trial0014401, GDX, 1613, 20, 80.650000, 1.700000, 0.005067, 0.005044, 0.000024, ZIC, 1180, 20, 59.000000, 1.100000, 0.000024, 0.000008, 0.000016, 
trial0014402, GDX, 1241, 20, 62.050000, 1.100000, 0.004857, 0.004607, 0.000250, ZIC, 650, 20, 32.500000, 0.800000, 0.000188, 0.000008, 0.000180, 
trial0014403, GDX, 1448, 20, 72.400000, 1.750000, 0.003198, 0.002802, 0.000395, ZIC, 1826, 20, 91.300000, 1.750000, 0.000427, 0.000008, 0.000419, 
trial0014404, GDX, 1590, 20, 79.500000, 1.700000, 0.004234, 0.004028, 0.000206, ZIC, 1095, 20, 54.750000, 0.900000, 0.000024, 0.000008, 0.000016, 
trial0014405, GDX, 1992, 20, 99.600000, 2.000000, 0.004223, 0.004201, 0.000022, ZIC, 923, 20, 46.150000, 0.900000, 0.000376, 0.000194, 0.000182, 
trial0014406, GDX, 713, 20, 35.650000, 0.600000, 0.004480, 0.004234, 0.000246, ZIC, 390, 20, 19.500000, 0.700000, 0.000354, 0.000008, 0.000346, 
trial0014407, GDX, 2081, 20, 104.050000, 1.750000, 0.003136, 0.003116, 0.000020, ZIC, 1210, 20, 60.500000, 1.150000, 0.000174, 0.000162, 0.000013, 
trial0014408, GDX, 2122, 20, 106.100000, 1.900000, 0.003305, 0.003095, 0.000210, ZIC, 1696, 20, 84.800000, 1.600000, 0.000581, 0.000060, 0.000521, 
trial0014409, GDX, 1156, 20, 57.800000, 1.200000, 0.003915, 0.003431, 0.000483, ZIC, 1221, 20, 61.050000, 1.300000, 0.000189, 0.000007, 0.000181, 
trial0014410, GDX, 1864, 20, 93.200000, 1.700000, 0.002566, 0.002544, 0.000022, ZIC, 2191, 20, 109.550000, 1.900000, 0.000276, 0.000008, 0.000268, 
trial0014411, GDX, 1260, 20, 63.000000, 1.350000, 0.003528, 0.003338, 0.000190, ZIC, 2399, 20, 119.950000, 1.850000, 0.000020, 0.000007, 0.000013, 
trial0014412, GDX, 1961, 20, 98.050000, 1.750000, 0.003379, 0.003360, 0.000019, ZIC, 1132, 20, 56.600000, 1.250000, 0.000316, 0.000008, 0.000308, 
trial0014413, GDX, 1151, 20, 57.550000, 1.250000, 0.004153, 0.003927, 0.000226, ZIC, 1330, 20, 66.500000, 1.250000, 0.000020, 0.000008, 0.000013, 
trial0014414, GDX, 1145, 20, 57.250000, 1.350000, 0.003401, 0.003379, 0.000022, ZIC, 1587, 20, 79.350000, 1.250000, 0.000418, 0.000404, 0.000014, 
trial0014415, GDX, 1460, 20, 73.000000, 1.400000, 0.004638, 0.004100, 0.000538, ZIC, 1156, 20, 57.800000, 1.200000, 0.000021, 0.000007, 0.000014, 
trial0014416, GDX, 1019, 20, 50.950000, 1.350000, 0.003435, 0.003249, 0.000186, ZIC, 1378, 20, 68.900000, 1.350000, 0.000391, 0.000008, 0.000384, 
trial0014417, GDX, 1284, 20, 64.200000, 1.400000, 0.003265, 0.002980, 0.000285, ZIC, 1110, 20, 55.500000, 1.000000, 0.000175, 0.000008, 0.000167, 
trial0014418, GDX, 795, 20, 39.750000, 1.000000, 0.004268, 0.003984, 0.000284, ZIC, 1098, 20, 54.900000, 1.100000, 0.000204, 0.000008, 0.000197, 
trial0014419, GDX, 319, 20, 15.950000, 0.900000, 0.003748, 0.003728, 0.000021, ZIC, 1720, 20, 86.000000, 1.200000, 0.000019, 0.000008, 0.000012, 
trial0014420, GDX, 1592, 20, 79.600000, 2.000000, 0.003930, 0.003584, 0.000346, ZIC, 2143, 20, 107.150000, 1.700000, 0.000347, 0.000008, 0.000339, 
trial0014421, GDX, 1014, 20, 50.700000, 1.050000, 0.004715, 0.004488, 0.000227, ZIC, 1169, 20, 58.450000, 1.050000, 0.000020, 0.000007, 0.000013, 
trial0014422, GDX, 1834, 20, 91.700000, 1.550000, 0.003449, 0.003122, 0.000327, ZIC, 1638, 20, 81.900000, 1.550000, 0.000437, 0.000132, 0.000306, 
trial0014423, GDX, 1847, 20, 92.350000, 1.550000, 0.003747, 0.003392, 0.000355, ZIC, 737, 20, 36.850000, 0.850000, 0.000189, 0.000008, 0.000181, 
trial0014424, GDX, 1143, 20, 57.150000, 1.050000, 0.003841, 0.003635, 0.000206, ZIC, 1382, 20, 69.100000, 1.350000, 0.000187, 0.000007, 0.000180, 
trial0014425, GDX, 1477, 20, 73.850000, 1.550000, 0.003691, 0.003140, 0.000551, ZIC, 2527, 20, 126.350000, 2.450000, 0.000023, 0.000008, 0.000016, 
trial0014426, GDX, 1673, 20, 83.650000, 1.900000, 0.003349, 0.003140, 0.000209, ZIC, 1315, 20, 65.750000, 1.400000, 0.000511, 0.000161, 0.000350, 
trial0014427, GDX, 1635, 20, 81.750000, 1.500000, 0.003785, 0.003444, 0.000342, ZIC, 1525, 20, 76.250000, 1.450000, 0.000319, 0.000139, 0.000180, 
trial0014428, GDX, 1386, 20, 69.300000, 1.350000, 0.003691, 0.003667, 0.000024, ZIC, 1653, 20, 82.650000, 1.650000, 0.000189, 0.000175, 0.000014, 
trial0014429, GDX, 1460, 20, 73.000000, 1.550000, 0.004190, 0.004170, 0.000019, ZIC, 792, 20, 39.600000, 0.850000, 0.000020, 0.000008, 0.000013, 
trial0014430, GDX, 1817, 20, 90.850000, 1.750000, 0.004163, 0.004143, 0.000020, ZIC, 434, 20, 21.700000, 0.450000, 0.000226, 0.000008, 0.000218, 
trial0014431, GDX, 1547, 20, 77.350000, 1.550000, 0.004157, 0.003952, 0.000205, ZIC, 1305, 20, 65.250000, 1.050000, 0.000191, 0.000008, 0.000184, 
trial0014432, GDX, 1768, 20, 88.400000, 1.850000, 0.004335, 0.003882, 0.000453, ZIC, 1519, 20, 75.950000, 1.450000, 0.000022, 0.000008, 0.000014, 
trial0014433, GDX, 3467, 20, 173.350000, 2.900000, 0.004664, 0.004642, 0.000022, ZIC, 296, 20, 14.800000, 0.500000, 0.000344, 0.000008, 0.000337, 
trial0014434, GDX, 1014, 20, 50.700000, 1.000000, 0.004829, 0.004811, 0.000018, ZIC, 534, 20, 26.700000, 0.600000, 0.000018, 0.000008, 0.000010, 
trial0014435, GDX, 2545, 20, 127.250000, 2.250000, 0.004889, 0.004862, 0.000027, ZIC, 1136, 20, 56.800000, 1.150000, 0.000190, 0.000008, 0.000183, 
trial0014436, GDX, 2668, 20, 133.400000, 2.700000, 0.003611, 0.003379, 0.000232, ZIC, 1077, 20, 53.850000, 0.800000, 0.000330, 0.000161, 0.000169, 
trial0014437, GDX, 2012, 20, 100.600000, 2.000000, 0.004661, 0.004268, 0.000393, ZIC, 1055, 20, 52.750000, 1.000000, 0.000175, 0.000008, 0.000167, 
trial0014438, GDX, 1258, 20, 62.900000, 1.550000, 0.004290, 0.003876, 0.000415, ZIC, 903, 20, 45.150000, 0.850000, 0.000020, 0.000007, 0.000013, 
trial0014439, GDX, 1058, 20, 52.900000, 1.400000, 0.004032, 0.003842, 0.000190, ZIC, 2036, 20, 101.800000, 1.500000, 0.000020, 0.000007, 0.000012, 
trial0014440, GDX, 1410, 20, 70.500000, 1.200000, 0.004529, 0.004302, 0.000227, ZIC, 1084, 20, 54.200000, 0.900000, 0.000021, 0.000008, 0.000013, 
trial0014441, GDX, 1335, 20, 66.750000, 1.700000, 0.003044, 0.002664, 0.000381, ZIC, 1489, 20, 74.450000, 1.400000, 0.000764, 0.000379, 0.000385, 
trial0014442, GDX, 1653, 20, 82.650000, 2.000000, 0.003194, 0.003000, 0.000193, ZIC, 1543, 20, 77.150000, 1.600000, 0.000318, 0.000008, 0.000310, 
trial0014443, GDX, 958, 20, 47.900000, 1.400000, 0.004190, 0.004166, 0.000023, ZIC, 1379, 20, 68.950000, 1.000000, 0.000623, 0.000009, 0.000614, 
trial0014444, GDX, 2302, 20, 115.100000, 2.200000, 0.003714, 0.003691, 0.000023, ZIC, 859, 20, 42.950000, 0.800000, 0.000191, 0.000008, 0.000183, 
trial0014445, GDX, 1758, 20, 87.900000, 1.500000, 0.003807, 0.003787, 0.000021, ZIC, 877, 20, 43.850000, 1.000000, 0.000174, 0.000161, 0.000013, 
trial0014446, GDX, 1949, 20, 97.450000, 1.800000, 0.004195, 0.003758, 0.000437, ZIC, 1107, 20, 55.350000, 1.200000, 0.000253, 0.000239, 0.000015, 
trial0014447, GDX, 613, 20, 30.650000, 0.900000, 0.004437, 0.004416, 0.000021, ZIC, 1613, 20, 80.650000, 1.400000, 0.000020, 0.000008, 0.000012, 
trial0014448, GDX, 681, 20, 34.050000, 1.250000, 0.003956, 0.003766, 0.000191, ZIC, 1741, 20, 87.050000, 1.450000, 0.000206, 0.000008, 0.000198, 
trial0014449, GDX, 874, 20, 43.700000, 1.200000, 0.003920, 0.003132, 0.000788, ZIC, 1382, 20, 69.100000, 1.100000, 0.000174, 0.000008, 0.000166, 
trial0014450, GDX, 1358, 20, 67.900000, 1.500000, 0.004248, 0.004222, 0.000026, ZIC, 1269, 20, 63.450000, 1.400000, 0.000745, 0.000008, 0.000737, 
trial0014451, GDX, 1351, 20, 67.550000, 1.650000, 0.003873, 0.003644, 0.000229, ZIC, 1576, 20, 78.800000, 1.350000, 0.000395, 0.000009, 0.000386, 
trial0014452, GDX, 1313, 20, 65.650000, 1.400000, 0.003835, 0.003520, 0.000315, ZIC, 1744, 20, 87.200000, 1.800000, 0.000226, 0.000007, 0.000219, 
trial0014453, GDX, 1250, 20, 62.500000, 1.500000, 0.003908, 0.003886, 0.000022, ZIC, 1305, 20, 65.250000, 1.100000, 0.000225, 0.000008, 0.000218, 
trial0014454, GDX, 1515, 20, 75.750000, 1.300000, 0.004021, 0.004000, 0.000021, ZIC, 1074, 20, 53.700000, 1.200000, 0.000356, 0.000008, 0.000348, 
trial0014455, GDX, 1351, 20, 67.550000, 1.200000, 0.004544, 0.004523, 0.000021, ZIC, 1113, 20, 55.650000, 1.000000, 0.000022, 0.000008, 0.000014, 
trial0014456, GDX, 1288, 20, 64.400000, 1.450000, 0.003224, 0.002947, 0.000277, ZIC, 1080, 20, 54.000000, 1.050000, 0.000206, 0.000192, 0.000014, 
trial0014457, GDX, 1334, 20, 66.700000, 1.350000, 0.003585, 0.003563, 0.000023, ZIC, 1415, 20, 70.750000, 1.450000, 0.000533, 0.000161, 0.000372, 
trial0014458, GDX, 805, 20, 40.250000, 1.150000, 0.003952, 0.003749, 0.000203, ZIC, 864, 20, 43.200000, 0.750000, 0.000018, 0.000008, 0.000011, 
trial0014459, GDX, 1210, 20, 60.500000, 1.500000, 0.003789, 0.003047, 0.000743, ZIC, 1629, 20, 81.450000, 1.200000, 0.000175, 0.000008, 0.000167, 
trial0014460, GDX, 1318, 20, 65.900000, 1.450000, 0.003575, 0.003552, 0.000023, ZIC, 1042, 20, 52.100000, 1.150000, 0.000392, 0.000193, 0.000199, 
trial0014461, GDX, 373, 20, 18.650000, 0.650000, 0.006540, 0.006217, 0.000324, ZIC, 248, 20, 12.400000, 0.250000, 0.000286, 0.000009, 0.000276, 
trial0014462, GDX, 960, 20, 48.000000, 1.150000, 0.003466, 0.003445, 0.000022, ZIC, 1220, 20, 61.000000, 1.250000, 0.000374, 0.000193, 0.000180, 
trial0014463, GDX, 829, 20, 41.450000, 1.550000, 0.003234, 0.003027, 0.000208, ZIC, 1852, 20, 92.600000, 1.650000, 0.000401, 0.000064, 0.000336, 
trial0014464, GDX, 1925, 20, 96.250000, 1.900000, 0.003954, 0.003623, 0.000331, ZIC, 1842, 20, 92.100000, 1.500000, 0.000164, 0.000008, 0.000156, 
trial0014465, GDX, 382, 20, 19.100000, 0.750000, 0.004085, 0.003676, 0.000409, ZIC, 1429, 20, 71.450000, 1.050000, 0.000788, 0.000469, 0.000319, 
trial0014466, GDX, 1755, 20, 87.750000, 2.050000, 0.003007, 0.002817, 0.000190, ZIC, 1349, 20, 67.450000, 1.250000, 0.000331, 0.000008, 0.000323, 
trial0014467, GDX, 849, 20, 42.450000, 1.350000, 0.003841, 0.003816, 0.000025, ZIC, 1710, 20, 85.500000, 1.650000, 0.000422, 0.000008, 0.000414, 
trial0014468, GDX, 780, 20, 39.000000, 1.100000, 0.003347, 0.003327, 0.000020, ZIC, 1830, 20, 91.500000, 1.300000, 0.000328, 0.000162, 0.000166, 
trial0014469, GDX, 934, 20, 46.700000, 1.200000, 0.004040, 0.004016, 0.000024, ZIC, 1567, 20, 78.350000, 1.400000, 0.000418, 0.000175, 0.000243, 
trial0014470, GDX, 1077, 20, 53.850000, 1.600000, 0.005625, 0.005188, 0.000438, ZIC, 605, 20, 30.250000, 0.700000, 0.000206, 0.000008, 0.000198, 
trial0014471, GDX, 1075, 20, 53.750000, 1.300000, 0.004125, 0.004103, 0.000022, ZIC, 1354, 20, 67.700000, 1.000000, 0.000201, 0.000009, 0.000193, 
trial0014472, GDX, 789, 20, 39.450000, 1.150000, 0.003596, 0.003577, 0.000019, ZIC, 1390, 20, 69.500000, 1.450000, 0.000204, 0.000008, 0.000196, 
trial0014473, GDX, 1181, 20, 59.050000, 1.300000, 0.003955, 0.003933, 0.000022, ZIC, 1579, 20, 78.950000, 1.400000, 0.000597, 0.000397, 0.000199, 
trial0014474, GDX, 1340, 20, 67.000000, 1.100000, 0.004708, 0.004687, 0.000021, ZIC, 1188, 20, 59.400000, 1.300000, 0.000020, 0.000008, 0.000013, 
trial0014475, GDX, 792, 20, 39.600000, 1.100000, 0.004327, 0.004100, 0.000227, ZIC, 1448, 20, 72.400000, 1.300000, 0.000022, 0.000008, 0.000014, 
trial0014476, GDX, 606, 20, 30.300000, 1.000000, 0.002963, 0.002758, 0.000205, ZIC, 1444, 20, 72.200000, 1.200000, 0.000700, 0.000162, 0.000539, 
trial0014477, GDX, 5830, 20, 291.500000, 5.200000, 0.000537, 0.000523, 0.000014, ZIC, 5170, 20, 258.500000, 4.600000, 0.000016, 0.000007, 0.000009, 
trial0014478, GDX, 4938, 20, 246.900000, 5.350000, 0.000501, 0.000487, 0.000014, ZIC, 7886, 20, 394.300000, 6.950000, 0.000016, 0.000007, 0.000009, 
trial0014479, GDX, 7675, 20, 383.750000, 6.000000, 0.000497, 0.000483, 0.000014, ZIC, 6973, 20, 348.650000, 6.500000, 0.000016, 0.000007, 0.000009, 
trial0014480, GDX, 8192, 20, 409.600000, 7.550000, 0.000460, 0.000445, 0.000014, ZIC, 6350, 20, 317.500000, 5.350000, 0.000017, 0.000007, 0.000010, 
trial0014481, GDX, 7751, 20, 387.550000, 6.800000, 0.000385, 0.000370, 0.000015, ZIC, 7210, 20, 360.500000, 7.000000, 0.000017, 0.000007, 0.000010, 
trial0014482, GDX, 6583, 20, 329.150000, 6.250000, 0.000675, 0.000659, 0.000015, ZIC, 5117, 20, 255.850000, 4.250000, 0.000016, 0.000007, 0.000009, 
trial0014483, GDX, 7151, 20, 357.550000, 6.050000, 0.000634, 0.000618, 0.000015, ZIC, 5358, 20, 267.900000, 4.750000, 0.000017, 0.000007, 0.000010, 
trial0014484, GDX, 6077, 20, 303.850000, 5.700000, 0.000661, 0.000638, 0.000023, ZIC, 5078, 20, 253.900000, 5.300000, 0.000016, 0.000006, 0.000009, 
trial0014485, GDX, 7246, 20, 362.300000, 6.600000, 0.000610, 0.000595, 0.000015, ZIC, 4202, 20, 210.100000, 4.400000, 0.000016, 0.000007, 0.000009, 
trial0014486, GDX, 5839, 20, 291.950000, 4.850000, 0.000726, 0.000704, 0.000022, ZIC, 5270, 20, 263.500000, 4.650000, 0.000023, 0.000007, 0.000016, 
trial0014487, GDX, 6174, 20, 308.700000, 5.150000, 0.001336, 0.001257, 0.000079, ZIC, 2194, 20, 109.700000, 2.550000, 0.000016, 0.000006, 0.000010, 
trial0014488, GDX, 4624, 20, 231.200000, 4.750000, 0.000935, 0.000815, 0.000120, ZIC, 4840, 20, 242.000000, 4.350000, 0.000026, 0.000015, 0.000011, 
trial0014489, GDX, 5760, 20, 288.000000, 5.600000, 0.000939, 0.000909, 0.000030, ZIC, 4476, 20, 223.800000, 4.300000, 0.000031, 0.000007, 0.000024, 
trial0014490, GDX, 4601, 20, 230.050000, 4.700000, 0.001156, 0.001099, 0.000057, ZIC, 5286, 20, 264.300000, 4.800000, 0.000018, 0.000007, 0.000011, 
trial0014491, GDX, 3237, 20, 161.850000, 3.950000, 0.001627, 0.001606, 0.000021, ZIC, 4825, 20, 241.250000, 4.250000, 0.000019, 0.000006, 0.000012, 
trial0014492, GDX, 1831, 20, 91.550000, 1.700000, 0.003719, 0.003699, 0.000020, ZIC, 963, 20, 48.150000, 0.900000, 0.000022, 0.000008, 0.000015, 
trial0014493, GDX, 1673, 20, 83.650000, 1.550000, 0.004529, 0.004303, 0.000227, ZIC, 947, 20, 47.350000, 0.950000, 0.000433, 0.000192, 0.000241, 
trial0014494, GDX, 1972, 20, 98.600000, 2.200000, 0.003442, 0.003212, 0.000230, ZIC, 919, 20, 45.950000, 0.900000, 0.000758, 0.000176, 0.000582, 
trial0014495, GDX, 1302, 20, 65.100000, 1.450000, 0.004880, 0.004407, 0.000474, ZIC, 1457, 20, 72.850000, 1.350000, 0.000512, 0.000176, 0.000336, 
trial0014496, GDX, 1088, 20, 54.400000, 1.350000, 0.005077, 0.004870, 0.000207, ZIC, 1348, 20, 67.400000, 1.250000, 0.000022, 0.000008, 0.000015, 
trial0014497, GDX, 1279, 20, 63.950000, 1.550000, 0.004507, 0.004300, 0.000207, ZIC, 1328, 20, 66.400000, 0.950000, 0.000783, 0.000194, 0.000588, 
trial0014498, GDX, 695, 20, 34.750000, 0.700000, 0.004668, 0.004064, 0.000604, ZIC, 836, 20, 41.800000, 0.800000, 0.000203, 0.000008, 0.000195, 
trial0014499, GDX, 1661, 20, 83.050000, 1.750000, 0.004466, 0.004442, 0.000024, ZIC, 1057, 20, 52.850000, 0.950000, 0.000190, 0.000008, 0.000182, 
trial0014500, GDX, 1272, 20, 63.600000, 1.650000, 0.003714, 0.003536, 0.000178, ZIC, 1975, 20, 98.750000, 1.550000, 0.000548, 0.000349, 0.000199, 
