trial0003501, AA, 4766, 24, 198.583333, 8.666667, ZIP, 3826, 16, 239.125000, 8.250000, 
trial0003502, AA, 6420, 24, 267.500000, 9.250000, ZIP, 2157, 16, 134.812500, 6.750000, 
trial0003503, AA, 5234, 24, 218.083333, 8.708333, ZIP, 3360, 16, 210.000000, 9.312500, 
trial0003504, AA, 6011, 24, 250.458333, 9.208333, ZIP, 2644, 16, 165.250000, 8.312500, 
trial0003505, AA, 5516, 24, 229.833333, 9.208333, ZIP, 2952, 16, 184.500000, 7.937500, 
trial0003506, AA, 3660, 24, 152.500000, 7.583333, ZIP, 4779, 16, 298.687500, 9.125000, 
trial0003507, AA, 2601, 24, 108.375000, 6.333333, ZIP, 6051, 16, 378.187500, 11.500000, 
trial0003508, AA, 5555, 24, 231.458333, 9.625000, ZIP, 3012, 16, 188.250000, 7.437500, 
trial0003509, AA, 4353, 24, 181.375000, 7.958333, ZIP, 4265, 16, 266.562500, 9.812500, 
trial0003510, AA, 6185, 24, 257.708333, 8.458333, ZIP, 2372, 16, 148.250000, 8.312500, 
trial0003511, AA, 7256, 24, 302.333333, 11.166667, ZIP, 1286, 16, 80.375000, 4.500000, 
trial0003512, AA, 4071, 24, 169.625000, 7.166667, ZIP, 4696, 16, 293.500000, 9.500000, 
trial0003513, AA, 6070, 24, 252.916667, 9.291667, ZIP, 2457, 16, 153.562500, 7.187500, 
trial0003514, AA, 4463, 24, 185.958333, 8.208333, ZIP, 4238, 16, 264.875000, 9.062500, 
trial0003515, AA, 6564, 24, 273.500000, 10.250000, ZIP, 1882, 16, 117.625000, 6.750000, 
trial0003516, AA, 5676, 24, 236.500000, 8.875000, ZIP, 2937, 16, 183.562500, 8.437500, 
trial0003517, AA, 5460, 24, 227.500000, 8.833333, ZIP, 3044, 16, 190.250000, 7.875000, 
trial0003518, AA, 4553, 24, 189.708333, 7.625000, ZIP, 4061, 16, 253.812500, 9.562500, 
trial0003519, AA, 5528, 24, 230.333333, 9.458333, ZIP, 3185, 16, 199.062500, 7.187500, 
trial0003520, AA, 3121, 24, 130.041667, 6.041667, ZIP, 5423, 16, 338.937500, 11.562500, 
trial0003521, AA, 3138, 24, 130.750000, 5.750000, ZIP, 5054, 16, 315.875000, 12.500000, 
trial0003522, AA, 5814, 24, 242.250000, 9.833333, ZIP, 2718, 16, 169.875000, 6.750000, 
trial0003523, AA, 5231, 24, 217.958333, 8.083333, ZIP, 3508, 16, 219.250000, 9.625000, 
trial0003524, AA, 5236, 24, 218.166667, 8.333333, ZIP, 3628, 16, 226.750000, 7.875000, 
trial0003525, AA, 5444, 24, 226.833333, 10.041667, ZIP, 3048, 16, 190.500000, 6.937500, 
trial0003526, AA, 3198, 24, 133.250000, 5.666667, ZIP, 4954, 16, 309.625000, 12.625000, 
trial0003527, AA, 4738, 24, 197.416667, 7.750000, ZIP, 3999, 16, 249.937500, 9.375000, 
trial0003528, AA, 5927, 24, 246.958333, 10.416667, ZIP, 2708, 16, 169.250000, 6.000000, 
trial0003529, AA, 5018, 24, 209.083333, 7.791667, ZIP, 3747, 16, 234.187500, 9.687500, 
trial0003530, AA, 4889, 24, 203.708333, 9.333333, ZIP, 3449, 16, 215.562500, 7.375000, 
trial0003531, AA, 5755, 24, 239.791667, 10.083333, ZIP, 2959, 16, 184.937500, 6.000000, 
trial0003532, AA, 4832, 24, 201.333333, 8.041667, ZIP, 3625, 16, 226.562500, 8.687500, 
trial0003533, AA, 4765, 24, 198.541667, 7.500000, ZIP, 3910, 16, 244.375000, 9.125000, 
trial0003534, AA, 5450, 24, 227.083333, 9.458333, ZIP, 3249, 16, 203.062500, 6.937500, 
trial0003535, AA, 4232, 24, 176.333333, 7.625000, ZIP, 4611, 16, 288.187500, 9.687500, 
trial0003536, AA, 4109, 24, 171.208333, 8.500000, ZIP, 4263, 16, 266.437500, 9.125000, 
trial0003537, AA, 3832, 24, 159.666667, 8.375000, ZIP, 4766, 16, 297.875000, 8.937500, 
trial0003538, AA, 5032, 24, 209.666667, 9.208333, ZIP, 3280, 16, 205.000000, 7.937500, 
trial0003539, AA, 5526, 24, 230.250000, 8.375000, ZIP, 3102, 16, 193.875000, 8.812500, 
trial0003540, AA, 6480, 24, 270.000000, 8.791667, ZIP, 2246, 16, 140.375000, 8.187500, 
trial0003541, AA, 3393, 24, 141.375000, 5.791667, ZIP, 5257, 16, 328.562500, 12.500000, 
trial0003542, AA, 5746, 24, 239.416667, 9.750000, ZIP, 2960, 16, 185.000000, 6.750000, 
trial0003543, AA, 6377, 24, 265.708333, 10.875000, ZIP, 2120, 16, 132.500000, 5.687500, 
trial0003544, AA, 4560, 24, 190.000000, 9.500000, ZIP, 3838, 16, 239.875000, 7.250000, 
trial0003545, AA, 3645, 24, 151.875000, 7.875000, ZIP, 4828, 16, 301.750000, 8.687500, 
trial0003546, AA, 5366, 24, 223.583333, 8.333333, ZIP, 3197, 16, 199.812500, 8.500000, 
trial0003547, AA, 4016, 24, 167.333333, 7.083333, ZIP, 4761, 16, 297.562500, 9.875000, 
trial0003548, AA, 3959, 24, 164.958333, 8.833333, ZIP, 4657, 16, 291.062500, 7.375000, 
trial0003549, AA, 6040, 24, 251.666667, 9.833333, ZIP, 2681, 16, 167.562500, 6.875000, 
trial0003550, AA, 6107, 24, 254.458333, 9.458333, ZIP, 2655, 16, 165.937500, 7.687500, 
trial0003551, AA, 6301, 24, 262.541667, 9.666667, ZIP, 2400, 16, 150.000000, 6.750000, 
trial0003552, AA, 3495, 24, 145.625000, 8.125000, ZIP, 5344, 16, 334.000000, 8.812500, 
trial0003553, AA, 5724, 24, 238.500000, 9.750000, ZIP, 3112, 16, 194.500000, 7.000000, 
trial0003554, AA, 6246, 24, 260.250000, 9.083333, ZIP, 2537, 16, 158.562500, 7.500000, 
trial0003555, AA, 4630, 24, 192.916667, 8.166667, ZIP, 3912, 16, 244.500000, 9.125000, 
trial0003556, AA, 3765, 24, 156.875000, 7.208333, ZIP, 4879, 16, 304.937500, 8.812500, 
trial0003557, AA, 4176, 24, 174.000000, 8.000000, ZIP, 4447, 16, 277.937500, 9.375000, 
trial0003558, AA, 5718, 24, 238.250000, 8.875000, ZIP, 2996, 16, 187.250000, 7.687500, 
trial0003559, AA, 6056, 24, 252.333333, 9.375000, ZIP, 2711, 16, 169.437500, 6.437500, 
trial0003560, AA, 5618, 24, 234.083333, 8.708333, ZIP, 3124, 16, 195.250000, 8.562500, 
trial0003561, AA, 5477, 24, 228.208333, 8.541667, ZIP, 3211, 16, 200.687500, 8.312500, 
trial0003562, AA, 4858, 24, 202.416667, 7.916667, ZIP, 3755, 16, 234.687500, 8.875000, 
trial0003563, AA, 4952, 24, 206.333333, 9.083333, ZIP, 3744, 16, 234.000000, 7.875000, 
trial0003564, AA, 4378, 24, 182.416667, 7.791667, ZIP, 3682, 16, 230.125000, 8.437500, 
trial0003565, AA, 2878, 24, 119.916667, 7.583333, ZIP, 5962, 16, 372.625000, 9.750000, 
trial0003566, AA, 6006, 24, 250.250000, 10.083333, ZIP, 2786, 16, 174.125000, 6.625000, 
trial0003567, AA, 4736, 24, 197.333333, 7.458333, ZIP, 3987, 16, 249.187500, 10.937500, 
trial0003568, AA, 4402, 24, 183.416667, 7.750000, ZIP, 4458, 16, 278.625000, 9.000000, 
trial0003569, AA, 6013, 24, 250.541667, 10.083333, ZIP, 2669, 16, 166.812500, 6.625000, 
trial0003570, AA, 4722, 24, 196.750000, 8.000000, ZIP, 4060, 16, 253.750000, 9.125000, 
trial0003571, AA, 4205, 24, 175.208333, 7.916667, ZIP, 4501, 16, 281.312500, 9.625000, 
trial0003572, AA, 5166, 24, 215.250000, 8.333333, ZIP, 3537, 16, 221.062500, 9.250000, 
trial0003573, AA, 5340, 24, 222.500000, 9.583333, ZIP, 3197, 16, 199.812500, 6.625000, 
trial0003574, AA, 4676, 24, 194.833333, 7.500000, ZIP, 3897, 16, 243.562500, 9.000000, 
trial0003575, AA, 4178, 24, 174.083333, 8.250000, ZIP, 3941, 16, 246.312500, 9.062500, 
trial0003576, AA, 5377, 24, 224.041667, 7.416667, ZIP, 3446, 16, 215.375000, 9.000000, 
trial0003577, AA, 5069, 24, 211.208333, 9.083333, ZIP, 3681, 16, 230.062500, 7.625000, 
trial0003578, AA, 3922, 24, 163.416667, 6.583333, ZIP, 4430, 16, 276.875000, 10.000000, 
trial0003579, AA, 5011, 24, 208.791667, 7.916667, ZIP, 3551, 16, 221.937500, 8.125000, 
trial0003580, AA, 3614, 24, 150.583333, 7.583333, ZIP, 4757, 16, 297.312500, 9.500000, 
trial0003581, AA, 5519, 24, 229.958333, 8.791667, ZIP, 3211, 16, 200.687500, 7.937500, 
trial0003582, AA, 5255, 24, 218.958333, 10.041667, ZIP, 3444, 16, 215.250000, 6.562500, 
trial0003583, AA, 5528, 24, 230.333333, 8.625000, ZIP, 3298, 16, 206.125000, 9.062500, 
trial0003584, AA, 3959, 24, 164.958333, 9.208333, ZIP, 4494, 16, 280.875000, 7.812500, 
trial0003585, AA, 5133, 24, 213.875000, 8.625000, ZIP, 3377, 16, 211.062500, 7.937500, 
trial0003586, AA, 6459, 24, 269.125000, 9.208333, ZIP, 2303, 16, 143.937500, 7.625000, 
trial0003587, AA, 4128, 24, 172.000000, 6.958333, ZIP, 3595, 16, 224.687500, 8.125000, 
trial0003588, AA, 4317, 24, 179.875000, 7.458333, ZIP, 3335, 16, 208.437500, 7.562500, 
trial0003589, AA, 6261, 24, 260.875000, 8.791667, ZIP, 1977, 16, 123.562500, 7.687500, 
trial0003590, AA, 4703, 24, 195.958333, 8.750000, ZIP, 3501, 16, 218.812500, 7.625000, 
trial0003591, AA, 5400, 24, 225.000000, 8.250000, ZIP, 2721, 16, 170.062500, 7.625000, 
trial0003592, AA, 5316, 24, 221.500000, 9.083333, ZIP, 3270, 16, 204.375000, 7.750000, 
trial0003593, AA, 3639, 24, 151.625000, 7.791667, ZIP, 4404, 16, 275.250000, 8.687500, 
trial0003594, AA, 3093, 24, 128.875000, 6.125000, ZIP, 5523, 16, 345.187500, 12.437500, 
trial0003595, AA, 4773, 24, 198.875000, 8.708333, ZIP, 3520, 16, 220.000000, 8.437500, 
trial0003596, AA, 5732, 24, 238.833333, 8.166667, ZIP, 2958, 16, 184.875000, 8.000000, 
trial0003597, AA, 5484, 24, 228.500000, 8.166667, ZIP, 3268, 16, 204.250000, 9.125000, 
trial0003598, AA, 6462, 24, 269.250000, 10.083333, ZIP, 2414, 16, 150.875000, 5.625000, 
trial0003599, AA, 4605, 24, 191.875000, 7.500000, ZIP, 4274, 16, 267.125000, 10.000000, 
trial0003600, AA, 4875, 24, 203.125000, 8.166667, ZIP, 3793, 16, 237.062500, 8.125000, 
trial0003601, AA, 2071, 24, 86.291667, 9.083333, ZIP, 1364, 16, 85.250000, 7.750000, 
trial0003602, AA, 1322, 24, 55.083333, 7.875000, ZIP, 2152, 16, 134.500000, 9.375000, 
trial0003603, AA, 1500, 24, 62.500000, 8.250000, ZIP, 1725, 16, 107.812500, 8.875000, 
trial0003604, AA, 1343, 24, 55.958333, 6.375000, ZIP, 1769, 16, 110.562500, 9.562500, 
trial0003605, AA, 1432, 24, 59.666667, 7.541667, ZIP, 2274, 16, 142.125000, 12.187500, 
trial0003606, AA, 1903, 24, 79.291667, 8.708333, ZIP, 1434, 16, 89.625000, 9.062500, 
trial0003607, AA, 1554, 24, 64.750000, 6.791667, ZIP, 1861, 16, 116.312500, 11.312500, 
trial0003608, AA, 1978, 24, 82.416667, 8.833333, ZIP, 1228, 16, 76.750000, 6.125000, 
trial0003609, AA, 1541, 24, 64.208333, 8.000000, ZIP, 1772, 16, 110.750000, 9.750000, 
trial0003610, AA, 1595, 24, 66.458333, 6.750000, ZIP, 1837, 16, 114.812500, 10.250000, 
trial0003611, AA, 2376, 24, 99.000000, 10.791667, ZIP, 881, 16, 55.062500, 5.187500, 
trial0003612, AA, 1732, 24, 72.166667, 8.291667, ZIP, 1591, 16, 99.437500, 8.312500, 
trial0003613, AA, 2031, 24, 84.625000, 9.458333, ZIP, 1012, 16, 63.250000, 6.312500, 
trial0003614, AA, 1765, 24, 73.541667, 8.791667, ZIP, 1612, 16, 100.750000, 8.937500, 
trial0003615, AA, 2355, 24, 98.125000, 12.083333, ZIP, 833, 16, 52.062500, 4.437500, 
trial0003616, AA, 1983, 24, 82.625000, 10.083333, ZIP, 1327, 16, 82.937500, 5.500000, 
trial0003617, AA, 2061, 24, 85.875000, 8.875000, ZIP, 1363, 16, 85.187500, 8.250000, 
trial0003618, AA, 1240, 24, 51.666667, 6.541667, ZIP, 2332, 16, 145.750000, 12.562500, 
trial0003619, AA, 1627, 24, 67.791667, 8.708333, ZIP, 1668, 16, 104.250000, 8.187500, 
trial0003620, AA, 2131, 24, 88.791667, 9.916667, ZIP, 1054, 16, 65.875000, 6.000000, 
trial0003621, AA, 1988, 24, 82.833333, 8.375000, ZIP, 1767, 16, 110.437500, 9.187500, 
trial0003622, AA, 1998, 24, 83.250000, 8.875000, ZIP, 1149, 16, 71.812500, 7.812500, 
trial0003623, AA, 2463, 24, 102.625000, 10.958333, ZIP, 693, 16, 43.312500, 4.937500, 
trial0003624, AA, 1610, 24, 67.083333, 7.583333, ZIP, 1714, 16, 107.125000, 8.375000, 
trial0003625, AA, 1477, 24, 61.541667, 7.958333, ZIP, 1974, 16, 123.375000, 10.312500, 
trial0003626, AA, 1935, 24, 80.625000, 8.750000, ZIP, 1597, 16, 99.812500, 9.000000, 
trial0003627, AA, 1674, 24, 69.750000, 7.541667, ZIP, 1641, 16, 102.562500, 9.062500, 
trial0003628, AA, 1607, 24, 66.958333, 8.416667, ZIP, 1630, 16, 101.875000, 8.125000, 
trial0003629, AA, 2265, 24, 94.375000, 10.333333, ZIP, 992, 16, 62.000000, 5.625000, 
trial0003630, AA, 1792, 24, 74.666667, 9.833333, ZIP, 1545, 16, 96.562500, 7.500000, 
trial0003631, AA, 1914, 24, 79.750000, 9.708333, ZIP, 1271, 16, 79.437500, 5.937500, 
trial0003632, AA, 1585, 24, 66.041667, 8.333333, ZIP, 1503, 16, 93.937500, 7.625000, 
trial0003633, AA, 1884, 24, 78.500000, 9.250000, ZIP, 1606, 16, 100.375000, 8.625000, 
trial0003634, AA, 2226, 24, 92.750000, 10.375000, ZIP, 1051, 16, 65.687500, 6.812500, 
trial0003635, AA, 1752, 24, 73.000000, 8.791667, ZIP, 1728, 16, 108.000000, 8.937500, 
trial0003636, AA, 1605, 24, 66.875000, 7.208333, ZIP, 1972, 16, 123.250000, 10.687500, 
trial0003637, AA, 1868, 24, 77.833333, 8.958333, ZIP, 1662, 16, 103.875000, 9.437500, 
trial0003638, AA, 1942, 24, 80.916667, 9.125000, ZIP, 1319, 16, 82.437500, 8.312500, 
trial0003639, AA, 1719, 24, 71.625000, 7.833333, ZIP, 1597, 16, 99.812500, 9.500000, 
trial0003640, AA, 2367, 24, 98.625000, 9.291667, ZIP, 1468, 16, 91.750000, 6.937500, 
trial0003641, AA, 2157, 24, 89.875000, 10.333333, ZIP, 985, 16, 61.562500, 6.625000, 
trial0003642, AA, 2165, 24, 90.208333, 10.291667, ZIP, 1209, 16, 75.562500, 6.625000, 
trial0003643, AA, 2202, 24, 91.750000, 9.791667, ZIP, 1133, 16, 70.812500, 7.437500, 
trial0003644, AA, 2148, 24, 89.500000, 9.083333, ZIP, 1021, 16, 63.812500, 7.500000, 
trial0003645, AA, 2247, 24, 93.625000, 8.250000, ZIP, 1607, 16, 100.437500, 7.375000, 
trial0003646, AA, 1716, 24, 71.500000, 8.416667, ZIP, 1276, 16, 79.750000, 7.875000, 
trial0003647, AA, 1617, 24, 67.375000, 6.625000, ZIP, 1695, 16, 105.937500, 10.437500, 
trial0003648, AA, 1850, 24, 77.083333, 7.916667, ZIP, 1508, 16, 94.250000, 8.375000, 
trial0003649, AA, 1622, 24, 67.583333, 7.625000, ZIP, 1795, 16, 112.187500, 9.437500, 
trial0003650, AA, 1725, 24, 71.875000, 8.708333, ZIP, 1629, 16, 101.812500, 7.687500, 
trial0003651, AA, 1694, 24, 70.583333, 8.958333, ZIP, 1789, 16, 111.812500, 7.812500, 
trial0003652, AA, 1787, 24, 74.458333, 9.625000, ZIP, 1581, 16, 98.812500, 8.937500, 
trial0003653, AA, 2328, 24, 97.000000, 9.958333, ZIP, 963, 16, 60.187500, 6.687500, 
trial0003654, AA, 1677, 24, 69.875000, 8.125000, ZIP, 1600, 16, 100.000000, 8.437500, 
trial0003655, AA, 1944, 24, 81.000000, 9.000000, ZIP, 1389, 16, 86.812500, 6.875000, 
trial0003656, AA, 1984, 24, 82.666667, 9.625000, ZIP, 1227, 16, 76.687500, 6.312500, 
trial0003657, AA, 1739, 24, 72.458333, 8.958333, ZIP, 1562, 16, 97.625000, 8.687500, 
trial0003658, AA, 1714, 24, 71.416667, 8.750000, ZIP, 1507, 16, 94.187500, 7.500000, 
trial0003659, AA, 1525, 24, 63.541667, 9.083333, ZIP, 1753, 16, 109.562500, 7.875000, 
trial0003660, AA, 1936, 24, 80.666667, 9.791667, ZIP, 1393, 16, 87.062500, 6.562500, 
trial0003661, AA, 1448, 24, 60.333333, 7.166667, ZIP, 1790, 16, 111.875000, 10.875000, 
trial0003662, AA, 1759, 24, 73.291667, 8.291667, ZIP, 1885, 16, 117.812500, 9.187500, 
trial0003663, AA, 2091, 24, 87.125000, 7.958333, ZIP, 1127, 16, 70.437500, 9.187500, 
trial0003664, AA, 1818, 24, 75.750000, 8.416667, ZIP, 1680, 16, 105.000000, 9.750000, 
trial0003665, AA, 2164, 24, 90.166667, 9.916667, ZIP, 1018, 16, 63.625000, 8.000000, 
trial0003666, AA, 1733, 24, 72.208333, 9.250000, ZIP, 1511, 16, 94.437500, 7.875000, 
trial0003667, AA, 1466, 24, 61.083333, 7.916667, ZIP, 1877, 16, 117.312500, 9.500000, 
trial0003668, AA, 1680, 24, 70.000000, 9.541667, ZIP, 1620, 16, 101.250000, 7.687500, 
trial0003669, AA, 1645, 24, 68.541667, 8.875000, ZIP, 1490, 16, 93.125000, 8.062500, 
trial0003670, AA, 1481, 24, 61.708333, 7.250000, ZIP, 1972, 16, 123.250000, 10.875000, 
trial0003671, AA, 2023, 24, 84.291667, 10.208333, ZIP, 1247, 16, 77.937500, 6.125000, 
trial0003672, AA, 1993, 24, 83.041667, 9.875000, ZIP, 1279, 16, 79.937500, 8.312500, 
trial0003673, AA, 2031, 24, 84.625000, 9.208333, ZIP, 1396, 16, 87.250000, 8.312500, 
trial0003674, AA, 2142, 24, 89.250000, 10.416667, ZIP, 1072, 16, 67.000000, 6.625000, 
trial0003675, AA, 2051, 24, 85.458333, 9.583333, ZIP, 1244, 16, 77.750000, 8.250000, 
trial0003676, AA, 1591, 24, 66.291667, 8.375000, ZIP, 1660, 16, 103.750000, 8.187500, 
trial0003677, AA, 1738, 24, 72.416667, 8.291667, ZIP, 1746, 16, 109.125000, 10.937500, 
trial0003678, AA, 1786, 24, 74.416667, 7.583333, ZIP, 1510, 16, 94.375000, 9.375000, 
trial0003679, AA, 2258, 24, 94.083333, 10.041667, ZIP, 1142, 16, 71.375000, 6.187500, 
trial0003680, AA, 1894, 24, 78.916667, 8.958333, ZIP, 1311, 16, 81.937500, 6.937500, 
trial0003681, AA, 1787, 24, 74.458333, 9.250000, ZIP, 1331, 16, 83.187500, 7.125000, 
trial0003682, AA, 1577, 24, 65.708333, 9.291667, ZIP, 1607, 16, 100.437500, 7.187500, 
trial0003683, AA, 1958, 24, 81.583333, 8.958333, ZIP, 1606, 16, 100.375000, 9.187500, 
trial0003684, AA, 1912, 24, 79.666667, 9.708333, ZIP, 1419, 16, 88.687500, 6.937500, 
trial0003685, AA, 2019, 24, 84.125000, 9.333333, ZIP, 1414, 16, 88.375000, 9.937500, 
trial0003686, AA, 1785, 24, 74.375000, 9.333333, ZIP, 1624, 16, 101.500000, 9.750000, 
trial0003687, AA, 1658, 24, 69.083333, 8.541667, ZIP, 1671, 16, 104.437500, 7.812500, 
trial0003688, AA, 1790, 24, 74.583333, 8.625000, ZIP, 1595, 16, 99.687500, 8.687500, 
trial0003689, AA, 1788, 24, 74.500000, 9.125000, ZIP, 1510, 16, 94.375000, 9.062500, 
trial0003690, AA, 1691, 24, 70.458333, 9.375000, ZIP, 1536, 16, 96.000000, 7.937500, 
trial0003691, AA, 2186, 24, 91.083333, 9.333333, ZIP, 1030, 16, 64.375000, 7.875000, 
trial0003692, AA, 2292, 24, 95.500000, 10.333333, ZIP, 1167, 16, 72.937500, 7.625000, 
trial0003693, AA, 1566, 24, 65.250000, 8.583333, ZIP, 1801, 16, 112.562500, 7.375000, 
trial0003694, AA, 1767, 24, 73.625000, 8.375000, ZIP, 1770, 16, 110.625000, 9.437500, 
trial0003695, AA, 1552, 24, 64.666667, 8.958333, ZIP, 1815, 16, 113.437500, 7.312500, 
trial0003696, AA, 1531, 24, 63.791667, 7.750000, ZIP, 1651, 16, 103.187500, 9.500000, 
trial0003697, AA, 2197, 24, 91.541667, 8.708333, ZIP, 1240, 16, 77.500000, 9.937500, 
trial0003698, AA, 2316, 24, 96.500000, 9.875000, ZIP, 794, 16, 49.625000, 5.625000, 
trial0003699, AA, 1773, 24, 73.875000, 8.500000, ZIP, 1410, 16, 88.125000, 9.125000, 
trial0003700, AA, 2391, 24, 99.625000, 10.416667, ZIP, 723, 16, 45.187500, 5.250000, 
trial0003701, AA, 5451, 24, 227.125000, 10.041667, ZIP, 3484, 16, 217.750000, 7.437500, 
trial0003702, AA, 6451, 24, 268.791667, 9.541667, ZIP, 2840, 16, 177.500000, 7.812500, 
trial0003703, AA, 4822, 24, 200.916667, 9.000000, ZIP, 4241, 16, 265.062500, 7.625000, 
trial0003704, AA, 3694, 24, 153.916667, 6.625000, ZIP, 4928, 16, 308.000000, 10.187500, 
trial0003705, AA, 6375, 24, 265.625000, 9.458333, ZIP, 2896, 16, 181.000000, 6.812500, 
trial0003706, AA, 6136, 24, 255.666667, 9.750000, ZIP, 3305, 16, 206.562500, 6.750000, 
trial0003707, AA, 5419, 24, 225.791667, 8.166667, ZIP, 3923, 16, 245.187500, 9.000000, 
trial0003708, AA, 6248, 24, 260.333333, 9.958333, ZIP, 3033, 16, 189.562500, 6.937500, 
trial0003709, AA, 7330, 24, 305.416667, 10.125000, ZIP, 1992, 16, 124.500000, 5.312500, 
trial0003710, AA, 6589, 24, 274.541667, 10.083333, ZIP, 2591, 16, 161.937500, 7.625000, 
trial0003711, AA, 6085, 24, 253.541667, 9.000000, ZIP, 3026, 16, 189.125000, 8.625000, 
trial0003712, AA, 3945, 24, 164.375000, 8.083333, ZIP, 5347, 16, 334.187500, 9.250000, 
trial0003713, AA, 5512, 24, 229.666667, 8.291667, ZIP, 3811, 16, 238.187500, 9.125000, 
trial0003714, AA, 3795, 24, 158.125000, 7.791667, ZIP, 5491, 16, 343.187500, 9.437500, 
trial0003715, AA, 4901, 24, 204.208333, 8.458333, ZIP, 4416, 16, 276.000000, 9.812500, 
trial0003716, AA, 5218, 24, 217.416667, 8.833333, ZIP, 3909, 16, 244.312500, 8.500000, 
trial0003717, AA, 6839, 24, 284.958333, 9.083333, ZIP, 2609, 16, 163.062500, 7.750000, 
trial0003718, AA, 5502, 24, 229.250000, 9.041667, ZIP, 3665, 16, 229.062500, 8.562500, 
trial0003719, AA, 6987, 24, 291.125000, 10.791667, ZIP, 2292, 16, 143.250000, 5.187500, 
trial0003720, AA, 4337, 24, 180.708333, 8.625000, ZIP, 4875, 16, 304.687500, 8.062500, 
trial0003721, AA, 6236, 24, 259.833333, 9.458333, ZIP, 2894, 16, 180.875000, 7.562500, 
trial0003722, AA, 5316, 24, 221.500000, 8.208333, ZIP, 4089, 16, 255.562500, 9.062500, 
trial0003723, AA, 5780, 24, 240.833333, 9.500000, ZIP, 3418, 16, 213.625000, 7.750000, 
trial0003724, AA, 5683, 24, 236.791667, 7.875000, ZIP, 3334, 16, 208.375000, 7.937500, 
trial0003725, AA, 3864, 24, 161.000000, 7.000000, ZIP, 5034, 16, 314.625000, 9.562500, 
trial0003726, AA, 5221, 24, 217.541667, 6.875000, ZIP, 4031, 16, 251.937500, 10.062500, 
trial0003727, AA, 4884, 24, 203.500000, 9.041667, ZIP, 4411, 16, 275.687500, 7.187500, 
trial0003728, AA, 7168, 24, 298.666667, 9.666667, ZIP, 2071, 16, 129.437500, 6.375000, 
trial0003729, AA, 5602, 24, 233.416667, 8.750000, ZIP, 3863, 16, 241.437500, 7.125000, 
trial0003730, AA, 6304, 24, 262.666667, 10.000000, ZIP, 2930, 16, 183.125000, 7.250000, 
trial0003731, AA, 4112, 24, 171.333333, 7.291667, ZIP, 5276, 16, 329.750000, 10.812500, 
trial0003732, AA, 5067, 24, 211.125000, 8.916667, ZIP, 4046, 16, 252.875000, 7.875000, 
trial0003733, AA, 3421, 24, 142.541667, 6.791667, ZIP, 5906, 16, 369.125000, 11.250000, 
trial0003734, AA, 4796, 24, 199.833333, 6.333333, ZIP, 4563, 16, 285.187500, 10.500000, 
trial0003735, AA, 5463, 24, 227.625000, 8.625000, ZIP, 4010, 16, 250.625000, 7.687500, 
trial0003736, AA, 4411, 24, 183.791667, 7.125000, ZIP, 4863, 16, 303.937500, 9.687500, 
trial0003737, AA, 5129, 24, 213.708333, 8.583333, ZIP, 4025, 16, 251.562500, 8.500000, 
trial0003738, AA, 5453, 24, 227.208333, 8.750000, ZIP, 3786, 16, 236.625000, 10.000000, 
trial0003739, AA, 5353, 24, 223.041667, 9.375000, ZIP, 4014, 16, 250.875000, 7.312500, 
trial0003740, AA, 6399, 24, 266.625000, 9.250000, ZIP, 2916, 16, 182.250000, 6.750000, 
trial0003741, AA, 4493, 24, 187.208333, 8.291667, ZIP, 5088, 16, 318.000000, 8.937500, 
trial0003742, AA, 4980, 24, 207.500000, 6.250000, ZIP, 4220, 16, 263.750000, 10.500000, 
trial0003743, AA, 4254, 24, 177.250000, 7.666667, ZIP, 4908, 16, 306.750000, 9.750000, 
trial0003744, AA, 6083, 24, 253.458333, 9.708333, ZIP, 2786, 16, 174.125000, 6.562500, 
trial0003745, AA, 5163, 24, 215.125000, 7.833333, ZIP, 4282, 16, 267.625000, 9.375000, 
trial0003746, AA, 5188, 24, 216.166667, 8.500000, ZIP, 4159, 16, 259.937500, 8.000000, 
trial0003747, AA, 6144, 24, 256.000000, 9.625000, ZIP, 3041, 16, 190.062500, 6.937500, 
trial0003748, AA, 5841, 24, 243.375000, 9.083333, ZIP, 3435, 16, 214.687500, 8.000000, 
trial0003749, AA, 5021, 24, 209.208333, 8.666667, ZIP, 4027, 16, 251.687500, 8.500000, 
trial0003750, AA, 5980, 24, 249.166667, 9.041667, ZIP, 3422, 16, 213.875000, 6.687500, 
trial0003751, AA, 5045, 24, 210.208333, 7.750000, ZIP, 4327, 16, 270.437500, 9.375000, 
trial0003752, AA, 5115, 24, 213.125000, 9.208333, ZIP, 4101, 16, 256.312500, 7.562500, 
trial0003753, AA, 5954, 24, 248.083333, 8.500000, ZIP, 3457, 16, 216.062500, 8.750000, 
trial0003754, AA, 6483, 24, 270.125000, 9.375000, ZIP, 2985, 16, 186.562500, 6.812500, 
trial0003755, AA, 4934, 24, 205.583333, 8.750000, ZIP, 4201, 16, 262.562500, 7.250000, 
trial0003756, AA, 5110, 24, 212.916667, 7.541667, ZIP, 3873, 16, 242.062500, 9.562500, 
trial0003757, AA, 4426, 24, 184.416667, 7.458333, ZIP, 4735, 16, 295.937500, 9.187500, 
trial0003758, AA, 5399, 24, 224.958333, 8.458333, ZIP, 3539, 16, 221.187500, 8.687500, 
trial0003759, AA, 5200, 24, 216.666667, 8.125000, ZIP, 4231, 16, 264.437500, 9.437500, 
trial0003760, AA, 4993, 24, 208.041667, 6.916667, ZIP, 4546, 16, 284.125000, 11.375000, 
trial0003761, AA, 4674, 24, 194.750000, 8.125000, ZIP, 4498, 16, 281.125000, 8.937500, 
trial0003762, AA, 5632, 24, 234.666667, 9.333333, ZIP, 3104, 16, 194.000000, 6.125000, 
trial0003763, AA, 6088, 24, 253.666667, 10.666667, ZIP, 3271, 16, 204.437500, 5.000000, 
trial0003764, AA, 5440, 24, 226.666667, 8.750000, ZIP, 3832, 16, 239.500000, 8.125000, 
trial0003765, AA, 6724, 24, 280.166667, 9.500000, ZIP, 2701, 16, 168.812500, 7.875000, 
trial0003766, AA, 5431, 24, 226.291667, 8.625000, ZIP, 3542, 16, 221.375000, 7.937500, 
trial0003767, AA, 5633, 24, 234.708333, 8.375000, ZIP, 3567, 16, 222.937500, 8.062500, 
trial0003768, AA, 3984, 24, 166.000000, 6.583333, ZIP, 5589, 16, 349.312500, 10.750000, 
trial0003769, AA, 5174, 24, 215.583333, 8.333333, ZIP, 4110, 16, 256.875000, 8.000000, 
trial0003770, AA, 4403, 24, 183.458333, 7.625000, ZIP, 5097, 16, 318.562500, 9.687500, 
trial0003771, AA, 7048, 24, 293.666667, 8.791667, ZIP, 2170, 16, 135.625000, 7.687500, 
trial0003772, AA, 5950, 24, 247.916667, 9.375000, ZIP, 3286, 16, 205.375000, 8.062500, 
trial0003773, AA, 5452, 24, 227.166667, 8.791667, ZIP, 3636, 16, 227.250000, 7.437500, 
trial0003774, AA, 7043, 24, 293.458333, 10.583333, ZIP, 2262, 16, 141.375000, 5.500000, 
trial0003775, AA, 5164, 24, 215.166667, 8.416667, ZIP, 4226, 16, 264.125000, 8.125000, 
trial0003776, AA, 6660, 24, 277.500000, 9.958333, ZIP, 2500, 16, 156.250000, 6.187500, 
trial0003777, AA, 3372, 24, 140.500000, 5.750000, ZIP, 5790, 16, 361.875000, 10.750000, 
trial0003778, AA, 5069, 24, 211.208333, 8.000000, ZIP, 4248, 16, 265.500000, 9.000000, 
trial0003779, AA, 6309, 24, 262.875000, 8.333333, ZIP, 3208, 16, 200.500000, 8.375000, 
trial0003780, AA, 4844, 24, 201.833333, 9.083333, ZIP, 4180, 16, 261.250000, 8.625000, 
trial0003781, AA, 6700, 24, 279.166667, 9.708333, ZIP, 2845, 16, 177.812500, 6.562500, 
trial0003782, AA, 5054, 24, 210.583333, 8.208333, ZIP, 4205, 16, 262.812500, 9.312500, 
trial0003783, AA, 4890, 24, 203.750000, 7.125000, ZIP, 4422, 16, 276.375000, 9.562500, 
trial0003784, AA, 5114, 24, 213.083333, 7.916667, ZIP, 4133, 16, 258.312500, 8.500000, 
trial0003785, AA, 3613, 24, 150.541667, 7.333333, ZIP, 5601, 16, 350.062500, 10.125000, 
trial0003786, AA, 6106, 24, 254.416667, 9.625000, ZIP, 3150, 16, 196.875000, 7.187500, 
trial0003787, AA, 5117, 24, 213.208333, 8.375000, ZIP, 4097, 16, 256.062500, 8.062500, 
trial0003788, AA, 7291, 24, 303.791667, 10.333333, ZIP, 2035, 16, 127.187500, 5.500000, 
trial0003789, AA, 5740, 24, 239.166667, 7.791667, ZIP, 3667, 16, 229.187500, 10.062500, 
trial0003790, AA, 4755, 24, 198.125000, 8.583333, ZIP, 4328, 16, 270.500000, 8.875000, 
trial0003791, AA, 5151, 24, 214.625000, 8.125000, ZIP, 4086, 16, 255.375000, 8.437500, 
trial0003792, AA, 3592, 24, 149.666667, 7.250000, ZIP, 5663, 16, 353.937500, 11.000000, 
trial0003793, AA, 7538, 24, 314.083333, 10.750000, ZIP, 1707, 16, 106.687500, 5.125000, 
trial0003794, AA, 4497, 24, 187.375000, 7.416667, ZIP, 4231, 16, 264.437500, 9.000000, 
trial0003795, AA, 3880, 24, 161.666667, 7.416667, ZIP, 5504, 16, 344.000000, 10.250000, 
trial0003796, AA, 4495, 24, 187.291667, 8.375000, ZIP, 4697, 16, 293.562500, 8.562500, 
trial0003797, AA, 6101, 24, 254.208333, 9.833333, ZIP, 3228, 16, 201.750000, 6.625000, 
trial0003798, AA, 6269, 24, 261.208333, 9.291667, ZIP, 3080, 16, 192.500000, 7.687500, 
trial0003799, AA, 4473, 24, 186.375000, 8.625000, ZIP, 4779, 16, 298.687500, 9.500000, 
trial0003800, AA, 6462, 24, 269.250000, 9.916667, ZIP, 2955, 16, 184.687500, 7.125000, 
trial0003801, AA, 1894, 24, 78.916667, 8.458333, ZIP, 1884, 16, 117.750000, 8.562500, 
trial0003802, AA, 2095, 24, 87.291667, 9.166667, ZIP, 1446, 16, 90.375000, 9.250000, 
trial0003803, AA, 2203, 24, 91.791667, 9.750000, ZIP, 1408, 16, 88.000000, 7.500000, 
trial0003804, AA, 2356, 24, 98.166667, 10.375000, ZIP, 1248, 16, 78.000000, 5.812500, 
trial0003805, AA, 2464, 24, 102.666667, 9.375000, ZIP, 1182, 16, 73.875000, 7.625000, 
trial0003806, AA, 1865, 24, 77.708333, 9.583333, ZIP, 1552, 16, 97.000000, 6.375000, 
trial0003807, AA, 2080, 24, 86.666667, 8.291667, ZIP, 1488, 16, 93.000000, 8.062500, 
trial0003808, AA, 1905, 24, 79.375000, 9.125000, ZIP, 1683, 16, 105.187500, 8.187500, 
trial0003809, AA, 2188, 24, 91.166667, 9.083333, ZIP, 1459, 16, 91.187500, 8.625000, 
trial0003810, AA, 2025, 24, 84.375000, 9.208333, ZIP, 1590, 16, 99.375000, 7.562500, 
trial0003811, AA, 1900, 24, 79.166667, 9.333333, ZIP, 2012, 16, 125.750000, 8.500000, 
trial0003812, AA, 2179, 24, 90.791667, 9.541667, ZIP, 1285, 16, 80.312500, 6.812500, 
trial0003813, AA, 1992, 24, 83.000000, 9.416667, ZIP, 1542, 16, 96.375000, 6.875000, 
trial0003814, AA, 1936, 24, 80.666667, 9.166667, ZIP, 1636, 16, 102.250000, 8.125000, 
trial0003815, AA, 1835, 24, 76.458333, 8.458333, ZIP, 1885, 16, 117.812500, 8.562500, 
trial0003816, AA, 2093, 24, 87.208333, 8.833333, ZIP, 1558, 16, 97.375000, 7.750000, 
trial0003817, AA, 2142, 24, 89.250000, 9.083333, ZIP, 1516, 16, 94.750000, 8.250000, 
trial0003818, AA, 2392, 24, 99.666667, 9.791667, ZIP, 1133, 16, 70.812500, 7.312500, 
trial0003819, AA, 2105, 24, 87.708333, 8.750000, ZIP, 1664, 16, 104.000000, 8.750000, 
trial0003820, AA, 1975, 24, 82.291667, 7.833333, ZIP, 1795, 16, 112.187500, 9.250000, 
trial0003821, AA, 2540, 24, 105.833333, 10.458333, ZIP, 897, 16, 56.062500, 6.562500, 
trial0003822, AA, 1911, 24, 79.625000, 9.583333, ZIP, 1628, 16, 101.750000, 5.500000, 
trial0003823, AA, 2428, 24, 101.166667, 9.333333, ZIP, 1424, 16, 89.000000, 8.250000, 
trial0003824, AA, 2616, 24, 109.000000, 9.458333, ZIP, 1112, 16, 69.500000, 7.937500, 
trial0003825, AA, 2744, 24, 114.333333, 8.750000, ZIP, 820, 16, 51.250000, 7.250000, 
trial0003826, AA, 2589, 24, 107.875000, 10.708333, ZIP, 1129, 16, 70.562500, 6.812500, 
trial0003827, AA, 2066, 24, 86.083333, 9.041667, ZIP, 1599, 16, 99.937500, 7.312500, 
trial0003828, AA, 2237, 24, 93.208333, 8.583333, ZIP, 1411, 16, 88.187500, 8.250000, 
trial0003829, AA, 2110, 24, 87.916667, 8.166667, ZIP, 1712, 16, 107.000000, 9.875000, 
trial0003830, AA, 1666, 24, 69.416667, 8.791667, ZIP, 1625, 16, 101.562500, 6.437500, 
trial0003831, AA, 1811, 24, 75.458333, 9.541667, ZIP, 1876, 16, 117.250000, 8.312500, 
trial0003832, AA, 1906, 24, 79.416667, 8.708333, ZIP, 1536, 16, 96.000000, 7.812500, 
trial0003833, AA, 1404, 24, 58.500000, 6.333333, ZIP, 2486, 16, 155.375000, 11.125000, 
trial0003834, AA, 2091, 24, 87.125000, 9.625000, ZIP, 1422, 16, 88.875000, 7.937500, 
trial0003835, AA, 1818, 24, 75.750000, 9.083333, ZIP, 1915, 16, 119.687500, 8.625000, 
trial0003836, AA, 2410, 24, 100.416667, 9.083333, ZIP, 856, 16, 53.500000, 5.125000, 
trial0003837, AA, 2189, 24, 91.208333, 8.666667, ZIP, 1460, 16, 91.250000, 8.875000, 
trial0003838, AA, 1762, 24, 73.416667, 9.250000, ZIP, 2035, 16, 127.187500, 9.250000, 
trial0003839, AA, 2104, 24, 87.666667, 9.791667, ZIP, 1321, 16, 82.562500, 6.875000, 
trial0003840, AA, 1890, 24, 78.750000, 8.958333, ZIP, 1630, 16, 101.875000, 7.187500, 
trial0003841, AA, 1536, 24, 64.000000, 7.875000, ZIP, 2324, 16, 145.250000, 9.437500, 
trial0003842, AA, 2212, 24, 92.166667, 9.666667, ZIP, 1403, 16, 87.687500, 8.375000, 
trial0003843, AA, 1724, 24, 71.833333, 7.833333, ZIP, 2027, 16, 126.687500, 9.500000, 
trial0003844, AA, 1976, 24, 82.333333, 9.041667, ZIP, 1764, 16, 110.250000, 8.687500, 
trial0003845, AA, 2071, 24, 86.291667, 8.083333, ZIP, 1697, 16, 106.062500, 9.250000, 
trial0003846, AA, 2208, 24, 92.000000, 9.291667, ZIP, 1433, 16, 89.562500, 7.812500, 
trial0003847, AA, 1366, 24, 56.916667, 6.541667, ZIP, 2522, 16, 157.625000, 10.812500, 
trial0003848, AA, 2217, 24, 92.375000, 8.958333, ZIP, 1486, 16, 92.875000, 8.812500, 
trial0003849, AA, 2397, 24, 99.875000, 10.125000, ZIP, 1331, 16, 83.187500, 7.437500, 
trial0003850, AA, 1690, 24, 70.416667, 7.875000, ZIP, 1907, 16, 119.187500, 9.562500, 
trial0003851, AA, 1663, 24, 69.291667, 7.291667, ZIP, 1952, 16, 122.000000, 8.812500, 
trial0003852, AA, 2526, 24, 105.250000, 11.291667, ZIP, 1038, 16, 64.875000, 6.937500, 
trial0003853, AA, 1726, 24, 71.916667, 7.291667, ZIP, 1933, 16, 120.812500, 9.187500, 
trial0003854, AA, 2695, 24, 112.291667, 10.083333, ZIP, 874, 16, 54.625000, 5.875000, 
trial0003855, AA, 1708, 24, 71.166667, 7.750000, ZIP, 1963, 16, 122.687500, 9.500000, 
trial0003856, AA, 2256, 24, 94.000000, 8.500000, ZIP, 1487, 16, 92.937500, 7.500000, 
trial0003857, AA, 2887, 24, 120.291667, 10.583333, ZIP, 832, 16, 52.000000, 6.500000, 
trial0003858, AA, 1974, 24, 82.250000, 9.791667, ZIP, 1504, 16, 94.000000, 6.562500, 
trial0003859, AA, 2170, 24, 90.416667, 8.750000, ZIP, 1382, 16, 86.375000, 8.750000, 
trial0003860, AA, 1913, 24, 79.708333, 8.625000, ZIP, 1724, 16, 107.750000, 8.562500, 
trial0003861, AA, 2417, 24, 100.708333, 9.125000, ZIP, 1449, 16, 90.562500, 9.125000, 
trial0003862, AA, 2173, 24, 90.541667, 9.041667, ZIP, 1543, 16, 96.437500, 8.562500, 
trial0003863, AA, 2302, 24, 95.916667, 9.458333, ZIP, 1269, 16, 79.312500, 8.687500, 
trial0003864, AA, 2056, 24, 85.666667, 9.000000, ZIP, 1737, 16, 108.562500, 8.000000, 
trial0003865, AA, 1993, 24, 83.041667, 9.708333, ZIP, 1606, 16, 100.375000, 6.812500, 
trial0003866, AA, 2054, 24, 85.583333, 8.666667, ZIP, 1456, 16, 91.000000, 7.437500, 
trial0003867, AA, 1833, 24, 76.375000, 8.750000, ZIP, 1760, 16, 110.000000, 8.125000, 
trial0003868, AA, 2184, 24, 91.000000, 10.000000, ZIP, 1476, 16, 92.250000, 6.750000, 
trial0003869, AA, 1939, 24, 80.791667, 8.958333, ZIP, 1752, 16, 109.500000, 7.937500, 
trial0003870, AA, 1716, 24, 71.500000, 8.083333, ZIP, 1917, 16, 119.812500, 8.875000, 
trial0003871, AA, 2096, 24, 87.333333, 9.708333, ZIP, 1701, 16, 106.312500, 7.062500, 
trial0003872, AA, 1976, 24, 82.333333, 9.375000, ZIP, 1934, 16, 120.875000, 7.937500, 
trial0003873, AA, 2258, 24, 94.083333, 9.291667, ZIP, 1475, 16, 92.187500, 7.812500, 
trial0003874, AA, 2118, 24, 88.250000, 9.833333, ZIP, 1392, 16, 87.000000, 6.875000, 
trial0003875, AA, 1643, 24, 68.458333, 7.291667, ZIP, 1903, 16, 118.937500, 9.812500, 
trial0003876, AA, 1623, 24, 67.625000, 7.625000, ZIP, 2351, 16, 146.937500, 11.125000, 
trial0003877, AA, 1841, 24, 76.708333, 8.541667, ZIP, 1825, 16, 114.062500, 8.937500, 
trial0003878, AA, 1362, 24, 56.750000, 6.791667, ZIP, 2484, 16, 155.250000, 11.187500, 
trial0003879, AA, 1847, 24, 76.958333, 8.250000, ZIP, 1736, 16, 108.500000, 8.250000, 
trial0003880, AA, 2307, 24, 96.125000, 8.791667, ZIP, 1414, 16, 88.375000, 8.437500, 
trial0003881, AA, 1960, 24, 81.666667, 9.125000, ZIP, 1686, 16, 105.375000, 7.812500, 
trial0003882, AA, 2587, 24, 107.791667, 10.750000, ZIP, 959, 16, 59.937500, 4.750000, 
trial0003883, AA, 2006, 24, 83.583333, 8.666667, ZIP, 1609, 16, 100.562500, 8.500000, 
trial0003884, AA, 1837, 24, 76.541667, 9.166667, ZIP, 1650, 16, 103.125000, 7.875000, 
trial0003885, AA, 1066, 24, 44.416667, 6.458333, ZIP, 2687, 16, 167.937500, 11.687500, 
trial0003886, AA, 1968, 24, 82.000000, 8.000000, ZIP, 1560, 16, 97.500000, 8.250000, 
trial0003887, AA, 1906, 24, 79.416667, 8.916667, ZIP, 1563, 16, 97.687500, 7.875000, 
trial0003888, AA, 1865, 24, 77.708333, 8.458333, ZIP, 1940, 16, 121.250000, 9.312500, 
trial0003889, AA, 2624, 24, 109.333333, 10.583333, ZIP, 747, 16, 46.687500, 5.375000, 
trial0003890, AA, 2018, 24, 84.083333, 9.708333, ZIP, 1631, 16, 101.937500, 7.687500, 
trial0003891, AA, 2279, 24, 94.958333, 9.833333, ZIP, 1425, 16, 89.062500, 7.750000, 
trial0003892, AA, 2077, 24, 86.541667, 9.250000, ZIP, 1592, 16, 99.500000, 6.812500, 
trial0003893, AA, 1770, 24, 73.750000, 7.583333, ZIP, 1857, 16, 116.062500, 8.750000, 
trial0003894, AA, 1638, 24, 68.250000, 8.791667, ZIP, 2169, 16, 135.562500, 8.437500, 
trial0003895, AA, 2028, 24, 84.500000, 8.958333, ZIP, 1500, 16, 93.750000, 8.562500, 
trial0003896, AA, 1994, 24, 83.083333, 8.500000, ZIP, 1723, 16, 107.687500, 8.500000, 
trial0003897, AA, 2255, 24, 93.958333, 9.791667, ZIP, 1329, 16, 83.062500, 7.187500, 
trial0003898, AA, 1996, 24, 83.166667, 8.916667, ZIP, 1464, 16, 91.500000, 7.250000, 
trial0003899, AA, 1995, 24, 83.125000, 10.375000, ZIP, 1796, 16, 112.250000, 7.562500, 
trial0003900, AA, 2060, 24, 85.833333, 7.583333, ZIP, 1337, 16, 83.562500, 9.250000, 
trial0003901, AA, 3351, 24, 139.625000, 8.000000, ZIP, 4003, 16, 250.187500, 9.500000, 
trial0003902, AA, 4134, 24, 172.250000, 8.291667, ZIP, 3279, 16, 204.937500, 8.312500, 
trial0003903, AA, 3995, 24, 166.458333, 8.875000, ZIP, 3396, 16, 212.250000, 7.687500, 
trial0003904, AA, 4033, 24, 168.041667, 8.875000, ZIP, 3276, 16, 204.750000, 9.437500, 
trial0003905, AA, 3415, 24, 142.291667, 7.916667, ZIP, 4051, 16, 253.187500, 9.375000, 
trial0003906, AA, 5231, 24, 217.958333, 9.083333, ZIP, 2162, 16, 135.125000, 7.500000, 
trial0003907, AA, 4911, 24, 204.625000, 9.625000, ZIP, 2397, 16, 149.812500, 6.937500, 
trial0003908, AA, 5155, 24, 214.791667, 9.333333, ZIP, 2297, 16, 143.562500, 7.375000, 
trial0003909, AA, 3560, 24, 148.333333, 7.666667, ZIP, 3814, 16, 238.375000, 10.000000, 
trial0003910, AA, 5460, 24, 227.500000, 10.291667, ZIP, 1894, 16, 118.375000, 6.062500, 
trial0003911, AA, 3952, 24, 164.666667, 7.541667, ZIP, 3335, 16, 208.437500, 9.562500, 
trial0003912, AA, 4697, 24, 195.708333, 9.500000, ZIP, 2463, 16, 153.937500, 6.250000, 
trial0003913, AA, 3429, 24, 142.875000, 8.000000, ZIP, 3853, 16, 240.812500, 8.750000, 
trial0003914, AA, 4976, 24, 207.333333, 10.083333, ZIP, 2210, 16, 138.125000, 6.875000, 
trial0003915, AA, 4396, 24, 183.166667, 9.041667, ZIP, 2786, 16, 174.125000, 7.437500, 
trial0003916, AA, 4225, 24, 176.041667, 7.666667, ZIP, 3128, 16, 195.500000, 9.500000, 
trial0003917, AA, 4551, 24, 189.625000, 8.791667, ZIP, 2841, 16, 177.562500, 8.062500, 
trial0003918, AA, 3835, 24, 159.791667, 8.083333, ZIP, 3009, 16, 188.062500, 7.750000, 
trial0003919, AA, 4280, 24, 178.333333, 7.458333, ZIP, 2643, 16, 165.187500, 7.562500, 
trial0003920, AA, 3008, 24, 125.333333, 8.916667, ZIP, 4415, 16, 275.937500, 9.500000, 
trial0003921, AA, 4403, 24, 183.458333, 8.416667, ZIP, 2950, 16, 184.375000, 9.750000, 
trial0003922, AA, 4440, 24, 185.000000, 8.958333, ZIP, 2939, 16, 183.687500, 8.187500, 
trial0003923, AA, 3543, 24, 147.625000, 7.500000, ZIP, 4025, 16, 251.562500, 10.250000, 
trial0003924, AA, 2959, 24, 123.291667, 7.416667, ZIP, 4381, 16, 273.812500, 9.750000, 
trial0003925, AA, 5008, 24, 208.666667, 9.083333, ZIP, 2429, 16, 151.812500, 7.625000, 
trial0003926, AA, 4711, 24, 196.291667, 9.291667, ZIP, 2622, 16, 163.875000, 7.562500, 
trial0003927, AA, 4304, 24, 179.333333, 8.083333, ZIP, 3103, 16, 193.937500, 8.750000, 
trial0003928, AA, 3751, 24, 156.291667, 7.791667, ZIP, 3386, 16, 211.625000, 8.937500, 
trial0003929, AA, 3565, 24, 148.541667, 7.125000, ZIP, 3844, 16, 240.250000, 10.437500, 
trial0003930, AA, 3634, 24, 151.416667, 7.750000, ZIP, 3706, 16, 231.625000, 9.500000, 
trial0003931, AA, 4051, 24, 168.791667, 8.000000, ZIP, 3428, 16, 214.250000, 9.125000, 
trial0003932, AA, 4968, 24, 207.000000, 8.958333, ZIP, 2252, 16, 140.750000, 7.562500, 
trial0003933, AA, 4401, 24, 183.375000, 10.541667, ZIP, 2858, 16, 178.625000, 5.312500, 
trial0003934, AA, 3897, 24, 162.375000, 8.125000, ZIP, 3381, 16, 211.312500, 9.437500, 
trial0003935, AA, 4585, 24, 191.041667, 8.833333, ZIP, 2915, 16, 182.187500, 7.375000, 
trial0003936, AA, 3854, 24, 160.583333, 7.916667, ZIP, 3364, 16, 210.250000, 9.250000, 
trial0003937, AA, 4285, 24, 178.541667, 10.333333, ZIP, 2923, 16, 182.687500, 6.500000, 
trial0003938, AA, 4834, 24, 201.416667, 9.333333, ZIP, 2313, 16, 144.562500, 7.625000, 
trial0003939, AA, 3782, 24, 157.583333, 8.916667, ZIP, 3452, 16, 215.750000, 8.125000, 
trial0003940, AA, 5185, 24, 216.041667, 8.666667, ZIP, 2132, 16, 133.250000, 7.875000, 
trial0003941, AA, 3924, 24, 163.500000, 7.791667, ZIP, 3389, 16, 211.812500, 9.062500, 
trial0003942, AA, 4101, 24, 170.875000, 8.875000, ZIP, 3150, 16, 196.875000, 8.187500, 
trial0003943, AA, 3549, 24, 147.875000, 7.625000, ZIP, 3901, 16, 243.812500, 9.062500, 
trial0003944, AA, 4967, 24, 206.958333, 9.500000, ZIP, 2216, 16, 138.500000, 5.750000, 
trial0003945, AA, 4335, 24, 180.625000, 8.750000, ZIP, 2945, 16, 184.062500, 7.750000, 
trial0003946, AA, 5017, 24, 209.041667, 9.291667, ZIP, 2262, 16, 141.375000, 7.187500, 
trial0003947, AA, 5225, 24, 217.708333, 9.791667, ZIP, 1907, 16, 119.187500, 5.937500, 
trial0003948, AA, 3582, 24, 149.250000, 7.375000, ZIP, 3277, 16, 204.812500, 8.812500, 
trial0003949, AA, 2263, 24, 94.291667, 6.708333, ZIP, 5062, 16, 316.375000, 10.562500, 
trial0003950, AA, 5072, 24, 211.333333, 9.541667, ZIP, 2427, 16, 151.687500, 7.062500, 
trial0003951, AA, 4337, 24, 180.708333, 9.083333, ZIP, 2803, 16, 175.187500, 7.375000, 
trial0003952, AA, 4110, 24, 171.250000, 8.000000, ZIP, 3246, 16, 202.875000, 9.375000, 
trial0003953, AA, 3597, 24, 149.875000, 8.000000, ZIP, 3610, 16, 225.625000, 9.625000, 
trial0003954, AA, 4614, 24, 192.250000, 8.083333, ZIP, 2773, 16, 173.312500, 8.250000, 
trial0003955, AA, 2734, 24, 113.916667, 7.666667, ZIP, 4355, 16, 272.187500, 9.500000, 
trial0003956, AA, 3897, 24, 162.375000, 7.833333, ZIP, 3312, 16, 207.000000, 8.875000, 
trial0003957, AA, 4168, 24, 173.666667, 8.750000, ZIP, 3172, 16, 198.250000, 9.000000, 
trial0003958, AA, 3824, 24, 159.333333, 7.916667, ZIP, 3576, 16, 223.500000, 9.250000, 
trial0003959, AA, 4611, 24, 192.125000, 9.333333, ZIP, 2733, 16, 170.812500, 8.125000, 
trial0003960, AA, 4669, 24, 194.541667, 10.083333, ZIP, 2519, 16, 157.437500, 6.625000, 
trial0003961, AA, 4121, 24, 171.708333, 9.291667, ZIP, 3349, 16, 209.312500, 7.312500, 
trial0003962, AA, 4456, 24, 185.666667, 9.166667, ZIP, 2940, 16, 183.750000, 8.000000, 
trial0003963, AA, 5833, 24, 243.041667, 9.958333, ZIP, 1548, 16, 96.750000, 5.687500, 
trial0003964, AA, 2405, 24, 100.208333, 6.666667, ZIP, 4998, 16, 312.375000, 11.125000, 
trial0003965, AA, 3550, 24, 147.916667, 7.375000, ZIP, 3583, 16, 223.937500, 10.187500, 
trial0003966, AA, 5401, 24, 225.041667, 9.875000, ZIP, 1962, 16, 122.625000, 6.687500, 
trial0003967, AA, 5201, 24, 216.708333, 10.041667, ZIP, 2098, 16, 131.125000, 7.312500, 
trial0003968, AA, 4219, 24, 175.791667, 9.625000, ZIP, 3183, 16, 198.937500, 6.812500, 
trial0003969, AA, 4338, 24, 180.750000, 10.541667, ZIP, 2937, 16, 183.562500, 6.437500, 
trial0003970, AA, 3243, 24, 135.125000, 7.625000, ZIP, 3909, 16, 244.312500, 10.312500, 
trial0003971, AA, 3078, 24, 128.250000, 6.333333, ZIP, 4405, 16, 275.312500, 12.250000, 
trial0003972, AA, 3326, 24, 138.583333, 6.833333, ZIP, 4043, 16, 252.687500, 11.250000, 
trial0003973, AA, 4290, 24, 178.750000, 9.333333, ZIP, 2990, 16, 186.875000, 7.625000, 
trial0003974, AA, 4706, 24, 196.083333, 8.291667, ZIP, 2405, 16, 150.312500, 9.562500, 
trial0003975, AA, 3040, 24, 126.666667, 7.208333, ZIP, 4219, 16, 263.687500, 9.437500, 
trial0003976, AA, 3441, 24, 143.375000, 7.458333, ZIP, 3967, 16, 247.937500, 9.937500, 
trial0003977, AA, 3511, 24, 146.291667, 8.541667, ZIP, 3866, 16, 241.625000, 8.562500, 
trial0003978, AA, 4069, 24, 169.541667, 9.125000, ZIP, 3261, 16, 203.812500, 7.937500, 
trial0003979, AA, 4045, 24, 168.541667, 7.875000, ZIP, 3496, 16, 218.500000, 9.187500, 
trial0003980, AA, 4205, 24, 175.208333, 8.916667, ZIP, 3267, 16, 204.187500, 8.250000, 
trial0003981, AA, 5325, 24, 221.875000, 10.000000, ZIP, 2218, 16, 138.625000, 6.625000, 
trial0003982, AA, 4773, 24, 198.875000, 10.083333, ZIP, 2554, 16, 159.625000, 6.250000, 
trial0003983, AA, 2281, 24, 95.041667, 5.750000, ZIP, 4619, 16, 288.687500, 11.750000, 
trial0003984, AA, 4487, 24, 186.958333, 8.500000, ZIP, 2676, 16, 167.250000, 8.500000, 
trial0003985, AA, 4682, 24, 195.083333, 8.416667, ZIP, 2653, 16, 165.812500, 7.500000, 
trial0003986, AA, 4823, 24, 200.958333, 8.458333, ZIP, 2640, 16, 165.000000, 7.687500, 
trial0003987, AA, 4517, 24, 188.208333, 9.958333, ZIP, 2727, 16, 170.437500, 6.437500, 
trial0003988, AA, 3908, 24, 162.833333, 9.250000, ZIP, 3425, 16, 214.062500, 6.625000, 
trial0003989, AA, 4083, 24, 170.125000, 8.000000, ZIP, 3310, 16, 206.875000, 8.500000, 
trial0003990, AA, 4625, 24, 192.708333, 8.625000, ZIP, 2814, 16, 175.875000, 9.187500, 
trial0003991, AA, 4590, 24, 191.250000, 9.791667, ZIP, 2688, 16, 168.000000, 6.562500, 
trial0003992, AA, 4521, 24, 188.375000, 8.125000, ZIP, 2484, 16, 155.250000, 8.937500, 
trial0003993, AA, 4694, 24, 195.583333, 8.958333, ZIP, 2635, 16, 164.687500, 7.812500, 
trial0003994, AA, 4649, 24, 193.708333, 9.500000, ZIP, 2402, 16, 150.125000, 7.750000, 
trial0003995, AA, 3624, 24, 151.000000, 8.708333, ZIP, 3834, 16, 239.625000, 7.812500, 
trial0003996, AA, 4271, 24, 177.958333, 8.791667, ZIP, 3270, 16, 204.375000, 7.687500, 
trial0003997, AA, 4156, 24, 173.166667, 9.291667, ZIP, 3164, 16, 197.750000, 8.937500, 
trial0003998, AA, 4610, 24, 192.083333, 10.125000, ZIP, 2869, 16, 179.312500, 7.437500, 
trial0003999, AA, 4616, 24, 192.333333, 8.958333, ZIP, 2786, 16, 174.125000, 7.437500, 
trial0004000, AA, 5035, 24, 209.791667, 8.791667, ZIP, 2385, 16, 149.062500, 7.062500, 
