trial0003501, 000600, AA, 3004, 24, 125.173346, ZIP, 534, 16, 33.427481, 126, 133, 
trial0003502, 000600, AA, 1703, 24, 70.984430, ZIP, 1197, 16, 74.835854, 127, 130, 
trial0003503, 000600, AA, 1957, 24, 81.581700, ZIP, 921, 16, 57.564950, 127, 129, 
trial0003504, 000600, AA, 2272, 24, 94.684998, ZIP, 929, 16, 58.097503, 129, 132, 
trial0003505, 000600, AA, 1272, 24, 53.035108, ZIP, 1704, 16, 106.509838, 126, 130, 
trial0003506, 000600, AA, 2990, 24, 124.589218, ZIP, 572, 16, 35.803672, 129, 131, 
trial0003507, 000600, AA, 2660, 24, 110.847000, ZIP, 716, 16, 44.791999, 124, 130, 
trial0003508, 000600, AA, 2272, 24, 94.667994, ZIP, 825, 16, 51.623009, 130, 131, 
trial0003509, 000600, AA, 2446, 24, 101.947889, ZIP, 878, 16, 54.890667, 126, 128, 
trial0003510, 000600, AA, 1430, 24, 59.594139, ZIP, 1409, 16, 88.108792, 131, 132, 
trial0003511, 000600, AA, 2505, 24, 104.409507, ZIP, 745, 16, 46.573239, 125, 128, 
trial0003512, 000600, AA, 2264, 24, 94.335640, ZIP, 716, 16, 44.809041, 127, 130, 
trial0003513, 000600, AA, 2898, 24, 120.775103, ZIP, 602, 16, 37.649845, 126, 132, 
trial0003514, 000600, AA, 1391, 24, 57.972201, ZIP, 1398, 16, 87.416698, 126, 130, 
trial0003515, 000600, AA, 2147, 24, 89.496686, ZIP, 1070, 16, 66.879971, 130, 132, 
trial0003516, 000600, AA, 2110, 24, 87.939427, ZIP, 1037, 16, 64.840860, 128, 130, 
trial0003517, 000600, AA, 1739, 24, 72.488313, ZIP, 968, 16, 60.517531, 125, 126, 
trial0003518, 000600, AA, 1734, 24, 72.267919, ZIP, 1126, 16, 70.410622, 127, 130, 
trial0003519, 000600, AA, 2314, 24, 96.450069, ZIP, 776, 16, 48.512396, 129, 130, 
trial0003520, 000600, AA, 2103, 24, 87.658912, ZIP, 987, 16, 61.699133, 125, 130, 
trial0003521, 000600, AA, 2379, 24, 99.129306, ZIP, 709, 16, 44.368541, 130, 132, 
trial0003522, 000600, AA, 2012, 24, 83.833421, ZIP, 1141, 16, 71.374869, 125, 126, 
trial0003523, 000600, AA, 2376, 24, 99.001482, ZIP, 723, 16, 45.247777, 127, 129, 
trial0003524, 000600, AA, 1453, 24, 60.572873, ZIP, 1493, 16, 93.328190, 131, 133, 
trial0003525, 000600, AA, 2500, 24, 104.194274, ZIP, 840, 16, 52.521089, 129, 130, 
trial0003526, 000600, AA, 2014, 24, 83.928154, ZIP, 1096, 16, 68.545269, 128, 132, 
trial0003527, 000600, AA, 1943, 24, 80.974008, ZIP, 1040, 16, 65.038988, 124, 128, 
trial0003528, 000600, AA, 2400, 24, 100.015690, ZIP, 796, 16, 49.788964, 127, 130, 
trial0003529, 000600, AA, 2273, 24, 94.740673, ZIP, 751, 16, 46.951490, 127, 130, 
trial0003530, 000600, AA, 1665, 24, 69.393531, ZIP, 1078, 16, 67.409704, 123, 127, 
trial0003531, 000600, AA, 2527, 24, 105.299273, ZIP, 777, 16, 48.613591, 129, 130, 
trial0003532, 000600, AA, 2666, 24, 111.084078, ZIP, 718, 16, 44.936383, 123, 130, 
trial0003533, 000600, AA, 2122, 24, 88.455527, ZIP, 977, 16, 61.066709, 128, 129, 
trial0003534, 000600, AA, 1393, 24, 58.042823, ZIP, 1402, 16, 87.685765, 127, 130, 
trial0003535, 000600, AA, 2030, 24, 84.595533, ZIP, 1038, 16, 64.919201, 127, 128, 
trial0003536, 000600, AA, 1629, 24, 67.905527, ZIP, 1286, 16, 80.391709, 129, 130, 
trial0003537, 000600, AA, 2460, 24, 102.513207, ZIP, 596, 16, 37.292690, 126, 128, 
trial0003538, 000600, AA, 1789, 24, 74.545248, ZIP, 1071, 16, 66.994628, 125, 129, 
trial0003539, 000600, AA, 2224, 24, 92.702756, ZIP, 794, 16, 49.633366, 126, 128, 
trial0003540, 000600, AA, 2078, 24, 86.608759, ZIP, 908, 16, 56.774362, 130, 130, 
trial0003541, 000600, AA, 2140, 24, 89.199640, ZIP, 1023, 16, 63.950540, 125, 126, 
trial0003542, 000600, AA, 1228, 24, 51.207482, ZIP, 1467, 16, 91.688776, 127, 131, 
trial0003543, 000600, AA, 2285, 24, 95.214612, ZIP, 987, 16, 61.740581, 127, 128, 
trial0003544, 000600, AA, 1583, 24, 65.981502, ZIP, 1264, 16, 79.027746, 125, 126, 
trial0003545, 000600, AA, 1974, 24, 82.268253, ZIP, 968, 16, 60.535121, 125, 128, 
trial0003546, 000600, AA, 2387, 24, 99.467720, ZIP, 825, 16, 51.610920, 127, 128, 
trial0003547, 000600, AA, 2616, 24, 109.030955, ZIP, 850, 16, 53.141067, 128, 130, 
trial0003548, 000600, AA, 1774, 24, 73.938998, ZIP, 1192, 16, 74.529003, 128, 129, 
trial0003549, 000600, AA, 2217, 24, 92.400812, ZIP, 924, 16, 57.773782, 126, 130, 
trial0003550, 000600, AA, 1729, 24, 72.061797, ZIP, 1297, 16, 81.094804, 129, 132, 
trial0003551, 000600, AA, 1761, 24, 73.405019, ZIP, 1081, 16, 67.579971, 126, 126, 
trial0003552, 000600, AA, 1733, 24, 72.215540, ZIP, 1184, 16, 74.051690, 128, 130, 
trial0003553, 000600, AA, 1832, 24, 76.356760, ZIP, 892, 16, 55.777361, 123, 126, 
trial0003554, 000600, AA, 2262, 24, 94.283662, ZIP, 925, 16, 57.824507, 127, 130, 
trial0003555, 000600, AA, 1841, 24, 76.714919, ZIP, 1183, 16, 73.990121, 124, 127, 
trial0003556, 000600, AA, 1853, 24, 77.231834, ZIP, 1019, 16, 63.714748, 129, 130, 
trial0003557, 000600, AA, 2277, 24, 94.897760, ZIP, 1131, 16, 70.715859, 127, 130, 
trial0003558, 000600, AA, 2331, 24, 97.150228, ZIP, 793, 16, 49.587158, 129, 130, 
trial0003559, 000600, AA, 2574, 24, 107.285568, ZIP, 776, 16, 48.509148, 128, 130, 
trial0003560, 000600, AA, 2870, 24, 119.590151, ZIP, 584, 16, 36.552273, 126, 129, 
trial0003561, 000600, AA, 1918, 24, 79.943675, ZIP, 1261, 16, 78.834488, 127, 129, 
trial0003562, 000600, AA, 2545, 24, 106.063118, ZIP, 857, 16, 53.592823, 127, 134, 
trial0003563, 000600, AA, 1349, 24, 56.222401, ZIP, 1225, 16, 76.603899, 125, 126, 
trial0003564, 000600, AA, 2366, 24, 98.585236, ZIP, 800, 16, 50.059645, 125, 128, 
trial0003565, 000600, AA, 2291, 24, 95.471950, ZIP, 797, 16, 49.854576, 127, 130, 
trial0003566, 000600, AA, 2120, 24, 88.373045, ZIP, 994, 16, 62.127933, 128, 132, 
trial0003567, 000600, AA, 2186, 24, 91.099788, ZIP, 886, 16, 55.412818, 125, 127, 
trial0003568, 000600, AA, 1934, 24, 80.591884, ZIP, 1142, 16, 71.424675, 129, 132, 
trial0003569, 000600, AA, 2602, 24, 108.437925, ZIP, 642, 16, 40.155613, 125, 130, 
trial0003570, 000600, AA, 1782, 24, 74.266845, ZIP, 1168, 16, 73.037233, 131, 134, 
trial0003571, 000600, AA, 1760, 24, 73.363693, ZIP, 1197, 16, 74.829461, 125, 128, 
trial0003572, 000600, AA, 2044, 24, 85.198332, ZIP, 987, 16, 61.702501, 129, 130, 
trial0003573, 000600, AA, 2566, 24, 106.956724, ZIP, 766, 16, 47.877414, 127, 130, 
trial0003574, 000600, AA, 1967, 24, 81.981579, ZIP, 1099, 16, 68.715131, 128, 132, 
trial0003575, 000600, AA, 2215, 24, 92.324057, ZIP, 1025, 16, 64.076415, 129, 131, 
trial0003576, 000600, AA, 2407, 24, 100.332718, ZIP, 769, 16, 48.063423, 126, 133, 
trial0003577, 000600, AA, 2178, 24, 90.764245, ZIP, 792, 16, 49.541133, 125, 130, 
trial0003578, 000600, AA, 2293, 24, 95.560693, ZIP, 837, 16, 52.346460, 131, 132, 
trial0003579, 000600, AA, 2254, 24, 93.940818, ZIP, 882, 16, 55.151273, 128, 132, 
trial0003580, 000600, AA, 2236, 24, 93.179273, ZIP, 893, 16, 55.856090, 126, 134, 
trial0003581, 000600, AA, 2540, 24, 105.863214, ZIP, 852, 16, 53.267679, 129, 131, 
trial0003582, 000600, AA, 2504, 24, 104.358756, ZIP, 777, 16, 48.586866, 130, 130, 
trial0003583, 000600, AA, 2666, 24, 111.087069, ZIP, 612, 16, 38.306897, 125, 132, 
trial0003584, 000600, AA, 1825, 24, 76.041858, ZIP, 901, 16, 56.374712, 128, 129, 
trial0003585, 000600, AA, 2376, 24, 99.021143, ZIP, 862, 16, 53.905785, 127, 130, 
trial0003586, 000600, AA, 2313, 24, 96.386854, ZIP, 951, 16, 59.482219, 125, 130, 
trial0003587, 000600, AA, 2633, 24, 109.749353, ZIP, 713, 16, 44.563470, 127, 133, 
trial0003588, 000600, AA, 2244, 24, 93.535664, ZIP, 930, 16, 58.134004, 127, 128, 
trial0003589, 000600, AA, 2069, 24, 86.209793, ZIP, 1061, 16, 66.372811, 123, 128, 
trial0003590, 000600, AA, 1754, 24, 73.115138, ZIP, 1208, 16, 75.514793, 128, 130, 
trial0003591, 000600, AA, 1457, 24, 60.710946, ZIP, 1121, 16, 70.121080, 125, 126, 
trial0003592, 000600, AA, 1041, 24, 43.396396, ZIP, 1588, 16, 99.280406, 126, 129, 
trial0003593, 000600, AA, 2263, 24, 94.308613, ZIP, 913, 16, 57.099581, 129, 130, 
trial0003594, 000600, AA, 2366, 24, 98.590720, ZIP, 950, 16, 59.426419, 124, 130, 
trial0003595, 000600, AA, 2515, 24, 104.826965, ZIP, 683, 16, 42.697052, 131, 133, 
trial0003596, 000600, AA, 2154, 24, 89.756269, ZIP, 965, 16, 60.365596, 128, 129, 
trial0003597, 000600, AA, 1841, 24, 76.742627, ZIP, 1145, 16, 71.573559, 128, 129, 
trial0003598, 000600, AA, 2392, 24, 99.692947, ZIP, 866, 16, 54.148080, 128, 129, 
trial0003599, 000600, AA, 2374, 24, 98.929985, ZIP, 870, 16, 54.417523, 126, 130, 
trial0003600, 000600, AA, 2260, 24, 94.172394, ZIP, 972, 16, 60.803908, 129, 132, 
trial0003601, 000600, AA, 7445, 24, 310.212394, ZIP, 2480, 16, 155.056409, 178, 189, 
trial0003602, 000600, AA, 7752, 24, 323.030978, ZIP, 2666, 16, 166.641032, 169, 180, 
trial0003603, 000600, AA, 5595, 24, 233.153330, ZIP, 3465, 16, 216.582504, 176, 182, 
trial0003604, 000600, AA, 5899, 24, 245.802310, ZIP, 3487, 16, 217.984035, 177, 182, 
trial0003605, 000600, AA, 9335, 24, 388.978243, ZIP, 1611, 16, 100.720135, 181, 182, 
trial0003606, 000600, AA, 7618, 24, 317.436462, ZIP, 2610, 16, 163.157808, 181, 188, 
trial0003607, 000600, AA, 7025, 24, 292.741564, ZIP, 2989, 16, 186.825155, 169, 176, 
trial0003608, 000600, AA, 8667, 24, 361.155560, ZIP, 2087, 16, 130.454160, 173, 182, 
trial0003609, 000600, AA, 8368, 24, 348.706145, ZIP, 2126, 16, 132.878282, 188, 188, 
trial0003610, 000600, AA, 5309, 24, 221.232349, ZIP, 3963, 16, 247.713976, 174, 177, 
trial0003611, 000600, AA, 7044, 24, 293.538972, ZIP, 3046, 16, 190.379042, 177, 182, 
trial0003612, 000600, AA, 6815, 24, 283.975093, ZIP, 2859, 16, 178.724860, 177, 189, 
trial0003613, 000600, AA, 6184, 24, 257.679654, ZIP, 4024, 16, 251.543019, 175, 176, 
trial0003614, 000600, AA, 7704, 24, 321.026885, ZIP, 2829, 16, 176.834673, 176, 187, 
trial0003615, 000600, AA, 7357, 24, 306.577970, ZIP, 2891, 16, 180.695544, 175, 176, 
trial0003616, 000600, AA, 7625, 24, 317.721775, ZIP, 2626, 16, 164.167338, 179, 186, 
trial0003617, 000600, AA, 8441, 24, 351.708622, ZIP, 2093, 16, 130.874566, 175, 179, 
trial0003618, 000600, AA, 6290, 24, 262.096579, ZIP, 3787, 16, 236.730132, 180, 182, 
trial0003619, 000600, AA, 7236, 24, 301.502909, ZIP, 3099, 16, 193.745636, 184, 188, 
trial0003620, 000600, AA, 6229, 24, 259.574476, ZIP, 3025, 16, 189.075786, 174, 178, 
trial0003621, 000600, AA, 4265, 24, 177.743103, ZIP, 4826, 16, 301.635345, 173, 176, 
trial0003622, 000600, AA, 4543, 24, 189.317087, ZIP, 4287, 16, 267.961869, 178, 179, 
trial0003623, 000600, AA, 6649, 24, 277.072721, ZIP, 3035, 16, 189.703419, 178, 182, 
trial0003624, 000600, AA, 8303, 24, 345.960768, ZIP, 2165, 16, 135.371347, 179, 194, 
trial0003625, 000600, AA, 8221, 24, 342.555812, ZIP, 2523, 16, 157.728782, 173, 182, 
trial0003626, 000600, AA, 5345, 24, 222.724485, ZIP, 4104, 16, 256.538272, 165, 176, 
trial0003627, 000600, AA, 7787, 24, 324.466518, ZIP, 2479, 16, 154.987723, 163, 194, 
trial0003628, 000600, AA, 6697, 24, 279.081333, ZIP, 3508, 16, 219.253001, 179, 182, 
trial0003629, 000600, AA, 7935, 24, 330.630449, ZIP, 2513, 16, 157.116827, 175, 182, 
trial0003630, 000600, AA, 6489, 24, 270.381930, ZIP, 3306, 16, 206.677105, 175, 182, 
trial0003631, 000600, AA, 7405, 24, 308.557267, ZIP, 2689, 16, 168.101600, 176, 180, 
trial0003632, 000600, AA, 6855, 24, 285.659786, ZIP, 3029, 16, 189.322821, 176, 176, 
trial0003633, 000600, AA, 7883, 24, 328.499923, ZIP, 2332, 16, 145.750115, 172, 176, 
trial0003634, 000600, AA, 7829, 24, 326.240744, ZIP, 2477, 16, 154.826383, 174, 179, 
trial0003635, 000600, AA, 8692, 24, 362.197299, ZIP, 1844, 16, 115.266552, 174, 182, 
trial0003636, 000600, AA, 9001, 24, 375.044759, ZIP, 1904, 16, 119.057861, 173, 182, 
trial0003637, 000600, AA, 6033, 24, 251.413375, ZIP, 3649, 16, 228.067438, 183, 188, 
trial0003638, 000600, AA, 7062, 24, 294.254519, ZIP, 3190, 16, 199.430721, 175, 180, 
trial0003639, 000600, AA, 7746, 24, 322.783250, ZIP, 2683, 16, 167.700125, 174, 178, 
trial0003640, 000600, AA, 7927, 24, 330.331166, ZIP, 2457, 16, 153.565750, 176, 182, 
trial0003641, 000600, AA, 8863, 24, 369.295675, ZIP, 1866, 16, 116.681487, 175, 180, 
trial0003642, 000600, AA, 8228, 24, 342.843110, ZIP, 2290, 16, 143.172836, 176, 182, 
trial0003643, 000600, AA, 6953, 24, 289.721165, ZIP, 3090, 16, 193.168253, 177, 180, 
trial0003644, 000600, AA, 6944, 24, 289.348526, ZIP, 2889, 16, 180.602212, 181, 184, 
trial0003645, 000600, AA, 7465, 24, 311.067800, ZIP, 3023, 16, 188.960800, 180, 182, 
trial0003646, 000600, AA, 7097, 24, 295.741939, ZIP, 2687, 16, 167.949591, 187, 188, 
trial0003647, 000600, AA, 8858, 24, 369.102264, ZIP, 1955, 16, 122.221604, 173, 188, 
trial0003648, 000600, AA, 6179, 24, 257.460605, ZIP, 3608, 16, 225.559093, 175, 189, 
trial0003649, 000600, AA, 5998, 24, 249.919555, ZIP, 3463, 16, 216.495667, 178, 181, 
trial0003650, 000600, AA, 6035, 24, 251.465973, ZIP, 3645, 16, 227.863540, 184, 186, 
trial0003651, 000600, AA, 6745, 24, 281.064957, ZIP, 3352, 16, 209.527565, 172, 176, 
trial0003652, 000600, AA, 5815, 24, 242.293276, ZIP, 3018, 16, 188.685086, 173, 177, 
trial0003653, 000600, AA, 6998, 24, 291.587357, ZIP, 3060, 16, 191.306465, 174, 177, 
trial0003654, 000600, AA, 8384, 24, 349.374560, ZIP, 2393, 16, 149.563160, 173, 194, 
trial0003655, 000600, AA, 6302, 24, 262.585162, ZIP, 3230, 16, 201.934757, 176, 184, 
trial0003656, 000600, AA, 7122, 24, 296.768607, ZIP, 3202, 16, 200.159590, 180, 182, 
trial0003657, 000600, AA, 7131, 24, 297.160695, ZIP, 2720, 16, 170.008958, 176, 179, 
trial0003658, 000600, AA, 5428, 24, 226.200710, ZIP, 4263, 16, 266.448935, 174, 175, 
trial0003659, 000600, AA, 7099, 24, 295.810247, ZIP, 2769, 16, 173.097129, 181, 184, 
trial0003660, 000600, AA, 6342, 24, 264.275681, ZIP, 3062, 16, 191.398979, 181, 183, 
trial0003661, 000600, AA, 4331, 24, 180.486402, ZIP, 4460, 16, 278.770397, 186, 188, 
trial0003662, 000600, AA, 7720, 24, 321.705881, ZIP, 2819, 16, 176.191179, 169, 183, 
trial0003663, 000600, AA, 6617, 24, 275.708464, ZIP, 3005, 16, 187.874804, 181, 188, 
trial0003664, 000600, AA, 6924, 24, 288.531339, ZIP, 3098, 16, 193.640491, 181, 189, 
trial0003665, 000600, AA, 5552, 24, 231.339824, ZIP, 3685, 16, 230.365264, 173, 174, 
trial0003666, 000600, AA, 5242, 24, 218.429579, ZIP, 4265, 16, 266.605632, 173, 182, 
trial0003667, 000600, AA, 6417, 24, 267.390127, ZIP, 3092, 16, 193.289809, 174, 181, 
trial0003668, 000600, AA, 6765, 24, 281.883687, ZIP, 3244, 16, 202.799470, 177, 178, 
trial0003669, 000600, AA, 6247, 24, 260.315949, ZIP, 3446, 16, 215.401076, 171, 182, 
trial0003670, 000600, AA, 9099, 24, 379.126528, ZIP, 1722, 16, 107.685207, 175, 184, 
trial0003671, 000600, AA, 9431, 24, 392.989086, ZIP, 1601, 16, 100.078872, 175, 176, 
trial0003672, 000600, AA, 8583, 24, 357.637868, ZIP, 2038, 16, 127.418198, 171, 182, 
trial0003673, 000600, AA, 6596, 24, 274.872174, ZIP, 3390, 16, 211.879239, 175, 182, 
trial0003674, 000600, AA, 7576, 24, 315.685687, ZIP, 3155, 16, 197.221469, 178, 188, 
trial0003675, 000600, AA, 6297, 24, 262.401758, ZIP, 3710, 16, 231.897363, 179, 188, 
trial0003676, 000600, AA, 5623, 24, 234.313531, ZIP, 3758, 16, 234.904704, 175, 177, 
trial0003677, 000600, AA, 8123, 24, 338.489351, ZIP, 2261, 16, 141.328474, 187, 189, 
trial0003678, 000600, AA, 5858, 24, 244.105784, ZIP, 3681, 16, 230.091324, 175, 182, 
trial0003679, 000600, AA, 5549, 24, 231.238110, ZIP, 3625, 16, 226.580335, 181, 185, 
trial0003680, 000600, AA, 6045, 24, 251.887666, ZIP, 3841, 16, 240.106001, 169, 188, 
trial0003681, 000600, AA, 6642, 24, 276.774195, ZIP, 3485, 16, 217.838708, 176, 177, 
trial0003682, 000600, AA, 6512, 24, 271.337429, ZIP, 3282, 16, 205.181357, 172, 178, 
trial0003683, 000600, AA, 5262, 24, 219.274402, ZIP, 4380, 16, 273.775896, 183, 187, 
trial0003684, 000600, AA, 6750, 24, 281.269720, ZIP, 3230, 16, 201.907920, 171, 182, 
trial0003685, 000600, AA, 7310, 24, 304.610195, ZIP, 2999, 16, 187.459708, 171, 184, 
trial0003686, 000600, AA, 7113, 24, 296.400795, ZIP, 3134, 16, 195.898807, 171, 184, 
trial0003687, 000600, AA, 9011, 24, 375.493578, ZIP, 1672, 16, 104.509633, 178, 201, 
trial0003688, 000600, AA, 6969, 24, 290.410191, ZIP, 3086, 16, 192.884713, 176, 179, 
trial0003689, 000600, AA, 7488, 24, 312.028840, ZIP, 2582, 16, 161.394241, 175, 183, 
trial0003690, 000600, AA, 6133, 24, 255.543405, ZIP, 2932, 16, 183.309893, 171, 177, 
trial0003691, 000600, AA, 8100, 24, 337.522648, ZIP, 2547, 16, 159.216028, 175, 176, 
trial0003692, 000600, AA, 5793, 24, 241.413364, ZIP, 4080, 16, 255.004955, 174, 177, 
trial0003693, 000600, AA, 6249, 24, 260.405928, ZIP, 3304, 16, 206.516108, 183, 187, 
trial0003694, 000600, AA, 7909, 24, 329.574641, ZIP, 2525, 16, 157.825539, 181, 182, 
trial0003695, 000600, AA, 7240, 24, 301.702641, ZIP, 2923, 16, 182.696039, 181, 188, 
trial0003696, 000600, AA, 5302, 24, 220.942544, ZIP, 3948, 16, 246.773683, 180, 182, 
trial0003697, 000600, AA, 8605, 24, 358.573683, ZIP, 2074, 16, 129.639476, 172, 182, 
trial0003698, 000600, AA, 8959, 24, 373.302006, ZIP, 1624, 16, 101.546991, 176, 177, 
trial0003699, 000600, AA, 6651, 24, 277.132610, ZIP, 3344, 16, 209.051085, 184, 188, 
trial0003700, 000600, AA, 5812, 24, 242.183228, ZIP, 3667, 16, 229.225158, 172, 174, 
trial0003701, 000600, AA, 4162, 24, 173.452281, ZIP, 946, 16, 59.134079, 148, 161, 
trial0003702, 000600, AA, 2766, 24, 115.268519, ZIP, 1697, 16, 106.097221, 148, 149, 
trial0003703, 000600, AA, 2742, 24, 114.263931, ZIP, 1808, 16, 113.041604, 147, 152, 
trial0003704, 000600, AA, 2821, 24, 117.557210, ZIP, 1732, 16, 108.289185, 148, 152, 
trial0003705, 000600, AA, 4148, 24, 172.834659, ZIP, 1140, 16, 71.310511, 154, 155, 
trial0003706, 000600, AA, 3067, 24, 127.820283, ZIP, 1621, 16, 101.332075, 146, 149, 
trial0003707, 000600, AA, 1900, 24, 79.188316, ZIP, 1993, 16, 124.592526, 145, 147, 
trial0003708, 000600, AA, 2659, 24, 110.818337, ZIP, 1819, 16, 113.709994, 153, 157, 
trial0003709, 000600, AA, 3708, 24, 154.537978, ZIP, 1163, 16, 72.693034, 154, 156, 
trial0003710, 000600, AA, 3143, 24, 130.996430, ZIP, 1770, 16, 110.630355, 148, 152, 
trial0003711, 000600, AA, 3374, 24, 140.591735, ZIP, 1503, 16, 93.987397, 147, 149, 
trial0003712, 000600, AA, 2816, 24, 117.333992, ZIP, 1845, 16, 115.374012, 152, 153, 
trial0003713, 000600, AA, 2949, 24, 122.904128, ZIP, 1556, 16, 97.268808, 147, 152, 
trial0003714, 000600, AA, 3329, 24, 138.730997, ZIP, 1317, 16, 82.341005, 146, 149, 
trial0003715, 000600, AA, 4165, 24, 173.565984, ZIP, 1042, 16, 65.151023, 151, 152, 
trial0003716, 000600, AA, 3023, 24, 125.977377, ZIP, 1452, 16, 90.783934, 148, 149, 
trial0003717, 000600, AA, 3020, 24, 125.834967, ZIP, 1626, 16, 101.685050, 154, 157, 
trial0003718, 000600, AA, 3198, 24, 133.265715, ZIP, 1496, 16, 93.538928, 147, 152, 
trial0003719, 000600, AA, 2739, 24, 114.144437, ZIP, 1859, 16, 116.220845, 154, 158, 
trial0003720, 000600, AA, 3327, 24, 138.628067, ZIP, 1481, 16, 92.620400, 150, 154, 
trial0003721, 000600, AA, 3030, 24, 126.260384, ZIP, 1625, 16, 101.609423, 148, 152, 
trial0003722, 000600, AA, 3393, 24, 141.407368, ZIP, 1586, 16, 99.138948, 148, 152, 
trial0003723, 000600, AA, 3261, 24, 135.915550, ZIP, 1565, 16, 97.814174, 148, 150, 
trial0003724, 000600, AA, 2648, 24, 110.355661, ZIP, 1929, 16, 120.591508, 148, 150, 
trial0003725, 000600, AA, 3730, 24, 155.437794, ZIP, 1159, 16, 72.468309, 149, 155, 
trial0003726, 000600, AA, 3339, 24, 139.150559, ZIP, 1430, 16, 89.399161, 150, 156, 
trial0003727, 000600, AA, 3802, 24, 158.432949, ZIP, 1159, 16, 72.475576, 148, 152, 
trial0003728, 000600, AA, 2761, 24, 115.052961, ZIP, 1678, 16, 104.920559, 149, 149, 
trial0003729, 000600, AA, 3568, 24, 148.699150, ZIP, 1264, 16, 79.013776, 151, 154, 
trial0003730, 000600, AA, 4634, 24, 193.087320, ZIP, 654, 16, 40.931521, 151, 159, 
trial0003731, 000600, AA, 3499, 24, 145.804143, ZIP, 1267, 16, 79.231286, 151, 154, 
trial0003732, 000600, AA, 3729, 24, 155.376367, ZIP, 1307, 16, 81.747950, 143, 149, 
trial0003733, 000600, AA, 2357, 24, 98.211002, ZIP, 1770, 16, 110.683497, 149, 153, 
trial0003734, 000600, AA, 3383, 24, 140.993435, ZIP, 1368, 16, 85.509848, 146, 155, 
trial0003735, 000600, AA, 3602, 24, 150.098513, ZIP, 1101, 16, 68.852230, 148, 152, 
trial0003736, 000600, AA, 3847, 24, 160.301032, ZIP, 994, 16, 62.173452, 142, 143, 
trial0003737, 000600, AA, 3733, 24, 155.554348, ZIP, 949, 16, 59.355978, 150, 152, 
trial0003738, 000600, AA, 4011, 24, 167.132934, ZIP, 1049, 16, 65.613099, 148, 155, 
trial0003739, 000600, AA, 3412, 24, 142.203390, ZIP, 1297, 16, 81.069914, 150, 153, 
trial0003740, 000600, AA, 2415, 24, 100.651271, ZIP, 2084, 16, 130.273094, 147, 152, 
trial0003741, 000600, AA, 2347, 24, 97.822208, ZIP, 1828, 16, 114.266688, 148, 155, 
trial0003742, 000600, AA, 3646, 24, 151.928385, ZIP, 1351, 16, 84.482422, 148, 155, 
trial0003743, 000600, AA, 3296, 24, 137.339669, ZIP, 1545, 16, 96.615496, 148, 151, 
trial0003744, 000600, AA, 3674, 24, 153.113043, ZIP, 1314, 16, 82.142936, 147, 158, 
trial0003745, 000600, AA, 3017, 24, 125.740556, ZIP, 1578, 16, 98.639166, 147, 149, 
trial0003746, 000600, AA, 2995, 24, 124.821517, ZIP, 1612, 16, 100.767724, 149, 157, 
trial0003747, 000600, AA, 3507, 24, 146.141883, ZIP, 1430, 16, 89.412175, 148, 153, 
trial0003748, 000600, AA, 3834, 24, 159.787395, ZIP, 1259, 16, 78.693908, 146, 152, 
trial0003749, 000600, AA, 2787, 24, 116.154453, ZIP, 1565, 16, 97.830821, 145, 155, 
trial0003750, 000600, AA, 2628, 24, 109.512629, ZIP, 1763, 16, 110.231056, 146, 149, 
trial0003751, 000600, AA, 3861, 24, 160.901763, ZIP, 1070, 16, 66.897356, 148, 152, 
trial0003752, 000600, AA, 4065, 24, 169.392297, ZIP, 1082, 16, 67.661554, 148, 153, 
trial0003753, 000600, AA, 3719, 24, 154.991065, ZIP, 1419, 16, 88.700902, 149, 150, 
trial0003754, 000600, AA, 2430, 24, 101.287996, ZIP, 1748, 16, 109.255505, 157, 158, 
trial0003755, 000600, AA, 2776, 24, 115.701631, ZIP, 1549, 16, 96.822553, 147, 149, 
trial0003756, 000600, AA, 4062, 24, 169.264850, ZIP, 950, 16, 59.415226, 145, 152, 
trial0003757, 000600, AA, 2917, 24, 121.551979, ZIP, 1570, 16, 98.172031, 146, 148, 
trial0003758, 000600, AA, 3689, 24, 153.735884, ZIP, 1251, 16, 78.208673, 148, 152, 
trial0003759, 000600, AA, 3809, 24, 158.749866, ZIP, 1065, 16, 66.562702, 147, 150, 
trial0003760, 000600, AA, 2575, 24, 107.308372, ZIP, 1768, 16, 110.537442, 151, 152, 
trial0003761, 000600, AA, 3404, 24, 141.872307, ZIP, 1488, 16, 93.004040, 150, 152, 
trial0003762, 000600, AA, 3079, 24, 128.314004, ZIP, 1507, 16, 94.216494, 147, 148, 
trial0003763, 000600, AA, 3810, 24, 158.763468, ZIP, 1175, 16, 73.479798, 148, 159, 
trial0003764, 000600, AA, 3218, 24, 134.106539, ZIP, 1695, 16, 105.965192, 151, 152, 
trial0003765, 000600, AA, 2487, 24, 103.634608, ZIP, 1802, 16, 112.673088, 148, 151, 
trial0003766, 000600, AA, 3924, 24, 163.502036, ZIP, 1145, 16, 71.621946, 156, 158, 
trial0003767, 000600, AA, 3158, 24, 131.599231, ZIP, 1554, 16, 97.163653, 148, 152, 
trial0003768, 000600, AA, 3380, 24, 140.871945, ZIP, 1359, 16, 84.942082, 148, 152, 
trial0003769, 000600, AA, 3329, 24, 138.731691, ZIP, 1353, 16, 84.589963, 145, 146, 
trial0003770, 000600, AA, 3137, 24, 130.741088, ZIP, 1542, 16, 96.388368, 147, 152, 
trial0003771, 000600, AA, 2303, 24, 95.990268, ZIP, 2151, 16, 134.452098, 151, 152, 
trial0003772, 000600, AA, 3221, 24, 134.222981, ZIP, 1548, 16, 96.790528, 153, 158, 
trial0003773, 000600, AA, 3982, 24, 165.941110, ZIP, 1153, 16, 72.088335, 148, 153, 
trial0003774, 000600, AA, 3370, 24, 140.425122, ZIP, 1216, 16, 76.049816, 145, 158, 
trial0003775, 000600, AA, 3743, 24, 155.992801, ZIP, 1110, 16, 69.385799, 148, 155, 
trial0003776, 000600, AA, 3520, 24, 146.704596, ZIP, 1057, 16, 66.068105, 152, 153, 
trial0003777, 000600, AA, 3412, 24, 142.207367, ZIP, 1240, 16, 77.501450, 148, 153, 
trial0003778, 000600, AA, 3259, 24, 135.823040, ZIP, 1525, 16, 95.327940, 151, 155, 
trial0003779, 000600, AA, 3529, 24, 147.047840, ZIP, 1336, 16, 83.553240, 146, 152, 
trial0003780, 000600, AA, 2807, 24, 116.968466, ZIP, 1695, 16, 105.984800, 144, 149, 
trial0003781, 000600, AA, 3659, 24, 152.496515, ZIP, 1275, 16, 79.692728, 144, 149, 
trial0003782, 000600, AA, 3434, 24, 143.092129, ZIP, 1269, 16, 79.361806, 149, 152, 
trial0003783, 000600, AA, 4104, 24, 171.010321, ZIP, 995, 16, 62.234518, 149, 152, 
trial0003784, 000600, AA, 3067, 24, 127.832980, ZIP, 1702, 16, 106.375530, 148, 156, 
trial0003785, 000600, AA, 3627, 24, 151.137070, ZIP, 1091, 16, 68.231895, 145, 149, 
trial0003786, 000600, AA, 3014, 24, 125.589433, ZIP, 1569, 16, 98.115851, 148, 153, 
trial0003787, 000600, AA, 2279, 24, 94.964307, ZIP, 1881, 16, 117.616039, 147, 149, 
trial0003788, 000600, AA, 4335, 24, 180.627495, ZIP, 701, 16, 43.871257, 148, 150, 
trial0003789, 000600, AA, 2218, 24, 92.445742, ZIP, 1837, 16, 114.831386, 149, 152, 
trial0003790, 000600, AA, 1785, 24, 74.390136, ZIP, 1802, 16, 112.664796, 149, 156, 
trial0003791, 000600, AA, 4057, 24, 169.076299, ZIP, 1036, 16, 64.760551, 142, 149, 
trial0003792, 000600, AA, 3895, 24, 162.318525, ZIP, 1048, 16, 65.522212, 151, 152, 
trial0003793, 000600, AA, 3233, 24, 134.711142, ZIP, 1698, 16, 106.183287, 154, 155, 
trial0003794, 000600, AA, 3040, 24, 126.669374, ZIP, 1561, 16, 97.620939, 148, 152, 
trial0003795, 000600, AA, 2580, 24, 107.533082, ZIP, 1664, 16, 104.012877, 148, 155, 
trial0003796, 000600, AA, 3180, 24, 132.541411, ZIP, 1724, 16, 107.750384, 144, 156, 
trial0003797, 000600, AA, 3290, 24, 137.122565, ZIP, 1518, 16, 94.878652, 149, 158, 
trial0003798, 000600, AA, 2227, 24, 92.812609, ZIP, 2182, 16, 136.406087, 148, 149, 
trial0003799, 000600, AA, 2783, 24, 115.965785, ZIP, 1551, 16, 96.988822, 146, 154, 
trial0003800, 000600, AA, 2659, 24, 110.808014, ZIP, 1771, 16, 110.725479, 154, 161, 
trial0003801, 000600, AA, 15053, 24, 627.232155, ZIP, 2181, 16, 136.339267, 132, 146, 
trial0003802, 000600, AA, 11272, 24, 469.680035, ZIP, 4688, 16, 293.042448, 141, 153, 
trial0003803, 000600, AA, 10771, 24, 448.795206, ZIP, 5111, 16, 319.494691, 139, 143, 
trial0003804, 000600, AA, 9630, 24, 401.257248, ZIP, 5609, 16, 350.614127, 133, 137, 
trial0003805, 000600, AA, 14570, 24, 607.117559, ZIP, 2722, 16, 170.136161, 129, 145, 
trial0003806, 000600, AA, 11834, 24, 493.106154, ZIP, 4461, 16, 278.840770, 140, 145, 
trial0003807, 000600, AA, 9503, 24, 395.990917, ZIP, 6004, 16, 375.263624, 127, 133, 
trial0003808, 000600, AA, 7528, 24, 313.683050, ZIP, 6639, 16, 414.975425, 130, 135, 
trial0003809, 000600, AA, 13110, 24, 546.271766, ZIP, 4220, 16, 263.779851, 134, 143, 
trial0003810, 000600, AA, 12297, 24, 512.406279, ZIP, 4183, 16, 261.453081, 146, 150, 
trial0003811, 000600, AA, 10761, 24, 448.399359, ZIP, 5813, 16, 363.338462, 133, 140, 
trial0003812, 000600, AA, 12094, 24, 503.950635, ZIP, 4596, 16, 287.261547, 138, 143, 
trial0003813, 000600, AA, 10091, 24, 420.471542, ZIP, 5608, 16, 350.542687, 136, 146, 
trial0003814, 000600, AA, 10833, 24, 451.387568, ZIP, 4647, 16, 290.481148, 132, 137, 
trial0003815, 000600, AA, 11245, 24, 468.547118, ZIP, 4114, 16, 257.179323, 142, 143, 
trial0003816, 000600, AA, 8634, 24, 359.769380, ZIP, 6002, 16, 375.158431, 143, 153, 
trial0003817, 000600, AA, 9978, 24, 415.774916, ZIP, 5415, 16, 338.462626, 138, 149, 
trial0003818, 000600, AA, 11303, 24, 470.973264, ZIP, 4720, 16, 295.040103, 135, 148, 
trial0003819, 000600, AA, 12513, 24, 521.414231, ZIP, 3673, 16, 229.566153, 133, 139, 
trial0003820, 000600, AA, 10945, 24, 456.050144, ZIP, 5281, 16, 330.112284, 126, 137, 
trial0003821, 000600, AA, 7700, 24, 320.849999, ZIP, 5803, 16, 362.725002, 152, 153, 
trial0003822, 000600, AA, 10646, 24, 443.602953, ZIP, 4781, 16, 298.845570, 134, 143, 
trial0003823, 000600, AA, 9263, 24, 385.998762, ZIP, 5266, 16, 329.126858, 133, 135, 
trial0003824, 000600, AA, 11085, 24, 461.880679, ZIP, 4817, 16, 301.116482, 140, 150, 
trial0003825, 000600, AA, 11139, 24, 464.157197, ZIP, 4663, 16, 291.451704, 133, 137, 
trial0003826, 000600, AA, 11578, 24, 482.435164, ZIP, 4376, 16, 273.534754, 134, 138, 
trial0003827, 000600, AA, 10235, 24, 426.463487, ZIP, 5207, 16, 325.492270, 143, 153, 
trial0003828, 000600, AA, 14483, 24, 603.492032, ZIP, 2736, 16, 171.011952, 133, 144, 
trial0003829, 000600, AA, 10419, 24, 434.125480, ZIP, 5237, 16, 327.374279, 142, 153, 
trial0003830, 000600, AA, 8573, 24, 357.248947, ZIP, 6268, 16, 391.751580, 133, 139, 
trial0003831, 000600, AA, 11768, 24, 490.346611, ZIP, 4431, 16, 276.980084, 133, 145, 
trial0003832, 000600, AA, 7098, 24, 295.754916, ZIP, 5988, 16, 374.305127, 139, 142, 
trial0003833, 000600, AA, 11051, 24, 460.481212, ZIP, 3994, 16, 249.653182, 135, 141, 
trial0003834, 000600, AA, 7110, 24, 296.277349, ZIP, 7307, 16, 456.708977, 140, 156, 
trial0003835, 000600, AA, 10206, 24, 425.260002, ZIP, 5630, 16, 351.922497, 142, 146, 
trial0003836, 000600, AA, 12281, 24, 511.718737, ZIP, 3639, 16, 227.484395, 142, 149, 
trial0003837, 000600, AA, 11922, 24, 496.772968, ZIP, 3935, 16, 245.965548, 127, 134, 
trial0003838, 000600, AA, 10392, 24, 433.011162, ZIP, 4793, 16, 299.608257, 147, 148, 
trial0003839, 000600, AA, 9848, 24, 410.372449, ZIP, 4928, 16, 308.003826, 133, 141, 
trial0003840, 000600, AA, 10888, 24, 453.681887, ZIP, 4878, 16, 304.914669, 130, 134, 
trial0003841, 000600, AA, 8239, 24, 343.322074, ZIP, 5513, 16, 344.579388, 140, 144, 
trial0003842, 000600, AA, 8871, 24, 369.626796, ZIP, 5747, 16, 359.247306, 152, 163, 
trial0003843, 000600, AA, 9857, 24, 410.731238, ZIP, 5761, 16, 360.090642, 143, 154, 
trial0003844, 000600, AA, 7403, 24, 308.497166, ZIP, 6512, 16, 407.004250, 126, 139, 
trial0003845, 000600, AA, 10291, 24, 428.808348, ZIP, 5732, 16, 358.287477, 130, 141, 
trial0003846, 000600, AA, 13446, 24, 560.257571, ZIP, 3554, 16, 222.176144, 133, 153, 
trial0003847, 000600, AA, 12109, 24, 504.545129, ZIP, 4091, 16, 255.744807, 129, 132, 
trial0003848, 000600, AA, 13866, 24, 577.781103, ZIP, 3059, 16, 191.203345, 128, 140, 
trial0003849, 000600, AA, 9247, 24, 385.295214, ZIP, 5097, 16, 318.619679, 137, 141, 
trial0003850, 000600, AA, 12784, 24, 532.681932, ZIP, 3920, 16, 245.039602, 132, 138, 
trial0003851, 000600, AA, 9325, 24, 388.576277, ZIP, 5794, 16, 362.135585, 142, 147, 
trial0003852, 000600, AA, 10523, 24, 438.471612, ZIP, 5363, 16, 335.230082, 141, 143, 
trial0003853, 000600, AA, 10178, 24, 424.095841, ZIP, 4965, 16, 310.356238, 131, 136, 
trial0003854, 000600, AA, 10660, 24, 444.199854, ZIP, 4855, 16, 303.450219, 133, 149, 
trial0003855, 000600, AA, 11234, 24, 468.121796, ZIP, 4513, 16, 282.067307, 142, 146, 
trial0003856, 000600, AA, 10443, 24, 435.158562, ZIP, 4998, 16, 312.387157, 127, 129, 
trial0003857, 000600, AA, 9923, 24, 413.488867, ZIP, 5719, 16, 357.454199, 124, 135, 
trial0003858, 000600, AA, 9070, 24, 377.928514, ZIP, 5037, 16, 314.857230, 137, 147, 
trial0003859, 000600, AA, 10427, 24, 434.475256, ZIP, 5425, 16, 339.099616, 128, 132, 
trial0003860, 000600, AA, 14535, 24, 605.650306, ZIP, 2587, 16, 161.712041, 129, 134, 
trial0003861, 000600, AA, 8975, 24, 373.998508, ZIP, 5679, 16, 354.939738, 133, 138, 
trial0003862, 000600, AA, 13196, 24, 549.851544, ZIP, 3512, 16, 219.535184, 135, 140, 
trial0003863, 000600, AA, 10413, 24, 433.898519, ZIP, 5569, 16, 348.089721, 130, 153, 
trial0003864, 000600, AA, 8316, 24, 346.518280, ZIP, 5463, 16, 341.472580, 152, 153, 
trial0003865, 000600, AA, 10783, 24, 449.326099, ZIP, 5240, 16, 327.510852, 131, 143, 
trial0003866, 000600, AA, 9537, 24, 397.411607, ZIP, 6093, 16, 380.820090, 137, 143, 
trial0003867, 000600, AA, 7967, 24, 331.993433, ZIP, 5322, 16, 332.634851, 128, 130, 
trial0003868, 000600, AA, 11663, 24, 485.977268, ZIP, 4512, 16, 282.034098, 130, 138, 
trial0003869, 000600, AA, 10582, 24, 440.943141, ZIP, 4788, 16, 299.272788, 123, 153, 
trial0003870, 000600, AA, 10262, 24, 427.584062, ZIP, 5259, 16, 328.748907, 135, 143, 
trial0003871, 000600, AA, 7002, 24, 291.758056, ZIP, 6813, 16, 425.862916, 138, 144, 
trial0003872, 000600, AA, 11542, 24, 480.954004, ZIP, 4981, 16, 311.318994, 139, 143, 
trial0003873, 000600, AA, 9185, 24, 382.742781, ZIP, 5161, 16, 322.573328, 148, 162, 
trial0003874, 000600, AA, 8189, 24, 341.229439, ZIP, 6960, 16, 435.030841, 128, 134, 
trial0003875, 000600, AA, 5693, 24, 237.228928, ZIP, 6532, 16, 408.281609, 131, 133, 
trial0003876, 000600, AA, 11403, 24, 475.138644, ZIP, 4116, 16, 257.292034, 142, 147, 
trial0003877, 000600, AA, 11633, 24, 484.730818, ZIP, 4359, 16, 272.466272, 139, 140, 
trial0003878, 000600, AA, 11021, 24, 459.225267, ZIP, 4229, 16, 264.349600, 129, 137, 
trial0003879, 000600, AA, 9991, 24, 416.292932, ZIP, 5436, 16, 339.810602, 132, 143, 
trial0003880, 000600, AA, 10824, 24, 451.010052, ZIP, 4638, 16, 289.922422, 142, 143, 
trial0003881, 000600, AA, 14948, 24, 622.860846, ZIP, 2372, 16, 148.271231, 137, 143, 
trial0003882, 000600, AA, 10664, 24, 444.370640, ZIP, 5352, 16, 334.506539, 123, 149, 
trial0003883, 000600, AA, 11651, 24, 485.464427, ZIP, 4197, 16, 262.365859, 124, 148, 
trial0003884, 000600, AA, 8495, 24, 353.987914, ZIP, 5863, 16, 366.455628, 130, 133, 
trial0003885, 000600, AA, 8839, 24, 368.310623, ZIP, 5485, 16, 342.846566, 123, 140, 
trial0003886, 000600, AA, 10735, 24, 447.324759, ZIP, 5291, 16, 330.700361, 146, 148, 
trial0003887, 000600, AA, 10142, 24, 422.617812, ZIP, 4901, 16, 306.323282, 139, 141, 
trial0003888, 000600, AA, 12870, 24, 536.277443, ZIP, 3837, 16, 239.833836, 133, 140, 
trial0003889, 000600, AA, 11358, 24, 473.253659, ZIP, 5433, 16, 339.619512, 133, 134, 
trial0003890, 000600, AA, 12292, 24, 512.197158, ZIP, 4071, 16, 254.454263, 137, 140, 
trial0003891, 000600, AA, 14728, 24, 613.694731, ZIP, 2646, 16, 165.395404, 126, 134, 
trial0003892, 000600, AA, 11648, 24, 485.366712, ZIP, 5122, 16, 320.137432, 130, 143, 
trial0003893, 000600, AA, 9403, 24, 391.812273, ZIP, 5646, 16, 352.906590, 138, 146, 
trial0003894, 000600, AA, 10414, 24, 433.926589, ZIP, 5439, 16, 339.985116, 133, 137, 
trial0003895, 000600, AA, 12848, 24, 535.353696, ZIP, 4079, 16, 254.969456, 132, 146, 
trial0003896, 000600, AA, 10111, 24, 421.305654, ZIP, 5670, 16, 354.416519, 141, 146, 
trial0003897, 000600, AA, 10568, 24, 440.357356, ZIP, 5256, 16, 328.526466, 131, 135, 
trial0003898, 000600, AA, 11695, 24, 487.306292, ZIP, 4756, 16, 297.290563, 125, 128, 
trial0003899, 000600, AA, 12365, 24, 515.234036, ZIP, 3985, 16, 249.086445, 141, 145, 
trial0003900, 000600, AA, 9296, 24, 387.372580, ZIP, 5525, 16, 345.316131, 141, 144, 
trial0003901, 000600, AA, 5179, 24, 215.800796, ZIP, 2179, 16, 136.236306, 110, 115, 
trial0003902, 000600, AA, 3062, 24, 127.591957, ZIP, 3691, 16, 230.737064, 104, 108, 
trial0003903, 000600, AA, 5805, 24, 241.896883, ZIP, 2054, 16, 128.404675, 107, 117, 
trial0003904, 000600, AA, 4420, 24, 184.173940, ZIP, 3092, 16, 193.301591, 113, 116, 
trial0003905, 000600, AA, 6586, 24, 274.423718, ZIP, 1726, 16, 107.926923, 109, 113, 
trial0003906, 000600, AA, 4333, 24, 180.580227, ZIP, 2693, 16, 168.317160, 109, 113, 
trial0003907, 000600, AA, 4356, 24, 181.510616, ZIP, 3124, 16, 195.296577, 116, 123, 
trial0003908, 000600, AA, 5910, 24, 246.270666, ZIP, 1888, 16, 118.031501, 110, 117, 
trial0003909, 000600, AA, 3513, 24, 146.397578, ZIP, 3508, 16, 219.278634, 110, 113, 
trial0003910, 000600, AA, 3902, 24, 162.601937, ZIP, 3373, 16, 210.847095, 109, 112, 
trial0003911, 000600, AA, 5418, 24, 225.768076, ZIP, 2727, 16, 170.472886, 113, 113, 
trial0003912, 000600, AA, 5494, 24, 228.934623, ZIP, 2403, 16, 150.223066, 115, 117, 
trial0003913, 000600, AA, 5399, 24, 224.982582, ZIP, 2510, 16, 156.901128, 111, 113, 
trial0003914, 000600, AA, 5484, 24, 228.501865, ZIP, 2279, 16, 142.497203, 112, 117, 
trial0003915, 000600, AA, 5028, 24, 209.529444, ZIP, 2520, 16, 157.518334, 111, 116, 
trial0003916, 000600, AA, 5275, 24, 219.816737, ZIP, 2589, 16, 161.837395, 116, 117, 
trial0003917, 000600, AA, 5589, 24, 232.886487, ZIP, 2288, 16, 143.045269, 113, 117, 
trial0003918, 000600, AA, 7212, 24, 300.500211, ZIP, 1236, 16, 77.312183, 112, 117, 
trial0003919, 000600, AA, 5982, 24, 249.272951, ZIP, 2307, 16, 144.215574, 116, 117, 
trial0003920, 000600, AA, 5601, 24, 233.388581, ZIP, 2302, 16, 143.917128, 109, 116, 
trial0003921, 000600, AA, 5748, 24, 239.526155, ZIP, 2446, 16, 152.898268, 113, 117, 
trial0003922, 000600, AA, 7337, 24, 305.730415, ZIP, 1234, 16, 77.154377, 108, 115, 
trial0003923, 000600, AA, 5404, 24, 225.198656, ZIP, 2376, 16, 148.514516, 115, 117, 
trial0003924, 000600, AA, 5972, 24, 248.874600, ZIP, 2369, 16, 148.063100, 116, 118, 
trial0003925, 000600, AA, 3416, 24, 142.341925, ZIP, 3597, 16, 224.862113, 113, 114, 
trial0003926, 000600, AA, 6127, 24, 255.311897, ZIP, 2162, 16, 135.157154, 111, 117, 
trial0003927, 000600, AA, 4699, 24, 195.792607, ZIP, 2788, 16, 174.311089, 112, 115, 
trial0003928, 000600, AA, 5692, 24, 237.167995, ZIP, 2544, 16, 159.060508, 125, 132, 
trial0003929, 000600, AA, 6589, 24, 274.563894, ZIP, 1823, 16, 113.966659, 117, 120, 
trial0003930, 000600, AA, 4654, 24, 193.921085, ZIP, 2809, 16, 175.618372, 116, 121, 
trial0003931, 000600, AA, 4197, 24, 174.909783, ZIP, 2951, 16, 184.447826, 105, 108, 
trial0003932, 000600, AA, 5408, 24, 225.334592, ZIP, 2051, 16, 128.248112, 112, 121, 
trial0003933, 000600, AA, 6367, 24, 265.319120, ZIP, 1954, 16, 122.146319, 112, 115, 
trial0003934, 000600, AA, 4330, 24, 180.444965, ZIP, 2689, 16, 168.082552, 112, 113, 
trial0003935, 000600, AA, 4001, 24, 166.739674, ZIP, 3323, 16, 207.702989, 116, 121, 
trial0003936, 000600, AA, 6021, 24, 250.888119, ZIP, 1736, 16, 108.542822, 112, 116, 
trial0003937, 000600, AA, 4962, 24, 206.753527, ZIP, 2627, 16, 164.244709, 116, 117, 
trial0003938, 000600, AA, 3863, 24, 160.961508, ZIP, 3546, 16, 221.682738, 114, 122, 
trial0003939, 000600, AA, 4061, 24, 169.235137, ZIP, 2786, 16, 174.147294, 113, 113, 
trial0003940, 000600, AA, 5538, 24, 230.766337, ZIP, 2264, 16, 141.537995, 107, 121, 
trial0003941, 000600, AA, 4322, 24, 180.115843, ZIP, 3088, 16, 193.013736, 115, 121, 
trial0003942, 000600, AA, 5388, 24, 224.512868, ZIP, 2836, 16, 177.293198, 92, 132, 
trial0003943, 000600, AA, 3913, 24, 163.079146, ZIP, 3068, 16, 191.756281, 109, 112, 
trial0003944, 000600, AA, 5070, 24, 211.260486, ZIP, 2531, 16, 158.234271, 116, 122, 
trial0003945, 000600, AA, 6695, 24, 278.977816, ZIP, 1661, 16, 103.845776, 115, 127, 
trial0003946, 000600, AA, 4754, 24, 198.110994, ZIP, 2715, 16, 169.708510, 112, 116, 
trial0003947, 000600, AA, 4086, 24, 170.283107, ZIP, 2866, 16, 179.137839, 113, 117, 
trial0003948, 000600, AA, 5876, 24, 244.860843, ZIP, 2547, 16, 159.208736, 109, 118, 
trial0003949, 000600, AA, 5797, 24, 241.553750, ZIP, 2283, 16, 142.731875, 112, 122, 
trial0003950, 000600, AA, 5191, 24, 216.324440, ZIP, 2325, 16, 145.325839, 116, 117, 
trial0003951, 000600, AA, 6305, 24, 262.711134, ZIP, 1805, 16, 112.870800, 112, 119, 
trial0003952, 000600, AA, 6318, 24, 263.253984, ZIP, 1937, 16, 121.119023, 112, 117, 
trial0003953, 000600, AA, 5130, 24, 213.767162, ZIP, 2299, 16, 143.724257, 112, 116, 
trial0003954, 000600, AA, 5555, 24, 231.462079, ZIP, 2138, 16, 133.681881, 116, 120, 
trial0003955, 000600, AA, 4929, 24, 205.415202, ZIP, 2563, 16, 160.189697, 109, 113, 
trial0003956, 000600, AA, 5324, 24, 221.833401, ZIP, 2219, 16, 138.749899, 107, 108, 
trial0003957, 000600, AA, 6116, 24, 254.838717, ZIP, 1799, 16, 112.491925, 116, 119, 
trial0003958, 000600, AA, 5256, 24, 219.019792, ZIP, 2262, 16, 141.407812, 110, 122, 
trial0003959, 000600, AA, 4864, 24, 202.692113, ZIP, 2442, 16, 152.649331, 110, 113, 
trial0003960, 000600, AA, 4918, 24, 204.922897, ZIP, 2682, 16, 167.678154, 112, 117, 
trial0003961, 000600, AA, 5542, 24, 230.932608, ZIP, 2386, 16, 149.163588, 112, 117, 
trial0003962, 000600, AA, 4411, 24, 183.826234, ZIP, 2732, 16, 170.760650, 113, 114, 
trial0003963, 000600, AA, 3816, 24, 159.008065, ZIP, 2901, 16, 181.362903, 113, 115, 
trial0003964, 000600, AA, 5574, 24, 232.279937, ZIP, 2135, 16, 133.455095, 111, 113, 
trial0003965, 000600, AA, 4670, 24, 194.608819, ZIP, 2313, 16, 144.586772, 107, 112, 
trial0003966, 000600, AA, 6075, 24, 253.141173, ZIP, 2115, 16, 132.225740, 110, 114, 
trial0003967, 000600, AA, 4333, 24, 180.583019, ZIP, 2514, 16, 157.125471, 112, 113, 
trial0003968, 000600, AA, 5901, 24, 245.909333, ZIP, 2233, 16, 139.573501, 115, 117, 
trial0003969, 000600, AA, 4684, 24, 195.177522, ZIP, 2445, 16, 152.858717, 115, 119, 
trial0003970, 000600, AA, 5342, 24, 222.619801, ZIP, 2422, 16, 151.382798, 112, 127, 
trial0003971, 000600, AA, 4549, 24, 189.572242, ZIP, 2816, 16, 176.016638, 105, 108, 
trial0003972, 000600, AA, 5198, 24, 216.597718, ZIP, 2306, 16, 144.165923, 113, 117, 
trial0003973, 000600, AA, 5300, 24, 220.864113, ZIP, 2463, 16, 153.953831, 112, 122, 
trial0003974, 000600, AA, 5379, 24, 224.149388, ZIP, 2474, 16, 154.650918, 109, 111, 
trial0003975, 000600, AA, 5395, 24, 224.813975, ZIP, 2494, 16, 155.904037, 117, 119, 
trial0003976, 000600, AA, 3990, 24, 166.283870, ZIP, 2643, 16, 165.199195, 112, 115, 
trial0003977, 000600, AA, 6098, 24, 254.099755, ZIP, 2130, 16, 133.162867, 107, 114, 
trial0003978, 000600, AA, 5340, 24, 222.511738, ZIP, 2363, 16, 147.732393, 112, 122, 
trial0003979, 000600, AA, 5029, 24, 209.561586, ZIP, 2760, 16, 172.532621, 117, 122, 
trial0003980, 000600, AA, 3397, 24, 141.573736, ZIP, 3113, 16, 194.576896, 115, 116, 
trial0003981, 000600, AA, 5581, 24, 232.549052, ZIP, 2474, 16, 154.676422, 116, 127, 
trial0003982, 000600, AA, 6379, 24, 265.831257, ZIP, 1940, 16, 121.253114, 118, 119, 
trial0003983, 000600, AA, 6534, 24, 272.274216, ZIP, 1759, 16, 109.963676, 114, 127, 
trial0003984, 000600, AA, 3929, 24, 163.724049, ZIP, 3268, 16, 204.288927, 108, 108, 
trial0003985, 000600, AA, 6879, 24, 286.653533, ZIP, 1492, 16, 93.269700, 110, 117, 
trial0003986, 000600, AA, 5038, 24, 209.955792, ZIP, 2405, 16, 150.316311, 118, 120, 
trial0003987, 000600, AA, 5413, 24, 225.566041, ZIP, 2545, 16, 159.088439, 121, 122, 
trial0003988, 000600, AA, 5344, 24, 222.691621, ZIP, 2288, 16, 143.025069, 115, 121, 
trial0003989, 000600, AA, 5478, 24, 228.251105, ZIP, 2095, 16, 130.998343, 108, 112, 
trial0003990, 000600, AA, 5213, 24, 217.227615, ZIP, 2547, 16, 159.221077, 118, 119, 
trial0003991, 000600, AA, 4017, 24, 167.383059, ZIP, 3274, 16, 204.675412, 106, 113, 
trial0003992, 000600, AA, 4079, 24, 169.967263, ZIP, 2728, 16, 170.549106, 120, 123, 
trial0003993, 000600, AA, 6098, 24, 254.123831, ZIP, 1709, 16, 106.814254, 112, 119, 
trial0003994, 000600, AA, 6169, 24, 257.043893, ZIP, 2021, 16, 126.371660, 113, 113, 
trial0003995, 000600, AA, 4960, 24, 206.686203, ZIP, 2548, 16, 159.283195, 109, 113, 
trial0003996, 000600, AA, 4947, 24, 206.139331, ZIP, 2584, 16, 161.541003, 116, 120, 
trial0003997, 000600, AA, 5479, 24, 228.298202, ZIP, 2517, 16, 157.365197, 112, 124, 
trial0003998, 000600, AA, 5175, 24, 215.636278, ZIP, 2455, 16, 153.483083, 116, 122, 
trial0003999, 000600, AA, 3857, 24, 160.748545, ZIP, 2482, 16, 155.127183, 105, 109, 
trial0004000, 000600, AA, 4631, 24, 192.965126, ZIP, 2830, 16, 176.927311, 109, 114, 
