trial0002001, AA, 3826, 30, 127.533333, 7.900000, 0.000064, 0.000011, 0.000053, ZIP, 1467, 10, 146.700000, 10.900000, 0.000035, 0.000006, 0.000029, 
trial0002002, AA, 3981, 30, 132.700000, 9.133333, 0.000077, 0.000011, 0.000067, ZIP, 1418, 10, 141.800000, 9.000000, 0.000033, 0.000006, 0.000028, 
trial0002003, AA, 3052, 30, 101.733333, 8.133333, 0.000061, 0.000011, 0.000050, ZIP, 2264, 10, 226.400000, 11.600000, 0.000034, 0.000006, 0.000028, 
trial0002004, AA, 3474, 30, 115.800000, 8.733333, 0.000063, 0.000010, 0.000053, ZIP, 1808, 10, 180.800000, 8.700000, 0.000037, 0.000006, 0.000031, 
trial0002005, AA, 3447, 30, 114.900000, 8.300000, 0.000061, 0.000011, 0.000050, ZIP, 2211, 10, 221.100000, 9.300000, 0.000033, 0.000006, 0.000027, 
trial0002006, AA, 3171, 30, 105.700000, 8.100000, 0.000059, 0.000011, 0.000048, ZIP, 2119, 10, 211.900000, 11.300000, 0.000034, 0.000006, 0.000028, 
trial0002007, AA, 4811, 30, 160.366667, 9.900000, 0.000061, 0.000010, 0.000051, ZIP, 680, 10, 68.000000, 6.000000, 0.000032, 0.000006, 0.000026, 
trial0002008, AA, 3601, 30, 120.033333, 8.600000, 0.000051, 0.000010, 0.000041, ZIP, 1916, 10, 191.600000, 9.200000, 0.000032, 0.000006, 0.000026, 
trial0002009, AA, 3342, 30, 111.400000, 7.966667, 0.000064, 0.000011, 0.000053, ZIP, 1989, 10, 198.900000, 11.900000, 0.000033, 0.000006, 0.000027, 
trial0002010, AA, 3585, 30, 119.500000, 7.733333, 0.000064, 0.000010, 0.000053, ZIP, 1954, 10, 195.400000, 10.400000, 0.000032, 0.000006, 0.000026, 
trial0002011, AA, 3267, 30, 108.900000, 8.366667, 0.000055, 0.000010, 0.000044, ZIP, 2178, 10, 217.800000, 9.100000, 0.000032, 0.000006, 0.000026, 
trial0002012, AA, 3550, 30, 118.333333, 8.500000, 0.000060, 0.000011, 0.000049, ZIP, 1741, 10, 174.100000, 8.400000, 0.000033, 0.000006, 0.000027, 
trial0002013, AA, 3403, 30, 113.433333, 8.400000, 0.000064, 0.000010, 0.000053, ZIP, 1879, 10, 187.900000, 10.400000, 0.000034, 0.000006, 0.000028, 
trial0002014, AA, 3560, 30, 118.666667, 8.866667, 0.000061, 0.000011, 0.000049, ZIP, 1796, 10, 179.600000, 7.500000, 0.000033, 0.000006, 0.000027, 
trial0002015, AA, 3789, 30, 126.300000, 9.600000, 0.000060, 0.000010, 0.000050, ZIP, 1297, 10, 129.700000, 7.000000, 0.000032, 0.000005, 0.000027, 
trial0002016, AA, 3933, 30, 131.100000, 8.933333, 0.000061, 0.000010, 0.000051, ZIP, 1454, 10, 145.400000, 8.600000, 0.000033, 0.000006, 0.000027, 
trial0002017, AA, 4025, 30, 134.166667, 8.866667, 0.000064, 0.000010, 0.000054, ZIP, 1516, 10, 151.600000, 11.200000, 0.000034, 0.000006, 0.000028, 
trial0002018, AA, 3481, 30, 116.033333, 8.100000, 0.000063, 0.000010, 0.000053, ZIP, 2092, 10, 209.200000, 10.100000, 0.000035, 0.000006, 0.000029, 
trial0002019, AA, 4315, 30, 143.833333, 8.966667, 0.000058, 0.000011, 0.000048, ZIP, 1155, 10, 115.500000, 7.900000, 0.000034, 0.000006, 0.000028, 
trial0002020, AA, 4103, 30, 136.766667, 8.600000, 0.000059, 0.000010, 0.000049, ZIP, 1101, 10, 110.100000, 6.600000, 0.000032, 0.000006, 0.000026, 
trial0002021, AA, 3600, 30, 120.000000, 9.066667, 0.000054, 0.000010, 0.000044, ZIP, 1751, 10, 175.100000, 8.000000, 0.000035, 0.000006, 0.000029, 
trial0002022, AA, 3969, 30, 132.300000, 8.266667, 0.000051, 0.000010, 0.000041, ZIP, 1491, 10, 149.100000, 10.000000, 0.000033, 0.000006, 0.000027, 
trial0002023, AA, 4173, 30, 139.100000, 9.200000, 0.000049, 0.000011, 0.000038, ZIP, 1117, 10, 111.700000, 7.000000, 0.000034, 0.000006, 0.000028, 
trial0002024, AA, 4572, 30, 152.400000, 10.100000, 0.000068, 0.000010, 0.000058, ZIP, 706, 10, 70.600000, 4.500000, 0.000033, 0.000006, 0.000027, 
trial0002025, AA, 3189, 30, 106.300000, 8.666667, 0.000059, 0.000010, 0.000048, ZIP, 2122, 10, 212.200000, 10.200000, 0.000034, 0.000005, 0.000029, 
trial0002026, AA, 4003, 30, 133.433333, 9.600000, 0.000071, 0.000011, 0.000060, ZIP, 1320, 10, 132.000000, 7.400000, 0.000035, 0.000006, 0.000029, 
trial0002027, AA, 3950, 30, 131.666667, 8.733333, 0.000063, 0.000010, 0.000053, ZIP, 1439, 10, 143.900000, 8.800000, 0.000034, 0.000006, 0.000028, 
trial0002028, AA, 4222, 30, 140.733333, 8.633333, 0.000068, 0.000011, 0.000057, ZIP, 1349, 10, 134.900000, 10.500000, 0.000034, 0.000006, 0.000029, 
trial0002029, AA, 4555, 30, 151.833333, 9.133333, 0.000053, 0.000011, 0.000042, ZIP, 866, 10, 86.600000, 7.400000, 0.000035, 0.000006, 0.000029, 
trial0002030, AA, 4641, 30, 154.700000, 10.266667, 0.000062, 0.000011, 0.000051, ZIP, 833, 10, 83.300000, 5.800000, 0.000035, 0.000006, 0.000029, 
trial0002031, AA, 3332, 30, 111.066667, 8.233333, 0.000068, 0.000011, 0.000057, ZIP, 2081, 10, 208.100000, 9.300000, 0.000034, 0.000006, 0.000029, 
trial0002032, AA, 3912, 30, 130.400000, 9.333333, 0.000062, 0.000011, 0.000052, ZIP, 1423, 10, 142.300000, 8.600000, 0.000035, 0.000006, 0.000029, 
trial0002033, AA, 4593, 30, 153.100000, 9.333333, 0.000059, 0.000010, 0.000048, ZIP, 791, 10, 79.100000, 6.900000, 0.000031, 0.000006, 0.000025, 
trial0002034, AA, 3793, 30, 126.433333, 8.633333, 0.000068, 0.000011, 0.000056, ZIP, 1685, 10, 168.500000, 9.300000, 0.000033, 0.000006, 0.000027, 
trial0002035, AA, 3966, 30, 132.200000, 9.300000, 0.000053, 0.000011, 0.000042, ZIP, 1409, 10, 140.900000, 7.500000, 0.000034, 0.000006, 0.000029, 
trial0002036, AA, 3525, 30, 117.500000, 8.200000, 0.000065, 0.000011, 0.000054, ZIP, 1958, 10, 195.800000, 9.600000, 0.000032, 0.000006, 0.000026, 
trial0002037, AA, 4320, 30, 144.000000, 9.566667, 0.000061, 0.000010, 0.000051, ZIP, 1170, 10, 117.000000, 6.100000, 0.000034, 0.000006, 0.000028, 
trial0002038, AA, 4216, 30, 140.533333, 8.666667, 0.000071, 0.000010, 0.000061, ZIP, 1155, 10, 115.500000, 7.200000, 0.000033, 0.000006, 0.000027, 
trial0002039, AA, 3884, 30, 129.466667, 8.866667, 0.000061, 0.000011, 0.000050, ZIP, 1498, 10, 149.800000, 9.000000, 0.000033, 0.000006, 0.000027, 
trial0002040, AA, 3617, 30, 120.566667, 9.133333, 0.000056, 0.000011, 0.000045, ZIP, 1709, 10, 170.900000, 10.400000, 0.000035, 0.000006, 0.000029, 
trial0002041, AA, 4174, 30, 139.133333, 9.833333, 0.000057, 0.000010, 0.000047, ZIP, 1334, 10, 133.400000, 5.500000, 0.000033, 0.000006, 0.000027, 
trial0002042, AA, 4132, 30, 137.733333, 9.666667, 0.000064, 0.000011, 0.000054, ZIP, 1276, 10, 127.600000, 6.700000, 0.000033, 0.000006, 0.000027, 
trial0002043, AA, 3511, 30, 117.033333, 8.966667, 0.000060, 0.000010, 0.000050, ZIP, 1935, 10, 193.500000, 7.700000, 0.000031, 0.000005, 0.000026, 
trial0002044, AA, 3532, 30, 117.733333, 8.400000, 0.000056, 0.000010, 0.000046, ZIP, 1792, 10, 179.200000, 10.400000, 0.000034, 0.000006, 0.000029, 
trial0002045, AA, 4083, 30, 136.100000, 9.133333, 0.000060, 0.000010, 0.000050, ZIP, 1267, 10, 126.700000, 7.200000, 0.000034, 0.000006, 0.000028, 
trial0002046, AA, 4181, 30, 139.366667, 9.400000, 0.000054, 0.000010, 0.000044, ZIP, 1330, 10, 133.000000, 6.200000, 0.000034, 0.000006, 0.000029, 
trial0002047, AA, 3736, 30, 124.533333, 8.500000, 0.000063, 0.000010, 0.000053, ZIP, 1668, 10, 166.800000, 9.500000, 0.000033, 0.000006, 0.000027, 
trial0002048, AA, 3958, 30, 131.933333, 9.100000, 0.000055, 0.000010, 0.000045, ZIP, 1140, 10, 114.000000, 7.500000, 0.000034, 0.000006, 0.000028, 
trial0002049, AA, 4082, 30, 136.066667, 8.966667, 0.000057, 0.000011, 0.000046, ZIP, 1348, 10, 134.800000, 8.100000, 0.000033, 0.000006, 0.000028, 
trial0002050, AA, 3478, 30, 115.933333, 7.600000, 0.000064, 0.000011, 0.000053, ZIP, 1830, 10, 183.000000, 11.600000, 0.000033, 0.000006, 0.000027, 
trial0002051, AA, 3693, 30, 123.100000, 8.300000, 0.000059, 0.000011, 0.000048, ZIP, 1813, 10, 181.300000, 8.400000, 0.000032, 0.000006, 0.000027, 
trial0002052, AA, 3816, 30, 127.200000, 8.600000, 0.000055, 0.000011, 0.000043, ZIP, 1512, 10, 151.200000, 10.200000, 0.000034, 0.000006, 0.000028, 
trial0002053, AA, 4908, 30, 163.600000, 10.066667, 0.000063, 0.000010, 0.000053, ZIP, 492, 10, 49.200000, 4.600000, 0.000033, 0.000006, 0.000027, 
trial0002054, AA, 4279, 30, 142.633333, 9.366667, 0.000060, 0.000011, 0.000049, ZIP, 1152, 10, 115.200000, 7.500000, 0.000033, 0.000006, 0.000028, 
trial0002055, AA, 4330, 30, 144.333333, 9.033333, 0.000054, 0.000010, 0.000043, ZIP, 903, 10, 90.300000, 6.500000, 0.000031, 0.000006, 0.000025, 
trial0002056, AA, 3325, 30, 110.833333, 7.900000, 0.000050, 0.000010, 0.000040, ZIP, 2018, 10, 201.800000, 10.500000, 0.000031, 0.000006, 0.000025, 
trial0002057, AA, 3999, 30, 133.300000, 8.366667, 0.000065, 0.000011, 0.000055, ZIP, 1489, 10, 148.900000, 9.500000, 0.000032, 0.000006, 0.000026, 
trial0002058, AA, 3364, 30, 112.133333, 9.233333, 0.000058, 0.000011, 0.000047, ZIP, 2275, 10, 227.500000, 7.900000, 0.000032, 0.000006, 0.000027, 
trial0002059, AA, 4758, 30, 158.600000, 10.100000, 0.000069, 0.000010, 0.000059, ZIP, 498, 10, 49.800000, 6.500000, 0.000034, 0.000006, 0.000029, 
trial0002060, AA, 4198, 30, 139.933333, 10.100000, 0.000058, 0.000010, 0.000048, ZIP, 1255, 10, 125.500000, 6.500000, 0.000035, 0.000006, 0.000029, 
trial0002061, AA, 4072, 30, 135.733333, 8.733333, 0.000068, 0.000011, 0.000058, ZIP, 1252, 10, 125.200000, 8.000000, 0.000034, 0.000006, 0.000028, 
trial0002062, AA, 4137, 30, 137.900000, 9.066667, 0.000061, 0.000011, 0.000050, ZIP, 1131, 10, 113.100000, 7.800000, 0.000032, 0.000006, 0.000026, 
trial0002063, AA, 3752, 30, 125.066667, 8.600000, 0.000060, 0.000010, 0.000051, ZIP, 1829, 10, 182.900000, 7.600000, 0.000032, 0.000006, 0.000027, 
trial0002064, AA, 3325, 30, 110.833333, 8.333333, 0.000057, 0.000010, 0.000047, ZIP, 2044, 10, 204.400000, 10.800000, 0.000033, 0.000006, 0.000027, 
trial0002065, AA, 3791, 30, 126.366667, 10.400000, 0.000068, 0.000010, 0.000058, ZIP, 1580, 10, 158.000000, 7.800000, 0.000036, 0.000005, 0.000031, 
trial0002066, AA, 3125, 30, 104.166667, 7.166667, 0.000055, 0.000010, 0.000045, ZIP, 2254, 10, 225.400000, 12.100000, 0.000033, 0.000006, 0.000027, 
trial0002067, AA, 3305, 30, 110.166667, 8.466667, 0.000064, 0.000011, 0.000053, ZIP, 2211, 10, 221.100000, 11.000000, 0.000034, 0.000006, 0.000028, 
trial0002068, AA, 3641, 30, 121.366667, 9.300000, 0.000061, 0.000010, 0.000051, ZIP, 1729, 10, 172.900000, 6.500000, 0.000034, 0.000006, 0.000028, 
trial0002069, AA, 3748, 30, 124.933333, 8.300000, 0.000056, 0.000011, 0.000045, ZIP, 1791, 10, 179.100000, 9.300000, 0.000035, 0.000006, 0.000029, 
trial0002070, AA, 4579, 30, 152.633333, 10.066667, 0.000049, 0.000011, 0.000038, ZIP, 931, 10, 93.100000, 4.800000, 0.000033, 0.000006, 0.000027, 
trial0002071, AA, 4508, 30, 150.266667, 10.033333, 0.000061, 0.000011, 0.000050, ZIP, 969, 10, 96.900000, 7.900000, 0.000035, 0.000006, 0.000029, 
trial0002072, AA, 3605, 30, 120.166667, 8.600000, 0.000066, 0.000010, 0.000056, ZIP, 1732, 10, 173.200000, 8.000000, 0.000032, 0.000006, 0.000027, 
trial0002073, AA, 3785, 30, 126.166667, 8.000000, 0.000057, 0.000010, 0.000047, ZIP, 1625, 10, 162.500000, 10.000000, 0.000032, 0.000006, 0.000026, 
trial0002074, AA, 3993, 30, 133.100000, 9.033333, 0.000067, 0.000011, 0.000057, ZIP, 1269, 10, 126.900000, 6.900000, 0.000032, 0.000006, 0.000026, 
trial0002075, AA, 3905, 30, 130.166667, 8.900000, 0.000058, 0.000011, 0.000047, ZIP, 1471, 10, 147.100000, 9.100000, 0.000033, 0.000006, 0.000028, 
trial0002076, AA, 4399, 30, 146.633333, 9.900000, 0.000067, 0.000010, 0.000056, ZIP, 1116, 10, 111.600000, 5.900000, 0.000034, 0.000006, 0.000029, 
trial0002077, AA, 4244, 30, 141.466667, 10.133333, 0.000062, 0.000010, 0.000052, ZIP, 924, 10, 92.400000, 5.800000, 0.000033, 0.000006, 0.000027, 
trial0002078, AA, 3543, 30, 118.100000, 8.133333, 0.000054, 0.000010, 0.000043, ZIP, 1995, 10, 199.500000, 10.200000, 0.000034, 0.000006, 0.000028, 
trial0002079, AA, 3998, 30, 133.266667, 9.500000, 0.000051, 0.000010, 0.000040, ZIP, 1356, 10, 135.600000, 6.300000, 0.000032, 0.000006, 0.000026, 
trial0002080, AA, 3316, 30, 110.533333, 8.333333, 0.000067, 0.000010, 0.000057, ZIP, 2205, 10, 220.500000, 9.400000, 0.000032, 0.000005, 0.000026, 
trial0002081, AA, 4359, 30, 145.300000, 8.966667, 0.000057, 0.000010, 0.000047, ZIP, 953, 10, 95.300000, 7.700000, 0.000032, 0.000006, 0.000027, 
trial0002082, AA, 4312, 30, 143.733333, 8.933333, 0.000065, 0.000011, 0.000054, ZIP, 934, 10, 93.400000, 8.100000, 0.000035, 0.000006, 0.000029, 
trial0002083, AA, 4108, 30, 136.933333, 9.033333, 0.000059, 0.000010, 0.000048, ZIP, 869, 10, 86.900000, 6.700000, 0.000049, 0.000006, 0.000043, 
trial0002084, AA, 2994, 30, 99.800000, 6.433333, 0.000339, 0.000010, 0.000328, ZIP, 746, 10, 74.600000, 5.900000, 0.000044, 0.000014, 0.000031, 
trial0002085, AA, 3158, 30, 105.266667, 6.766667, 0.000054, 0.000011, 0.000044, ZIP, 1317, 10, 131.700000, 7.700000, 0.000045, 0.000006, 0.000038, 
trial0002086, AA, 3446, 30, 114.866667, 7.033333, 0.000064, 0.000010, 0.000054, ZIP, 1685, 10, 168.500000, 10.300000, 0.000031, 0.000006, 0.000025, 
trial0002087, AA, 3896, 30, 129.866667, 9.166667, 0.000053, 0.000010, 0.000044, ZIP, 1302, 10, 130.200000, 5.900000, 0.000032, 0.000006, 0.000026, 
trial0002088, AA, 4594, 30, 153.133333, 9.233333, 0.000059, 0.000010, 0.000048, ZIP, 723, 10, 72.300000, 8.200000, 0.000035, 0.000006, 0.000029, 
trial0002089, AA, 3298, 30, 109.933333, 7.966667, 0.000058, 0.000010, 0.000048, ZIP, 2228, 10, 222.800000, 10.300000, 0.000032, 0.000006, 0.000027, 
trial0002090, AA, 4256, 30, 141.866667, 8.266667, 0.000047, 0.000010, 0.000037, ZIP, 1182, 10, 118.200000, 9.000000, 0.000030, 0.000006, 0.000025, 
trial0002091, AA, 3713, 30, 123.766667, 8.066667, 0.000055, 0.000010, 0.000044, ZIP, 1515, 10, 151.500000, 9.800000, 0.000032, 0.000006, 0.000026, 
trial0002092, AA, 3699, 30, 123.300000, 7.866667, 0.000066, 0.000010, 0.000056, ZIP, 1805, 10, 180.500000, 12.200000, 0.000035, 0.000006, 0.000030, 
trial0002093, AA, 4432, 30, 147.733333, 9.366667, 0.000055, 0.000010, 0.000045, ZIP, 971, 10, 97.100000, 6.700000, 0.000034, 0.000006, 0.000028, 
trial0002094, AA, 4332, 30, 144.400000, 9.733333, 0.000055, 0.000011, 0.000044, ZIP, 977, 10, 97.700000, 6.200000, 0.000033, 0.000006, 0.000027, 
trial0002095, AA, 3756, 30, 125.200000, 8.733333, 0.000056, 0.000010, 0.000046, ZIP, 1743, 10, 174.300000, 8.600000, 0.000032, 0.000006, 0.000026, 
trial0002096, AA, 3032, 30, 101.066667, 7.900000, 0.000063, 0.000010, 0.000052, ZIP, 2158, 10, 215.800000, 9.000000, 0.000032, 0.000006, 0.000026, 
trial0002097, AA, 3986, 30, 132.866667, 8.533333, 0.000063, 0.000010, 0.000053, ZIP, 1538, 10, 153.800000, 8.600000, 0.000032, 0.000006, 0.000027, 
trial0002098, AA, 2950, 30, 98.333333, 7.566667, 0.000047, 0.000010, 0.000037, ZIP, 2306, 10, 230.600000, 10.300000, 0.000031, 0.000006, 0.000025, 
trial0002099, AA, 3786, 30, 126.200000, 7.733333, 0.000068, 0.000010, 0.000057, ZIP, 1636, 10, 163.600000, 10.400000, 0.000033, 0.000006, 0.000027, 
trial0002100, AA, 3955, 30, 131.833333, 9.366667, 0.000060, 0.000010, 0.000049, ZIP, 1465, 10, 146.500000, 7.300000, 0.000036, 0.000006, 0.000030, 
trial0002101, AA, 8164, 30, 272.133333, 8.366667, 0.000051, 0.000010, 0.000040, ZIP, 3203, 10, 320.300000, 10.300000, 0.000033, 0.000006, 0.000027, 
trial0002102, AA, 8568, 30, 285.600000, 9.233333, 0.000061, 0.000010, 0.000051, ZIP, 2576, 10, 257.600000, 9.100000, 0.000035, 0.000006, 0.000029, 
trial0002103, AA, 9435, 30, 314.500000, 8.900000, 0.000043, 0.000010, 0.000033, ZIP, 2069, 10, 206.900000, 6.700000, 0.000032, 0.000006, 0.000027, 
trial0002104, AA, 10209, 30, 340.300000, 10.000000, 0.000052, 0.000011, 0.000041, ZIP, 1076, 10, 107.600000, 5.400000, 0.000036, 0.000006, 0.000030, 
trial0002105, AA, 8987, 30, 299.566667, 8.466667, 0.000047, 0.000010, 0.000037, ZIP, 2533, 10, 253.300000, 7.400000, 0.000034, 0.000006, 0.000028, 
trial0002106, AA, 10175, 30, 339.166667, 9.733333, 0.000043, 0.000010, 0.000033, ZIP, 1256, 10, 125.600000, 5.000000, 0.000033, 0.000006, 0.000027, 
trial0002107, AA, 9106, 30, 303.533333, 8.900000, 0.000045, 0.000010, 0.000035, ZIP, 2410, 10, 241.000000, 6.300000, 0.000033, 0.000006, 0.000027, 
trial0002108, AA, 8603, 30, 286.766667, 8.466667, 0.000057, 0.000011, 0.000046, ZIP, 2679, 10, 267.900000, 8.000000, 0.000032, 0.000005, 0.000027, 
trial0002109, AA, 5342, 30, 178.066667, 7.200000, 0.000057, 0.000010, 0.000047, ZIP, 5834, 10, 583.400000, 13.800000, 0.000033, 0.000006, 0.000027, 
trial0002110, AA, 8426, 30, 280.866667, 9.300000, 0.000055, 0.000011, 0.000044, ZIP, 2779, 10, 277.900000, 8.100000, 0.000035, 0.000005, 0.000029, 
trial0002111, AA, 7819, 30, 260.633333, 8.433333, 0.000058, 0.000011, 0.000047, ZIP, 3252, 10, 325.200000, 10.700000, 0.000036, 0.000006, 0.000030, 
trial0002112, AA, 7608, 30, 253.600000, 7.933333, 0.000066, 0.000011, 0.000055, ZIP, 3705, 10, 370.500000, 11.400000, 0.000033, 0.000005, 0.000028, 
trial0002113, AA, 8285, 30, 276.166667, 8.900000, 0.000051, 0.000011, 0.000041, ZIP, 2788, 10, 278.800000, 8.300000, 0.000036, 0.000006, 0.000030, 
trial0002114, AA, 8760, 30, 292.000000, 9.666667, 0.000046, 0.000010, 0.000036, ZIP, 2568, 10, 256.800000, 5.800000, 0.000032, 0.000006, 0.000027, 
trial0002115, AA, 7400, 30, 246.666667, 8.733333, 0.000058, 0.000010, 0.000048, ZIP, 3815, 10, 381.500000, 9.200000, 0.000034, 0.000006, 0.000029, 
trial0002116, AA, 7751, 30, 258.366667, 7.300000, 0.000060, 0.000011, 0.000049, ZIP, 3629, 10, 362.900000, 12.500000, 0.000033, 0.000006, 0.000027, 
trial0002117, AA, 9509, 30, 316.966667, 9.233333, 0.000060, 0.000011, 0.000049, ZIP, 1907, 10, 190.700000, 7.700000, 0.000034, 0.000006, 0.000028, 
trial0002118, AA, 9266, 30, 308.866667, 9.666667, 0.000065, 0.000010, 0.000055, ZIP, 1759, 10, 175.900000, 8.800000, 0.000037, 0.000006, 0.000031, 
trial0002119, AA, 10218, 30, 340.600000, 9.866667, 0.000050, 0.000011, 0.000039, ZIP, 1131, 10, 113.100000, 3.600000, 0.000032, 0.000006, 0.000027, 
trial0002120, AA, 8166, 30, 272.200000, 8.066667, 0.000057, 0.000010, 0.000047, ZIP, 3407, 10, 340.700000, 10.400000, 0.000032, 0.000006, 0.000026, 
trial0002121, AA, 8962, 30, 298.733333, 8.666667, 0.000044, 0.000011, 0.000034, ZIP, 2187, 10, 218.700000, 10.600000, 0.000034, 0.000006, 0.000028, 
trial0002122, AA, 8549, 30, 284.966667, 9.133333, 0.000051, 0.000011, 0.000040, ZIP, 2840, 10, 284.000000, 7.400000, 0.000032, 0.000005, 0.000027, 
trial0002123, AA, 7875, 30, 262.500000, 7.966667, 0.000054, 0.000011, 0.000043, ZIP, 3545, 10, 354.500000, 10.800000, 0.000032, 0.000005, 0.000027, 
trial0002124, AA, 6325, 30, 210.833333, 7.233333, 0.000050, 0.000010, 0.000040, ZIP, 5365, 10, 536.500000, 11.300000, 0.000031, 0.000006, 0.000025, 
trial0002125, AA, 9704, 30, 323.466667, 9.600000, 0.000046, 0.000011, 0.000036, ZIP, 1752, 10, 175.200000, 5.800000, 0.000033, 0.000006, 0.000027, 
trial0002126, AA, 7821, 30, 260.700000, 8.066667, 0.000056, 0.000010, 0.000046, ZIP, 3547, 10, 354.700000, 10.200000, 0.000032, 0.000006, 0.000027, 
trial0002127, AA, 9454, 30, 315.133333, 9.400000, 0.000059, 0.000010, 0.000049, ZIP, 1615, 10, 161.500000, 7.600000, 0.000034, 0.000006, 0.000028, 
trial0002128, AA, 7568, 30, 252.266667, 8.466667, 0.000051, 0.000011, 0.000041, ZIP, 3742, 10, 374.200000, 9.400000, 0.000034, 0.000006, 0.000028, 
trial0002129, AA, 8772, 30, 292.400000, 8.533333, 0.000051, 0.000010, 0.000041, ZIP, 2287, 10, 228.700000, 9.400000, 0.000032, 0.000006, 0.000027, 
trial0002130, AA, 9275, 30, 309.166667, 9.833333, 0.000058, 0.000011, 0.000047, ZIP, 1900, 10, 190.000000, 5.300000, 0.000034, 0.000006, 0.000028, 
trial0002131, AA, 10096, 30, 336.533333, 9.666667, 0.000056, 0.000014, 0.000042, ZIP, 1071, 10, 107.100000, 5.400000, 0.000034, 0.000006, 0.000029, 
trial0002132, AA, 6960, 30, 232.000000, 8.166667, 0.000051, 0.000010, 0.000041, ZIP, 4311, 10, 431.100000, 9.100000, 0.000034, 0.000006, 0.000028, 
trial0002133, AA, 8043, 30, 268.100000, 9.400000, 0.000058, 0.000010, 0.000048, ZIP, 2841, 10, 284.100000, 6.900000, 0.000034, 0.000006, 0.000028, 
trial0002134, AA, 6947, 30, 231.566667, 8.666667, 0.000059, 0.000010, 0.000048, ZIP, 4113, 10, 411.300000, 9.800000, 0.000033, 0.000006, 0.000027, 
trial0002135, AA, 7547, 30, 251.566667, 7.300000, 0.000055, 0.000010, 0.000045, ZIP, 3596, 10, 359.600000, 11.100000, 0.000033, 0.000006, 0.000028, 
trial0002136, AA, 6873, 30, 229.100000, 7.400000, 0.000063, 0.000010, 0.000052, ZIP, 4441, 10, 444.100000, 11.400000, 0.000033, 0.000006, 0.000027, 
trial0002137, AA, 7380, 30, 246.000000, 8.400000, 0.000062, 0.000011, 0.000051, ZIP, 3820, 10, 382.000000, 9.800000, 0.000035, 0.000006, 0.000029, 
trial0002138, AA, 8017, 30, 267.233333, 8.800000, 0.000055, 0.000011, 0.000044, ZIP, 2996, 10, 299.600000, 8.400000, 0.000034, 0.000006, 0.000028, 
trial0002139, AA, 8626, 30, 287.533333, 8.833333, 0.000046, 0.000010, 0.000036, ZIP, 2711, 10, 271.100000, 6.100000, 0.000033, 0.000006, 0.000027, 
trial0002140, AA, 9570, 30, 319.000000, 10.033333, 0.000065, 0.000010, 0.000054, ZIP, 888, 10, 88.800000, 8.700000, 0.000037, 0.000006, 0.000031, 
trial0002141, AA, 6728, 30, 224.266667, 7.966667, 0.000052, 0.000011, 0.000042, ZIP, 4347, 10, 434.700000, 11.300000, 0.000036, 0.000006, 0.000030, 
trial0002142, AA, 7687, 30, 256.233333, 7.733333, 0.000058, 0.000010, 0.000048, ZIP, 3841, 10, 384.100000, 10.400000, 0.000032, 0.000006, 0.000026, 
trial0002143, AA, 7307, 30, 243.566667, 8.200000, 0.000052, 0.000011, 0.000041, ZIP, 3931, 10, 393.100000, 11.000000, 0.000035, 0.000006, 0.000029, 
trial0002144, AA, 9067, 30, 302.233333, 9.700000, 0.000052, 0.000010, 0.000042, ZIP, 2068, 10, 206.800000, 6.600000, 0.000035, 0.000006, 0.000029, 
trial0002145, AA, 7454, 30, 248.466667, 9.466667, 0.000061, 0.000011, 0.000050, ZIP, 3683, 10, 368.300000, 9.400000, 0.000036, 0.000006, 0.000030, 
trial0002146, AA, 6842, 30, 228.066667, 7.933333, 0.000048, 0.000010, 0.000037, ZIP, 4114, 10, 411.400000, 10.200000, 0.000033, 0.000005, 0.000027, 
trial0002147, AA, 8464, 30, 282.133333, 8.100000, 0.000042, 0.000011, 0.000031, ZIP, 3065, 10, 306.500000, 9.100000, 0.000034, 0.000006, 0.000028, 
trial0002148, AA, 8351, 30, 278.366667, 7.866667, 0.000057, 0.000011, 0.000047, ZIP, 3014, 10, 301.400000, 10.800000, 0.000034, 0.000006, 0.000028, 
trial0002149, AA, 8169, 30, 272.300000, 8.733333, 0.000054, 0.000011, 0.000044, ZIP, 2961, 10, 296.100000, 9.600000, 0.000033, 0.000006, 0.000028, 
trial0002150, AA, 9140, 30, 304.666667, 8.766667, 0.000048, 0.000011, 0.000037, ZIP, 2420, 10, 242.000000, 8.300000, 0.000034, 0.000006, 0.000028, 
trial0002151, AA, 7629, 30, 254.300000, 9.866667, 0.000067, 0.000011, 0.000056, ZIP, 3048, 10, 304.800000, 9.200000, 0.000037, 0.000006, 0.000031, 
trial0002152, AA, 7231, 30, 241.033333, 6.633333, 0.000050, 0.000010, 0.000040, ZIP, 3953, 10, 395.300000, 13.300000, 0.000036, 0.000006, 0.000030, 
trial0002153, AA, 9493, 30, 316.433333, 9.633333, 0.000058, 0.000011, 0.000047, ZIP, 1830, 10, 183.000000, 6.700000, 0.000037, 0.000006, 0.000031, 
trial0002154, AA, 8187, 30, 272.900000, 8.233333, 0.000054, 0.000010, 0.000044, ZIP, 3033, 10, 303.300000, 9.100000, 0.000034, 0.000006, 0.000028, 
trial0002155, AA, 7433, 30, 247.766667, 8.100000, 0.000051, 0.000011, 0.000040, ZIP, 4045, 10, 404.500000, 9.300000, 0.000031, 0.000005, 0.000026, 
trial0002156, AA, 9551, 30, 318.366667, 9.666667, 0.000050, 0.000011, 0.000039, ZIP, 1804, 10, 180.400000, 7.600000, 0.000034, 0.000006, 0.000028, 
trial0002157, AA, 6660, 30, 222.000000, 7.966667, 0.000050, 0.000010, 0.000040, ZIP, 4588, 10, 458.800000, 9.300000, 0.000032, 0.000006, 0.000026, 
trial0002158, AA, 7766, 30, 258.866667, 8.466667, 0.000046, 0.000010, 0.000036, ZIP, 3636, 10, 363.600000, 9.000000, 0.000035, 0.000006, 0.000029, 
trial0002159, AA, 7788, 30, 259.600000, 9.033333, 0.000054, 0.000010, 0.000044, ZIP, 3357, 10, 335.700000, 8.900000, 0.000036, 0.000006, 0.000030, 
trial0002160, AA, 7029, 30, 234.300000, 8.266667, 0.000056, 0.000010, 0.000046, ZIP, 4231, 10, 423.100000, 9.600000, 0.000035, 0.000006, 0.000029, 
trial0002161, AA, 9908, 30, 330.266667, 9.366667, 0.000057, 0.000010, 0.000047, ZIP, 1558, 10, 155.800000, 6.300000, 0.000033, 0.000006, 0.000027, 
trial0002162, AA, 6596, 30, 219.866667, 8.433333, 0.000055, 0.000010, 0.000045, ZIP, 4562, 10, 456.200000, 9.700000, 0.000034, 0.000006, 0.000028, 
trial0002163, AA, 8217, 30, 273.900000, 8.333333, 0.000048, 0.000011, 0.000037, ZIP, 3148, 10, 314.800000, 9.200000, 0.000033, 0.000005, 0.000027, 
trial0002164, AA, 9953, 30, 331.766667, 9.033333, 0.000051, 0.000011, 0.000041, ZIP, 1232, 10, 123.200000, 8.500000, 0.000034, 0.000006, 0.000029, 
trial0002165, AA, 7533, 30, 251.100000, 7.500000, 0.000052, 0.000010, 0.000041, ZIP, 3846, 10, 384.600000, 10.100000, 0.000032, 0.000006, 0.000027, 
trial0002166, AA, 9528, 30, 317.600000, 8.600000, 0.000056, 0.000010, 0.000046, ZIP, 1813, 10, 181.300000, 10.000000, 0.000033, 0.000006, 0.000028, 
trial0002167, AA, 7066, 30, 235.533333, 7.566667, 0.000057, 0.000010, 0.000047, ZIP, 4049, 10, 404.900000, 12.000000, 0.000036, 0.000006, 0.000029, 
trial0002168, AA, 8129, 30, 270.966667, 9.200000, 0.000049, 0.000011, 0.000038, ZIP, 3117, 10, 311.700000, 7.600000, 0.000033, 0.000005, 0.000028, 
trial0002169, AA, 8474, 30, 282.466667, 8.900000, 0.000055, 0.000011, 0.000044, ZIP, 2800, 10, 280.000000, 8.200000, 0.000032, 0.000006, 0.000027, 
trial0002170, AA, 8470, 30, 282.333333, 8.166667, 0.000057, 0.000010, 0.000047, ZIP, 2962, 10, 296.200000, 10.900000, 0.000034, 0.000006, 0.000029, 
trial0002171, AA, 8431, 30, 281.033333, 9.166667, 0.000057, 0.000010, 0.000046, ZIP, 2969, 10, 296.900000, 8.100000, 0.000034, 0.000006, 0.000028, 
trial0002172, AA, 8471, 30, 282.366667, 8.166667, 0.000053, 0.000011, 0.000042, ZIP, 2984, 10, 298.400000, 10.100000, 0.000035, 0.000005, 0.000029, 
trial0002173, AA, 9733, 30, 324.433333, 9.466667, 0.000057, 0.000011, 0.000046, ZIP, 1547, 10, 154.700000, 6.400000, 0.000035, 0.000006, 0.000029, 
trial0002174, AA, 7441, 30, 248.033333, 8.466667, 0.000056, 0.000011, 0.000045, ZIP, 3921, 10, 392.100000, 10.800000, 0.000035, 0.000006, 0.000029, 
trial0002175, AA, 7986, 30, 266.200000, 8.466667, 0.000055, 0.000010, 0.000045, ZIP, 3169, 10, 316.900000, 9.800000, 0.000034, 0.000006, 0.000029, 
trial0002176, AA, 9101, 30, 303.366667, 8.933333, 0.000047, 0.000010, 0.000037, ZIP, 2457, 10, 245.700000, 7.000000, 0.000033, 0.000006, 0.000027, 
trial0002177, AA, 8095, 30, 269.833333, 8.533333, 0.000053, 0.000011, 0.000042, ZIP, 3181, 10, 318.100000, 8.000000, 0.000033, 0.000006, 0.000027, 
trial0002178, AA, 8928, 30, 297.600000, 9.700000, 0.000054, 0.000011, 0.000043, ZIP, 2299, 10, 229.900000, 5.500000, 0.000034, 0.000006, 0.000028, 
trial0002179, AA, 7952, 30, 265.066667, 9.200000, 0.000057, 0.000010, 0.000047, ZIP, 3370, 10, 337.000000, 8.000000, 0.000034, 0.000006, 0.000029, 
trial0002180, AA, 9170, 30, 305.666667, 8.966667, 0.000052, 0.000010, 0.000042, ZIP, 2311, 10, 231.100000, 7.100000, 0.000033, 0.000006, 0.000028, 
trial0002181, AA, 7279, 30, 242.633333, 9.166667, 0.000058, 0.000010, 0.000048, ZIP, 3752, 10, 375.200000, 8.300000, 0.000033, 0.000005, 0.000028, 
trial0002182, AA, 8259, 30, 275.300000, 9.333333, 0.000050, 0.000011, 0.000039, ZIP, 3135, 10, 313.500000, 6.800000, 0.000033, 0.000006, 0.000027, 
trial0002183, AA, 8943, 30, 298.100000, 9.033333, 0.000057, 0.000010, 0.000047, ZIP, 2418, 10, 241.800000, 7.700000, 0.000034, 0.000006, 0.000028, 
trial0002184, AA, 7862, 30, 262.066667, 7.566667, 0.000057, 0.000011, 0.000046, ZIP, 3681, 10, 368.100000, 10.700000, 0.000033, 0.000006, 0.000028, 
trial0002185, AA, 9033, 30, 301.100000, 8.966667, 0.000041, 0.000010, 0.000031, ZIP, 2427, 10, 242.700000, 5.900000, 0.000032, 0.000006, 0.000027, 
trial0002186, AA, 7759, 30, 258.633333, 8.366667, 0.000041, 0.000010, 0.000031, ZIP, 3419, 10, 341.900000, 9.300000, 0.000033, 0.000006, 0.000028, 
trial0002187, AA, 8517, 30, 283.900000, 9.266667, 0.000059, 0.000011, 0.000048, ZIP, 2641, 10, 264.100000, 8.000000, 0.000049, 0.000006, 0.000043, 
trial0002188, AA, 7249, 30, 241.633333, 8.466667, 0.000053, 0.000010, 0.000043, ZIP, 3726, 10, 372.600000, 10.600000, 0.000035, 0.000006, 0.000029, 
trial0002189, AA, 9141, 30, 304.700000, 9.166667, 0.000053, 0.000011, 0.000042, ZIP, 2181, 10, 218.100000, 7.500000, 0.000032, 0.000005, 0.000027, 
trial0002190, AA, 5886, 30, 196.200000, 7.266667, 0.000052, 0.000010, 0.000042, ZIP, 5656, 10, 565.600000, 12.800000, 0.000034, 0.000006, 0.000029, 
trial0002191, AA, 7616, 30, 253.866667, 8.200000, 0.000052, 0.000011, 0.000042, ZIP, 3956, 10, 395.600000, 10.000000, 0.000033, 0.000006, 0.000027, 
trial0002192, AA, 7911, 30, 263.700000, 9.233333, 0.000060, 0.000011, 0.000049, ZIP, 3275, 10, 327.500000, 6.700000, 0.000033, 0.000006, 0.000027, 
trial0002193, AA, 8754, 30, 291.800000, 9.000000, 0.000043, 0.000010, 0.000032, ZIP, 2884, 10, 288.400000, 6.800000, 0.000033, 0.000006, 0.000027, 
trial0002194, AA, 7213, 30, 240.433333, 7.566667, 0.000048, 0.000011, 0.000037, ZIP, 4293, 10, 429.300000, 11.300000, 0.000032, 0.000005, 0.000027, 
trial0002195, AA, 7393, 30, 246.433333, 7.466667, 0.000052, 0.000010, 0.000041, ZIP, 4157, 10, 415.700000, 11.200000, 0.000033, 0.000006, 0.000027, 
trial0002196, AA, 6816, 30, 227.200000, 7.866667, 0.000053, 0.000010, 0.000043, ZIP, 4378, 10, 437.800000, 11.200000, 0.000033, 0.000006, 0.000028, 
trial0002197, AA, 7501, 30, 250.033333, 7.933333, 0.000047, 0.000011, 0.000036, ZIP, 3862, 10, 386.200000, 10.400000, 0.000033, 0.000006, 0.000027, 
trial0002198, AA, 7941, 30, 264.700000, 8.700000, 0.000056, 0.000010, 0.000046, ZIP, 3446, 10, 344.600000, 9.500000, 0.000034, 0.000006, 0.000029, 
trial0002199, AA, 9324, 30, 310.800000, 9.200000, 0.000056, 0.000011, 0.000045, ZIP, 1811, 10, 181.100000, 8.800000, 0.000034, 0.000006, 0.000029, 
trial0002200, AA, 8271, 30, 275.700000, 9.500000, 0.000066, 0.000010, 0.000056, ZIP, 2965, 10, 296.500000, 8.500000, 0.000036, 0.000006, 0.000030, 
trial0002201, AA, 4029, 30, 134.300000, 7.700000, 0.000054, 0.000010, 0.000044, ZIP, 2461, 10, 246.100000, 11.300000, 0.000033, 0.000006, 0.000027, 
trial0002202, AA, 4720, 30, 157.333333, 8.966667, 0.000050, 0.000010, 0.000040, ZIP, 1786, 10, 178.600000, 8.100000, 0.000033, 0.000006, 0.000027, 
trial0002203, AA, 4143, 30, 138.100000, 9.133333, 0.000057, 0.000011, 0.000046, ZIP, 2239, 10, 223.900000, 8.400000, 0.000032, 0.000006, 0.000027, 
trial0002204, AA, 2881, 30, 96.033333, 8.033333, 0.000059, 0.000011, 0.000049, ZIP, 3615, 10, 361.500000, 10.500000, 0.000034, 0.000006, 0.000028, 
trial0002205, AA, 4410, 30, 147.000000, 8.400000, 0.000057, 0.000011, 0.000046, ZIP, 2004, 10, 200.400000, 10.600000, 0.000035, 0.000006, 0.000029, 
trial0002206, AA, 3840, 30, 128.000000, 7.966667, 0.000065, 0.000011, 0.000054, ZIP, 2375, 10, 237.500000, 11.100000, 0.000031, 0.000006, 0.000026, 
trial0002207, AA, 4078, 30, 135.933333, 8.266667, 0.000058, 0.000010, 0.000048, ZIP, 2240, 10, 224.000000, 11.400000, 0.000034, 0.000006, 0.000028, 
trial0002208, AA, 4450, 30, 148.333333, 8.866667, 0.000049, 0.000011, 0.000039, ZIP, 1877, 10, 187.700000, 8.000000, 0.000034, 0.000006, 0.000028, 
trial0002209, AA, 3719, 30, 123.966667, 9.333333, 0.000056, 0.000011, 0.000046, ZIP, 2570, 10, 257.000000, 8.400000, 0.000035, 0.000005, 0.000029, 
trial0002210, AA, 3870, 30, 129.000000, 7.933333, 0.000058, 0.000011, 0.000047, ZIP, 2645, 10, 264.500000, 11.800000, 0.000032, 0.000006, 0.000027, 
trial0002211, AA, 4832, 30, 161.066667, 9.566667, 0.000057, 0.000010, 0.000047, ZIP, 1600, 10, 160.000000, 7.500000, 0.000034, 0.000006, 0.000028, 
trial0002212, AA, 4238, 30, 141.266667, 9.000000, 0.000060, 0.000010, 0.000050, ZIP, 2164, 10, 216.400000, 9.200000, 0.000033, 0.000006, 0.000028, 
trial0002213, AA, 4708, 30, 156.933333, 8.333333, 0.000059, 0.000010, 0.000049, ZIP, 1711, 10, 171.100000, 9.700000, 0.000032, 0.000006, 0.000027, 
trial0002214, AA, 4902, 30, 163.400000, 8.933333, 0.000054, 0.000010, 0.000044, ZIP, 1374, 10, 137.400000, 8.000000, 0.000032, 0.000006, 0.000027, 
trial0002215, AA, 4660, 30, 155.333333, 8.600000, 0.000050, 0.000010, 0.000040, ZIP, 1579, 10, 157.900000, 8.400000, 0.000033, 0.000006, 0.000027, 
trial0002216, AA, 3651, 30, 121.700000, 8.033333, 0.000053, 0.000011, 0.000043, ZIP, 2761, 10, 276.100000, 10.300000, 0.000031, 0.000005, 0.000026, 
trial0002217, AA, 5583, 30, 186.100000, 9.633333, 0.000051, 0.000011, 0.000041, ZIP, 663, 10, 66.300000, 6.100000, 0.000032, 0.000006, 0.000027, 
trial0002218, AA, 4374, 30, 145.800000, 8.600000, 0.000062, 0.000010, 0.000051, ZIP, 2129, 10, 212.900000, 9.800000, 0.000035, 0.000006, 0.000029, 
trial0002219, AA, 5080, 30, 169.333333, 9.233333, 0.000058, 0.000011, 0.000047, ZIP, 1352, 10, 135.200000, 6.500000, 0.000032, 0.000006, 0.000026, 
trial0002220, AA, 3074, 30, 102.466667, 6.900000, 0.000079, 0.000010, 0.000068, ZIP, 3466, 10, 346.600000, 13.700000, 0.000035, 0.000006, 0.000029, 
trial0002221, AA, 4215, 30, 140.500000, 8.966667, 0.000059, 0.000011, 0.000049, ZIP, 1887, 10, 188.700000, 8.700000, 0.000036, 0.000006, 0.000030, 
trial0002222, AA, 4584, 30, 152.800000, 8.433333, 0.000048, 0.000011, 0.000037, ZIP, 1774, 10, 177.400000, 9.100000, 0.000033, 0.000006, 0.000027, 
trial0002223, AA, 4865, 30, 162.166667, 9.233333, 0.000062, 0.000011, 0.000052, ZIP, 1514, 10, 151.400000, 7.500000, 0.000035, 0.000006, 0.000029, 
trial0002224, AA, 4215, 30, 140.500000, 8.866667, 0.000061, 0.000010, 0.000051, ZIP, 2064, 10, 206.400000, 9.200000, 0.000034, 0.000006, 0.000028, 
trial0002225, AA, 4429, 30, 147.633333, 8.700000, 0.000054, 0.000011, 0.000043, ZIP, 1941, 10, 194.100000, 10.600000, 0.000035, 0.000006, 0.000029, 
trial0002226, AA, 3622, 30, 120.733333, 7.500000, 0.000065, 0.000010, 0.000055, ZIP, 2588, 10, 258.800000, 12.700000, 0.000034, 0.000006, 0.000028, 
trial0002227, AA, 5505, 30, 183.500000, 10.166667, 0.000059, 0.000010, 0.000048, ZIP, 1020, 10, 102.000000, 5.900000, 0.000035, 0.000006, 0.000030, 
trial0002228, AA, 4992, 30, 166.400000, 10.000000, 0.000061, 0.000010, 0.000051, ZIP, 1388, 10, 138.800000, 5.800000, 0.000034, 0.000006, 0.000029, 
trial0002229, AA, 4357, 30, 145.233333, 8.900000, 0.000049, 0.000010, 0.000039, ZIP, 2122, 10, 212.200000, 7.700000, 0.000032, 0.000005, 0.000026, 
trial0002230, AA, 4314, 30, 143.800000, 8.900000, 0.000061, 0.000010, 0.000051, ZIP, 2175, 10, 217.500000, 8.300000, 0.000036, 0.000006, 0.000031, 
trial0002231, AA, 4757, 30, 158.566667, 8.066667, 0.000063, 0.000010, 0.000052, ZIP, 1684, 10, 168.400000, 11.800000, 0.000034, 0.000006, 0.000028, 
trial0002232, AA, 3901, 30, 130.033333, 7.600000, 0.000057, 0.000011, 0.000046, ZIP, 2658, 10, 265.800000, 12.000000, 0.000033, 0.000006, 0.000027, 
trial0002233, AA, 4534, 30, 151.133333, 8.033333, 0.000051, 0.000010, 0.000041, ZIP, 1892, 10, 189.200000, 9.300000, 0.000032, 0.000006, 0.000027, 
trial0002234, AA, 5366, 30, 178.866667, 9.533333, 0.000051, 0.000010, 0.000041, ZIP, 896, 10, 89.600000, 7.000000, 0.000033, 0.000006, 0.000027, 
trial0002235, AA, 5068, 30, 168.933333, 9.666667, 0.000069, 0.000010, 0.000058, ZIP, 1327, 10, 132.700000, 6.400000, 0.000034, 0.000006, 0.000028, 
trial0002236, AA, 4302, 30, 143.400000, 9.066667, 0.000070, 0.000010, 0.000060, ZIP, 1969, 10, 196.900000, 8.800000, 0.000035, 0.000006, 0.000030, 
trial0002237, AA, 5117, 30, 170.566667, 9.033333, 0.000060, 0.000010, 0.000050, ZIP, 1178, 10, 117.800000, 7.900000, 0.000035, 0.000006, 0.000029, 
trial0002238, AA, 5180, 30, 172.666667, 8.666667, 0.000054, 0.000011, 0.000043, ZIP, 1149, 10, 114.900000, 10.000000, 0.000033, 0.000006, 0.000027, 
trial0002239, AA, 3847, 30, 128.233333, 8.566667, 0.000058, 0.000010, 0.000048, ZIP, 2310, 10, 231.000000, 7.700000, 0.000033, 0.000006, 0.000027, 
trial0002240, AA, 4478, 30, 149.266667, 8.400000, 0.000054, 0.000010, 0.000044, ZIP, 1979, 10, 197.900000, 8.600000, 0.000035, 0.000006, 0.000029, 
trial0002241, AA, 4912, 30, 163.733333, 9.900000, 0.000062, 0.000010, 0.000052, ZIP, 1367, 10, 136.700000, 7.100000, 0.000035, 0.000006, 0.000029, 
trial0002242, AA, 4581, 30, 152.700000, 8.466667, 0.000050, 0.000011, 0.000039, ZIP, 1729, 10, 172.900000, 9.800000, 0.000033, 0.000006, 0.000027, 
trial0002243, AA, 4771, 30, 159.033333, 9.100000, 0.000059, 0.000010, 0.000049, ZIP, 1650, 10, 165.000000, 9.300000, 0.000033, 0.000006, 0.000028, 
trial0002244, AA, 4133, 30, 137.766667, 7.966667, 0.000050, 0.000010, 0.000040, ZIP, 2325, 10, 232.500000, 9.900000, 0.000032, 0.000006, 0.000026, 
trial0002245, AA, 4791, 30, 159.700000, 7.533333, 0.000053, 0.000010, 0.000043, ZIP, 1557, 10, 155.700000, 11.200000, 0.000033, 0.000006, 0.000027, 
trial0002246, AA, 4927, 30, 164.233333, 9.866667, 0.000060, 0.000011, 0.000049, ZIP, 1443, 10, 144.300000, 8.000000, 0.000035, 0.000006, 0.000030, 
trial0002247, AA, 5108, 30, 170.266667, 9.200000, 0.000048, 0.000010, 0.000038, ZIP, 1255, 10, 125.500000, 8.400000, 0.000035, 0.000006, 0.000029, 
trial0002248, AA, 3983, 30, 132.766667, 7.300000, 0.000047, 0.000010, 0.000037, ZIP, 2680, 10, 268.000000, 10.900000, 0.000031, 0.000006, 0.000025, 
trial0002249, AA, 5513, 30, 183.766667, 10.133333, 0.000058, 0.000011, 0.000047, ZIP, 703, 10, 70.300000, 4.600000, 0.000035, 0.000006, 0.000029, 
trial0002250, AA, 4872, 30, 162.400000, 8.300000, 0.000056, 0.000011, 0.000045, ZIP, 1457, 10, 145.700000, 8.900000, 0.000036, 0.000006, 0.000030, 
trial0002251, AA, 3833, 30, 127.766667, 8.266667, 0.000059, 0.000010, 0.000049, ZIP, 2476, 10, 247.600000, 9.400000, 0.000034, 0.000006, 0.000029, 
trial0002252, AA, 4441, 30, 148.033333, 7.800000, 0.000060, 0.000010, 0.000050, ZIP, 2038, 10, 203.800000, 10.600000, 0.000033, 0.000006, 0.000027, 
trial0002253, AA, 3268, 30, 108.933333, 7.700000, 0.000065, 0.000011, 0.000055, ZIP, 3049, 10, 304.900000, 12.300000, 0.000035, 0.000006, 0.000030, 
trial0002254, AA, 4731, 30, 157.700000, 9.566667, 0.000058, 0.000010, 0.000047, ZIP, 1447, 10, 144.700000, 6.900000, 0.000035, 0.000006, 0.000029, 
trial0002255, AA, 4714, 30, 157.133333, 8.666667, 0.000068, 0.000010, 0.000058, ZIP, 1665, 10, 166.500000, 9.400000, 0.000032, 0.000006, 0.000026, 
trial0002256, AA, 4166, 30, 138.866667, 8.766667, 0.000050, 0.000011, 0.000039, ZIP, 2272, 10, 227.200000, 8.900000, 0.000032, 0.000006, 0.000026, 
trial0002257, AA, 4066, 30, 135.533333, 8.600000, 0.000055, 0.000010, 0.000045, ZIP, 2295, 10, 229.500000, 9.600000, 0.000035, 0.000006, 0.000029, 
trial0002258, AA, 4326, 30, 144.200000, 9.033333, 0.000058, 0.000010, 0.000048, ZIP, 2205, 10, 220.500000, 8.700000, 0.000034, 0.000006, 0.000028, 
trial0002259, AA, 4125, 30, 137.500000, 8.000000, 0.000056, 0.000010, 0.000046, ZIP, 2334, 10, 233.400000, 10.200000, 0.000034, 0.000006, 0.000028, 
trial0002260, AA, 5023, 30, 167.433333, 9.466667, 0.000050, 0.000010, 0.000039, ZIP, 1193, 10, 119.300000, 6.200000, 0.000032, 0.000006, 0.000027, 
trial0002261, AA, 5147, 30, 171.566667, 8.666667, 0.000053, 0.000010, 0.000043, ZIP, 1141, 10, 114.100000, 9.400000, 0.000035, 0.000006, 0.000029, 
trial0002262, AA, 3533, 30, 117.766667, 7.333333, 0.000053, 0.000010, 0.000043, ZIP, 2792, 10, 279.200000, 11.400000, 0.000034, 0.000006, 0.000028, 
trial0002263, AA, 4762, 30, 158.733333, 10.033333, 0.000049, 0.000011, 0.000038, ZIP, 1446, 10, 144.600000, 7.700000, 0.000034, 0.000006, 0.000029, 
trial0002264, AA, 3594, 30, 119.800000, 7.800000, 0.000061, 0.000011, 0.000050, ZIP, 2779, 10, 277.900000, 11.000000, 0.000032, 0.000005, 0.000027, 
trial0002265, AA, 4561, 30, 152.033333, 8.233333, 0.000063, 0.000010, 0.000052, ZIP, 1974, 10, 197.400000, 9.900000, 0.000033, 0.000006, 0.000027, 
trial0002266, AA, 4238, 30, 141.266667, 8.933333, 0.000059, 0.000010, 0.000048, ZIP, 2130, 10, 213.000000, 8.400000, 0.000034, 0.000006, 0.000028, 
trial0002267, AA, 4971, 30, 165.700000, 10.266667, 0.000058, 0.000011, 0.000048, ZIP, 1208, 10, 120.800000, 6.300000, 0.000035, 0.000006, 0.000029, 
trial0002268, AA, 4692, 30, 156.400000, 7.866667, 0.000061, 0.000011, 0.000050, ZIP, 1594, 10, 159.400000, 11.800000, 0.000034, 0.000005, 0.000028, 
trial0002269, AA, 5228, 30, 174.266667, 9.433333, 0.000055, 0.000010, 0.000044, ZIP, 1098, 10, 109.800000, 6.500000, 0.000033, 0.000006, 0.000027, 
trial0002270, AA, 4794, 30, 159.800000, 9.633333, 0.000055, 0.000011, 0.000044, ZIP, 1554, 10, 155.400000, 6.500000, 0.000033, 0.000005, 0.000027, 
trial0002271, AA, 4791, 30, 159.700000, 8.833333, 0.000053, 0.000011, 0.000043, ZIP, 1580, 10, 158.000000, 9.500000, 0.000034, 0.000006, 0.000028, 
trial0002272, AA, 5112, 30, 170.400000, 10.133333, 0.000051, 0.000010, 0.000041, ZIP, 1255, 10, 125.500000, 4.400000, 0.000035, 0.000006, 0.000029, 
trial0002273, AA, 5013, 30, 167.100000, 8.500000, 0.000047, 0.000010, 0.000037, ZIP, 1530, 10, 153.000000, 9.700000, 0.000033, 0.000006, 0.000027, 
trial0002274, AA, 4359, 30, 145.300000, 8.100000, 0.000055, 0.000010, 0.000044, ZIP, 2130, 10, 213.000000, 9.100000, 0.000033, 0.000006, 0.000027, 
trial0002275, AA, 5105, 30, 170.166667, 9.166667, 0.000053, 0.000010, 0.000043, ZIP, 1336, 10, 133.600000, 7.500000, 0.000033, 0.000006, 0.000027, 
trial0002276, AA, 3925, 30, 130.833333, 7.966667, 0.000051, 0.000011, 0.000040, ZIP, 2501, 10, 250.100000, 9.500000, 0.000033, 0.000006, 0.000027, 
trial0002277, AA, 4218, 30, 140.600000, 8.833333, 0.000051, 0.000010, 0.000041, ZIP, 2132, 10, 213.200000, 8.900000, 0.000033, 0.000006, 0.000028, 
trial0002278, AA, 4083, 30, 136.100000, 7.233333, 0.000070, 0.000010, 0.000060, ZIP, 2208, 10, 220.800000, 12.100000, 0.000033, 0.000006, 0.000027, 
trial0002279, AA, 5233, 30, 174.433333, 10.166667, 0.000058, 0.000011, 0.000047, ZIP, 1070, 10, 107.000000, 6.100000, 0.000035, 0.000006, 0.000029, 
trial0002280, AA, 3584, 30, 119.466667, 8.100000, 0.000051, 0.000010, 0.000040, ZIP, 2851, 10, 285.100000, 11.400000, 0.000034, 0.000006, 0.000029, 
trial0002281, AA, 5293, 30, 176.433333, 10.233333, 0.000067, 0.000010, 0.000057, ZIP, 660, 10, 66.000000, 8.800000, 0.000035, 0.000006, 0.000029, 
trial0002282, AA, 5956, 30, 198.533333, 9.966667, 0.000057, 0.000010, 0.000047, ZIP, 385, 10, 38.500000, 4.300000, 0.000035, 0.000006, 0.000029, 
trial0002283, AA, 5128, 30, 170.933333, 8.900000, 0.000050, 0.000011, 0.000039, ZIP, 1111, 10, 111.100000, 7.700000, 0.000034, 0.000006, 0.000028, 
trial0002284, AA, 4805, 30, 160.166667, 9.533333, 0.000051, 0.000010, 0.000040, ZIP, 1457, 10, 145.700000, 6.600000, 0.000035, 0.000006, 0.000029, 
trial0002285, AA, 4850, 30, 161.666667, 9.266667, 0.000056, 0.000010, 0.000045, ZIP, 1455, 10, 145.500000, 9.000000, 0.000034, 0.000006, 0.000028, 
trial0002286, AA, 4727, 30, 157.566667, 9.100000, 0.000047, 0.000011, 0.000037, ZIP, 1604, 10, 160.400000, 7.100000, 0.000032, 0.000005, 0.000026, 
trial0002287, AA, 4656, 30, 155.200000, 10.266667, 0.000058, 0.000010, 0.000048, ZIP, 1512, 10, 151.200000, 5.600000, 0.000035, 0.000006, 0.000029, 
trial0002288, AA, 4761, 30, 158.700000, 9.566667, 0.000050, 0.000010, 0.000039, ZIP, 1665, 10, 166.500000, 5.700000, 0.000033, 0.000006, 0.000027, 
trial0002289, AA, 4977, 30, 165.900000, 9.466667, 0.000062, 0.000011, 0.000051, ZIP, 1411, 10, 141.100000, 7.600000, 0.000035, 0.000006, 0.000030, 
trial0002290, AA, 4370, 30, 145.666667, 8.666667, 0.000052, 0.000010, 0.000042, ZIP, 1896, 10, 189.600000, 10.200000, 0.000034, 0.000006, 0.000028, 
trial0002291, AA, 5145, 30, 171.500000, 9.866667, 0.000053, 0.000011, 0.000042, ZIP, 1166, 10, 116.600000, 6.300000, 0.000033, 0.000005, 0.000027, 
trial0002292, AA, 4546, 30, 151.533333, 9.300000, 0.000060, 0.000010, 0.000050, ZIP, 1640, 10, 164.000000, 8.200000, 0.000036, 0.000006, 0.000030, 
trial0002293, AA, 4530, 30, 151.000000, 8.500000, 0.000067, 0.000010, 0.000057, ZIP, 1899, 10, 189.900000, 9.900000, 0.000034, 0.000006, 0.000028, 
trial0002294, AA, 4969, 30, 165.633333, 9.266667, 0.000065, 0.000010, 0.000055, ZIP, 1562, 10, 156.200000, 8.000000, 0.000036, 0.000006, 0.000030, 
trial0002295, AA, 4231, 30, 141.033333, 7.966667, 0.000052, 0.000010, 0.000042, ZIP, 2337, 10, 233.700000, 10.100000, 0.000033, 0.000006, 0.000027, 
trial0002296, AA, 5483, 30, 182.766667, 9.600000, 0.000055, 0.000010, 0.000044, ZIP, 878, 10, 87.800000, 7.000000, 0.000033, 0.000006, 0.000028, 
trial0002297, AA, 3671, 30, 122.366667, 8.000000, 0.000063, 0.000010, 0.000053, ZIP, 2757, 10, 275.700000, 9.800000, 0.000034, 0.000006, 0.000028, 
trial0002298, AA, 4574, 30, 152.466667, 9.600000, 0.000049, 0.000011, 0.000038, ZIP, 1666, 10, 166.600000, 7.400000, 0.000034, 0.000006, 0.000028, 
trial0002299, AA, 4196, 30, 139.866667, 9.033333, 0.000057, 0.000010, 0.000047, ZIP, 2256, 10, 225.600000, 9.100000, 0.000034, 0.000006, 0.000028, 
trial0002300, AA, 5480, 30, 182.666667, 10.000000, 0.000059, 0.000010, 0.000049, ZIP, 854, 10, 85.400000, 6.000000, 0.000033, 0.000005, 0.000027, 
trial0002301, AA, 2954, 30, 98.466667, 8.866667, 0.000066, 0.000010, 0.000055, ZIP, 1650, 10, 165.000000, 8.800000, 0.000032, 0.000006, 0.000027, 
trial0002302, AA, 3560, 30, 118.666667, 8.633333, 0.000058, 0.000011, 0.000047, ZIP, 1124, 10, 112.400000, 9.700000, 0.000034, 0.000006, 0.000028, 
trial0002303, AA, 3423, 30, 114.100000, 8.600000, 0.000062, 0.000011, 0.000051, ZIP, 1156, 10, 115.600000, 9.200000, 0.000033, 0.000006, 0.000028, 
trial0002304, AA, 3380, 30, 112.666667, 8.933333, 0.000057, 0.000010, 0.000046, ZIP, 1143, 10, 114.300000, 6.600000, 0.000033, 0.000006, 0.000027, 
trial0002305, AA, 3077, 30, 102.566667, 8.733333, 0.000058, 0.000011, 0.000047, ZIP, 1464, 10, 146.400000, 8.800000, 0.000033, 0.000006, 0.000027, 
trial0002306, AA, 3652, 30, 121.733333, 9.100000, 0.000046, 0.000010, 0.000036, ZIP, 679, 10, 67.900000, 5.700000, 0.000033, 0.000006, 0.000027, 
trial0002307, AA, 3472, 30, 115.733333, 10.233333, 0.000061, 0.000010, 0.000051, ZIP, 1023, 10, 102.300000, 5.900000, 0.000035, 0.000006, 0.000029, 
trial0002308, AA, 3117, 30, 103.900000, 9.500000, 0.000056, 0.000010, 0.000046, ZIP, 1211, 10, 121.100000, 5.900000, 0.000033, 0.000006, 0.000027, 
trial0002309, AA, 3281, 30, 109.366667, 9.300000, 0.000051, 0.000010, 0.000041, ZIP, 1185, 10, 118.500000, 6.300000, 0.000032, 0.000006, 0.000027, 
trial0002310, AA, 2975, 30, 99.166667, 8.633333, 0.000056, 0.000010, 0.000046, ZIP, 1619, 10, 161.900000, 9.100000, 0.000034, 0.000006, 0.000028, 
trial0002311, AA, 2752, 30, 91.733333, 7.966667, 0.000084, 0.000010, 0.000074, ZIP, 1843, 10, 184.300000, 10.000000, 0.000034, 0.000006, 0.000029, 
trial0002312, AA, 3771, 30, 125.700000, 9.000000, 0.000058, 0.000011, 0.000048, ZIP, 954, 10, 95.400000, 8.600000, 0.000033, 0.000006, 0.000027, 
trial0002313, AA, 2942, 30, 98.066667, 8.933333, 0.000071, 0.000010, 0.000061, ZIP, 1566, 10, 156.600000, 7.800000, 0.000033, 0.000006, 0.000027, 
trial0002314, AA, 2238, 30, 74.600000, 7.133333, 0.000057, 0.000010, 0.000047, ZIP, 2377, 10, 237.700000, 12.200000, 0.000032, 0.000005, 0.000026, 
trial0002315, AA, 3802, 30, 126.733333, 11.000000, 0.000063, 0.000011, 0.000052, ZIP, 620, 10, 62.000000, 5.000000, 0.000034, 0.000006, 0.000029, 
trial0002316, AA, 3954, 30, 131.800000, 11.200000, 0.000071, 0.000010, 0.000061, ZIP, 462, 10, 46.200000, 4.600000, 0.000035, 0.000006, 0.000029, 
trial0002317, AA, 3081, 30, 102.700000, 8.300000, 0.000070, 0.000010, 0.000060, ZIP, 1574, 10, 157.400000, 8.700000, 0.000032, 0.000006, 0.000026, 
trial0002318, AA, 3193, 30, 106.433333, 8.666667, 0.000054, 0.000010, 0.000044, ZIP, 1504, 10, 150.400000, 10.400000, 0.000033, 0.000005, 0.000028, 
trial0002319, AA, 3521, 30, 117.366667, 9.433333, 0.000077, 0.000010, 0.000067, ZIP, 1043, 10, 104.300000, 6.100000, 0.000033, 0.000006, 0.000028, 
trial0002320, AA, 3053, 30, 101.766667, 8.633333, 0.000051, 0.000010, 0.000041, ZIP, 1429, 10, 142.900000, 8.700000, 0.000032, 0.000006, 0.000027, 
trial0002321, AA, 3522, 30, 117.400000, 8.700000, 0.000052, 0.000010, 0.000042, ZIP, 947, 10, 94.700000, 9.100000, 0.000034, 0.000006, 0.000028, 
trial0002322, AA, 3496, 30, 116.533333, 9.533333, 0.000065, 0.000010, 0.000055, ZIP, 995, 10, 99.500000, 6.600000, 0.000034, 0.000006, 0.000028, 
trial0002323, AA, 3071, 30, 102.366667, 9.033333, 0.000063, 0.000010, 0.000053, ZIP, 1466, 10, 146.600000, 9.100000, 0.000034, 0.000006, 0.000028, 
trial0002324, AA, 3096, 30, 103.200000, 8.466667, 0.000050, 0.000010, 0.000039, ZIP, 1280, 10, 128.000000, 9.000000, 0.000032, 0.000006, 0.000026, 
trial0002325, AA, 3126, 30, 104.200000, 8.366667, 0.000062, 0.000011, 0.000052, ZIP, 1278, 10, 127.800000, 11.300000, 0.000035, 0.000006, 0.000029, 
trial0002326, AA, 2430, 30, 81.000000, 7.833333, 0.000054, 0.000011, 0.000043, ZIP, 1813, 10, 181.300000, 9.900000, 0.000033, 0.000006, 0.000027, 
trial0002327, AA, 3234, 30, 107.800000, 8.533333, 0.000049, 0.000011, 0.000039, ZIP, 1402, 10, 140.200000, 9.800000, 0.000033, 0.000006, 0.000027, 
trial0002328, AA, 3088, 30, 102.933333, 9.100000, 0.000060, 0.000010, 0.000050, ZIP, 1589, 10, 158.900000, 9.100000, 0.000034, 0.000006, 0.000028, 
trial0002329, AA, 3792, 30, 126.400000, 9.633333, 0.000057, 0.000011, 0.000047, ZIP, 760, 10, 76.000000, 6.100000, 0.000032, 0.000006, 0.000026, 
trial0002330, AA, 3480, 30, 116.000000, 9.733333, 0.000059, 0.000011, 0.000049, ZIP, 1020, 10, 102.000000, 6.400000, 0.000034, 0.000006, 0.000029, 
trial0002331, AA, 3801, 30, 126.700000, 9.766667, 0.000055, 0.000011, 0.000045, ZIP, 691, 10, 69.100000, 5.900000, 0.000032, 0.000006, 0.000026, 
trial0002332, AA, 3013, 30, 100.433333, 8.900000, 0.000060, 0.000011, 0.000049, ZIP, 1537, 10, 153.700000, 7.500000, 0.000032, 0.000006, 0.000027, 
trial0002333, AA, 2821, 30, 94.033333, 8.400000, 0.000056, 0.000011, 0.000045, ZIP, 1500, 10, 150.000000, 9.400000, 0.000033, 0.000006, 0.000027, 
trial0002334, AA, 3038, 30, 101.266667, 9.100000, 0.000048, 0.000011, 0.000037, ZIP, 1396, 10, 139.600000, 7.200000, 0.000032, 0.000006, 0.000027, 
trial0002335, AA, 2615, 30, 87.166667, 7.000000, 0.000067, 0.000010, 0.000057, ZIP, 2111, 10, 211.100000, 14.200000, 0.000034, 0.000006, 0.000028, 
trial0002336, AA, 3513, 30, 117.100000, 8.700000, 0.000054, 0.000011, 0.000043, ZIP, 1128, 10, 112.800000, 8.100000, 0.000032, 0.000006, 0.000027, 
trial0002337, AA, 2732, 30, 91.066667, 7.566667, 0.000072, 0.000010, 0.000062, ZIP, 1744, 10, 174.400000, 11.900000, 0.000032, 0.000006, 0.000027, 
trial0002338, AA, 2707, 30, 90.233333, 8.633333, 0.000055, 0.000010, 0.000045, ZIP, 1986, 10, 198.600000, 7.700000, 0.000032, 0.000006, 0.000026, 
trial0002339, AA, 3294, 30, 109.800000, 8.066667, 0.000059, 0.000011, 0.000049, ZIP, 1201, 10, 120.100000, 10.200000, 0.000033, 0.000006, 0.000027, 
trial0002340, AA, 3404, 30, 113.466667, 8.300000, 0.000059, 0.000010, 0.000049, ZIP, 1303, 10, 130.300000, 11.300000, 0.000033, 0.000006, 0.000028, 
trial0002341, AA, 3497, 30, 116.566667, 8.300000, 0.000058, 0.000010, 0.000048, ZIP, 946, 10, 94.600000, 9.900000, 0.000034, 0.000006, 0.000028, 
trial0002342, AA, 3521, 30, 117.366667, 10.266667, 0.000057, 0.000011, 0.000046, ZIP, 1152, 10, 115.200000, 6.400000, 0.000034, 0.000006, 0.000029, 
trial0002343, AA, 3056, 30, 101.866667, 8.633333, 0.000053, 0.000010, 0.000043, ZIP, 1261, 10, 126.100000, 8.500000, 0.000033, 0.000006, 0.000027, 
trial0002344, AA, 3399, 30, 113.300000, 9.200000, 0.000067, 0.000010, 0.000057, ZIP, 1048, 10, 104.800000, 7.000000, 0.000034, 0.000006, 0.000028, 
trial0002345, AA, 3278, 30, 109.266667, 8.766667, 0.000063, 0.000010, 0.000053, ZIP, 1269, 10, 126.900000, 8.300000, 0.000033, 0.000006, 0.000028, 
trial0002346, AA, 3474, 30, 115.800000, 9.433333, 0.000056, 0.000010, 0.000046, ZIP, 1011, 10, 101.100000, 7.100000, 0.000033, 0.000006, 0.000027, 
trial0002347, AA, 2532, 30, 84.400000, 8.100000, 0.000070, 0.000011, 0.000059, ZIP, 1974, 10, 197.400000, 9.500000, 0.000033, 0.000005, 0.000028, 
trial0002348, AA, 2943, 30, 98.100000, 9.166667, 0.000061, 0.000010, 0.000050, ZIP, 1489, 10, 148.900000, 7.700000, 0.000033, 0.000006, 0.000027, 
trial0002349, AA, 3739, 30, 124.633333, 10.100000, 0.000059, 0.000010, 0.000049, ZIP, 803, 10, 80.300000, 7.900000, 0.000035, 0.000006, 0.000029, 
trial0002350, AA, 3582, 30, 119.400000, 10.100000, 0.000054, 0.000010, 0.000044, ZIP, 895, 10, 89.500000, 6.300000, 0.000034, 0.000006, 0.000028, 
trial0002351, AA, 2701, 30, 90.033333, 8.700000, 0.000059, 0.000010, 0.000049, ZIP, 1832, 10, 183.200000, 10.100000, 0.000035, 0.000006, 0.000029, 
trial0002352, AA, 3468, 30, 115.600000, 8.800000, 0.000058, 0.000010, 0.000048, ZIP, 1159, 10, 115.900000, 8.600000, 0.000034, 0.000006, 0.000029, 
trial0002353, AA, 3199, 30, 106.633333, 8.466667, 0.000059, 0.000010, 0.000049, ZIP, 1286, 10, 128.600000, 8.400000, 0.000034, 0.000006, 0.000028, 
trial0002354, AA, 2988, 30, 99.600000, 8.800000, 0.000050, 0.000011, 0.000039, ZIP, 1441, 10, 144.100000, 7.800000, 0.000032, 0.000006, 0.000027, 
trial0002355, AA, 2836, 30, 94.533333, 7.666667, 0.000065, 0.000011, 0.000054, ZIP, 1538, 10, 153.800000, 9.200000, 0.000036, 0.000006, 0.000029, 
trial0002356, AA, 2755, 30, 91.833333, 7.266667, 0.000052, 0.000011, 0.000041, ZIP, 1717, 10, 171.700000, 11.000000, 0.000032, 0.000006, 0.000026, 
trial0002357, AA, 3291, 30, 109.700000, 9.100000, 0.000051, 0.000011, 0.000040, ZIP, 1028, 10, 102.800000, 8.300000, 0.000033, 0.000006, 0.000027, 
trial0002358, AA, 3207, 30, 106.900000, 8.600000, 0.000056, 0.000010, 0.000046, ZIP, 1426, 10, 142.600000, 9.000000, 0.000032, 0.000006, 0.000027, 
trial0002359, AA, 3396, 30, 113.200000, 9.366667, 0.000056, 0.000010, 0.000046, ZIP, 1140, 10, 114.000000, 7.700000, 0.000032, 0.000006, 0.000027, 
trial0002360, AA, 3545, 30, 118.166667, 8.600000, 0.000052, 0.000010, 0.000042, ZIP, 1098, 10, 109.800000, 8.600000, 0.000031, 0.000006, 0.000026, 
trial0002361, AA, 3144, 30, 104.800000, 9.066667, 0.000051, 0.000011, 0.000040, ZIP, 1492, 10, 149.200000, 7.400000, 0.000033, 0.000006, 0.000027, 
trial0002362, AA, 3124, 30, 104.133333, 8.766667, 0.000064, 0.000010, 0.000053, ZIP, 1463, 10, 146.300000, 11.100000, 0.000035, 0.000006, 0.000030, 
trial0002363, AA, 3195, 30, 106.500000, 8.666667, 0.000061, 0.000010, 0.000051, ZIP, 1554, 10, 155.400000, 9.400000, 0.000032, 0.000005, 0.000027, 
trial0002364, AA, 2311, 30, 77.033333, 7.766667, 0.000060, 0.000010, 0.000049, ZIP, 2079, 10, 207.900000, 10.900000, 0.000032, 0.000006, 0.000026, 
trial0002365, AA, 2978, 30, 99.266667, 7.966667, 0.000051, 0.000010, 0.000041, ZIP, 1712, 10, 171.200000, 10.900000, 0.000034, 0.000006, 0.000028, 
trial0002366, AA, 2566, 30, 85.533333, 8.633333, 0.000068, 0.000011, 0.000058, ZIP, 2163, 10, 216.300000, 10.100000, 0.000036, 0.000006, 0.000030, 
trial0002367, AA, 3557, 30, 118.566667, 9.866667, 0.000052, 0.000010, 0.000041, ZIP, 887, 10, 88.700000, 6.200000, 0.000033, 0.000006, 0.000027, 
trial0002368, AA, 3518, 30, 117.266667, 10.300000, 0.000060, 0.000011, 0.000049, ZIP, 786, 10, 78.600000, 5.900000, 0.000034, 0.000006, 0.000028, 
trial0002369, AA, 3345, 30, 111.500000, 9.000000, 0.000060, 0.000010, 0.000051, ZIP, 1211, 10, 121.100000, 7.200000, 0.000033, 0.000006, 0.000027, 
trial0002370, AA, 3145, 30, 104.833333, 8.433333, 0.000059, 0.000010, 0.000049, ZIP, 1311, 10, 131.100000, 10.500000, 0.000034, 0.000006, 0.000028, 
trial0002371, AA, 3369, 30, 112.300000, 8.633333, 0.000058, 0.000011, 0.000047, ZIP, 1120, 10, 112.000000, 8.100000, 0.000033, 0.000006, 0.000027, 
trial0002372, AA, 2952, 30, 98.400000, 8.766667, 0.000056, 0.000011, 0.000045, ZIP, 1622, 10, 162.200000, 9.300000, 0.000034, 0.000006, 0.000028, 
trial0002373, AA, 3007, 30, 100.233333, 8.633333, 0.000067, 0.000010, 0.000056, ZIP, 1535, 10, 153.500000, 10.100000, 0.000034, 0.000006, 0.000028, 
trial0002374, AA, 4161, 30, 138.700000, 9.733333, 0.000057, 0.000011, 0.000046, ZIP, 291, 10, 29.100000, 6.600000, 0.000033, 0.000006, 0.000028, 
trial0002375, AA, 3446, 30, 114.866667, 9.166667, 0.000062, 0.000010, 0.000051, ZIP, 840, 10, 84.000000, 10.100000, 0.000036, 0.000006, 0.000030, 
trial0002376, AA, 3166, 30, 105.533333, 8.933333, 0.000053, 0.000010, 0.000042, ZIP, 1411, 10, 141.100000, 8.800000, 0.000034, 0.000006, 0.000029, 
trial0002377, AA, 3650, 30, 121.666667, 9.400000, 0.000060, 0.000010, 0.000050, ZIP, 706, 10, 70.600000, 6.400000, 0.000034, 0.000006, 0.000028, 
trial0002378, AA, 3309, 30, 110.300000, 9.000000, 0.000055, 0.000010, 0.000045, ZIP, 1272, 10, 127.200000, 8.000000, 0.000033, 0.000006, 0.000027, 
trial0002379, AA, 2707, 30, 90.233333, 8.133333, 0.000063, 0.000010, 0.000053, ZIP, 1608, 10, 160.800000, 10.800000, 0.000034, 0.000006, 0.000029, 
trial0002380, AA, 3218, 30, 107.266667, 8.333333, 0.000047, 0.000010, 0.000037, ZIP, 1311, 10, 131.100000, 7.800000, 0.000031, 0.000006, 0.000025, 
trial0002381, AA, 3168, 30, 105.600000, 8.733333, 0.000054, 0.000010, 0.000044, ZIP, 1189, 10, 118.900000, 8.900000, 0.000033, 0.000006, 0.000027, 
trial0002382, AA, 3367, 30, 112.233333, 8.466667, 0.000061, 0.000011, 0.000050, ZIP, 1290, 10, 129.000000, 8.800000, 0.000033, 0.000006, 0.000027, 
trial0002383, AA, 3122, 30, 104.066667, 9.633333, 0.000059, 0.000011, 0.000048, ZIP, 1372, 10, 137.200000, 6.700000, 0.000033, 0.000006, 0.000027, 
trial0002384, AA, 3186, 30, 106.200000, 9.400000, 0.000070, 0.000011, 0.000059, ZIP, 1442, 10, 144.200000, 9.200000, 0.000035, 0.000006, 0.000030, 
trial0002385, AA, 2657, 30, 88.566667, 8.166667, 0.000059, 0.000010, 0.000049, ZIP, 1766, 10, 176.600000, 8.900000, 0.000032, 0.000006, 0.000026, 
trial0002386, AA, 2912, 30, 97.066667, 9.166667, 0.000058, 0.000010, 0.000048, ZIP, 1535, 10, 153.500000, 7.500000, 0.000033, 0.000006, 0.000028, 
trial0002387, AA, 3170, 30, 105.666667, 8.366667, 0.000053, 0.000011, 0.000042, ZIP, 1315, 10, 131.500000, 7.700000, 0.000031, 0.000006, 0.000026, 
trial0002388, AA, 2699, 30, 89.966667, 7.333333, 0.000056, 0.000011, 0.000046, ZIP, 1843, 10, 184.300000, 11.800000, 0.000031, 0.000006, 0.000026, 
trial0002389, AA, 3282, 30, 109.400000, 9.166667, 0.000052, 0.000010, 0.000042, ZIP, 1230, 10, 123.000000, 7.100000, 0.000032, 0.000005, 0.000026, 
trial0002390, AA, 3294, 30, 109.800000, 8.633333, 0.000060, 0.000010, 0.000050, ZIP, 1164, 10, 116.400000, 9.900000, 0.000034, 0.000006, 0.000028, 
trial0002391, AA, 3343, 30, 111.433333, 9.133333, 0.000054, 0.000010, 0.000043, ZIP, 1039, 10, 103.900000, 6.200000, 0.000032, 0.000006, 0.000026, 
trial0002392, AA, 3699, 30, 123.300000, 9.533333, 0.000056, 0.000010, 0.000046, ZIP, 901, 10, 90.100000, 6.600000, 0.000031, 0.000006, 0.000026, 
trial0002393, AA, 2740, 30, 91.333333, 7.500000, 0.000079, 0.000011, 0.000069, ZIP, 2081, 10, 208.100000, 14.100000, 0.000034, 0.000006, 0.000029, 
trial0002394, AA, 3018, 30, 100.600000, 7.700000, 0.000061, 0.000010, 0.000051, ZIP, 1631, 10, 163.100000, 10.500000, 0.000031, 0.000006, 0.000026, 
trial0002395, AA, 2762, 30, 92.066667, 8.166667, 0.000048, 0.000011, 0.000037, ZIP, 1481, 10, 148.100000, 9.600000, 0.000031, 0.000005, 0.000025, 
trial0002396, AA, 3815, 30, 127.166667, 10.233333, 0.000062, 0.000011, 0.000052, ZIP, 612, 10, 61.200000, 5.700000, 0.000032, 0.000006, 0.000027, 
trial0002397, AA, 2811, 30, 93.700000, 8.266667, 0.000068, 0.000010, 0.000057, ZIP, 1734, 10, 173.400000, 11.000000, 0.000033, 0.000006, 0.000028, 
trial0002398, AA, 2741, 30, 91.366667, 7.700000, 0.000052, 0.000010, 0.000042, ZIP, 1716, 10, 171.600000, 11.100000, 0.000033, 0.000006, 0.000027, 
trial0002399, AA, 3829, 30, 127.633333, 9.866667, 0.000063, 0.000010, 0.000053, ZIP, 717, 10, 71.700000, 4.800000, 0.000032, 0.000006, 0.000026, 
trial0002400, AA, 3450, 30, 115.000000, 9.066667, 0.000058, 0.000010, 0.000047, ZIP, 1191, 10, 119.100000, 8.800000, 0.000035, 0.000006, 0.000029, 
trial0002401, AA, 1176, 30, 39.200000, 9.600000, 0.000063, 0.000010, 0.000053, ZIP, 543, 10, 54.300000, 5.800000, 0.000031, 0.000006, 0.000025, 
trial0002402, AA, 1859, 30, 61.966667, 8.666667, 0.000049, 0.000010, 0.000039, ZIP, 837, 10, 83.700000, 8.000000, 0.000030, 0.000005, 0.000025, 
trial0002403, AA, 910, 30, 30.333333, 8.366667, 0.000051, 0.000010, 0.000041, ZIP, 813, 10, 81.300000, 9.700000, 0.000031, 0.000006, 0.000025, 
trial0002404, AA, 2482, 30, 82.733333, 8.000000, 0.000040, 0.000009, 0.000031, ZIP, 471, 10, 47.100000, 5.400000, 0.000028, 0.000006, 0.000023, 
trial0002405, AA, 2360, 30, 78.666667, 9.866667, 0.000051, 0.000010, 0.000042, ZIP, 370, 10, 37.000000, 6.200000, 0.000031, 0.000006, 0.000025, 
trial0002406, AA, 1849, 30, 61.633333, 5.233333, 0.000030, 0.000010, 0.000021, ZIP, 409, 10, 40.900000, 3.900000, 0.000022, 0.000005, 0.000017, 
trial0002407, AA, 2072, 30, 69.066667, 9.166667, 0.000048, 0.000010, 0.000038, ZIP, 496, 10, 49.600000, 7.300000, 0.000030, 0.000005, 0.000024, 
trial0002408, AA, 1087, 30, 36.233333, 8.800000, 0.000049, 0.000010, 0.000039, ZIP, 546, 10, 54.600000, 4.400000, 0.000029, 0.000006, 0.000023, 
trial0002409, AA, 1119, 30, 37.300000, 8.800000, 0.000062, 0.000010, 0.000052, ZIP, 410, 10, 41.000000, 6.000000, 0.000031, 0.000006, 0.000025, 
trial0002410, AA, 2196, 30, 73.200000, 7.200000, 0.000041, 0.000010, 0.000031, ZIP, 470, 10, 47.000000, 6.000000, 0.000027, 0.000005, 0.000021, 
trial0002411, AA, 2548, 30, 84.933333, 7.333333, 0.000041, 0.000011, 0.000031, ZIP, 389, 10, 38.900000, 4.800000, 0.000027, 0.000005, 0.000022, 
trial0002412, AA, 2216, 30, 73.866667, 8.966667, 0.000041, 0.000010, 0.000031, ZIP, 443, 10, 44.300000, 6.900000, 0.000029, 0.000005, 0.000024, 
trial0002413, AA, 1909, 30, 63.633333, 5.366667, 0.000034, 0.000009, 0.000025, ZIP, 275, 10, 27.500000, 3.500000, 0.000022, 0.000005, 0.000017, 
trial0002414, AA, 2144, 30, 71.466667, 7.666667, 0.000039, 0.000009, 0.000029, ZIP, 663, 10, 66.300000, 6.600000, 0.000027, 0.000005, 0.000022, 
trial0002415, AA, 1001, 30, 33.366667, 8.533333, 0.000053, 0.000010, 0.000042, ZIP, 477, 10, 47.700000, 7.000000, 0.000031, 0.000006, 0.000025, 
trial0002416, AA, 1796, 30, 59.866667, 5.233333, 0.000030, 0.000009, 0.000021, ZIP, 325, 10, 32.500000, 3.700000, 0.000023, 0.000005, 0.000018, 
trial0002417, AA, 972, 30, 32.400000, 8.400000, 0.000058, 0.000011, 0.000048, ZIP, 839, 10, 83.900000, 10.200000, 0.000033, 0.000006, 0.000027, 
trial0002418, AA, 1221, 30, 40.700000, 8.600000, 0.000060, 0.000010, 0.000050, ZIP, 463, 10, 46.300000, 6.200000, 0.000029, 0.000006, 0.000024, 
trial0002419, AA, 1245, 30, 41.500000, 8.266667, 0.000053, 0.000010, 0.000043, ZIP, 640, 10, 64.000000, 7.800000, 0.000031, 0.000006, 0.000025, 
trial0002420, AA, 2100, 30, 70.000000, 9.233333, 0.000041, 0.000010, 0.000031, ZIP, 253, 10, 25.300000, 5.100000, 0.000029, 0.000005, 0.000023, 
trial0002421, AA, 1236, 30, 41.200000, 9.400000, 0.000050, 0.000010, 0.000040, ZIP, 305, 10, 30.500000, 3.000000, 0.000029, 0.000006, 0.000023, 
trial0002422, AA, 1890, 30, 63.000000, 8.466667, 0.000050, 0.000010, 0.000040, ZIP, 969, 10, 96.900000, 10.000000, 0.000032, 0.000006, 0.000027, 
trial0002423, AA, 2364, 30, 78.800000, 7.166667, 0.000038, 0.000010, 0.000028, ZIP, 465, 10, 46.500000, 5.500000, 0.000026, 0.000005, 0.000021, 
trial0002424, AA, 2106, 30, 70.200000, 8.633333, 0.000044, 0.000010, 0.000035, ZIP, 563, 10, 56.300000, 7.900000, 0.000031, 0.000006, 0.000025, 
trial0002425, AA, 1238, 30, 41.266667, 9.233333, 0.000046, 0.000010, 0.000036, ZIP, 688, 10, 68.800000, 9.100000, 0.000032, 0.000006, 0.000026, 
trial0002426, AA, 1292, 30, 43.066667, 9.233333, 0.000045, 0.000010, 0.000035, ZIP, 493, 10, 49.300000, 7.300000, 0.000030, 0.000005, 0.000025, 
trial0002427, AA, 1379, 30, 45.966667, 9.066667, 0.000051, 0.000010, 0.000042, ZIP, 465, 10, 46.500000, 9.200000, 0.000033, 0.000006, 0.000027, 
trial0002428, AA, 1542, 30, 51.400000, 10.966667, 0.000062, 0.000010, 0.000051, ZIP, 299, 10, 29.900000, 5.500000, 0.000033, 0.000006, 0.000027, 
trial0002429, AA, 2268, 30, 75.600000, 9.366667, 0.000041, 0.000010, 0.000031, ZIP, 220, 10, 22.000000, 5.900000, 0.000029, 0.000005, 0.000024, 
trial0002430, AA, 2367, 30, 78.900000, 8.433333, 0.000043, 0.000010, 0.000033, ZIP, 406, 10, 40.600000, 5.500000, 0.000028, 0.000005, 0.000023, 
trial0002431, AA, 1332, 30, 44.400000, 9.066667, 0.000052, 0.000010, 0.000043, ZIP, 320, 10, 32.000000, 5.200000, 0.000029, 0.000006, 0.000023, 
trial0002432, AA, 1259, 30, 41.966667, 8.866667, 0.000050, 0.000010, 0.000040, ZIP, 417, 10, 41.700000, 5.000000, 0.000030, 0.000006, 0.000024, 
trial0002433, AA, 1350, 30, 45.000000, 10.200000, 0.000053, 0.000010, 0.000043, ZIP, 780, 10, 78.000000, 7.400000, 0.000032, 0.000006, 0.000026, 
trial0002434, AA, 1891, 30, 63.033333, 10.100000, 0.000046, 0.000010, 0.000036, ZIP, 435, 10, 43.500000, 6.700000, 0.000031, 0.000006, 0.000026, 
trial0002435, AA, 2365, 30, 78.833333, 7.266667, 0.000044, 0.000010, 0.000034, ZIP, 435, 10, 43.500000, 5.000000, 0.000027, 0.000005, 0.000021, 
trial0002436, AA, 1962, 30, 65.400000, 6.333333, 0.000039, 0.000010, 0.000029, ZIP, 784, 10, 78.400000, 6.600000, 0.000026, 0.000005, 0.000021, 
trial0002437, AA, 2032, 30, 67.733333, 9.266667, 0.000046, 0.000010, 0.000036, ZIP, 658, 10, 65.800000, 7.000000, 0.000030, 0.000005, 0.000025, 
trial0002438, AA, 2320, 30, 77.333333, 8.233333, 0.000042, 0.000010, 0.000032, ZIP, 549, 10, 54.900000, 6.000000, 0.000028, 0.000005, 0.000023, 
trial0002439, AA, 2509, 30, 83.633333, 8.266667, 0.000040, 0.000010, 0.000030, ZIP, 127, 10, 12.700000, 4.200000, 0.000028, 0.000005, 0.000022, 
trial0002440, AA, 1475, 30, 49.166667, 9.433333, 0.000058, 0.000010, 0.000048, ZIP, 417, 10, 41.700000, 6.300000, 0.000032, 0.000006, 0.000026, 
trial0002441, AA, 2360, 30, 78.666667, 8.833333, 0.000042, 0.000009, 0.000033, ZIP, 314, 10, 31.400000, 5.700000, 0.000029, 0.000006, 0.000023, 
trial0002442, AA, 1265, 30, 42.166667, 8.200000, 0.000054, 0.000010, 0.000044, ZIP, 784, 10, 78.400000, 10.800000, 0.000033, 0.000006, 0.000027, 
trial0002443, AA, 1933, 30, 64.433333, 8.466667, 0.000043, 0.000010, 0.000033, ZIP, 566, 10, 56.600000, 8.000000, 0.000029, 0.000005, 0.000024, 
trial0002444, AA, 942, 30, 31.400000, 9.300000, 0.000056, 0.000010, 0.000046, ZIP, 1069, 10, 106.900000, 7.100000, 0.000031, 0.000006, 0.000025, 
trial0002445, AA, 1097, 30, 36.566667, 9.500000, 0.000056, 0.000010, 0.000046, ZIP, 664, 10, 66.400000, 7.500000, 0.000032, 0.000006, 0.000026, 
trial0002446, AA, 1225, 30, 40.833333, 10.033333, 0.000052, 0.000011, 0.000042, ZIP, 427, 10, 42.700000, 6.700000, 0.000033, 0.000006, 0.000027, 
trial0002447, AA, 888, 30, 29.600000, 2.766667, 0.000025, 0.000010, 0.000015, ZIP, 193, 10, 19.300000, 2.500000, 0.000019, 0.000005, 0.000014, 
trial0002448, AA, 624, 30, 20.800000, 2.066667, 0.000019, 0.000009, 0.000009, ZIP, 47, 10, 4.700000, 0.800000, 0.000018, 0.000005, 0.000012, 
trial0002449, AA, 2031, 30, 67.700000, 9.533333, 0.000044, 0.000010, 0.000035, ZIP, 596, 10, 59.600000, 6.400000, 0.000030, 0.000006, 0.000024, 
trial0002450, AA, 2009, 30, 66.966667, 8.933333, 0.000046, 0.000010, 0.000036, ZIP, 663, 10, 66.300000, 8.000000, 0.000030, 0.000005, 0.000025, 
trial0002451, AA, 2379, 30, 79.300000, 8.066667, 0.000043, 0.000009, 0.000034, ZIP, 701, 10, 70.100000, 6.200000, 0.000028, 0.000005, 0.000022, 
trial0002452, AA, 2422, 30, 80.733333, 9.066667, 0.000044, 0.000010, 0.000035, ZIP, 380, 10, 38.000000, 5.400000, 0.000029, 0.000005, 0.000023, 
trial0002453, AA, 2039, 30, 67.966667, 8.966667, 0.000044, 0.000010, 0.000034, ZIP, 621, 10, 62.100000, 7.500000, 0.000030, 0.000005, 0.000025, 
trial0002454, AA, 1378, 30, 45.933333, 7.000000, 0.000042, 0.000010, 0.000032, ZIP, 1236, 10, 123.600000, 9.200000, 0.000028, 0.000005, 0.000023, 
trial0002455, AA, 1858, 30, 61.933333, 8.333333, 0.000046, 0.000010, 0.000036, ZIP, 929, 10, 92.900000, 10.000000, 0.000031, 0.000005, 0.000025, 
trial0002456, AA, 1914, 30, 63.800000, 8.366667, 0.000050, 0.000010, 0.000040, ZIP, 691, 10, 69.100000, 6.700000, 0.000029, 0.000005, 0.000023, 
trial0002457, AA, 2288, 30, 76.266667, 6.733333, 0.000035, 0.000010, 0.000026, ZIP, 405, 10, 40.500000, 6.000000, 0.000025, 0.000005, 0.000020, 
trial0002458, AA, 1541, 30, 51.366667, 8.900000, 0.000053, 0.000011, 0.000043, ZIP, 295, 10, 29.500000, 7.500000, 0.000031, 0.000006, 0.000025, 
trial0002459, AA, 1730, 30, 57.666667, 9.066667, 0.000043, 0.000010, 0.000033, ZIP, 722, 10, 72.200000, 6.600000, 0.000030, 0.000006, 0.000024, 
trial0002460, AA, 2345, 30, 78.166667, 7.300000, 0.000036, 0.000009, 0.000027, ZIP, 687, 10, 68.700000, 7.100000, 0.000027, 0.000005, 0.000021, 
trial0002461, AA, 1966, 30, 65.533333, 9.466667, 0.000051, 0.000010, 0.000041, ZIP, 548, 10, 54.800000, 7.400000, 0.000032, 0.000006, 0.000026, 
trial0002462, AA, 1246, 30, 41.533333, 9.466667, 0.000056, 0.000010, 0.000046, ZIP, 527, 10, 52.700000, 7.400000, 0.000034, 0.000006, 0.000028, 
trial0002463, AA, 1744, 30, 58.133333, 5.866667, 0.000043, 0.000010, 0.000033, ZIP, 687, 10, 68.700000, 5.800000, 0.000024, 0.000005, 0.000019, 
trial0002464, AA, 2058, 30, 68.600000, 9.366667, 0.000043, 0.000010, 0.000034, ZIP, 484, 10, 48.400000, 7.300000, 0.000030, 0.000005, 0.000025, 
trial0002465, AA, 1220, 30, 40.666667, 8.966667, 0.000059, 0.000010, 0.000048, ZIP, 467, 10, 46.700000, 6.500000, 0.000030, 0.000006, 0.000025, 
trial0002466, AA, 1420, 30, 47.333333, 10.100000, 0.000058, 0.000010, 0.000047, ZIP, 520, 10, 52.000000, 7.500000, 0.000032, 0.000006, 0.000026, 
trial0002467, AA, 1020, 30, 34.000000, 8.200000, 0.000048, 0.000010, 0.000037, ZIP, 669, 10, 66.900000, 7.800000, 0.000030, 0.000006, 0.000024, 
trial0002468, AA, 1951, 30, 65.033333, 8.933333, 0.000058, 0.000010, 0.000049, ZIP, 683, 10, 68.300000, 7.600000, 0.000029, 0.000005, 0.000024, 
trial0002469, AA, 2615, 30, 87.166667, 10.333333, 0.000046, 0.000010, 0.000036, ZIP, 89, 10, 8.900000, 4.600000, 0.000031, 0.000006, 0.000025, 
trial0002470, AA, 2377, 30, 79.233333, 8.733333, 0.000047, 0.000010, 0.000037, ZIP, 466, 10, 46.600000, 5.400000, 0.000030, 0.000006, 0.000024, 
trial0002471, AA, 29, 30, 0.966667, 0.200000, 0.000017, 0.000010, 0.000008, ZIP, 119, 10, 11.900000, 0.600000, 0.000015, 0.000005, 0.000009, 
trial0002472, AA, 1934, 30, 64.466667, 9.233333, 0.000045, 0.000010, 0.000035, ZIP, 696, 10, 69.600000, 6.700000, 0.000030, 0.000005, 0.000024, 
trial0002473, AA, 2097, 30, 69.900000, 6.800000, 0.000042, 0.000010, 0.000032, ZIP, 728, 10, 72.800000, 7.400000, 0.000027, 0.000005, 0.000022, 
trial0002474, AA, 2114, 30, 70.466667, 6.800000, 0.000044, 0.000010, 0.000034, ZIP, 803, 10, 80.300000, 6.800000, 0.000027, 0.000006, 0.000021, 
trial0002475, AA, 1711, 30, 57.033333, 8.333333, 0.000044, 0.000010, 0.000034, ZIP, 932, 10, 93.200000, 7.600000, 0.000030, 0.000006, 0.000024, 
trial0002476, AA, 1036, 30, 34.533333, 7.833333, 0.000053, 0.000010, 0.000042, ZIP, 397, 10, 39.700000, 7.100000, 0.000031, 0.000006, 0.000025, 
trial0002477, AA, 1075, 30, 35.833333, 8.733333, 0.000049, 0.000010, 0.000039, ZIP, 760, 10, 76.000000, 8.000000, 0.000030, 0.000006, 0.000025, 
trial0002478, AA, 972, 30, 32.400000, 9.400000, 0.000057, 0.000010, 0.000047, ZIP, 431, 10, 43.100000, 4.000000, 0.000030, 0.000006, 0.000024, 
trial0002479, AA, 2031, 30, 67.700000, 9.066667, 0.000042, 0.000010, 0.000032, ZIP, 809, 10, 80.900000, 8.600000, 0.000030, 0.000005, 0.000024, 
trial0002480, AA, 1878, 30, 62.600000, 8.533333, 0.000048, 0.000010, 0.000039, ZIP, 606, 10, 60.600000, 9.400000, 0.000030, 0.000005, 0.000024, 
trial0002481, AA, 1903, 30, 63.433333, 8.033333, 0.000046, 0.000010, 0.000036, ZIP, 803, 10, 80.300000, 7.500000, 0.000028, 0.000005, 0.000023, 
trial0002482, AA, 1866, 30, 62.200000, 5.600000, 0.000031, 0.000009, 0.000021, ZIP, 204, 10, 20.400000, 3.200000, 0.000023, 0.000005, 0.000018, 
trial0002483, AA, 1729, 30, 57.633333, 8.300000, 0.000046, 0.000010, 0.000036, ZIP, 1013, 10, 101.300000, 9.300000, 0.000030, 0.000005, 0.000024, 
trial0002484, AA, 2166, 30, 72.200000, 9.233333, 0.000042, 0.000010, 0.000032, ZIP, 450, 10, 45.000000, 7.700000, 0.000030, 0.000005, 0.000025, 
trial0002485, AA, 2157, 30, 71.900000, 9.200000, 0.000043, 0.000010, 0.000033, ZIP, 522, 10, 52.200000, 6.700000, 0.000030, 0.000005, 0.000024, 
trial0002486, AA, 1797, 30, 59.900000, 6.966667, 0.000037, 0.000010, 0.000028, ZIP, 896, 10, 89.600000, 7.400000, 0.000027, 0.000005, 0.000022, 
trial0002487, AA, 1981, 30, 66.033333, 7.766667, 0.000035, 0.000010, 0.000025, ZIP, 653, 10, 65.300000, 7.300000, 0.000028, 0.000005, 0.000022, 
trial0002488, AA, 1218, 30, 40.600000, 9.800000, 0.000050, 0.000010, 0.000039, ZIP, 421, 10, 42.100000, 3.800000, 0.000032, 0.000006, 0.000026, 
trial0002489, AA, 2603, 30, 86.766667, 8.833333, 0.000042, 0.000010, 0.000032, ZIP, 238, 10, 23.800000, 4.900000, 0.000028, 0.000006, 0.000023, 
trial0002490, AA, 2057, 30, 68.566667, 7.333333, 0.000044, 0.000010, 0.000034, ZIP, 602, 10, 60.200000, 6.900000, 0.000027, 0.000005, 0.000022, 
trial0002491, AA, 1967, 30, 65.566667, 9.000000, 0.000042, 0.000010, 0.000032, ZIP, 411, 10, 41.100000, 5.600000, 0.000030, 0.000006, 0.000025, 
trial0002492, AA, 2141, 30, 71.366667, 9.800000, 0.000041, 0.000009, 0.000031, ZIP, 326, 10, 32.600000, 4.600000, 0.000030, 0.000006, 0.000024, 
trial0002493, AA, 874, 30, 29.133333, 8.700000, 0.000052, 0.000010, 0.000042, ZIP, 850, 10, 85.000000, 8.900000, 0.000033, 0.000006, 0.000027, 
trial0002494, AA, 1963, 30, 65.433333, 5.466667, 0.000032, 0.000009, 0.000022, ZIP, 238, 10, 23.800000, 3.800000, 0.000023, 0.000005, 0.000018, 
trial0002495, AA, 2018, 30, 67.266667, 8.600000, 0.000040, 0.000009, 0.000030, ZIP, 557, 10, 55.700000, 8.200000, 0.000029, 0.000005, 0.000024, 
trial0002496, AA, 1135, 30, 37.833333, 8.933333, 0.000048, 0.000010, 0.000038, ZIP, 812, 10, 81.200000, 7.800000, 0.000030, 0.000006, 0.000024, 
trial0002497, AA, 2610, 30, 87.000000, 8.133333, 0.000038, 0.000010, 0.000029, ZIP, 144, 10, 14.400000, 4.400000, 0.000026, 0.000005, 0.000021, 
trial0002498, AA, 2231, 30, 74.366667, 10.166667, 0.000046, 0.000010, 0.000036, ZIP, 360, 10, 36.000000, 5.700000, 0.000030, 0.000005, 0.000025, 
trial0002499, AA, 2044, 30, 68.133333, 9.533333, 0.000042, 0.000010, 0.000033, ZIP, 323, 10, 32.300000, 6.000000, 0.000030, 0.000006, 0.000025, 
trial0002500, AA, 1818, 30, 60.600000, 8.533333, 0.000046, 0.000010, 0.000037, ZIP, 1067, 10, 106.700000, 10.000000, 0.000033, 0.000006, 0.000027, 
