trial0017501, AA, 1576, 6, 262.666667, 5.833333, 0.000059, 0.000011, 0.000049, ZIC, 5129, 34, 150.852941, 2.794118, 0.000018, 0.000006, 0.000012, 
trial0017502, AA, 975, 6, 162.500000, 6.000000, 0.000060, 0.000010, 0.000050, ZIC, 5981, 34, 175.911765, 3.470588, 0.000021, 0.000007, 0.000014, 
trial0017503, AA, 1789, 6, 298.166667, 5.833333, 0.000043, 0.000010, 0.000033, ZIC, 4756, 34, 139.882353, 2.911765, 0.000019, 0.000006, 0.000013, 
trial0017504, AA, 1364, 6, 227.333333, 5.500000, 0.000065, 0.000010, 0.000055, ZIC, 5317, 34, 156.382353, 3.088235, 0.000018, 0.000006, 0.000012, 
trial0017505, AA, 866, 6, 144.333333, 6.833333, 0.000058, 0.000010, 0.000048, ZIC, 6192, 34, 182.117647, 3.205882, 0.000020, 0.000006, 0.000014, 
trial0017506, AA, 1374, 6, 229.000000, 6.833333, 0.000048, 0.000010, 0.000038, ZIC, 4524, 34, 133.058824, 2.911765, 0.000019, 0.000006, 0.000012, 
trial0017507, AA, 963, 6, 160.500000, 3.500000, 0.000044, 0.000011, 0.000033, ZIC, 4794, 34, 141.000000, 2.911765, 0.000017, 0.000006, 0.000011, 
trial0017508, AA, 1109, 6, 184.833333, 4.333333, 0.000047, 0.000010, 0.000037, ZIC, 6250, 34, 183.823529, 3.823529, 0.000020, 0.000006, 0.000013, 
trial0017509, AA, 2816, 6, 469.333333, 7.500000, 0.000047, 0.000010, 0.000037, ZIC, 4126, 34, 121.352941, 2.676471, 0.000019, 0.000006, 0.000013, 
trial0017510, AA, 2225, 6, 370.833333, 8.500000, 0.000055, 0.000011, 0.000043, ZIC, 5009, 34, 147.323529, 2.911765, 0.000022, 0.000007, 0.000015, 
trial0017511, AA, 2077, 6, 346.166667, 7.500000, 0.000057, 0.000010, 0.000046, ZIC, 4670, 34, 137.352941, 2.676471, 0.000019, 0.000006, 0.000013, 
trial0017512, AA, 2727, 6, 454.500000, 9.000000, 0.000052, 0.000010, 0.000042, ZIC, 4059, 34, 119.382353, 2.588235, 0.000020, 0.000006, 0.000013, 
trial0017513, AA, 1052, 6, 175.333333, 5.500000, 0.000075, 0.000011, 0.000064, ZIC, 6866, 34, 201.941176, 3.911765, 0.000022, 0.000006, 0.000015, 
trial0017514, AA, 2514, 6, 419.000000, 7.333333, 0.000041, 0.000010, 0.000031, ZIC, 4212, 34, 123.882353, 2.588235, 0.000018, 0.000006, 0.000012, 
trial0017515, AA, 3143, 6, 523.833333, 7.333333, 0.000059, 0.000010, 0.000049, ZIC, 4743, 34, 139.500000, 3.000000, 0.000021, 0.000007, 0.000014, 
trial0017516, AA, 1597, 6, 266.166667, 5.666667, 0.000053, 0.000010, 0.000043, ZIC, 6426, 34, 189.000000, 3.529412, 0.000021, 0.000007, 0.000014, 
trial0017517, AA, 1931, 6, 321.833333, 5.000000, 0.000055, 0.000010, 0.000045, ZIC, 5422, 34, 159.470588, 3.294118, 0.000020, 0.000006, 0.000013, 
trial0017518, AA, 1464, 6, 244.000000, 5.000000, 0.000048, 0.000010, 0.000037, ZIC, 5685, 34, 167.205882, 3.176471, 0.000019, 0.000006, 0.000012, 
trial0017519, AA, 558, 6, 93.000000, 2.166667, 0.000052, 0.000012, 0.000040, ZIC, 5283, 34, 155.382353, 3.441176, 0.000018, 0.000006, 0.000012, 
trial0017520, AA, 1534, 6, 255.666667, 4.833333, 0.000049, 0.000010, 0.000039, ZIC, 5549, 34, 163.205882, 3.147059, 0.000019, 0.000006, 0.000012, 
trial0017521, AA, 366, 6, 61.000000, 3.833333, 0.000060, 0.000011, 0.000049, ZIC, 5642, 34, 165.941176, 3.205882, 0.000019, 0.000007, 0.000013, 
trial0017522, AA, 2606, 6, 434.333333, 7.500000, 0.000059, 0.000010, 0.000049, ZIC, 5006, 34, 147.235294, 3.147059, 0.000021, 0.000007, 0.000014, 
trial0017523, AA, 611, 6, 101.833333, 3.666667, 0.000064, 0.000011, 0.000053, ZIC, 6329, 34, 186.147059, 3.588235, 0.000019, 0.000006, 0.000013, 
trial0017524, AA, 1938, 6, 323.000000, 6.333333, 0.000049, 0.000010, 0.000039, ZIC, 5169, 34, 152.029412, 3.235294, 0.000020, 0.000007, 0.000014, 
trial0017525, AA, 2320, 6, 386.666667, 8.000000, 0.000046, 0.000010, 0.000036, ZIC, 5191, 34, 152.676471, 2.941176, 0.000019, 0.000006, 0.000013, 
trial0017526, AA, 1691, 6, 281.833333, 7.666667, 0.000065, 0.000009, 0.000056, ZIC, 5830, 34, 171.470588, 3.470588, 0.000021, 0.000006, 0.000014, 
trial0017527, AA, 827, 6, 137.833333, 5.500000, 0.000054, 0.000010, 0.000044, ZIC, 5441, 34, 160.029412, 3.088235, 0.000020, 0.000006, 0.000013, 
trial0017528, AA, 1564, 6, 260.666667, 4.833333, 0.000055, 0.000011, 0.000045, ZIC, 5542, 34, 163.000000, 2.970588, 0.000019, 0.000006, 0.000013, 
trial0017529, AA, 2379, 6, 396.500000, 6.666667, 0.000050, 0.000010, 0.000040, ZIC, 4460, 34, 131.176471, 2.764706, 0.000020, 0.000007, 0.000014, 
trial0017530, AA, 2010, 6, 335.000000, 5.500000, 0.000054, 0.000011, 0.000043, ZIC, 4562, 34, 134.176471, 2.676471, 0.000018, 0.000006, 0.000012, 
trial0017531, AA, 1544, 6, 257.333333, 4.000000, 0.000044, 0.000010, 0.000034, ZIC, 4773, 34, 140.382353, 3.058824, 0.000018, 0.000006, 0.000012, 
trial0017532, AA, 2077, 6, 346.166667, 7.500000, 0.000050, 0.000010, 0.000040, ZIC, 4451, 34, 130.911765, 2.617647, 0.000019, 0.000007, 0.000013, 
trial0017533, AA, 1201, 6, 200.166667, 6.000000, 0.000056, 0.000010, 0.000046, ZIC, 5824, 34, 171.294118, 3.294118, 0.000021, 0.000007, 0.000014, 
trial0017534, AA, 695, 6, 115.833333, 4.666667, 0.000065, 0.000010, 0.000055, ZIC, 5687, 34, 167.264706, 3.117647, 0.000020, 0.000007, 0.000013, 
trial0017535, AA, 1642, 6, 273.666667, 6.666667, 0.000059, 0.000010, 0.000049, ZIC, 5413, 34, 159.205882, 3.176471, 0.000021, 0.000007, 0.000015, 
trial0017536, AA, 793, 6, 132.166667, 5.666667, 0.000067, 0.000011, 0.000057, ZIC, 6768, 34, 199.058824, 3.352941, 0.000021, 0.000007, 0.000015, 
trial0017537, AA, 2021, 6, 336.833333, 6.833333, 0.000064, 0.000010, 0.000055, ZIC, 5229, 34, 153.794118, 3.205882, 0.000021, 0.000007, 0.000015, 
trial0017538, AA, 2141, 6, 356.833333, 6.333333, 0.000044, 0.000010, 0.000034, ZIC, 3956, 34, 116.352941, 2.647059, 0.000019, 0.000007, 0.000013, 
trial0017539, AA, 2855, 6, 475.833333, 7.666667, 0.000044, 0.000009, 0.000034, ZIC, 4171, 34, 122.676471, 2.764706, 0.000019, 0.000006, 0.000013, 
trial0017540, AA, 1443, 6, 240.500000, 4.166667, 0.000051, 0.000011, 0.000040, ZIC, 6613, 34, 194.500000, 3.676471, 0.000021, 0.000007, 0.000014, 
trial0017541, AA, 1082, 6, 180.333333, 7.333333, 0.000060, 0.000010, 0.000050, ZIC, 6588, 34, 193.764706, 3.647059, 0.000022, 0.000007, 0.000016, 
trial0017542, AA, 1957, 6, 326.166667, 6.333333, 0.000059, 0.000010, 0.000049, ZIC, 6175, 34, 181.617647, 3.647059, 0.000021, 0.000006, 0.000015, 
trial0017543, AA, 885, 6, 147.500000, 4.166667, 0.000056, 0.000013, 0.000044, ZIC, 5859, 34, 172.323529, 3.558824, 0.000021, 0.000007, 0.000014, 
trial0017544, AA, 1002, 6, 167.000000, 5.500000, 0.000049, 0.000010, 0.000039, ZIC, 5294, 34, 155.705882, 3.205882, 0.000020, 0.000007, 0.000013, 
trial0017545, AA, 1236, 6, 206.000000, 5.000000, 0.000050, 0.000011, 0.000040, ZIC, 5267, 34, 154.911765, 3.176471, 0.000020, 0.000007, 0.000013, 
trial0017546, AA, 2261, 6, 376.833333, 4.833333, 0.000052, 0.000011, 0.000041, ZIC, 5535, 34, 162.794118, 3.323529, 0.000021, 0.000007, 0.000014, 
trial0017547, AA, 1723, 6, 287.166667, 7.166667, 0.000050, 0.000010, 0.000041, ZIC, 4857, 34, 142.852941, 2.676471, 0.000021, 0.000007, 0.000014, 
trial0017548, AA, 2365, 6, 394.166667, 7.500000, 0.000054, 0.000011, 0.000043, ZIC, 5043, 34, 148.323529, 3.029412, 0.000020, 0.000006, 0.000014, 
trial0017549, AA, 1009, 6, 168.166667, 5.000000, 0.000053, 0.000011, 0.000042, ZIC, 5221, 34, 153.558824, 3.058824, 0.000018, 0.000006, 0.000012, 
trial0017550, AA, 770, 6, 128.333333, 3.833333, 0.000051, 0.000010, 0.000041, ZIC, 5398, 34, 158.764706, 3.382353, 0.000019, 0.000006, 0.000013, 
trial0017551, AA, 1010, 6, 168.333333, 6.166667, 0.000063, 0.000010, 0.000054, ZIC, 6143, 34, 180.676471, 3.382353, 0.000019, 0.000006, 0.000013, 
trial0017552, AA, 1443, 6, 240.500000, 5.333333, 0.000045, 0.000011, 0.000034, ZIC, 4690, 34, 137.941176, 2.705882, 0.000018, 0.000006, 0.000011, 
trial0017553, AA, 1370, 6, 228.333333, 7.166667, 0.000062, 0.000010, 0.000052, ZIC, 6280, 34, 184.705882, 3.323529, 0.000021, 0.000007, 0.000014, 
trial0017554, AA, 1658, 6, 276.333333, 5.666667, 0.000060, 0.000010, 0.000051, ZIC, 5278, 34, 155.235294, 2.941176, 0.000018, 0.000006, 0.000012, 
trial0017555, AA, 1170, 6, 195.000000, 4.333333, 0.000052, 0.000010, 0.000042, ZIC, 5485, 34, 161.323529, 3.117647, 0.000018, 0.000006, 0.000012, 
trial0017556, AA, 2114, 6, 352.333333, 6.500000, 0.000053, 0.000011, 0.000042, ZIC, 4635, 34, 136.323529, 2.676471, 0.000018, 0.000006, 0.000012, 
trial0017557, AA, 1409, 6, 234.833333, 6.500000, 0.000049, 0.000010, 0.000039, ZIC, 5118, 34, 150.529412, 2.911765, 0.000018, 0.000006, 0.000012, 
trial0017558, AA, 1955, 6, 325.833333, 7.666667, 0.000054, 0.000010, 0.000044, ZIC, 5574, 34, 163.941176, 2.941176, 0.000020, 0.000007, 0.000014, 
trial0017559, AA, 2443, 6, 407.166667, 8.333333, 0.000063, 0.000010, 0.000053, ZIC, 5364, 34, 157.764706, 3.235294, 0.000021, 0.000007, 0.000014, 
trial0017560, AA, 2623, 6, 437.166667, 7.500000, 0.000061, 0.000010, 0.000051, ZIC, 4228, 34, 124.352941, 2.558824, 0.000020, 0.000007, 0.000013, 
trial0017561, AA, 1876, 6, 312.666667, 5.166667, 0.000048, 0.000009, 0.000038, ZIC, 5579, 34, 164.088235, 3.323529, 0.000019, 0.000006, 0.000012, 
trial0017562, AA, 2356, 6, 392.666667, 6.500000, 0.000035, 0.000010, 0.000026, ZIC, 4094, 34, 120.411765, 2.382353, 0.000018, 0.000007, 0.000011, 
trial0017563, AA, 1647, 6, 274.500000, 5.833333, 0.000062, 0.000009, 0.000053, ZIC, 5573, 34, 163.911765, 3.264706, 0.000019, 0.000006, 0.000013, 
trial0017564, AA, 1311, 6, 218.500000, 6.333333, 0.000054, 0.000011, 0.000044, ZIC, 6105, 34, 179.558824, 3.470588, 0.000021, 0.000007, 0.000014, 
trial0017565, AA, 2563, 6, 427.166667, 8.166667, 0.000047, 0.000011, 0.000036, ZIC, 4114, 34, 121.000000, 2.323529, 0.000021, 0.000007, 0.000014, 
trial0017566, AA, 1752, 6, 292.000000, 5.000000, 0.000042, 0.000011, 0.000031, ZIC, 3680, 34, 108.235294, 2.470588, 0.000019, 0.000007, 0.000012, 
trial0017567, AA, 2432, 6, 405.333333, 7.666667, 0.000060, 0.000010, 0.000050, ZIC, 4920, 34, 144.705882, 2.823529, 0.000020, 0.000006, 0.000014, 
trial0017568, AA, 1336, 6, 222.666667, 6.000000, 0.000062, 0.000011, 0.000052, ZIC, 5916, 34, 174.000000, 3.647059, 0.000022, 0.000007, 0.000015, 
trial0017569, AA, 1730, 6, 288.333333, 6.833333, 0.000055, 0.000011, 0.000045, ZIC, 5243, 34, 154.205882, 3.029412, 0.000019, 0.000006, 0.000013, 
trial0017570, AA, 2340, 6, 390.000000, 7.333333, 0.000056, 0.000010, 0.000046, ZIC, 4171, 34, 122.676471, 2.882353, 0.000021, 0.000007, 0.000014, 
trial0017571, AA, 1585, 6, 264.166667, 5.666667, 0.000058, 0.000010, 0.000048, ZIC, 6186, 34, 181.941176, 3.529412, 0.000022, 0.000007, 0.000015, 
trial0017572, AA, 1610, 6, 268.333333, 6.333333, 0.000045, 0.000010, 0.000035, ZIC, 4666, 34, 137.235294, 2.764706, 0.000019, 0.000007, 0.000012, 
trial0017573, AA, 1024, 6, 170.666667, 4.833333, 0.000046, 0.000010, 0.000036, ZIC, 5115, 34, 150.441176, 2.852941, 0.000018, 0.000006, 0.000012, 
trial0017574, AA, 1483, 6, 247.166667, 7.000000, 0.000054, 0.000010, 0.000044, ZIC, 4798, 34, 141.117647, 2.823529, 0.000018, 0.000006, 0.000012, 
trial0017575, AA, 1753, 6, 292.166667, 6.833333, 0.000049, 0.000010, 0.000039, ZIC, 5299, 34, 155.852941, 2.911765, 0.000019, 0.000006, 0.000012, 
trial0017576, AA, 3102, 6, 517.000000, 6.833333, 0.000040, 0.000010, 0.000030, ZIC, 3626, 34, 106.647059, 2.500000, 0.000018, 0.000006, 0.000012, 
trial0017577, AA, 3115, 6, 519.166667, 8.000000, 0.000049, 0.000010, 0.000039, ZIC, 3846, 34, 113.117647, 2.411765, 0.000020, 0.000007, 0.000013, 
trial0017578, AA, 2182, 6, 363.666667, 6.833333, 0.000043, 0.000010, 0.000033, ZIC, 4462, 34, 131.235294, 2.794118, 0.000018, 0.000006, 0.000012, 
trial0017579, AA, 1823, 6, 303.833333, 5.666667, 0.000041, 0.000010, 0.000031, ZIC, 5523, 34, 162.441176, 3.235294, 0.000020, 0.000006, 0.000013, 
trial0017580, AA, 1360, 6, 226.666667, 4.000000, 0.000051, 0.000010, 0.000041, ZIC, 5559, 34, 163.500000, 3.588235, 0.000020, 0.000007, 0.000013, 
trial0017581, AA, 1611, 6, 268.500000, 6.000000, 0.000055, 0.000010, 0.000045, ZIC, 5079, 34, 149.382353, 2.882353, 0.000019, 0.000006, 0.000012, 
trial0017582, AA, 2168, 6, 361.333333, 7.166667, 0.000050, 0.000010, 0.000040, ZIC, 4486, 34, 131.941176, 2.852941, 0.000019, 0.000006, 0.000012, 
trial0017583, AA, 2049, 6, 341.500000, 5.833333, 0.000061, 0.000010, 0.000051, ZIC, 4997, 34, 146.970588, 3.205882, 0.000018, 0.000006, 0.000012, 
trial0017584, AA, 1979, 6, 329.833333, 6.333333, 0.000043, 0.000009, 0.000034, ZIC, 4619, 34, 135.852941, 2.647059, 0.000017, 0.000006, 0.000011, 
trial0017585, AA, 1822, 6, 303.666667, 6.833333, 0.000058, 0.000010, 0.000048, ZIC, 5562, 34, 163.588235, 3.147059, 0.000021, 0.000007, 0.000014, 
trial0017586, AA, 1347, 6, 224.500000, 7.333333, 0.000064, 0.000010, 0.000054, ZIC, 5538, 34, 162.882353, 2.941176, 0.000019, 0.000006, 0.000012, 
trial0017587, AA, 1800, 6, 300.000000, 6.833333, 0.000064, 0.000011, 0.000053, ZIC, 5560, 34, 163.529412, 3.205882, 0.000020, 0.000006, 0.000014, 
trial0017588, AA, 2099, 6, 349.833333, 7.500000, 0.000046, 0.000010, 0.000036, ZIC, 4689, 34, 137.911765, 2.676471, 0.000021, 0.000007, 0.000014, 
trial0017589, AA, 1588, 6, 264.666667, 5.666667, 0.000053, 0.000010, 0.000043, ZIC, 6188, 34, 182.000000, 3.411765, 0.000020, 0.000007, 0.000014, 
trial0017590, AA, 1184, 6, 197.333333, 5.000000, 0.000058, 0.000011, 0.000047, ZIC, 5628, 34, 165.529412, 3.176471, 0.000020, 0.000007, 0.000014, 
trial0017591, AA, 1546, 6, 257.666667, 7.666667, 0.000061, 0.000010, 0.000051, ZIC, 5119, 34, 150.558824, 3.000000, 0.000020, 0.000007, 0.000013, 
trial0017592, AA, 2445, 6, 407.500000, 7.333333, 0.000057, 0.000009, 0.000047, ZIC, 4483, 34, 131.852941, 2.647059, 0.000019, 0.000006, 0.000013, 
trial0017593, AA, 1656, 6, 276.000000, 3.500000, 0.000053, 0.000009, 0.000044, ZIC, 5762, 34, 169.470588, 3.794118, 0.000020, 0.000007, 0.000014, 
trial0017594, AA, 1771, 6, 295.166667, 5.333333, 0.000072, 0.000016, 0.000056, ZIC, 5697, 34, 167.558824, 3.352941, 0.000019, 0.000006, 0.000013, 
trial0017595, AA, 832, 6, 138.666667, 3.833333, 0.000055, 0.000010, 0.000045, ZIC, 5699, 34, 167.617647, 3.500000, 0.000019, 0.000006, 0.000013, 
trial0017596, AA, 2280, 6, 380.000000, 5.666667, 0.000067, 0.000010, 0.000056, ZIC, 5728, 34, 168.470588, 3.411765, 0.000020, 0.000006, 0.000014, 
trial0017597, AA, 775, 6, 129.166667, 5.500000, 0.000050, 0.000010, 0.000040, ZIC, 5814, 34, 171.000000, 3.617647, 0.000019, 0.000006, 0.000013, 
trial0017598, AA, 1411, 6, 235.166667, 4.500000, 0.000050, 0.000010, 0.000040, ZIC, 4412, 34, 129.764706, 2.794118, 0.000017, 0.000006, 0.000011, 
trial0017599, AA, 825, 6, 137.500000, 4.833333, 0.000055, 0.000010, 0.000046, ZIC, 6454, 34, 189.823529, 3.558824, 0.000019, 0.000006, 0.000013, 
trial0017600, AA, 2109, 6, 351.500000, 6.833333, 0.000056, 0.000010, 0.000046, ZIC, 4625, 34, 136.029412, 2.735294, 0.000020, 0.000007, 0.000013, 
trial0017601, AA, 1852, 6, 308.666667, 7.666667, 0.000051, 0.000010, 0.000041, ZIC, 2524, 34, 74.235294, 1.941176, 0.000018, 0.000007, 0.000012, 
trial0017602, AA, 342, 6, 57.000000, 3.666667, 0.000046, 0.000013, 0.000033, ZIC, 3808, 34, 112.000000, 3.411765, 0.000019, 0.000006, 0.000013, 
trial0017603, AA, 1523, 6, 253.833333, 5.166667, 0.000042, 0.000010, 0.000032, ZIC, 2720, 34, 80.000000, 2.382353, 0.000018, 0.000007, 0.000012, 
trial0017604, AA, 1162, 6, 193.666667, 7.666667, 0.000056, 0.000013, 0.000043, ZIC, 2976, 34, 87.529412, 2.470588, 0.000021, 0.000007, 0.000014, 
trial0017605, AA, 790, 6, 131.666667, 5.500000, 0.000057, 0.000011, 0.000046, ZIC, 2436, 34, 71.647059, 1.970588, 0.000017, 0.000006, 0.000011, 
trial0017606, AA, 1437, 6, 239.500000, 8.000000, 0.000045, 0.000010, 0.000035, ZIC, 2991, 34, 87.970588, 2.352941, 0.000018, 0.000006, 0.000012, 
trial0017607, AA, 1580, 6, 263.333333, 7.500000, 0.000047, 0.000010, 0.000037, ZIC, 2430, 34, 71.470588, 2.323529, 0.000018, 0.000006, 0.000012, 
trial0017608, AA, 541, 6, 90.166667, 4.833333, 0.000048, 0.000011, 0.000037, ZIC, 3245, 34, 95.441176, 2.617647, 0.000019, 0.000007, 0.000012, 
trial0017609, AA, 836, 6, 139.333333, 6.000000, 0.000056, 0.000011, 0.000045, ZIC, 3570, 34, 105.000000, 2.647059, 0.000020, 0.000007, 0.000013, 
trial0017610, AA, 780, 6, 130.000000, 4.666667, 0.000043, 0.000010, 0.000032, ZIC, 3014, 34, 88.647059, 2.529412, 0.000018, 0.000006, 0.000012, 
trial0017611, AA, 1821, 6, 303.500000, 7.833333, 0.000040, 0.000011, 0.000030, ZIC, 2608, 34, 76.705882, 2.088235, 0.000018, 0.000006, 0.000012, 
trial0017612, AA, 480, 6, 80.000000, 4.500000, 0.000051, 0.000009, 0.000041, ZIC, 3231, 34, 95.029412, 2.911765, 0.000018, 0.000006, 0.000012, 
trial0017613, AA, 1663, 6, 277.166667, 7.333333, 0.000051, 0.000010, 0.000041, ZIC, 2345, 34, 68.970588, 2.294118, 0.000018, 0.000006, 0.000012, 
trial0017614, AA, 707, 6, 117.833333, 5.500000, 0.000054, 0.000011, 0.000043, ZIC, 3319, 34, 97.617647, 2.676471, 0.000018, 0.000007, 0.000012, 
trial0017615, AA, 1591, 6, 265.166667, 8.500000, 0.000050, 0.000010, 0.000041, ZIC, 2337, 34, 68.735294, 2.029412, 0.000018, 0.000006, 0.000011, 
trial0017616, AA, 1869, 6, 311.500000, 8.333333, 0.000053, 0.000010, 0.000043, ZIC, 2671, 34, 78.558824, 2.235294, 0.000020, 0.000007, 0.000013, 
trial0017617, AA, 235, 6, 39.166667, 2.500000, 0.000057, 0.000010, 0.000047, ZIC, 3747, 34, 110.205882, 2.852941, 0.000017, 0.000006, 0.000011, 
trial0017618, AA, 435, 6, 72.500000, 3.333333, 0.000070, 0.000010, 0.000060, ZIC, 4344, 34, 127.764706, 3.117647, 0.000059, 0.000007, 0.000052, 
trial0017619, AA, 1628, 6, 271.333333, 6.666667, 0.000064, 0.000011, 0.000053, ZIC, 3753, 34, 110.382353, 2.970588, 0.000021, 0.000007, 0.000014, 
trial0017620, AA, 844, 6, 140.666667, 4.000000, 0.000040, 0.000011, 0.000029, ZIC, 3433, 34, 100.970588, 2.882353, 0.000018, 0.000006, 0.000011, 
trial0017621, AA, 1490, 6, 248.333333, 7.166667, 0.000056, 0.000010, 0.000046, ZIC, 3187, 34, 93.735294, 2.676471, 0.000020, 0.000007, 0.000013, 
trial0017622, AA, 539, 6, 89.833333, 5.833333, 0.000069, 0.000010, 0.000059, ZIC, 4472, 34, 131.529412, 3.264706, 0.000020, 0.000007, 0.000013, 
trial0017623, AA, 1065, 6, 177.500000, 6.833333, 0.000056, 0.000011, 0.000045, ZIC, 2634, 34, 77.470588, 2.264706, 0.000022, 0.000007, 0.000014, 
trial0017624, AA, 831, 6, 138.500000, 5.166667, 0.000044, 0.000012, 0.000032, ZIC, 2773, 34, 81.558824, 2.205882, 0.000018, 0.000006, 0.000011, 
trial0017625, AA, 958, 6, 159.666667, 5.000000, 0.000042, 0.000010, 0.000032, ZIC, 3200, 34, 94.117647, 2.588235, 0.000018, 0.000006, 0.000012, 
trial0017626, AA, 1154, 6, 192.333333, 6.000000, 0.000047, 0.000010, 0.000036, ZIC, 3104, 34, 91.294118, 2.647059, 0.000017, 0.000006, 0.000011, 
trial0017627, AA, 1715, 6, 285.833333, 8.166667, 0.000050, 0.000010, 0.000040, ZIC, 2808, 34, 82.588235, 2.147059, 0.000018, 0.000006, 0.000012, 
trial0017628, AA, 679, 6, 113.166667, 7.000000, 0.000059, 0.000011, 0.000049, ZIC, 4300, 34, 126.470588, 3.235294, 0.000020, 0.000006, 0.000014, 
trial0017629, AA, 1436, 6, 239.333333, 6.333333, 0.000044, 0.000010, 0.000034, ZIC, 2867, 34, 84.323529, 2.588235, 0.000018, 0.000006, 0.000012, 
trial0017630, AA, 2014, 6, 335.666667, 9.166667, 0.000047, 0.000010, 0.000036, ZIC, 2379, 34, 69.970588, 2.147059, 0.000018, 0.000006, 0.000012, 
trial0017631, AA, 2326, 6, 387.666667, 10.000000, 0.000049, 0.000010, 0.000039, ZIC, 3313, 34, 97.441176, 2.352941, 0.000019, 0.000006, 0.000013, 
trial0017632, AA, 723, 6, 120.500000, 4.333333, 0.000049, 0.000011, 0.000038, ZIC, 3325, 34, 97.794118, 2.647059, 0.000018, 0.000006, 0.000011, 
trial0017633, AA, 1300, 6, 216.666667, 5.500000, 0.000048, 0.000010, 0.000038, ZIC, 2382, 34, 70.058824, 2.323529, 0.000017, 0.000006, 0.000011, 
trial0017634, AA, 924, 6, 154.000000, 5.166667, 0.000047, 0.000009, 0.000038, ZIC, 4335, 34, 127.500000, 3.147059, 0.000018, 0.000006, 0.000012, 
trial0017635, AA, 1070, 6, 178.333333, 5.833333, 0.000054, 0.000010, 0.000043, ZIC, 4133, 34, 121.558824, 3.088235, 0.000019, 0.000006, 0.000012, 
trial0017636, AA, 753, 6, 125.500000, 5.333333, 0.000062, 0.000010, 0.000052, ZIC, 4240, 34, 124.705882, 3.294118, 0.000019, 0.000006, 0.000012, 
trial0017637, AA, 1029, 6, 171.500000, 6.833333, 0.000055, 0.000010, 0.000046, ZIC, 3836, 34, 112.823529, 2.852941, 0.000019, 0.000006, 0.000012, 
trial0017638, AA, 2067, 6, 344.500000, 8.333333, 0.000050, 0.000010, 0.000039, ZIC, 3073, 34, 90.382353, 2.294118, 0.000018, 0.000006, 0.000012, 
trial0017639, AA, 1107, 6, 184.500000, 6.500000, 0.000043, 0.000011, 0.000032, ZIC, 3943, 34, 115.970588, 2.794118, 0.000019, 0.000006, 0.000013, 
trial0017640, AA, 1877, 6, 312.833333, 9.166667, 0.000051, 0.000011, 0.000040, ZIC, 2150, 34, 63.235294, 2.029412, 0.000018, 0.000006, 0.000011, 
trial0017641, AA, 1275, 6, 212.500000, 6.166667, 0.000061, 0.000011, 0.000050, ZIC, 3444, 34, 101.294118, 2.617647, 0.000019, 0.000007, 0.000012, 
trial0017642, AA, 802, 6, 133.666667, 5.500000, 0.000052, 0.000011, 0.000041, ZIC, 4385, 34, 128.970588, 2.970588, 0.000020, 0.000007, 0.000013, 
trial0017643, AA, 1195, 6, 199.166667, 4.833333, 0.000034, 0.000011, 0.000023, ZIC, 2407, 34, 70.794118, 2.088235, 0.000017, 0.000007, 0.000011, 
trial0017644, AA, 1411, 6, 235.166667, 7.833333, 0.000042, 0.000010, 0.000032, ZIC, 2442, 34, 71.823529, 2.088235, 0.000017, 0.000006, 0.000011, 
trial0017645, AA, 1096, 6, 182.666667, 6.000000, 0.000041, 0.000010, 0.000032, ZIC, 2578, 34, 75.823529, 2.000000, 0.000016, 0.000006, 0.000010, 
trial0017646, AA, 1201, 6, 200.166667, 5.833333, 0.000054, 0.000010, 0.000044, ZIC, 3302, 34, 97.117647, 2.558824, 0.000018, 0.000006, 0.000012, 
trial0017647, AA, 365, 6, 60.833333, 2.666667, 0.000061, 0.000010, 0.000051, ZIC, 3832, 34, 112.705882, 3.235294, 0.000018, 0.000006, 0.000012, 
trial0017648, AA, 1302, 6, 217.000000, 5.833333, 0.000050, 0.000011, 0.000039, ZIC, 2775, 34, 81.617647, 2.617647, 0.000018, 0.000006, 0.000011, 
trial0017649, AA, 1178, 6, 196.333333, 7.666667, 0.000051, 0.000010, 0.000041, ZIC, 3379, 34, 99.382353, 2.411765, 0.000018, 0.000006, 0.000012, 
trial0017650, AA, 1052, 6, 175.333333, 6.000000, 0.000063, 0.000010, 0.000052, ZIC, 3668, 34, 107.882353, 2.823529, 0.000020, 0.000007, 0.000013, 
trial0017651, AA, 1452, 6, 242.000000, 6.833333, 0.000051, 0.000011, 0.000040, ZIC, 3086, 34, 90.764706, 2.558824, 0.000018, 0.000006, 0.000012, 
trial0017652, AA, 2038, 6, 339.666667, 9.333333, 0.000041, 0.000010, 0.000031, ZIC, 2504, 34, 73.647059, 1.882353, 0.000017, 0.000006, 0.000011, 
trial0017653, AA, 1839, 6, 306.500000, 8.833333, 0.000044, 0.000010, 0.000035, ZIC, 2396, 34, 70.470588, 1.970588, 0.000018, 0.000006, 0.000012, 
trial0017654, AA, 1423, 6, 237.166667, 7.666667, 0.000043, 0.000010, 0.000033, ZIC, 2407, 34, 70.794118, 2.000000, 0.000016, 0.000006, 0.000010, 
trial0017655, AA, 604, 6, 100.666667, 4.833333, 0.000043, 0.000010, 0.000033, ZIC, 3148, 34, 92.588235, 2.441176, 0.000017, 0.000006, 0.000011, 
trial0017656, AA, 1329, 6, 221.500000, 7.166667, 0.000050, 0.000010, 0.000040, ZIC, 2971, 34, 87.382353, 2.500000, 0.000018, 0.000006, 0.000012, 
trial0017657, AA, 615, 6, 102.500000, 5.833333, 0.000039, 0.000010, 0.000029, ZIC, 2646, 34, 77.823529, 1.911765, 0.000016, 0.000006, 0.000010, 
trial0017658, AA, 1076, 6, 179.333333, 5.500000, 0.000046, 0.000011, 0.000036, ZIC, 2366, 34, 69.588235, 2.147059, 0.000017, 0.000006, 0.000010, 
trial0017659, AA, 816, 6, 136.000000, 3.666667, 0.000046, 0.000010, 0.000036, ZIC, 3499, 34, 102.911765, 3.235294, 0.000020, 0.000007, 0.000013, 
trial0017660, AA, 1380, 6, 230.000000, 6.166667, 0.000054, 0.000010, 0.000044, ZIC, 2947, 34, 86.676471, 2.441176, 0.000019, 0.000006, 0.000013, 
trial0017661, AA, 1930, 6, 321.666667, 6.666667, 0.000036, 0.000010, 0.000026, ZIC, 2425, 34, 71.323529, 2.176471, 0.000019, 0.000007, 0.000012, 
trial0017662, AA, 645, 6, 107.500000, 3.500000, 0.000053, 0.000010, 0.000043, ZIC, 3267, 34, 96.088235, 2.794118, 0.000019, 0.000007, 0.000013, 
trial0017663, AA, 343, 6, 57.166667, 2.833333, 0.000046, 0.000010, 0.000036, ZIC, 3523, 34, 103.617647, 3.029412, 0.000019, 0.000007, 0.000012, 
trial0017664, AA, 1368, 6, 228.000000, 6.666667, 0.000047, 0.000010, 0.000037, ZIC, 2589, 34, 76.147059, 2.470588, 0.000019, 0.000006, 0.000012, 
trial0017665, AA, 1715, 6, 285.833333, 7.333333, 0.000055, 0.000010, 0.000044, ZIC, 3502, 34, 103.000000, 2.588235, 0.000020, 0.000006, 0.000013, 
trial0017666, AA, 1152, 6, 192.000000, 6.666667, 0.000049, 0.000010, 0.000039, ZIC, 3093, 34, 90.970588, 2.529412, 0.000018, 0.000006, 0.000012, 
trial0017667, AA, 899, 6, 149.833333, 5.333333, 0.000052, 0.000010, 0.000042, ZIC, 2677, 34, 78.735294, 2.470588, 0.000019, 0.000007, 0.000012, 
trial0017668, AA, 1270, 6, 211.666667, 7.166667, 0.000045, 0.000010, 0.000036, ZIC, 2782, 34, 81.823529, 2.323529, 0.000018, 0.000006, 0.000011, 
trial0017669, AA, 1035, 6, 172.500000, 5.000000, 0.000041, 0.000012, 0.000029, ZIC, 3037, 34, 89.323529, 2.470588, 0.000018, 0.000007, 0.000011, 
trial0017670, AA, 857, 6, 142.833333, 5.500000, 0.000046, 0.000010, 0.000035, ZIC, 2832, 34, 83.294118, 2.323529, 0.000018, 0.000006, 0.000011, 
trial0017671, AA, 1332, 6, 222.000000, 6.000000, 0.000054, 0.000010, 0.000043, ZIC, 3577, 34, 105.205882, 2.823529, 0.000020, 0.000007, 0.000013, 
trial0017672, AA, 1773, 6, 295.500000, 8.000000, 0.000056, 0.000011, 0.000046, ZIC, 2698, 34, 79.352941, 2.294118, 0.000019, 0.000007, 0.000012, 
trial0017673, AA, 938, 6, 156.333333, 3.666667, 0.000036, 0.000010, 0.000026, ZIC, 3187, 34, 93.735294, 2.941176, 0.000017, 0.000006, 0.000011, 
trial0017674, AA, 688, 6, 114.666667, 3.666667, 0.000039, 0.000010, 0.000029, ZIC, 3555, 34, 104.558824, 3.117647, 0.000019, 0.000006, 0.000013, 
trial0017675, AA, 1419, 6, 236.500000, 6.666667, 0.000064, 0.000011, 0.000052, ZIC, 2612, 34, 76.823529, 2.176471, 0.000020, 0.000007, 0.000013, 
trial0017676, AA, 443, 6, 73.833333, 4.166667, 0.000055, 0.000012, 0.000043, ZIC, 3451, 34, 101.500000, 2.735294, 0.000020, 0.000007, 0.000013, 
trial0017677, AA, 1347, 6, 224.500000, 4.666667, 0.000054, 0.000010, 0.000043, ZIC, 4072, 34, 119.764706, 3.294118, 0.000020, 0.000007, 0.000014, 
trial0017678, AA, 1216, 6, 202.666667, 6.666667, 0.000061, 0.000011, 0.000050, ZIC, 4048, 34, 119.058824, 3.000000, 0.000022, 0.000007, 0.000015, 
trial0017679, AA, 1456, 6, 242.666667, 6.833333, 0.000048, 0.000011, 0.000037, ZIC, 3171, 34, 93.264706, 2.441176, 0.000021, 0.000007, 0.000014, 
trial0017680, AA, 958, 6, 159.666667, 5.333333, 0.000053, 0.000013, 0.000040, ZIC, 2669, 34, 78.500000, 2.529412, 0.000020, 0.000007, 0.000013, 
trial0017681, AA, 749, 6, 124.833333, 5.666667, 0.000063, 0.000011, 0.000052, ZIC, 3959, 34, 116.441176, 3.117647, 0.000021, 0.000007, 0.000014, 
trial0017682, AA, 1561, 6, 260.166667, 7.333333, 0.000058, 0.000010, 0.000047, ZIC, 3767, 34, 110.794118, 3.058824, 0.000019, 0.000006, 0.000012, 
trial0017683, AA, 2956, 6, 492.666667, 14.333333, 0.000065, 0.000013, 0.000052, ZIC, 8090, 34, 237.941176, 6.294118, 0.000020, 0.000008, 0.000012, 
trial0017684, AA, 726, 6, 121.000000, 10.500000, 0.000068, 0.000012, 0.000056, ZIC, 8351, 34, 245.617647, 6.382353, 0.000019, 0.000007, 0.000011, 
trial0017685, AA, 1812, 6, 302.000000, 13.333333, 0.000071, 0.000012, 0.000059, ZIC, 8156, 34, 239.882353, 6.529412, 0.000019, 0.000007, 0.000012, 
trial0017686, AA, 2940, 6, 490.000000, 12.666667, 0.000068, 0.000012, 0.000056, ZIC, 6632, 34, 195.058824, 5.588235, 0.000019, 0.000007, 0.000011, 
trial0017687, AA, 1205, 6, 200.833333, 11.333333, 0.000066, 0.000014, 0.000053, ZIC, 8629, 34, 253.794118, 6.058824, 0.000019, 0.000008, 0.000011, 
trial0017688, AA, 1029, 6, 171.500000, 8.000000, 0.000075, 0.000013, 0.000062, ZIC, 8602, 34, 253.000000, 7.176471, 0.000020, 0.000008, 0.000012, 
trial0017689, AA, 1663, 6, 277.166667, 10.666667, 0.000058, 0.000011, 0.000047, ZIC, 9564, 34, 281.294118, 7.588235, 0.000019, 0.000007, 0.000012, 
trial0017690, AA, 1483, 6, 247.166667, 9.666667, 0.000076, 0.000012, 0.000064, ZIC, 9094, 34, 267.470588, 7.647059, 0.000019, 0.000007, 0.000012, 
trial0017691, AA, 428, 6, 71.333333, 7.833333, 0.000083, 0.000011, 0.000072, ZIC, 8467, 34, 249.029412, 6.852941, 0.000018, 0.000007, 0.000011, 
trial0017692, AA, 2183, 6, 363.833333, 14.166667, 0.000064, 0.000012, 0.000053, ZIC, 7715, 34, 226.911765, 6.500000, 0.000019, 0.000007, 0.000012, 
trial0017693, AA, 2237, 6, 372.833333, 13.500000, 0.000072, 0.000013, 0.000059, ZIC, 7554, 34, 222.176471, 5.794118, 0.000019, 0.000008, 0.000012, 
trial0017694, AA, 1481, 6, 246.833333, 10.833333, 0.000077, 0.000012, 0.000065, ZIC, 8629, 34, 253.794118, 6.676471, 0.000019, 0.000007, 0.000012, 
trial0017695, AA, 1745, 6, 290.833333, 11.166667, 0.000076, 0.000013, 0.000063, ZIC, 7711, 34, 226.794118, 5.970588, 0.000018, 0.000007, 0.000011, 
trial0017696, AA, 2193, 6, 365.500000, 9.000000, 0.000077, 0.000012, 0.000066, ZIC, 8339, 34, 245.264706, 7.000000, 0.000019, 0.000008, 0.000012, 
trial0017697, AA, 1776, 6, 296.000000, 9.500000, 0.000068, 0.000012, 0.000057, ZIC, 6014, 34, 176.882353, 4.970588, 0.000019, 0.000007, 0.000011, 
trial0017698, AA, 2169, 6, 361.500000, 7.833333, 0.000042, 0.000009, 0.000033, ZIC, 2121, 34, 62.382353, 1.794118, 0.000018, 0.000007, 0.000012, 
trial0017699, AA, 776, 6, 129.333333, 6.000000, 0.000046, 0.000010, 0.000036, ZIC, 3138, 34, 92.294118, 2.352941, 0.000018, 0.000006, 0.000011, 
trial0017700, AA, 1537, 6, 256.166667, 6.000000, 0.000044, 0.000010, 0.000034, ZIC, 3242, 34, 95.352941, 2.588235, 0.000019, 0.000007, 0.000012, 
trial0017701, AA, 849, 6, 141.500000, 4.166667, 0.000045, 0.000011, 0.000034, ZIC, 2579, 34, 75.852941, 2.323529, 0.000017, 0.000006, 0.000011, 
trial0017702, AA, 605, 6, 100.833333, 5.666667, 0.000053, 0.000010, 0.000043, ZIC, 2735, 34, 80.441176, 2.117647, 0.000017, 0.000006, 0.000011, 
trial0017703, AA, 1683, 6, 280.500000, 6.666667, 0.000056, 0.000010, 0.000046, ZIC, 2687, 34, 79.029412, 2.588235, 0.000019, 0.000006, 0.000013, 
trial0017704, AA, 1048, 6, 174.666667, 7.000000, 0.000051, 0.000011, 0.000041, ZIC, 3138, 34, 92.294118, 2.352941, 0.000018, 0.000006, 0.000012, 
trial0017705, AA, 1337, 6, 222.833333, 7.833333, 0.000063, 0.000010, 0.000052, ZIC, 3913, 34, 115.088235, 3.029412, 0.000021, 0.000007, 0.000014, 
trial0017706, AA, 1024, 6, 170.666667, 6.666667, 0.000049, 0.000010, 0.000039, ZIC, 2317, 34, 68.147059, 2.117647, 0.000018, 0.000006, 0.000011, 
trial0017707, AA, 1805, 6, 300.833333, 7.000000, 0.000048, 0.000010, 0.000038, ZIC, 2360, 34, 69.411765, 2.294118, 0.000018, 0.000006, 0.000012, 
trial0017708, AA, 756, 6, 126.000000, 4.666667, 0.000068, 0.000011, 0.000057, ZIC, 3896, 34, 114.588235, 3.176471, 0.000019, 0.000006, 0.000013, 
trial0017709, AA, 1223, 6, 203.833333, 7.166667, 0.000056, 0.000011, 0.000045, ZIC, 3478, 34, 102.294118, 2.970588, 0.000018, 0.000006, 0.000012, 
trial0017710, AA, 1145, 6, 190.833333, 7.500000, 0.000049, 0.000010, 0.000039, ZIC, 3225, 34, 94.852941, 2.558824, 0.000018, 0.000006, 0.000012, 
trial0017711, AA, 558, 6, 93.000000, 5.333333, 0.000046, 0.000011, 0.000035, ZIC, 3036, 34, 89.294118, 2.411765, 0.000016, 0.000006, 0.000010, 
trial0017712, AA, 891, 6, 148.500000, 6.166667, 0.000041, 0.000010, 0.000031, ZIC, 2687, 34, 79.029412, 2.264706, 0.000017, 0.000006, 0.000011, 
trial0017713, AA, 1794, 6, 299.000000, 7.333333, 0.000057, 0.000010, 0.000047, ZIC, 2497, 34, 73.441176, 2.235294, 0.000020, 0.000007, 0.000013, 
trial0017714, AA, 997, 6, 166.166667, 5.833333, 0.000048, 0.000011, 0.000037, ZIC, 2251, 34, 66.205882, 2.029412, 0.000019, 0.000007, 0.000012, 
trial0017715, AA, 1356, 6, 226.000000, 8.166667, 0.000061, 0.000010, 0.000050, ZIC, 3436, 34, 101.058824, 2.735294, 0.000021, 0.000007, 0.000014, 
trial0017716, AA, 1240, 6, 206.666667, 6.666667, 0.000055, 0.000010, 0.000045, ZIC, 2722, 34, 80.058824, 2.352941, 0.000018, 0.000006, 0.000011, 
trial0017717, AA, 1363, 6, 227.166667, 7.166667, 0.000044, 0.000011, 0.000034, ZIC, 1711, 34, 50.323529, 1.676471, 0.000016, 0.000006, 0.000010, 
trial0017718, AA, 600, 6, 100.000000, 5.833333, 0.000044, 0.000010, 0.000034, ZIC, 2344, 34, 68.941176, 2.088235, 0.000018, 0.000006, 0.000011, 
trial0017719, AA, 549, 6, 91.500000, 6.166667, 0.000054, 0.000010, 0.000044, ZIC, 2991, 34, 87.970588, 2.500000, 0.000018, 0.000007, 0.000012, 
trial0017720, AA, 449, 6, 74.833333, 4.833333, 0.000053, 0.000010, 0.000043, ZIC, 2818, 34, 82.882353, 2.441176, 0.000019, 0.000007, 0.000012, 
trial0017721, AA, 1323, 6, 220.500000, 8.000000, 0.000053, 0.000010, 0.000043, ZIC, 3166, 34, 93.117647, 2.470588, 0.000019, 0.000006, 0.000013, 
trial0017722, AA, 988, 6, 164.666667, 6.500000, 0.000053, 0.000010, 0.000043, ZIC, 3148, 34, 92.588235, 2.617647, 0.000018, 0.000006, 0.000012, 
trial0017723, AA, 265, 6, 44.166667, 4.333333, 0.000055, 0.000011, 0.000044, ZIC, 3341, 34, 98.264706, 2.823529, 0.000018, 0.000006, 0.000012, 
trial0017724, AA, 1215, 6, 202.500000, 6.166667, 0.000050, 0.000011, 0.000039, ZIC, 1737, 34, 51.088235, 1.852941, 0.000018, 0.000007, 0.000011, 
trial0017725, AA, 1048, 6, 174.666667, 6.166667, 0.000060, 0.000010, 0.000050, ZIC, 3279, 34, 96.441176, 2.852941, 0.000022, 0.000007, 0.000015, 
trial0017726, AA, 1092, 6, 182.000000, 4.833333, 0.000052, 0.000011, 0.000041, ZIC, 3490, 34, 102.647059, 2.794118, 0.000018, 0.000006, 0.000012, 
trial0017727, AA, 1912, 6, 318.666667, 9.666667, 0.000046, 0.000010, 0.000037, ZIC, 2146, 34, 63.117647, 1.941176, 0.000018, 0.000006, 0.000012, 
trial0017728, AA, 430, 6, 71.666667, 5.166667, 0.000062, 0.000011, 0.000051, ZIC, 3941, 34, 115.911765, 3.264706, 0.000020, 0.000007, 0.000014, 
trial0017729, AA, 1758, 6, 293.000000, 7.666667, 0.000048, 0.000011, 0.000037, ZIC, 1949, 34, 57.323529, 1.705882, 0.000018, 0.000007, 0.000011, 
trial0017730, AA, 903, 6, 150.500000, 6.333333, 0.000045, 0.000010, 0.000035, ZIC, 3197, 34, 94.029412, 2.705882, 0.000019, 0.000007, 0.000012, 
trial0017731, AA, 639, 6, 106.500000, 5.000000, 0.000059, 0.000011, 0.000048, ZIC, 3313, 34, 97.441176, 2.705882, 0.000017, 0.000006, 0.000011, 
trial0017732, AA, 1091, 6, 181.833333, 4.000000, 0.000068, 0.000011, 0.000057, ZIC, 3841, 34, 112.970588, 3.117647, 0.000021, 0.000007, 0.000014, 
trial0017733, AA, 1252, 6, 208.666667, 6.666667, 0.000062, 0.000011, 0.000051, ZIC, 2845, 34, 83.676471, 2.588235, 0.000019, 0.000007, 0.000013, 
trial0017734, AA, 666, 6, 111.000000, 4.500000, 0.000051, 0.000010, 0.000040, ZIC, 2404, 34, 70.705882, 2.205882, 0.000017, 0.000006, 0.000011, 
trial0017735, AA, 1223, 6, 203.833333, 6.666667, 0.000048, 0.000010, 0.000038, ZIC, 3022, 34, 88.882353, 2.411765, 0.000018, 0.000006, 0.000012, 
trial0017736, AA, 1041, 6, 173.500000, 7.166667, 0.000055, 0.000011, 0.000045, ZIC, 2524, 34, 74.235294, 2.264706, 0.000019, 0.000007, 0.000012, 
trial0017737, AA, 1255, 6, 209.166667, 6.666667, 0.000050, 0.000010, 0.000040, ZIC, 2218, 34, 65.235294, 2.000000, 0.000018, 0.000006, 0.000012, 
trial0017738, AA, 1375, 6, 229.166667, 7.166667, 0.000052, 0.000011, 0.000041, ZIC, 3143, 34, 92.441176, 2.500000, 0.000020, 0.000007, 0.000013, 
trial0017739, AA, 1263, 6, 210.500000, 5.000000, 0.000036, 0.000011, 0.000025, ZIC, 2799, 34, 82.323529, 2.529412, 0.000018, 0.000006, 0.000012, 
trial0017740, AA, 774, 6, 129.000000, 6.000000, 0.000057, 0.000010, 0.000047, ZIC, 3088, 34, 90.823529, 2.764706, 0.000019, 0.000006, 0.000012, 
trial0017741, AA, 641, 6, 106.833333, 3.666667, 0.000060, 0.000010, 0.000049, ZIC, 2586, 34, 76.058824, 2.529412, 0.000018, 0.000006, 0.000012, 
trial0017742, AA, 827, 6, 137.833333, 5.500000, 0.000055, 0.000010, 0.000044, ZIC, 3278, 34, 96.411765, 2.676471, 0.000018, 0.000006, 0.000011, 
trial0017743, AA, 718, 6, 119.666667, 5.500000, 0.000047, 0.000010, 0.000037, ZIC, 2606, 34, 76.647059, 2.205882, 0.000017, 0.000006, 0.000011, 
trial0017744, AA, 741, 6, 123.500000, 4.166667, 0.000046, 0.000011, 0.000036, ZIC, 2555, 34, 75.147059, 2.382353, 0.000017, 0.000006, 0.000011, 
trial0017745, AA, 1639, 6, 273.166667, 8.000000, 0.000047, 0.000010, 0.000036, ZIC, 2337, 34, 68.735294, 2.294118, 0.000018, 0.000006, 0.000011, 
trial0017746, AA, 759, 6, 126.500000, 5.500000, 0.000049, 0.000010, 0.000039, ZIC, 2932, 34, 86.235294, 2.617647, 0.000017, 0.000006, 0.000011, 
trial0017747, AA, 1502, 6, 250.333333, 6.833333, 0.000047, 0.000010, 0.000037, ZIC, 3219, 34, 94.676471, 2.676471, 0.000018, 0.000006, 0.000012, 
trial0017748, AA, 578, 6, 96.333333, 5.500000, 0.000042, 0.000010, 0.000032, ZIC, 2470, 34, 72.647059, 2.323529, 0.000017, 0.000006, 0.000011, 
trial0017749, AA, 1661, 6, 276.833333, 6.333333, 0.000051, 0.000010, 0.000041, ZIC, 2301, 34, 67.676471, 2.529412, 0.000018, 0.000006, 0.000011, 
trial0017750, AA, 795, 6, 132.500000, 3.833333, 0.000051, 0.000010, 0.000041, ZIC, 2833, 34, 83.323529, 2.500000, 0.000016, 0.000006, 0.000010, 
trial0017751, AA, 1574, 6, 262.333333, 6.166667, 0.000047, 0.000010, 0.000037, ZIC, 2176, 34, 64.000000, 2.088235, 0.000016, 0.000006, 0.000010, 
trial0017752, AA, 863, 6, 143.833333, 6.500000, 0.000069, 0.000010, 0.000059, ZIC, 4090, 34, 120.294118, 3.441176, 0.000021, 0.000007, 0.000014, 
trial0017753, AA, 1685, 6, 280.833333, 8.000000, 0.000056, 0.000010, 0.000045, ZIC, 3282, 34, 96.529412, 2.529412, 0.000019, 0.000007, 0.000013, 
trial0017754, AA, 1047, 6, 174.500000, 4.166667, 0.000051, 0.000011, 0.000040, ZIC, 3034, 34, 89.235294, 2.441176, 0.000017, 0.000006, 0.000011, 
trial0017755, AA, 1596, 6, 266.000000, 8.666667, 0.000050, 0.000010, 0.000040, ZIC, 2309, 34, 67.911765, 2.000000, 0.000018, 0.000006, 0.000012, 
trial0017756, AA, 409, 6, 68.166667, 5.333333, 0.000053, 0.000010, 0.000043, ZIC, 3105, 34, 91.323529, 2.882353, 0.000018, 0.000006, 0.000012, 
trial0017757, AA, 1307, 6, 217.833333, 5.166667, 0.000057, 0.000011, 0.000046, ZIC, 3127, 34, 91.970588, 2.558824, 0.000020, 0.000007, 0.000013, 
trial0017758, AA, 1187, 6, 197.833333, 6.000000, 0.000054, 0.000010, 0.000044, ZIC, 2527, 34, 74.323529, 2.411765, 0.000018, 0.000006, 0.000011, 
trial0017759, AA, 934, 6, 155.666667, 4.833333, 0.000061, 0.000011, 0.000050, ZIC, 3232, 34, 95.058824, 2.735294, 0.000017, 0.000006, 0.000011, 
trial0017760, AA, 1028, 6, 171.333333, 6.833333, 0.000045, 0.000010, 0.000034, ZIC, 2500, 34, 73.529412, 2.264706, 0.000018, 0.000006, 0.000011, 
trial0017761, AA, 606, 6, 101.000000, 4.500000, 0.000049, 0.000010, 0.000040, ZIC, 3214, 34, 94.529412, 2.676471, 0.000017, 0.000006, 0.000011, 
trial0017762, AA, 454, 6, 75.666667, 5.666667, 0.000043, 0.000010, 0.000034, ZIC, 2386, 34, 70.176471, 2.176471, 0.000016, 0.000006, 0.000010, 
trial0017763, AA, 139, 6, 23.166667, 3.166667, 0.000045, 0.000011, 0.000034, ZIC, 2764, 34, 81.294118, 2.558824, 0.000016, 0.000006, 0.000010, 
trial0017764, AA, 1859, 6, 309.833333, 7.166667, 0.000051, 0.000010, 0.000040, ZIC, 2327, 34, 68.441176, 2.264706, 0.000018, 0.000006, 0.000011, 
trial0017765, AA, 1895, 6, 315.833333, 7.833333, 0.000039, 0.000011, 0.000029, ZIC, 1745, 34, 51.323529, 1.676471, 0.000017, 0.000006, 0.000010, 
trial0017766, AA, 378, 6, 63.000000, 4.166667, 0.000053, 0.000010, 0.000044, ZIC, 2966, 34, 87.235294, 2.441176, 0.000016, 0.000006, 0.000010, 
trial0017767, AA, 1516, 6, 252.666667, 6.833333, 0.000042, 0.000010, 0.000032, ZIC, 2383, 34, 70.088235, 2.029412, 0.000017, 0.000006, 0.000011, 
trial0017768, AA, 567, 6, 94.500000, 4.000000, 0.000047, 0.000010, 0.000036, ZIC, 2611, 34, 76.794118, 2.294118, 0.000016, 0.000006, 0.000010, 
trial0017769, AA, 1855, 6, 309.166667, 9.333333, 0.000044, 0.000010, 0.000034, ZIC, 2008, 34, 59.058824, 1.705882, 0.000017, 0.000006, 0.000011, 
trial0017770, AA, 1319, 6, 219.833333, 7.333333, 0.000050, 0.000010, 0.000040, ZIC, 2230, 34, 65.588235, 1.882353, 0.000017, 0.000006, 0.000011, 
trial0017771, AA, 1889, 6, 314.833333, 8.000000, 0.000050, 0.000010, 0.000040, ZIC, 1845, 34, 54.264706, 1.941176, 0.000018, 0.000006, 0.000011, 
trial0017772, AA, 1465, 6, 244.166667, 6.166667, 0.000047, 0.000013, 0.000034, ZIC, 2572, 34, 75.647059, 2.500000, 0.000019, 0.000007, 0.000012, 
trial0017773, AA, 1187, 6, 197.833333, 7.666667, 0.000054, 0.000010, 0.000044, ZIC, 2912, 34, 85.647059, 2.411765, 0.000019, 0.000006, 0.000012, 
trial0017774, AA, 543, 6, 90.500000, 5.000000, 0.000058, 0.000011, 0.000048, ZIC, 2966, 34, 87.235294, 2.352941, 0.000017, 0.000006, 0.000011, 
trial0017775, AA, 880, 6, 146.666667, 4.666667, 0.000060, 0.000011, 0.000049, ZIC, 3128, 34, 92.000000, 2.705882, 0.000018, 0.000006, 0.000012, 
trial0017776, AA, 1140, 6, 190.000000, 7.500000, 0.000038, 0.000010, 0.000027, ZIC, 2611, 34, 76.794118, 2.088235, 0.000017, 0.000006, 0.000011, 
trial0017777, AA, 507, 6, 84.500000, 5.333333, 0.000058, 0.000010, 0.000047, ZIC, 3295, 34, 96.911765, 2.705882, 0.000018, 0.000006, 0.000012, 
trial0017778, AA, 1746, 6, 291.000000, 6.833333, 0.000052, 0.000010, 0.000042, ZIC, 1982, 34, 58.294118, 2.088235, 0.000018, 0.000006, 0.000011, 
trial0017779, AA, 927, 6, 154.500000, 4.500000, 0.000053, 0.000010, 0.000043, ZIC, 2781, 34, 81.794118, 2.617647, 0.000017, 0.000006, 0.000011, 
trial0017780, AA, 1488, 6, 248.000000, 5.666667, 0.000054, 0.000011, 0.000044, ZIC, 3975, 34, 116.911765, 3.117647, 0.000019, 0.000006, 0.000013, 
trial0017781, AA, 1018, 6, 169.666667, 5.333333, 0.000053, 0.000010, 0.000042, ZIC, 2790, 34, 82.058824, 2.470588, 0.000016, 0.000006, 0.000010, 
trial0017782, AA, 693, 6, 115.500000, 5.833333, 0.000061, 0.000011, 0.000050, ZIC, 2572, 34, 75.647059, 2.205882, 0.000017, 0.000006, 0.000011, 
trial0017783, AA, 1046, 6, 174.333333, 6.500000, 0.000044, 0.000010, 0.000034, ZIC, 2923, 34, 85.970588, 2.382353, 0.000018, 0.000006, 0.000011, 
trial0017784, AA, 420, 6, 70.000000, 4.333333, 0.000047, 0.000010, 0.000037, ZIC, 2796, 34, 82.235294, 2.470588, 0.000017, 0.000006, 0.000011, 
trial0017785, AA, 1468, 6, 244.666667, 5.333333, 0.000047, 0.000010, 0.000037, ZIC, 2268, 34, 66.705882, 2.117647, 0.000018, 0.000007, 0.000012, 
trial0017786, AA, 1522, 6, 253.666667, 7.166667, 0.000056, 0.000010, 0.000046, ZIC, 3278, 34, 96.411765, 2.735294, 0.000021, 0.000007, 0.000014, 
trial0017787, AA, 1368, 6, 228.000000, 5.500000, 0.000047, 0.000011, 0.000036, ZIC, 2247, 34, 66.088235, 2.205882, 0.000018, 0.000006, 0.000012, 
trial0017788, AA, 1088, 6, 181.333333, 6.833333, 0.000050, 0.000011, 0.000038, ZIC, 2739, 34, 80.558824, 2.205882, 0.000021, 0.000007, 0.000014, 
trial0017789, AA, 1386, 6, 231.000000, 7.000000, 0.000047, 0.000010, 0.000037, ZIC, 2964, 34, 87.176471, 2.529412, 0.000018, 0.000006, 0.000012, 
trial0017790, AA, 1367, 6, 227.833333, 6.500000, 0.000055, 0.000010, 0.000045, ZIC, 3723, 34, 109.500000, 2.794118, 0.000019, 0.000006, 0.000013, 
trial0017791, AA, 573, 6, 95.500000, 3.500000, 0.000052, 0.000011, 0.000042, ZIC, 3257, 34, 95.794118, 2.852941, 0.000018, 0.000006, 0.000012, 
trial0017792, AA, 1144, 6, 190.666667, 6.333333, 0.000049, 0.000010, 0.000039, ZIC, 2855, 34, 83.970588, 2.470588, 0.000018, 0.000006, 0.000012, 
trial0017793, AA, 1321, 6, 220.166667, 7.166667, 0.000045, 0.000010, 0.000035, ZIC, 2454, 34, 72.176471, 1.911765, 0.000017, 0.000006, 0.000011, 
trial0017794, AA, 1011, 6, 168.500000, 6.666667, 0.000053, 0.000010, 0.000043, ZIC, 2644, 34, 77.764706, 2.411765, 0.000019, 0.000006, 0.000012, 
trial0017795, AA, 1127, 6, 187.833333, 8.000000, 0.000050, 0.000010, 0.000040, ZIC, 2846, 34, 83.705882, 2.411765, 0.000018, 0.000006, 0.000012, 
trial0017796, AA, 1032, 6, 172.000000, 4.833333, 0.000062, 0.000010, 0.000052, ZIC, 3002, 34, 88.294118, 2.441176, 0.000019, 0.000007, 0.000012, 
trial0017797, AA, 2114, 6, 352.333333, 8.666667, 0.000054, 0.000010, 0.000044, ZIC, 3386, 34, 99.588235, 2.588235, 0.000019, 0.000006, 0.000013, 
trial0017798, AA, 2153, 6, 358.833333, 9.500000, 0.000041, 0.000010, 0.000031, ZIC, 1760, 34, 51.764706, 1.441176, 0.000017, 0.000006, 0.000010, 
trial0017799, AA, 1389, 6, 231.500000, 6.666667, 0.000049, 0.000010, 0.000039, ZIC, 3103, 34, 91.264706, 2.764706, 0.000019, 0.000006, 0.000013, 
trial0017800, AA, 893, 6, 148.833333, 6.000000, 0.000039, 0.000010, 0.000029, ZIC, 2573, 34, 75.676471, 2.294118, 0.000017, 0.000006, 0.000011, 
trial0017801, AA, 320, 6, 53.333333, 6.166667, 0.000035, 0.000010, 0.000025, ZIC, 514, 34, 15.117647, 1.029412, 0.000014, 0.000006, 0.000008, 
trial0017802, AA, 510, 6, 85.000000, 6.833333, 0.000051, 0.000011, 0.000040, ZIC, 1677, 34, 49.323529, 2.205882, 0.000018, 0.000006, 0.000012, 
trial0017803, AA, 546, 6, 91.000000, 7.833333, 0.000032, 0.000010, 0.000022, ZIC, 557, 34, 16.382353, 1.205882, 0.000015, 0.000006, 0.000009, 
trial0017804, AA, 777, 6, 129.500000, 9.166667, 0.000041, 0.000010, 0.000031, ZIC, 868, 34, 25.529412, 1.558824, 0.000017, 0.000006, 0.000011, 
trial0017805, AA, 640, 6, 106.666667, 8.500000, 0.000042, 0.000010, 0.000032, ZIC, 800, 34, 23.529412, 1.382353, 0.000016, 0.000006, 0.000010, 
trial0017806, AA, 738, 6, 123.000000, 8.833333, 0.000033, 0.000010, 0.000024, ZIC, 1049, 34, 30.852941, 1.500000, 0.000016, 0.000006, 0.000010, 
trial0017807, AA, 568, 6, 94.666667, 9.000000, 0.000042, 0.000010, 0.000032, ZIC, 1022, 34, 30.058824, 1.705882, 0.000017, 0.000006, 0.000011, 
trial0017808, AA, 435, 6, 72.500000, 7.333333, 0.000044, 0.000011, 0.000033, ZIC, 1002, 34, 29.470588, 1.647059, 0.000017, 0.000006, 0.000010, 
trial0017809, AA, 508, 6, 84.666667, 8.333333, 0.000039, 0.000010, 0.000030, ZIC, 583, 34, 17.147059, 1.352941, 0.000016, 0.000006, 0.000010, 
trial0017810, AA, 793, 6, 132.166667, 8.333333, 0.000038, 0.000010, 0.000028, ZIC, 969, 34, 28.500000, 1.352941, 0.000015, 0.000006, 0.000009, 
trial0017811, AA, 567, 6, 94.500000, 7.666667, 0.000040, 0.000010, 0.000030, ZIC, 515, 34, 15.147059, 1.294118, 0.000016, 0.000006, 0.000010, 
trial0017812, AA, 551, 6, 91.833333, 7.666667, 0.000044, 0.000011, 0.000034, ZIC, 817, 34, 24.029412, 1.529412, 0.000018, 0.000007, 0.000011, 
trial0017813, AA, 570, 6, 95.000000, 8.500000, 0.000038, 0.000010, 0.000027, ZIC, 553, 34, 16.264706, 1.441176, 0.000016, 0.000006, 0.000010, 
trial0017814, AA, 879, 6, 146.500000, 9.333333, 0.000041, 0.000011, 0.000030, ZIC, 1377, 34, 40.500000, 1.705882, 0.000018, 0.000007, 0.000011, 
trial0017815, AA, 787, 6, 131.166667, 7.333333, 0.000038, 0.000011, 0.000027, ZIC, 1234, 34, 36.294118, 1.941176, 0.000018, 0.000007, 0.000011, 
trial0017816, AA, 457, 6, 76.166667, 8.000000, 0.000044, 0.000011, 0.000033, ZIC, 568, 34, 16.705882, 1.294118, 0.000017, 0.000007, 0.000010, 
trial0017817, AA, 539, 6, 89.833333, 8.333333, 0.000042, 0.000010, 0.000031, ZIC, 857, 34, 25.205882, 1.764706, 0.000017, 0.000006, 0.000011, 
trial0017818, AA, 641, 6, 106.833333, 7.166667, 0.000045, 0.000011, 0.000034, ZIC, 1258, 34, 37.000000, 1.911765, 0.000017, 0.000006, 0.000011, 
trial0017819, AA, 579, 6, 96.500000, 8.000000, 0.000041, 0.000010, 0.000031, ZIC, 859, 34, 25.264706, 1.411765, 0.000016, 0.000006, 0.000010, 
trial0017820, AA, 467, 6, 77.833333, 9.166667, 0.000038, 0.000010, 0.000027, ZIC, 522, 34, 15.352941, 1.029412, 0.000016, 0.000006, 0.000009, 
trial0017821, AA, 742, 6, 123.666667, 6.833333, 0.000052, 0.000010, 0.000041, ZIC, 1418, 34, 41.705882, 2.029412, 0.000018, 0.000006, 0.000012, 
trial0017822, AA, 396, 6, 66.000000, 7.666667, 0.000037, 0.000011, 0.000026, ZIC, 732, 34, 21.529412, 1.352941, 0.000016, 0.000006, 0.000010, 
trial0017823, AA, 798, 6, 133.000000, 8.000000, 0.000040, 0.000010, 0.000030, ZIC, 1016, 34, 29.882353, 1.529412, 0.000017, 0.000006, 0.000011, 
trial0017824, AA, 386, 6, 64.333333, 7.166667, 0.000038, 0.000010, 0.000027, ZIC, 598, 34, 17.588235, 1.323529, 0.000016, 0.000006, 0.000010, 
trial0017825, AA, 540, 6, 90.000000, 8.500000, 0.000039, 0.000011, 0.000028, ZIC, 965, 34, 28.382353, 1.558824, 0.000017, 0.000007, 0.000011, 
trial0017826, AA, 673, 6, 112.166667, 8.166667, 0.000044, 0.000011, 0.000033, ZIC, 1010, 34, 29.705882, 1.558824, 0.000018, 0.000006, 0.000011, 
trial0017827, AA, 614, 6, 102.333333, 7.166667, 0.000048, 0.000011, 0.000036, ZIC, 1209, 34, 35.558824, 1.911765, 0.000018, 0.000006, 0.000012, 
trial0017828, AA, 351, 6, 58.500000, 5.333333, 0.000044, 0.000011, 0.000033, ZIC, 692, 34, 20.352941, 1.647059, 0.000016, 0.000006, 0.000010, 
trial0017829, AA, 699, 6, 116.500000, 6.500000, 0.000052, 0.000011, 0.000041, ZIC, 1236, 34, 36.352941, 1.970588, 0.000019, 0.000007, 0.000012, 
trial0017830, AA, 279, 6, 46.500000, 5.833333, 0.000042, 0.000010, 0.000032, ZIC, 520, 34, 15.294118, 1.441176, 0.000016, 0.000006, 0.000010, 
trial0017831, AA, 570, 6, 95.000000, 7.666667, 0.000043, 0.000011, 0.000033, ZIC, 716, 34, 21.058824, 1.294118, 0.000017, 0.000007, 0.000011, 
trial0017832, AA, 664, 6, 110.666667, 8.333333, 0.000047, 0.000010, 0.000037, ZIC, 1348, 34, 39.647059, 2.000000, 0.000018, 0.000006, 0.000012, 
trial0017833, AA, 478, 6, 79.666667, 7.666667, 0.000031, 0.000010, 0.000021, ZIC, 441, 34, 12.970588, 0.882353, 0.000015, 0.000006, 0.000009, 
trial0017834, AA, 585, 6, 97.500000, 8.166667, 0.000039, 0.000011, 0.000028, ZIC, 326, 34, 9.588235, 0.852941, 0.000015, 0.000006, 0.000009, 
trial0017835, AA, 356, 6, 59.333333, 6.500000, 0.000039, 0.000011, 0.000028, ZIC, 843, 34, 24.794118, 1.558824, 0.000015, 0.000006, 0.000009, 
trial0017836, AA, 573, 6, 95.500000, 8.500000, 0.000039, 0.000011, 0.000029, ZIC, 785, 34, 23.088235, 1.323529, 0.000016, 0.000006, 0.000010, 
trial0017837, AA, 500, 6, 83.333333, 7.333333, 0.000029, 0.000010, 0.000019, ZIC, 483, 34, 14.205882, 1.117647, 0.000015, 0.000006, 0.000009, 
trial0017838, AA, 786, 6, 131.000000, 8.000000, 0.000043, 0.000010, 0.000033, ZIC, 1189, 34, 34.970588, 1.941176, 0.000016, 0.000006, 0.000010, 
trial0017839, AA, 460, 6, 76.666667, 8.500000, 0.000038, 0.000011, 0.000028, ZIC, 569, 34, 16.735294, 1.264706, 0.000016, 0.000006, 0.000009, 
trial0017840, AA, 331, 6, 55.166667, 6.500000, 0.000041, 0.000011, 0.000029, ZIC, 463, 34, 13.617647, 1.088235, 0.000015, 0.000006, 0.000009, 
trial0017841, AA, 632, 6, 105.333333, 8.166667, 0.000039, 0.000010, 0.000029, ZIC, 721, 34, 21.205882, 1.205882, 0.000016, 0.000006, 0.000009, 
trial0017842, AA, 355, 6, 59.166667, 7.666667, 0.000040, 0.000010, 0.000030, ZIC, 738, 34, 21.705882, 1.294118, 0.000015, 0.000006, 0.000009, 
trial0017843, AA, 420, 6, 70.000000, 6.666667, 0.000043, 0.000011, 0.000032, ZIC, 617, 34, 18.147059, 1.411765, 0.000016, 0.000006, 0.000010, 
trial0017844, AA, 544, 6, 90.666667, 7.666667, 0.000044, 0.000011, 0.000033, ZIC, 640, 34, 18.823529, 1.411765, 0.000018, 0.000007, 0.000011, 
trial0017845, AA, 431, 6, 71.833333, 7.333333, 0.000041, 0.000010, 0.000031, ZIC, 764, 34, 22.470588, 1.294118, 0.000016, 0.000006, 0.000010, 
trial0017846, AA, 464, 6, 77.333333, 7.333333, 0.000041, 0.000010, 0.000031, ZIC, 566, 34, 16.647059, 1.470588, 0.000016, 0.000006, 0.000010, 
trial0017847, AA, 517, 6, 86.166667, 6.666667, 0.000037, 0.000011, 0.000027, ZIC, 961, 34, 28.264706, 1.705882, 0.000015, 0.000006, 0.000009, 
trial0017848, AA, 825, 6, 137.500000, 9.166667, 0.000044, 0.000010, 0.000034, ZIC, 1009, 34, 29.676471, 1.676471, 0.000016, 0.000006, 0.000010, 
trial0017849, AA, 425, 6, 70.833333, 7.166667, 0.000039, 0.000011, 0.000028, ZIC, 432, 34, 12.705882, 0.911765, 0.000015, 0.000006, 0.000009, 
trial0017850, AA, 510, 6, 85.000000, 7.166667, 0.000047, 0.000010, 0.000037, ZIC, 1104, 34, 32.470588, 1.852941, 0.000018, 0.000006, 0.000011, 
trial0017851, AA, 639, 6, 106.500000, 8.166667, 0.000052, 0.000013, 0.000039, ZIC, 1150, 34, 33.823529, 1.970588, 0.000019, 0.000007, 0.000012, 
trial0017852, AA, 493, 6, 82.166667, 7.500000, 0.000037, 0.000011, 0.000026, ZIC, 390, 34, 11.470588, 1.029412, 0.000016, 0.000007, 0.000009, 
trial0017853, AA, 555, 6, 92.500000, 7.333333, 0.000041, 0.000010, 0.000030, ZIC, 959, 34, 28.205882, 1.470588, 0.000017, 0.000006, 0.000011, 
trial0017854, AA, 573, 6, 95.500000, 7.333333, 0.000041, 0.000011, 0.000031, ZIC, 846, 34, 24.882353, 1.705882, 0.000017, 0.000007, 0.000011, 
trial0017855, AA, 479, 6, 79.833333, 7.166667, 0.000036, 0.000011, 0.000024, ZIC, 576, 34, 16.941176, 1.147059, 0.000016, 0.000006, 0.000010, 
trial0017856, AA, 729, 6, 121.500000, 8.666667, 0.000037, 0.000010, 0.000027, ZIC, 748, 34, 22.000000, 1.235294, 0.000016, 0.000006, 0.000010, 
trial0017857, AA, 851, 6, 141.833333, 8.500000, 0.000036, 0.000011, 0.000025, ZIC, 825, 34, 24.264706, 1.205882, 0.000017, 0.000006, 0.000010, 
trial0017858, AA, 453, 6, 75.500000, 6.833333, 0.000037, 0.000011, 0.000026, ZIC, 499, 34, 14.676471, 1.264706, 0.000016, 0.000006, 0.000010, 
trial0017859, AA, 362, 6, 60.333333, 7.333333, 0.000040, 0.000010, 0.000029, ZIC, 776, 34, 22.823529, 1.294118, 0.000016, 0.000006, 0.000010, 
trial0017860, AA, 801, 6, 133.500000, 8.500000, 0.000050, 0.000010, 0.000039, ZIC, 1059, 34, 31.147059, 1.558824, 0.000017, 0.000006, 0.000011, 
trial0017861, AA, 519, 6, 86.500000, 7.833333, 0.000040, 0.000010, 0.000031, ZIC, 823, 34, 24.205882, 1.500000, 0.000016, 0.000006, 0.000010, 
trial0017862, AA, 555, 6, 92.500000, 8.500000, 0.000039, 0.000010, 0.000029, ZIC, 690, 34, 20.294118, 1.323529, 0.000016, 0.000006, 0.000010, 
trial0017863, AA, 583, 6, 97.166667, 8.500000, 0.000035, 0.000010, 0.000024, ZIC, 837, 34, 24.617647, 1.500000, 0.000016, 0.000006, 0.000010, 
trial0017864, AA, 512, 6, 85.333333, 7.666667, 0.000038, 0.000010, 0.000027, ZIC, 1233, 34, 36.264706, 1.705882, 0.000016, 0.000006, 0.000010, 
trial0017865, AA, 863, 6, 143.833333, 7.833333, 0.000039, 0.000011, 0.000029, ZIC, 803, 34, 23.617647, 1.441176, 0.000017, 0.000007, 0.000010, 
trial0017866, AA, 633, 6, 105.500000, 8.500000, 0.000044, 0.000010, 0.000034, ZIC, 907, 34, 26.676471, 1.441176, 0.000017, 0.000006, 0.000011, 
trial0017867, AA, 843, 6, 140.500000, 7.833333, 0.000038, 0.000010, 0.000028, ZIC, 1115, 34, 32.794118, 1.558824, 0.000016, 0.000006, 0.000010, 
trial0017868, AA, 451, 6, 75.166667, 7.166667, 0.000036, 0.000010, 0.000025, ZIC, 785, 34, 23.088235, 1.323529, 0.000015, 0.000006, 0.000009, 
trial0017869, AA, 589, 6, 98.166667, 7.333333, 0.000048, 0.000010, 0.000038, ZIC, 1081, 34, 31.794118, 1.823529, 0.000017, 0.000006, 0.000010, 
trial0017870, AA, 756, 6, 126.000000, 7.000000, 0.000046, 0.000010, 0.000036, ZIC, 1189, 34, 34.970588, 1.823529, 0.000017, 0.000006, 0.000011, 
trial0017871, AA, 428, 6, 71.333333, 7.166667, 0.000039, 0.000010, 0.000028, ZIC, 736, 34, 21.647059, 1.441176, 0.000017, 0.000006, 0.000010, 
trial0017872, AA, 583, 6, 97.166667, 8.000000, 0.000042, 0.000010, 0.000032, ZIC, 1088, 34, 32.000000, 1.529412, 0.000017, 0.000006, 0.000011, 
trial0017873, AA, 544, 6, 90.666667, 9.000000, 0.000036, 0.000010, 0.000026, ZIC, 610, 34, 17.941176, 1.411765, 0.000017, 0.000006, 0.000010, 
trial0017874, AA, 615, 6, 102.500000, 7.833333, 0.000043, 0.000011, 0.000032, ZIC, 830, 34, 24.411765, 1.617647, 0.000017, 0.000006, 0.000010, 
trial0017875, AA, 642, 6, 107.000000, 8.333333, 0.000038, 0.000010, 0.000028, ZIC, 656, 34, 19.294118, 1.294118, 0.000051, 0.000006, 0.000045, 
trial0017876, AA, 648, 6, 108.000000, 8.000000, 0.000044, 0.000010, 0.000034, ZIC, 1316, 34, 38.705882, 1.941176, 0.000018, 0.000006, 0.000011, 
trial0017877, AA, 390, 6, 65.000000, 6.333333, 0.000037, 0.000010, 0.000027, ZIC, 817, 34, 24.029412, 1.470588, 0.000015, 0.000006, 0.000009, 
trial0017878, AA, 594, 6, 99.000000, 8.833333, 0.000041, 0.000010, 0.000032, ZIC, 676, 34, 19.882353, 1.441176, 0.000016, 0.000006, 0.000010, 
trial0017879, AA, 375, 6, 62.500000, 8.500000, 0.000035, 0.000011, 0.000024, ZIC, 511, 34, 15.029412, 0.970588, 0.000015, 0.000006, 0.000009, 
trial0017880, AA, 649, 6, 108.166667, 7.666667, 0.000040, 0.000011, 0.000029, ZIC, 1106, 34, 32.529412, 1.647059, 0.000016, 0.000006, 0.000010, 
trial0017881, AA, 448, 6, 74.666667, 6.166667, 0.000037, 0.000011, 0.000027, ZIC, 740, 34, 21.764706, 1.441176, 0.000016, 0.000006, 0.000009, 
trial0017882, AA, 627, 6, 104.500000, 7.666667, 0.000042, 0.000011, 0.000031, ZIC, 759, 34, 22.323529, 1.470588, 0.000017, 0.000006, 0.000010, 
trial0017883, AA, 569, 6, 94.833333, 8.333333, 0.000038, 0.000011, 0.000027, ZIC, 1010, 34, 29.705882, 1.764706, 0.000017, 0.000006, 0.000010, 
trial0017884, AA, 590, 6, 98.333333, 8.333333, 0.000038, 0.000011, 0.000027, ZIC, 858, 34, 25.235294, 1.294118, 0.000016, 0.000006, 0.000010, 
trial0017885, AA, 763, 6, 127.166667, 8.333333, 0.000048, 0.000010, 0.000037, ZIC, 1448, 34, 42.588235, 2.235294, 0.000017, 0.000006, 0.000011, 
trial0017886, AA, 652, 6, 108.666667, 7.333333, 0.000042, 0.000010, 0.000032, ZIC, 1114, 34, 32.764706, 1.823529, 0.000016, 0.000006, 0.000010, 
trial0017887, AA, 756, 6, 126.000000, 6.666667, 0.000041, 0.000010, 0.000031, ZIC, 1406, 34, 41.352941, 1.705882, 0.000016, 0.000006, 0.000010, 
trial0017888, AA, 779, 6, 129.833333, 8.666667, 0.000047, 0.000011, 0.000036, ZIC, 770, 34, 22.647059, 1.823529, 0.000018, 0.000006, 0.000011, 
trial0017889, AA, 355, 6, 59.166667, 7.333333, 0.000043, 0.000010, 0.000033, ZIC, 749, 34, 22.029412, 1.352941, 0.000016, 0.000006, 0.000010, 
trial0017890, AA, 872, 6, 145.333333, 9.166667, 0.000036, 0.000011, 0.000026, ZIC, 1269, 34, 37.323529, 1.970588, 0.000017, 0.000006, 0.000011, 
trial0017891, AA, 872, 6, 145.333333, 8.333333, 0.000042, 0.000010, 0.000032, ZIC, 1137, 34, 33.441176, 1.705882, 0.000016, 0.000006, 0.000010, 
trial0017892, AA, 683, 6, 113.833333, 8.000000, 0.000041, 0.000010, 0.000030, ZIC, 728, 34, 21.411765, 1.352941, 0.000017, 0.000006, 0.000010, 
trial0017893, AA, 493, 6, 82.166667, 8.166667, 0.000044, 0.000010, 0.000033, ZIC, 621, 34, 18.264706, 1.441176, 0.000015, 0.000006, 0.000009, 
trial0017894, AA, 684, 6, 114.000000, 7.000000, 0.000046, 0.000010, 0.000036, ZIC, 1462, 34, 43.000000, 2.058824, 0.000017, 0.000006, 0.000010, 
trial0017895, AA, 534, 6, 89.000000, 8.000000, 0.000040, 0.000010, 0.000030, ZIC, 812, 34, 23.882353, 1.705882, 0.000017, 0.000006, 0.000011, 
trial0017896, AA, 456, 6, 76.000000, 6.333333, 0.000043, 0.000010, 0.000033, ZIC, 930, 34, 27.352941, 1.529412, 0.000016, 0.000006, 0.000010, 
trial0017897, AA, 929, 6, 154.833333, 8.166667, 0.000041, 0.000010, 0.000031, ZIC, 1396, 34, 41.058824, 2.147059, 0.000018, 0.000006, 0.000011, 
trial0017898, AA, 733, 6, 122.166667, 8.666667, 0.000041, 0.000011, 0.000030, ZIC, 981, 34, 28.852941, 1.529412, 0.000016, 0.000006, 0.000010, 
trial0017899, AA, 546, 6, 91.000000, 6.833333, 0.000047, 0.000010, 0.000037, ZIC, 1200, 34, 35.294118, 1.852941, 0.000016, 0.000006, 0.000010, 
trial0017900, AA, 823, 6, 137.166667, 7.833333, 0.000044, 0.000011, 0.000033, ZIC, 1659, 34, 48.794118, 1.970588, 0.000018, 0.000006, 0.000011, 
trial0017901, AA, 2771, 6, 461.833333, 5.000000, 0.000057, 0.000011, 0.000046, ZIC, 5222, 34, 153.588235, 3.117647, 0.000019, 0.000007, 0.000013, 
trial0017902, AA, 2333, 6, 388.833333, 7.166667, 0.000055, 0.000012, 0.000042, ZIC, 5379, 34, 158.205882, 3.088235, 0.000023, 0.000007, 0.000016, 
trial0017903, AA, 1624, 6, 270.666667, 4.333333, 0.000053, 0.000010, 0.000043, ZIC, 5038, 34, 148.176471, 2.705882, 0.000020, 0.000007, 0.000013, 
trial0017904, AA, 1188, 6, 198.000000, 2.833333, 0.000056, 0.000010, 0.000047, ZIC, 5572, 34, 163.882353, 3.147059, 0.000019, 0.000007, 0.000012, 
trial0017905, AA, 2454, 6, 409.000000, 7.500000, 0.000069, 0.000010, 0.000060, ZIC, 6782, 34, 199.470588, 3.441176, 0.000021, 0.000006, 0.000015, 
trial0017906, AA, 1089, 6, 181.500000, 5.500000, 0.000045, 0.000009, 0.000036, ZIC, 5783, 34, 170.088235, 2.970588, 0.000019, 0.000006, 0.000012, 
trial0017907, AA, 1815, 6, 302.500000, 8.166667, 0.000056, 0.000010, 0.000045, ZIC, 5880, 34, 172.941176, 2.735294, 0.000020, 0.000006, 0.000013, 
trial0017908, AA, 1077, 6, 179.500000, 4.333333, 0.000050, 0.000011, 0.000039, ZIC, 6443, 34, 189.500000, 3.470588, 0.000020, 0.000007, 0.000013, 
trial0017909, AA, 2669, 6, 444.833333, 6.166667, 0.000066, 0.000010, 0.000056, ZIC, 6636, 34, 195.176471, 3.558824, 0.000021, 0.000007, 0.000014, 
trial0017910, AA, 3603, 6, 600.500000, 10.166667, 0.000055, 0.000010, 0.000044, ZIC, 4679, 34, 137.617647, 2.617647, 0.000020, 0.000006, 0.000013, 
trial0017911, AA, 2062, 6, 343.666667, 6.500000, 0.000055, 0.000011, 0.000045, ZIC, 5958, 34, 175.235294, 3.441176, 0.000019, 0.000006, 0.000013, 
trial0017912, AA, 196, 6, 32.666667, 1.833333, 0.000047, 0.000010, 0.000037, ZIC, 6749, 34, 198.500000, 3.735294, 0.000019, 0.000006, 0.000013, 
trial0017913, AA, 2908, 6, 484.666667, 6.500000, 0.000055, 0.000010, 0.000045, ZIC, 5156, 34, 151.647059, 3.088235, 0.000019, 0.000006, 0.000013, 
trial0017914, AA, 1489, 6, 248.166667, 6.333333, 0.000050, 0.000010, 0.000040, ZIC, 6317, 34, 185.794118, 3.000000, 0.000018, 0.000006, 0.000012, 
trial0017915, AA, 3361, 6, 560.166667, 7.833333, 0.000038, 0.000010, 0.000028, ZIC, 4851, 34, 142.676471, 2.617647, 0.000019, 0.000007, 0.000013, 
trial0017916, AA, 1035, 6, 172.500000, 5.000000, 0.000278, 0.000010, 0.000269, ZIC, 7422, 34, 218.294118, 3.705882, 0.000021, 0.000006, 0.000014, 
trial0017917, AA, 902, 6, 150.333333, 5.000000, 0.000059, 0.000010, 0.000049, ZIC, 6694, 34, 196.882353, 3.294118, 0.000019, 0.000006, 0.000013, 
trial0017918, AA, 1724, 6, 287.333333, 7.166667, 0.000061, 0.000011, 0.000050, ZIC, 7153, 34, 210.382353, 3.617647, 0.000020, 0.000006, 0.000014, 
trial0017919, AA, 357, 6, 59.500000, 3.833333, 0.000058, 0.000010, 0.000048, ZIC, 6414, 34, 188.647059, 3.558824, 0.000020, 0.000007, 0.000013, 
trial0017920, AA, 856, 6, 142.666667, 6.666667, 0.000055, 0.000010, 0.000045, ZIC, 7395, 34, 217.500000, 3.529412, 0.000020, 0.000006, 0.000014, 
trial0017921, AA, 560, 6, 93.333333, 3.333333, 0.000058, 0.000010, 0.000048, ZIC, 7243, 34, 213.029412, 3.647059, 0.000019, 0.000006, 0.000013, 
trial0017922, AA, 1767, 6, 294.500000, 7.166667, 0.000058, 0.000011, 0.000047, ZIC, 6423, 34, 188.911765, 3.323529, 0.000020, 0.000006, 0.000014, 
trial0017923, AA, 1484, 6, 247.333333, 4.166667, 0.000054, 0.000010, 0.000045, ZIC, 6753, 34, 198.617647, 3.500000, 0.000019, 0.000006, 0.000012, 
trial0017924, AA, 1320, 6, 220.000000, 5.000000, 0.000055, 0.000011, 0.000045, ZIC, 6751, 34, 198.558824, 3.529412, 0.000021, 0.000007, 0.000014, 
trial0017925, AA, 2341, 6, 390.166667, 6.500000, 0.000049, 0.000010, 0.000039, ZIC, 5179, 34, 152.323529, 3.088235, 0.000018, 0.000006, 0.000012, 
trial0017926, AA, 1757, 6, 292.833333, 4.833333, 0.000056, 0.000011, 0.000046, ZIC, 6594, 34, 193.941176, 3.676471, 0.000023, 0.000007, 0.000016, 
trial0017927, AA, 614, 6, 102.333333, 3.666667, 0.000375, 0.000010, 0.000365, ZIC, 8286, 34, 243.705882, 4.411765, 0.000023, 0.000007, 0.000016, 
trial0017928, AA, 296, 6, 49.333333, 2.000000, 0.000041, 0.000010, 0.000032, ZIC, 7227, 34, 212.558824, 3.882353, 0.000020, 0.000007, 0.000014, 
trial0017929, AA, 1890, 6, 315.000000, 6.333333, 0.000045, 0.000010, 0.000035, ZIC, 6384, 34, 187.764706, 3.294118, 0.000021, 0.000007, 0.000014, 
trial0017930, AA, 1742, 6, 290.333333, 6.333333, 0.000065, 0.000010, 0.000055, ZIC, 6396, 34, 188.117647, 3.176471, 0.000021, 0.000007, 0.000015, 
trial0017931, AA, 1001, 6, 166.833333, 5.166667, 0.000069, 0.000011, 0.000057, ZIC, 7654, 34, 225.117647, 3.735294, 0.000021, 0.000007, 0.000015, 
trial0017932, AA, 1859, 6, 309.833333, 5.666667, 0.000049, 0.000010, 0.000039, ZIC, 5108, 34, 150.235294, 3.000000, 0.000022, 0.000007, 0.000015, 
trial0017933, AA, 2722, 6, 453.666667, 6.833333, 0.000071, 0.000010, 0.000061, ZIC, 5940, 34, 174.705882, 3.205882, 0.000021, 0.000007, 0.000014, 
trial0017934, AA, 2249, 6, 374.833333, 6.500000, 0.000052, 0.000009, 0.000043, ZIC, 5643, 34, 165.970588, 3.029412, 0.000020, 0.000007, 0.000014, 
trial0017935, AA, 1592, 6, 265.333333, 7.000000, 0.000061, 0.000010, 0.000051, ZIC, 5495, 34, 161.617647, 3.000000, 0.000019, 0.000006, 0.000013, 
trial0017936, AA, 2108, 6, 351.333333, 5.500000, 0.000059, 0.000010, 0.000049, ZIC, 5541, 34, 162.970588, 3.205882, 0.000019, 0.000006, 0.000013, 
trial0017937, AA, 429, 6, 71.500000, 3.333333, 0.000069, 0.000011, 0.000058, ZIC, 7381, 34, 217.088235, 3.764706, 0.000019, 0.000006, 0.000012, 
trial0017938, AA, 2453, 6, 408.833333, 6.500000, 0.000049, 0.000011, 0.000038, ZIC, 5790, 34, 170.294118, 3.382353, 0.000019, 0.000006, 0.000013, 
trial0017939, AA, 1332, 6, 222.000000, 5.666667, 0.000049, 0.000010, 0.000038, ZIC, 7586, 34, 223.117647, 3.529412, 0.000019, 0.000006, 0.000013, 
trial0017940, AA, 2028, 6, 338.000000, 5.333333, 0.000050, 0.000010, 0.000040, ZIC, 6727, 34, 197.852941, 3.470588, 0.000019, 0.000006, 0.000013, 
trial0017941, AA, 1389, 6, 231.500000, 5.500000, 0.000050, 0.000011, 0.000038, ZIC, 4770, 34, 140.294118, 2.794118, 0.000019, 0.000007, 0.000012, 
trial0017942, AA, 2242, 6, 373.666667, 6.000000, 0.000075, 0.000010, 0.000065, ZIC, 6009, 34, 176.735294, 3.176471, 0.000056, 0.000006, 0.000050, 
trial0017943, AA, 3547, 6, 591.166667, 7.333333, 0.000057, 0.000010, 0.000047, ZIC, 5362, 34, 157.705882, 3.117647, 0.000020, 0.000006, 0.000013, 
trial0017944, AA, 583, 6, 97.166667, 5.000000, 0.000059, 0.000011, 0.000048, ZIC, 7516, 34, 221.058824, 3.647059, 0.000020, 0.000006, 0.000014, 
trial0017945, AA, 2240, 6, 373.333333, 6.833333, 0.000050, 0.000011, 0.000038, ZIC, 5359, 34, 157.617647, 2.852941, 0.000020, 0.000007, 0.000013, 
trial0017946, AA, 2615, 6, 435.833333, 8.000000, 0.000046, 0.000012, 0.000034, ZIC, 5989, 34, 176.147059, 3.235294, 0.000020, 0.000006, 0.000013, 
trial0017947, AA, 2304, 6, 384.000000, 6.833333, 0.000042, 0.000010, 0.000032, ZIC, 6070, 34, 178.529412, 3.147059, 0.000019, 0.000007, 0.000013, 
trial0017948, AA, 1882, 6, 313.666667, 7.666667, 0.000055, 0.000009, 0.000045, ZIC, 6175, 34, 181.617647, 3.000000, 0.000019, 0.000006, 0.000013, 
trial0017949, AA, 313, 6, 52.166667, 3.500000, 0.000058, 0.000010, 0.000048, ZIC, 8748, 34, 257.294118, 4.558824, 0.000021, 0.000007, 0.000015, 
trial0017950, AA, 1173, 6, 195.500000, 5.333333, 0.000055, 0.000012, 0.000043, ZIC, 5613, 34, 165.088235, 2.941176, 0.000020, 0.000007, 0.000013, 
trial0017951, AA, 2154, 6, 359.000000, 7.166667, 0.000054, 0.000010, 0.000044, ZIC, 6102, 34, 179.470588, 3.029412, 0.000019, 0.000006, 0.000013, 
trial0017952, AA, 2507, 6, 417.833333, 5.666667, 0.000045, 0.000013, 0.000032, ZIC, 5095, 34, 149.852941, 3.000000, 0.000020, 0.000007, 0.000013, 
trial0017953, AA, 1341, 6, 223.500000, 4.500000, 0.000079, 0.000011, 0.000068, ZIC, 8333, 34, 245.088235, 4.205882, 0.000022, 0.000007, 0.000015, 
trial0017954, AA, 1999, 6, 333.166667, 5.666667, 0.000054, 0.000011, 0.000043, ZIC, 6663, 34, 195.970588, 3.470588, 0.000021, 0.000007, 0.000014, 
trial0017955, AA, 1330, 6, 221.666667, 6.000000, 0.000056, 0.000010, 0.000046, ZIC, 5977, 34, 175.794118, 3.235294, 0.000019, 0.000006, 0.000013, 
trial0017956, AA, 7, 6, 1.166667, 0.333333, 0.000042, 0.000011, 0.000032, ZIC, 7738, 34, 227.588235, 4.058824, 0.000020, 0.000007, 0.000013, 
trial0017957, AA, 2117, 6, 352.833333, 8.666667, 0.000051, 0.000010, 0.000041, ZIC, 4662, 34, 137.117647, 2.411765, 0.000019, 0.000006, 0.000013, 
trial0017958, AA, 37, 6, 6.166667, 1.166667, 0.000035, 0.000009, 0.000026, ZIC, 6946, 34, 204.294118, 3.852941, 0.000019, 0.000007, 0.000013, 
trial0017959, AA, 1567, 6, 261.166667, 5.166667, 0.000068, 0.000011, 0.000057, ZIC, 6346, 34, 186.647059, 3.441176, 0.000020, 0.000007, 0.000013, 
trial0017960, AA, 1558, 6, 259.666667, 5.000000, 0.000070, 0.000011, 0.000059, ZIC, 6964, 34, 204.823529, 3.529412, 0.000020, 0.000006, 0.000013, 
trial0017961, AA, 1135, 6, 189.166667, 5.500000, 0.000051, 0.000010, 0.000041, ZIC, 6594, 34, 193.941176, 3.441176, 0.000020, 0.000006, 0.000013, 
trial0017962, AA, 896, 6, 149.333333, 2.500000, 0.000050, 0.000013, 0.000038, ZIC, 5762, 34, 169.470588, 3.500000, 0.000018, 0.000006, 0.000012, 
trial0017963, AA, 1816, 6, 302.666667, 7.833333, 0.000058, 0.000011, 0.000047, ZIC, 6319, 34, 185.852941, 3.264706, 0.000019, 0.000006, 0.000013, 
trial0017964, AA, 2505, 6, 417.500000, 6.666667, 0.000061, 0.000010, 0.000050, ZIC, 6278, 34, 184.647059, 3.529412, 0.000021, 0.000007, 0.000015, 
trial0017965, AA, 1749, 6, 291.500000, 5.000000, 0.000055, 0.000010, 0.000045, ZIC, 6244, 34, 183.647059, 3.529412, 0.000020, 0.000007, 0.000013, 
trial0017966, AA, 1752, 6, 292.000000, 6.500000, 0.000046, 0.000010, 0.000036, ZIC, 5859, 34, 172.323529, 3.264706, 0.000020, 0.000006, 0.000013, 
trial0017967, AA, 1364, 6, 227.333333, 4.166667, 0.000059, 0.000010, 0.000050, ZIC, 7665, 34, 225.441176, 3.794118, 0.000019, 0.000006, 0.000013, 
trial0017968, AA, 797, 6, 132.833333, 5.166667, 0.000061, 0.000010, 0.000051, ZIC, 7361, 34, 216.500000, 3.794118, 0.000021, 0.000007, 0.000014, 
trial0017969, AA, 1678, 6, 279.666667, 7.000000, 0.000059, 0.000011, 0.000048, ZIC, 6940, 34, 204.117647, 3.294118, 0.000022, 0.000007, 0.000015, 
trial0017970, AA, 3401, 6, 566.833333, 8.833333, 0.000054, 0.000010, 0.000044, ZIC, 4676, 34, 137.529412, 2.617647, 0.000020, 0.000007, 0.000014, 
trial0017971, AA, 2013, 6, 335.500000, 7.500000, 0.000050, 0.000010, 0.000040, ZIC, 5657, 34, 166.382353, 2.617647, 0.000018, 0.000006, 0.000012, 
trial0017972, AA, 2015, 6, 335.833333, 6.666667, 0.000062, 0.000010, 0.000051, ZIC, 5817, 34, 171.088235, 3.000000, 0.000018, 0.000006, 0.000012, 
trial0017973, AA, 2258, 6, 376.333333, 5.500000, 0.000056, 0.000010, 0.000046, ZIC, 5433, 34, 159.794118, 3.441176, 0.000019, 0.000006, 0.000012, 
trial0017974, AA, 3483, 6, 580.500000, 9.000000, 0.000062, 0.000010, 0.000052, ZIC, 5509, 34, 162.029412, 3.000000, 0.000021, 0.000007, 0.000015, 
trial0017975, AA, 1417, 6, 236.166667, 5.000000, 0.000062, 0.000011, 0.000050, ZIC, 5962, 34, 175.352941, 3.235294, 0.000019, 0.000006, 0.000013, 
trial0017976, AA, 1472, 6, 245.333333, 4.500000, 0.000042, 0.000009, 0.000032, ZIC, 6134, 34, 180.411765, 3.500000, 0.000019, 0.000006, 0.000013, 
trial0017977, AA, 1769, 6, 294.833333, 4.833333, 0.000060, 0.000010, 0.000050, ZIC, 6834, 34, 201.000000, 3.676471, 0.000020, 0.000007, 0.000013, 
trial0017978, AA, 1389, 6, 231.500000, 6.000000, 0.000053, 0.000010, 0.000043, ZIC, 5955, 34, 175.147059, 3.352941, 0.000020, 0.000006, 0.000014, 
trial0017979, AA, 1878, 6, 313.000000, 3.333333, 0.000039, 0.000011, 0.000028, ZIC, 6342, 34, 186.529412, 3.941176, 0.000020, 0.000006, 0.000013, 
trial0017980, AA, 1261, 6, 210.166667, 3.166667, 0.000052, 0.000011, 0.000041, ZIC, 7029, 34, 206.735294, 3.794118, 0.000019, 0.000006, 0.000013, 
trial0017981, AA, 2378, 6, 396.333333, 7.333333, 0.000060, 0.000011, 0.000050, ZIC, 6996, 34, 205.764706, 3.588235, 0.000021, 0.000007, 0.000015, 
trial0017982, AA, 1030, 6, 171.666667, 4.000000, 0.000040, 0.000009, 0.000031, ZIC, 6659, 34, 195.852941, 3.529412, 0.000019, 0.000006, 0.000012, 
trial0017983, AA, 2163, 6, 360.500000, 6.333333, 0.000052, 0.000010, 0.000043, ZIC, 5374, 34, 158.058824, 3.176471, 0.000020, 0.000006, 0.000013, 
trial0017984, AA, 687, 6, 114.500000, 2.500000, 0.000040, 0.000010, 0.000030, ZIC, 6180, 34, 181.764706, 3.205882, 0.000019, 0.000007, 0.000013, 
trial0017985, AA, 1316, 6, 219.333333, 5.166667, 0.000059, 0.000010, 0.000049, ZIC, 8302, 34, 244.176471, 4.029412, 0.000022, 0.000007, 0.000015, 
trial0017986, AA, 1421, 6, 236.833333, 5.000000, 0.000058, 0.000011, 0.000047, ZIC, 6966, 34, 204.882353, 3.294118, 0.000020, 0.000007, 0.000013, 
trial0017987, AA, 2129, 6, 354.833333, 4.833333, 0.000043, 0.000010, 0.000033, ZIC, 7293, 34, 214.500000, 3.911765, 0.000021, 0.000007, 0.000015, 
trial0017988, AA, 1633, 6, 272.166667, 6.666667, 0.000074, 0.000010, 0.000063, ZIC, 6428, 34, 189.058824, 3.352941, 0.000020, 0.000006, 0.000013, 
trial0017989, AA, 1655, 6, 275.833333, 6.166667, 0.000056, 0.000010, 0.000046, ZIC, 7029, 34, 206.735294, 3.735294, 0.000021, 0.000006, 0.000015, 
trial0017990, AA, 1154, 6, 192.333333, 5.333333, 0.000066, 0.000011, 0.000054, ZIC, 6143, 34, 180.676471, 3.294118, 0.000019, 0.000006, 0.000013, 
trial0017991, AA, 625, 6, 104.166667, 4.833333, 0.000060, 0.000012, 0.000048, ZIC, 7200, 34, 211.764706, 3.735294, 0.000021, 0.000007, 0.000014, 
trial0017992, AA, 915, 6, 152.500000, 6.000000, 0.000046, 0.000010, 0.000036, ZIC, 5761, 34, 169.441176, 3.117647, 0.000020, 0.000006, 0.000013, 
trial0017993, AA, 1849, 6, 308.166667, 6.000000, 0.000068, 0.000010, 0.000059, ZIC, 7279, 34, 214.088235, 3.823529, 0.000022, 0.000007, 0.000016, 
trial0017994, AA, 1199, 6, 199.833333, 4.500000, 0.000050, 0.000010, 0.000040, ZIC, 6996, 34, 205.764706, 3.500000, 0.000020, 0.000006, 0.000013, 
trial0017995, AA, 1813, 6, 302.166667, 4.166667, 0.000042, 0.000012, 0.000030, ZIC, 5192, 34, 152.705882, 3.264706, 0.000020, 0.000007, 0.000014, 
trial0017996, AA, 1885, 6, 314.166667, 5.666667, 0.000051, 0.000010, 0.000041, ZIC, 6416, 34, 188.705882, 3.235294, 0.000020, 0.000007, 0.000014, 
trial0017997, AA, 1040, 6, 173.333333, 5.500000, 0.000052, 0.000011, 0.000041, ZIC, 6882, 34, 202.411765, 3.264706, 0.000019, 0.000006, 0.000013, 
trial0017998, AA, 1320, 6, 220.000000, 6.500000, 0.000044, 0.000009, 0.000035, ZIC, 6109, 34, 179.676471, 3.088235, 0.000019, 0.000006, 0.000013, 
trial0017999, AA, 2742, 6, 457.000000, 8.833333, 0.000057, 0.000010, 0.000047, ZIC, 5674, 34, 166.882353, 2.911765, 0.000020, 0.000007, 0.000014, 
trial0018000, AA, 2024, 6, 337.333333, 6.500000, 0.000043, 0.000009, 0.000033, ZIC, 5397, 34, 158.735294, 2.794118, 0.000019, 0.000006, 0.000012, 
