trial0006001, SHVR, 1829, 14, 130.642857, 10.357143, 0.000042, 0.000330, ZIC, 13003, 26, 500.115385, 11.423077, 0.000049, 0.000637, 
trial0006002, SHVR, 9044, 14, 646.000000, 15.000000, 0.000004, 0.000802, ZIC, 7006, 26, 269.461538, 7.538462, 0.000069, 0.000356, 
trial0006003, SHVR, 5739, 14, 409.928571, 13.714286, 0.000030, 0.000689, ZIC, 9921, 26, 381.576923, 8.769231, 0.000044, 0.000490, 
trial0006004, SHVR, 5207, 14, 371.928571, 12.214286, 0.000022, 0.000739, ZIC, 9847, 26, 378.730769, 9.192308, 0.000083, 0.000384, 
trial0006005, SHVR, 6654, 14, 475.285714, 13.000000, 0.000048, 0.000906, ZIC, 9398, 26, 361.461538, 9.076923, 0.000056, 0.000408, 
trial0006006, SHVR, 7253, 14, 518.071429, 13.642857, 0.000035, 0.000512, ZIC, 8587, 26, 330.269231, 8.884615, 0.000085, 0.000424, 
trial0006007, SHVR, 5771, 14, 412.214286, 14.142857, 0.000043, 0.000627, ZIC, 9615, 26, 369.807692, 8.615385, 0.000056, 0.000444, 
trial0006008, SHVR, 3713, 14, 265.214286, 9.571429, 0.000009, 0.000243, ZIC, 11903, 26, 457.807692, 10.769231, 0.000020, 0.000207, 
trial0006009, SHVR, 6415, 14, 458.214286, 11.357143, 0.000004, 0.000050, ZIC, 9694, 26, 372.846154, 9.730769, 0.000005, 0.000048, 
trial0006010, SHVR, 6295, 14, 449.642857, 12.642857, 0.000004, 0.000065, ZIC, 9432, 26, 362.769231, 8.423077, 0.000005, 0.000036, 
trial0006011, SHVR, 6659, 14, 475.642857, 12.428571, 0.000007, 0.000076, ZIC, 8501, 26, 326.961538, 8.538462, 0.000006, 0.000048, 
trial0006012, SHVR, 7432, 14, 530.857143, 12.071429, 0.000004, 0.000114, ZIC, 7757, 26, 298.346154, 8.576923, 0.000006, 0.000047, 
trial0006013, SHVR, 6187, 14, 441.928571, 11.214286, 0.000009, 0.000076, ZIC, 9246, 26, 355.615385, 8.807692, 0.000010, 0.000072, 
trial0006014, SHVR, 5679, 14, 405.642857, 13.500000, 0.000012, 0.000185, ZIC, 9980, 26, 383.846154, 9.576923, 0.000020, 0.000109, 
trial0006015, SHVR, 9144, 14, 653.142857, 16.928571, 0.000004, 0.000915, ZIC, 6978, 26, 268.384615, 6.576923, 0.000072, 0.000258, 
trial0006016, SHVR, 5265, 14, 376.071429, 13.428571, 0.000009, 0.000543, ZIC, 10325, 26, 397.115385, 9.000000, 0.000084, 0.000514, 
trial0006017, SHVR, 7157, 14, 511.214286, 11.214286, 0.000059, 0.000553, ZIC, 8189, 26, 314.961538, 8.961538, 0.000052, 0.000444, 
trial0006018, SHVR, 5782, 14, 413.000000, 13.928571, 0.000055, 0.000780, ZIC, 10041, 26, 386.192308, 8.500000, 0.000060, 0.000386, 
trial0006019, SHVR, 4382, 14, 313.000000, 13.642857, 0.000039, 0.000706, ZIC, 10946, 26, 421.000000, 9.038462, 0.000073, 0.000390, 
trial0006020, SHVR, 4734, 14, 338.142857, 11.500000, 0.000038, 0.000509, ZIC, 10572, 26, 406.615385, 9.576923, 0.000043, 0.000429, 
trial0006021, SHVR, 6556, 14, 468.285714, 14.500000, 0.000045, 0.000720, ZIC, 9763, 26, 375.500000, 8.961538, 0.000077, 0.000409, 
trial0006022, SHVR, 5369, 14, 383.500000, 12.857143, 0.000044, 0.000608, ZIC, 10300, 26, 396.153846, 8.846154, 0.000064, 0.000430, 
trial0006023, SHVR, 4140, 14, 295.714286, 13.642857, 0.000064, 0.000713, ZIC, 11028, 26, 424.153846, 10.192308, 0.000079, 0.000479, 
trial0006024, SHVR, 5560, 14, 397.142857, 13.928571, 0.000028, 0.000619, ZIC, 9932, 26, 382.000000, 8.346154, 0.000039, 0.000382, 
trial0006025, SHVR, 4651, 14, 332.214286, 12.000000, 0.000041, 0.000526, ZIC, 10936, 26, 420.615385, 10.076923, 0.000064, 0.000441, 
trial0006026, SHVR, 3380, 14, 241.428571, 12.000000, 0.000025, 0.000611, ZIC, 11814, 26, 454.384615, 10.000000, 0.000090, 0.000561, 
trial0006027, SHVR, 2967, 14, 211.928571, 13.142857, 0.000095, 0.000579, ZIC, 12007, 26, 461.807692, 9.923077, 0.000081, 0.000404, 
trial0006028, SHVR, 7122, 14, 508.714286, 13.357143, 0.000023, 0.000538, ZIC, 8861, 26, 340.807692, 8.884615, 0.000062, 0.000333, 
trial0006029, SHVR, 6028, 14, 430.571429, 14.785714, 0.000062, 0.000854, ZIC, 9604, 26, 369.384615, 8.730769, 0.000055, 0.000375, 
trial0006030, SHVR, 4435, 14, 316.785714, 11.500000, 0.000053, 0.000455, ZIC, 10954, 26, 421.307692, 9.730769, 0.000069, 0.000554, 
trial0006031, SHVR, 9451, 14, 675.071429, 15.000000, 0.000015, 0.000852, ZIC, 6981, 26, 268.500000, 7.307692, 0.000043, 0.000449, 
trial0006032, SHVR, 6588, 14, 470.571429, 14.428571, 0.000035, 0.000592, ZIC, 9288, 26, 357.230769, 8.846154, 0.000080, 0.000430, 
trial0006033, SHVR, 7985, 14, 570.357143, 15.714286, 0.000018, 0.001056, ZIC, 7887, 26, 303.346154, 7.076923, 0.000067, 0.000308, 
trial0006034, SHVR, 8163, 14, 583.071429, 15.500000, 0.000050, 0.000798, ZIC, 7835, 26, 301.346154, 7.807692, 0.000085, 0.000432, 
trial0006035, SHVR, 6757, 14, 482.642857, 13.857143, 0.000027, 0.000757, ZIC, 8974, 26, 345.153846, 8.307692, 0.000059, 0.000374, 
trial0006036, SHVR, 6806, 14, 486.142857, 12.214286, 0.000096, 0.000753, ZIC, 8856, 26, 340.615385, 8.807692, 0.000046, 0.000449, 
trial0006037, SHVR, 4106, 14, 293.285714, 10.714286, 0.000053, 0.000423, ZIC, 11281, 26, 433.884615, 9.846154, 0.000050, 0.000390, 
trial0006038, SHVR, 4138, 14, 295.571429, 11.285714, 0.000044, 0.000518, ZIC, 11074, 26, 425.923077, 9.615385, 0.000065, 0.000536, 
trial0006039, SHVR, 4914, 14, 351.000000, 14.357143, 0.000038, 0.000641, ZIC, 10602, 26, 407.769231, 9.269231, 0.000048, 0.000376, 
trial0006040, SHVR, 5554, 14, 396.714286, 12.928571, 0.000029, 0.000565, ZIC, 10529, 26, 404.961538, 10.038462, 0.000054, 0.000529, 
trial0006041, SHVR, 8803, 14, 628.785714, 15.714286, 0.000033, 0.000882, ZIC, 7032, 26, 270.461538, 7.076923, 0.000077, 0.000362, 
trial0006042, SHVR, 4444, 14, 317.428571, 11.714286, 0.000063, 0.000457, ZIC, 10994, 26, 422.846154, 9.692308, 0.000050, 0.000480, 
trial0006043, SHVR, 3141, 14, 224.357143, 12.928571, 0.000044, 0.000695, ZIC, 12179, 26, 468.423077, 9.653846, 0.000059, 0.000424, 
trial0006044, SHVR, 4219, 14, 301.357143, 11.642857, 0.000020, 0.000528, ZIC, 11383, 26, 437.807692, 10.807692, 0.000055, 0.000437, 
trial0006045, SHVR, 6974, 14, 498.142857, 15.428571, 0.000015, 0.000939, ZIC, 9022, 26, 347.000000, 8.076923, 0.000041, 0.000317, 
trial0006046, SHVR, 6682, 14, 477.285714, 12.714286, 0.000055, 0.000758, ZIC, 9229, 26, 354.961538, 8.615385, 0.000055, 0.000505, 
trial0006047, SHVR, 6736, 14, 481.142857, 14.214286, 0.000027, 0.000767, ZIC, 8963, 26, 344.730769, 8.653846, 0.000034, 0.000464, 
trial0006048, SHVR, 5692, 14, 406.571429, 14.428571, 0.000041, 0.000702, ZIC, 10394, 26, 399.769231, 8.846154, 0.000043, 0.000365, 
trial0006049, SHVR, 8742, 14, 624.428571, 16.000000, 0.000039, 0.000794, ZIC, 6960, 26, 267.692308, 6.461538, 0.000064, 0.000307, 
trial0006050, SHVR, 4850, 14, 346.428571, 11.857143, 0.000038, 0.000539, ZIC, 10423, 26, 400.884615, 9.692308, 0.000028, 0.000517, 
trial0006051, SHVR, 4532, 14, 323.714286, 12.071429, 0.000025, 0.000652, ZIC, 10887, 26, 418.730769, 10.038462, 0.000047, 0.000507, 
trial0006052, SHVR, 5667, 14, 404.785714, 11.928571, 0.000075, 0.000664, ZIC, 10227, 26, 393.346154, 9.192308, 0.000054, 0.000450, 
trial0006053, SHVR, 6290, 14, 449.285714, 11.000000, 0.000035, 0.000669, ZIC, 9552, 26, 367.384615, 9.615385, 0.000044, 0.000420, 
trial0006054, SHVR, 6940, 14, 495.714286, 12.071429, 0.000028, 0.000530, ZIC, 8962, 26, 344.692308, 9.115385, 0.000044, 0.000503, 
trial0006055, SHVR, 3947, 14, 281.928571, 14.285714, 0.000020, 0.000571, ZIC, 11506, 26, 442.538462, 9.615385, 0.000040, 0.000449, 
trial0006056, SHVR, 4312, 14, 308.000000, 12.500000, 0.000022, 0.000806, ZIC, 10877, 26, 418.346154, 9.807692, 0.000064, 0.000480, 
trial0006057, SHVR, 4057, 14, 289.785714, 11.785714, 0.000045, 0.000323, ZIC, 11418, 26, 439.153846, 10.269231, 0.000100, 0.000556, 
trial0006058, SHVR, 6820, 14, 487.142857, 13.428571, 0.000070, 0.000667, ZIC, 8796, 26, 338.307692, 8.615385, 0.000048, 0.000516, 
trial0006059, SHVR, 7187, 14, 513.357143, 14.142857, 0.000023, 0.000962, ZIC, 8467, 26, 325.653846, 8.153846, 0.000044, 0.000351, 
trial0006060, SHVR, 5089, 14, 363.500000, 10.214286, 0.000027, 0.000576, ZIC, 10547, 26, 405.653846, 10.192308, 0.000039, 0.000476, 
trial0006061, SHVR, 5580, 14, 398.571429, 13.857143, 0.000021, 0.000738, ZIC, 10237, 26, 393.730769, 8.846154, 0.000078, 0.000465, 
trial0006062, SHVR, 4874, 14, 348.142857, 11.500000, 0.000068, 0.000674, ZIC, 10470, 26, 402.692308, 9.115385, 0.000041, 0.000481, 
trial0006063, SHVR, 7866, 14, 561.857143, 16.428571, 0.000004, 0.000820, ZIC, 8213, 26, 315.884615, 7.461538, 0.000032, 0.000360, 
trial0006064, SHVR, 4857, 14, 346.928571, 11.857143, 0.000040, 0.000680, ZIC, 10382, 26, 399.307692, 9.923077, 0.000056, 0.000390, 
trial0006065, SHVR, 6061, 14, 432.928571, 13.785714, 0.000058, 0.000703, ZIC, 9621, 26, 370.038462, 9.346154, 0.000059, 0.000436, 
trial0006066, SHVR, 4716, 14, 336.857143, 12.857143, 0.000021, 0.000961, ZIC, 10586, 26, 407.153846, 9.769231, 0.000068, 0.000378, 
trial0006067, SHVR, 7405, 14, 528.928571, 15.714286, 0.000035, 0.000711, ZIC, 8122, 26, 312.384615, 7.230769, 0.000061, 0.000321, 
trial0006068, SHVR, 6327, 14, 451.928571, 14.642857, 0.000051, 0.000619, ZIC, 9053, 26, 348.192308, 8.500000, 0.000060, 0.000400, 
trial0006069, SHVR, 5558, 14, 397.000000, 10.928571, 0.000075, 0.000475, ZIC, 9712, 26, 373.538462, 9.961538, 0.000053, 0.000508, 
trial0006070, SHVR, 2520, 14, 180.000000, 10.142857, 0.000043, 0.000506, ZIC, 12616, 26, 485.230769, 10.769231, 0.000089, 0.000449, 
trial0006071, SHVR, 3843, 14, 274.500000, 11.642857, 0.000029, 0.000353, ZIC, 11894, 26, 457.461538, 10.423077, 0.000038, 0.000395, 
trial0006072, SHVR, 6120, 14, 437.142857, 12.857143, 0.000004, 0.000066, ZIC, 9532, 26, 366.615385, 9.384615, 0.000005, 0.000044, 
trial0006073, SHVR, 6784, 14, 484.571429, 12.428571, 0.000004, 0.000069, ZIC, 9002, 26, 346.230769, 9.076923, 0.000005, 0.000038, 
trial0006074, SHVR, 7175, 14, 512.500000, 15.142857, 0.000004, 0.000065, ZIC, 8370, 26, 321.923077, 8.153846, 0.000005, 0.000039, 
trial0006075, SHVR, 7592, 14, 542.285714, 14.642857, 0.000004, 0.000093, ZIC, 8610, 26, 331.153846, 8.500000, 0.000006, 0.000056, 
trial0006076, SHVR, 5323, 14, 380.214286, 13.142857, 0.000005, 0.000134, ZIC, 10303, 26, 396.269231, 8.769231, 0.000009, 0.000057, 
trial0006077, SHVR, 6599, 14, 471.357143, 14.857143, 0.000004, 0.000130, ZIC, 9538, 26, 366.846154, 9.076923, 0.000008, 0.000088, 
trial0006078, SHVR, 9351, 14, 667.928571, 14.500000, 0.000021, 0.000404, ZIC, 6865, 26, 264.038462, 7.500000, 0.000044, 0.000170, 
trial0006079, SHVR, 6234, 14, 445.285714, 13.071429, 0.000143, 0.000820, ZIC, 8883, 26, 341.653846, 8.423077, 0.000064, 0.000366, 
trial0006080, SHVR, 4428, 14, 316.285714, 10.285714, 0.000046, 0.000574, ZIC, 10940, 26, 420.769231, 10.230769, 0.000039, 0.000479, 
trial0006081, SHVR, 5734, 14, 409.571429, 12.214286, 0.000021, 0.000567, ZIC, 9757, 26, 375.269231, 9.653846, 0.000024, 0.000608, 
trial0006082, SHVR, 5302, 14, 378.714286, 12.857143, 0.000029, 0.000657, ZIC, 10441, 26, 401.576923, 8.692308, 0.000052, 0.000489, 
trial0006083, SHVR, 5561, 14, 397.214286, 15.142857, 0.000056, 0.000780, ZIC, 10232, 26, 393.538462, 8.615385, 0.000060, 0.000479, 
trial0006084, SHVR, 5625, 14, 401.785714, 14.428571, 0.000058, 0.000517, ZIC, 10576, 26, 406.769231, 8.923077, 0.000058, 0.000517, 
trial0006085, SHVR, 5168, 14, 369.142857, 8.928571, 0.000049, 0.000584, ZIC, 10131, 26, 389.653846, 10.269231, 0.000056, 0.000476, 
trial0006086, SHVR, 5432, 14, 388.000000, 14.714286, 0.000035, 0.000688, ZIC, 10076, 26, 387.538462, 9.076923, 0.000052, 0.000389, 
trial0006087, SHVR, 4043, 14, 288.785714, 11.142857, 0.000065, 0.000467, ZIC, 11630, 26, 447.307692, 11.000000, 0.000042, 0.000441, 
trial0006088, SHVR, 6066, 14, 433.285714, 11.857143, 0.000027, 0.000539, ZIC, 9177, 26, 352.961538, 8.846154, 0.000078, 0.000422, 
trial0006089, SHVR, 7956, 14, 568.285714, 14.785714, 0.000030, 0.000395, ZIC, 8589, 26, 330.346154, 8.269231, 0.000064, 0.000540, 
trial0006090, SHVR, 4708, 14, 336.285714, 12.928571, 0.000017, 0.000731, ZIC, 10842, 26, 417.000000, 9.269231, 0.000050, 0.000542, 
trial0006091, SHVR, 6772, 14, 483.714286, 12.714286, 0.000014, 0.000686, ZIC, 8705, 26, 334.807692, 9.153846, 0.000044, 0.000473, 
trial0006092, SHVR, 5881, 14, 420.071429, 11.428571, 0.000021, 0.000451, ZIC, 9366, 26, 360.230769, 9.923077, 0.000078, 0.000659, 
trial0006093, SHVR, 5503, 14, 393.071429, 13.214286, 0.000048, 0.000637, ZIC, 9916, 26, 381.384615, 9.576923, 0.000073, 0.000452, 
trial0006094, SHVR, 9090, 14, 649.285714, 14.642857, 0.000040, 0.000728, ZIC, 6659, 26, 256.115385, 7.115385, 0.000057, 0.000319, 
trial0006095, SHVR, 6114, 14, 436.714286, 10.500000, 0.000066, 0.000492, ZIC, 9599, 26, 369.192308, 9.500000, 0.000074, 0.000404, 
trial0006096, SHVR, 7131, 14, 509.357143, 12.928571, 0.000080, 0.000689, ZIC, 9271, 26, 356.576923, 9.269231, 0.000048, 0.000485, 
trial0006097, SHVR, 5209, 14, 372.071429, 11.857143, 0.000037, 0.000618, ZIC, 10189, 26, 391.884615, 9.307692, 0.000056, 0.000491, 
trial0006098, SHVR, 5279, 14, 377.071429, 11.214286, 0.000052, 0.000500, ZIC, 10049, 26, 386.500000, 8.884615, 0.000074, 0.000488, 
trial0006099, SHVR, 6096, 14, 435.428571, 14.714286, 0.000093, 0.000953, ZIC, 9220, 26, 354.615385, 8.076923, 0.000037, 0.000346, 
trial0006100, SHVR, 7169, 14, 512.071429, 12.928571, 0.000050, 0.000606, ZIC, 8780, 26, 337.692308, 9.192308, 0.000054, 0.000476, 
trial0006101, SHVR, 6360, 14, 454.285714, 10.714286, 0.000027, 0.000710, ZIC, 14165, 26, 544.807692, 10.076923, 0.000062, 0.000447, 
trial0006102, SHVR, 11068, 14, 790.571429, 14.000000, 0.000024, 0.000591, ZIC, 9837, 26, 378.346154, 7.769231, 0.000047, 0.000437, 
trial0006103, SHVR, 9219, 14, 658.500000, 12.428571, 0.000054, 0.000604, ZIC, 11439, 26, 439.961538, 9.153846, 0.000041, 0.000468, 
trial0006104, SHVR, 8678, 14, 619.857143, 12.428571, 0.000035, 0.000512, ZIC, 11611, 26, 446.576923, 9.000000, 0.000071, 0.000520, 
trial0006105, SHVR, 6811, 14, 486.500000, 12.928571, 0.000039, 0.000517, ZIC, 13354, 26, 513.615385, 8.730769, 0.000057, 0.000488, 
trial0006106, SHVR, 6253, 14, 446.642857, 12.500000, 0.000020, 0.000716, ZIC, 13461, 26, 517.730769, 8.961538, 0.000061, 0.000589, 
trial0006107, SHVR, 9887, 14, 706.214286, 13.500000, 0.000038, 0.000539, ZIC, 10832, 26, 416.615385, 7.807692, 0.000051, 0.000528, 
trial0006108, SHVR, 10299, 14, 735.642857, 12.214286, 0.000065, 0.000556, ZIC, 10797, 26, 415.269231, 8.653846, 0.000046, 0.000397, 
trial0006109, SHVR, 5119, 14, 365.642857, 9.285714, 0.000097, 0.000603, ZIC, 14904, 26, 573.230769, 10.692308, 0.000053, 0.000557, 
trial0006110, SHVR, 5608, 14, 400.571429, 10.571429, 0.000063, 0.000389, ZIC, 14561, 26, 560.038462, 10.692308, 0.000052, 0.000479, 
trial0006111, SHVR, 5639, 14, 402.785714, 12.285714, 0.000010, 0.000455, ZIC, 13938, 26, 536.076923, 10.153846, 0.000067, 0.000362, 
trial0006112, SHVR, 7606, 14, 543.285714, 12.142857, 0.000014, 0.000817, ZIC, 12932, 26, 497.384615, 9.307692, 0.000062, 0.000470, 
trial0006113, SHVR, 10446, 14, 746.142857, 12.142857, 0.000062, 0.000634, ZIC, 10391, 26, 399.653846, 9.384615, 0.000039, 0.000487, 
trial0006114, SHVR, 6306, 14, 450.428571, 11.714286, 0.000024, 0.000442, ZIC, 14222, 26, 547.000000, 10.076923, 0.000044, 0.000555, 
trial0006115, SHVR, 6153, 14, 439.500000, 11.428571, 0.000014, 0.000677, ZIC, 13766, 26, 529.461538, 9.230769, 0.000069, 0.000486, 
trial0006116, SHVR, 9181, 14, 655.785714, 14.000000, 0.000040, 0.000498, ZIC, 11198, 26, 430.692308, 8.000000, 0.000076, 0.000424, 
trial0006117, SHVR, 6207, 14, 443.357143, 11.857143, 0.000033, 0.000428, ZIC, 13538, 26, 520.692308, 8.769231, 0.000048, 0.000443, 
trial0006118, SHVR, 8160, 14, 582.857143, 10.142857, 0.000054, 0.000805, ZIC, 12379, 26, 476.115385, 9.615385, 0.000041, 0.000358, 
trial0006119, SHVR, 4599, 14, 328.500000, 9.857143, 0.000028, 0.000421, ZIC, 15769, 26, 606.500000, 10.307692, 0.000046, 0.000501, 
trial0006120, SHVR, 6341, 14, 452.928571, 13.500000, 0.000058, 0.000579, ZIC, 14665, 26, 564.038462, 9.423077, 0.000042, 0.000637, 
trial0006121, SHVR, 5760, 14, 411.428571, 12.285714, 0.000049, 0.000515, ZIC, 14092, 26, 542.000000, 10.000000, 0.000045, 0.000473, 
trial0006122, SHVR, 4591, 14, 327.928571, 10.571429, 0.000038, 0.000469, ZIC, 15189, 26, 584.192308, 10.538462, 0.000035, 0.000391, 
trial0006123, SHVR, 7471, 14, 533.642857, 10.285714, 0.000066, 0.000616, ZIC, 12388, 26, 476.461538, 8.769231, 0.000041, 0.000456, 
trial0006124, SHVR, 10705, 14, 764.642857, 15.500000, 0.000060, 0.000858, ZIC, 10210, 26, 392.692308, 7.730769, 0.000039, 0.000423, 
trial0006125, SHVR, 5299, 14, 378.500000, 13.000000, 0.000023, 0.000777, ZIC, 15197, 26, 584.500000, 9.076923, 0.000068, 0.000561, 
trial0006126, SHVR, 5603, 14, 400.214286, 13.214286, 0.000037, 0.000564, ZIC, 14734, 26, 566.692308, 9.884615, 0.000066, 0.000545, 
trial0006127, SHVR, 10144, 14, 724.571429, 12.214286, 0.000076, 0.000698, ZIC, 9897, 26, 380.653846, 8.115385, 0.000054, 0.000386, 
trial0006128, SHVR, 5212, 14, 372.285714, 12.071429, 0.000031, 0.000526, ZIC, 14717, 26, 566.038462, 9.807692, 0.000049, 0.000468, 
trial0006129, SHVR, 8730, 14, 623.571429, 14.785714, 0.000043, 0.000601, ZIC, 11403, 26, 438.576923, 7.884615, 0.000027, 0.000557, 
trial0006130, SHVR, 8487, 14, 606.214286, 11.500000, 0.000025, 0.000704, ZIC, 11864, 26, 456.307692, 9.038462, 0.000086, 0.000450, 
trial0006131, SHVR, 6043, 14, 431.642857, 12.714286, 0.000040, 0.000385, ZIC, 14667, 26, 564.115385, 10.230769, 0.000048, 0.000607, 
trial0006132, SHVR, 4520, 14, 322.857143, 10.714286, 0.000029, 0.000505, ZIC, 14728, 26, 566.461538, 10.461538, 0.000063, 0.000531, 
trial0006133, SHVR, 9359, 14, 668.500000, 12.571429, 0.000012, 0.001109, ZIC, 11112, 26, 427.384615, 8.615385, 0.000081, 0.000382, 
trial0006134, SHVR, 4519, 14, 322.785714, 11.714286, 0.000072, 0.000601, ZIC, 15695, 26, 603.653846, 10.615385, 0.000070, 0.000419, 
trial0006135, SHVR, 7540, 14, 538.571429, 11.857143, 0.000004, 0.000085, ZIC, 12483, 26, 480.115385, 9.076923, 0.000015, 0.000095, 
trial0006136, SHVR, 6022, 14, 430.142857, 11.714286, 0.000004, 0.000059, ZIC, 13672, 26, 525.846154, 9.923077, 0.000005, 0.000047, 
trial0006137, SHVR, 5735, 14, 409.642857, 10.714286, 0.000004, 0.000060, ZIC, 14136, 26, 543.692308, 9.538462, 0.000005, 0.000046, 
trial0006138, SHVR, 4629, 14, 330.642857, 11.142857, 0.000005, 0.000064, ZIC, 15352, 26, 590.461538, 10.153846, 0.000008, 0.000059, 
trial0006139, SHVR, 5557, 14, 396.928571, 10.214286, 0.000004, 0.000081, ZIC, 14812, 26, 569.692308, 9.961538, 0.000006, 0.000074, 
trial0006140, SHVR, 6523, 14, 465.928571, 10.428571, 0.000007, 0.000080, ZIC, 13814, 26, 531.307692, 9.615385, 0.000011, 0.000065, 
trial0006141, SHVR, 11376, 14, 812.571429, 16.500000, 0.000014, 0.000198, ZIC, 9428, 26, 362.615385, 6.884615, 0.000012, 0.000097, 
trial0006142, SHVR, 5101, 14, 364.357143, 9.071429, 0.000027, 0.000410, ZIC, 14905, 26, 573.269231, 11.192308, 0.000059, 0.000490, 
trial0006143, SHVR, 6380, 14, 455.714286, 11.571429, 0.000096, 0.000760, ZIC, 14579, 26, 560.730769, 10.000000, 0.000074, 0.000381, 
trial0006144, SHVR, 6501, 14, 464.357143, 14.785714, 0.000041, 0.000807, ZIC, 14249, 26, 548.038462, 9.500000, 0.000052, 0.000465, 
trial0006145, SHVR, 6404, 14, 457.428571, 11.714286, 0.000047, 0.000480, ZIC, 14264, 26, 548.615385, 8.923077, 0.000044, 0.000463, 
trial0006146, SHVR, 6680, 14, 477.142857, 12.214286, 0.000049, 0.000509, ZIC, 13923, 26, 535.500000, 8.423077, 0.000049, 0.000518, 
trial0006147, SHVR, 7961, 14, 568.642857, 14.500000, 0.000045, 0.000666, ZIC, 12706, 26, 488.692308, 8.423077, 0.000068, 0.000549, 
trial0006148, SHVR, 6600, 14, 471.428571, 9.785714, 0.000069, 0.000578, ZIC, 13915, 26, 535.192308, 10.192308, 0.000076, 0.000649, 
trial0006149, SHVR, 2609, 14, 186.357143, 9.428571, 0.000028, 0.000507, ZIC, 17007, 26, 654.115385, 11.153846, 0.000079, 0.000501, 
trial0006150, SHVR, 8457, 14, 604.071429, 13.857143, 0.000027, 0.000588, ZIC, 12812, 26, 492.769231, 9.230769, 0.000044, 0.000430, 
trial0006151, SHVR, 4658, 14, 332.714286, 9.571429, 0.000080, 0.000539, ZIC, 15380, 26, 591.538462, 10.615385, 0.000038, 0.000683, 
trial0006152, SHVR, 8420, 14, 601.428571, 9.714286, 0.000024, 0.000708, ZIC, 11876, 26, 456.769231, 9.307692, 0.000042, 0.000454, 
trial0006153, SHVR, 11248, 14, 803.428571, 15.000000, 0.000004, 0.000896, ZIC, 9351, 26, 359.653846, 6.230769, 0.000039, 0.000467, 
trial0006154, SHVR, 8777, 14, 626.928571, 14.500000, 0.000034, 0.001028, ZIC, 12206, 26, 469.461538, 8.038462, 0.000052, 0.000370, 
trial0006155, SHVR, 8640, 14, 617.142857, 15.500000, 0.000020, 0.000796, ZIC, 11564, 26, 444.769231, 7.500000, 0.000037, 0.000432, 
trial0006156, SHVR, 4572, 14, 326.571429, 8.642857, 0.000026, 0.000522, ZIC, 15330, 26, 589.615385, 11.115385, 0.000030, 0.000525, 
trial0006157, SHVR, 7868, 14, 562.000000, 10.714286, 0.000036, 0.000660, ZIC, 13195, 26, 507.500000, 10.307692, 0.000054, 0.000433, 
trial0006158, SHVR, 7045, 14, 503.214286, 12.214286, 0.000020, 0.000369, ZIC, 13597, 26, 522.961538, 10.192308, 0.000031, 0.000612, 
trial0006159, SHVR, 10937, 14, 781.214286, 15.142857, 0.000049, 0.000776, ZIC, 9958, 26, 383.000000, 7.384615, 0.000046, 0.000429, 
trial0006160, SHVR, 2505, 14, 178.928571, 9.642857, 0.000027, 0.000443, ZIC, 17022, 26, 654.692308, 11.653846, 0.000047, 0.000561, 
trial0006161, SHVR, 9710, 14, 693.571429, 12.785714, 0.000034, 0.000849, ZIC, 11318, 26, 435.307692, 8.192308, 0.000057, 0.000416, 
trial0006162, SHVR, 3444, 14, 246.000000, 11.000000, 0.000089, 0.000626, ZIC, 16075, 26, 618.269231, 10.230769, 0.000046, 0.000522, 
trial0006163, SHVR, 5116, 14, 365.428571, 11.357143, 0.000024, 0.000755, ZIC, 15012, 26, 577.384615, 10.115385, 0.000063, 0.000472, 
trial0006164, SHVR, 7179, 14, 512.785714, 11.500000, 0.000062, 0.000693, ZIC, 13413, 26, 515.884615, 9.192308, 0.000073, 0.000542, 
trial0006165, SHVR, 9436, 14, 674.000000, 14.214286, 0.000047, 0.000906, ZIC, 11001, 26, 423.115385, 7.961538, 0.000055, 0.000367, 
trial0006166, SHVR, 6120, 14, 437.142857, 13.785714, 0.000024, 0.000585, ZIC, 13714, 26, 527.461538, 8.884615, 0.000051, 0.000456, 
trial0006167, SHVR, 7350, 14, 525.000000, 14.714286, 0.000078, 0.000540, ZIC, 12812, 26, 492.769231, 7.846154, 0.000062, 0.000350, 
trial0006168, SHVR, 6313, 14, 450.928571, 13.000000, 0.000101, 0.000718, ZIC, 13900, 26, 534.615385, 9.000000, 0.000043, 0.000426, 
trial0006169, SHVR, 5624, 14, 401.714286, 11.928571, 0.000045, 0.000546, ZIC, 14449, 26, 555.730769, 9.730769, 0.000052, 0.000511, 
trial0006170, SHVR, 5054, 14, 361.000000, 9.785714, 0.000004, 0.000489, ZIC, 14994, 26, 576.692308, 11.500000, 0.000061, 0.000564, 
trial0006171, SHVR, 4493, 14, 320.928571, 9.857143, 0.000028, 0.000819, ZIC, 15720, 26, 604.615385, 11.461538, 0.000069, 0.000573, 
trial0006172, SHVR, 7735, 14, 552.500000, 12.785714, 0.000031, 0.000477, ZIC, 13378, 26, 514.538462, 8.730769, 0.000065, 0.000531, 
trial0006173, SHVR, 2615, 14, 186.785714, 10.000000, 0.000030, 0.000818, ZIC, 16671, 26, 641.192308, 11.000000, 0.000079, 0.000567, 
trial0006174, SHVR, 11179, 14, 798.500000, 12.500000, 0.000048, 0.000679, ZIC, 9710, 26, 373.461538, 8.038462, 0.000069, 0.000399, 
trial0006175, SHVR, 10591, 14, 756.500000, 14.071429, 0.000076, 0.000779, ZIC, 9748, 26, 374.923077, 8.192308, 0.000065, 0.000489, 
trial0006176, SHVR, 11124, 14, 794.571429, 15.714286, 0.000020, 0.000654, ZIC, 9751, 26, 375.038462, 7.230769, 0.000066, 0.000347, 
trial0006177, SHVR, 9059, 14, 647.071429, 14.000000, 0.000030, 0.000707, ZIC, 11424, 26, 439.384615, 8.692308, 0.000052, 0.000420, 
trial0006178, SHVR, 6639, 14, 474.214286, 13.142857, 0.000058, 0.000676, ZIC, 13752, 26, 528.923077, 8.615385, 0.000042, 0.000372, 
trial0006179, SHVR, 8331, 14, 595.071429, 12.642857, 0.000053, 0.000821, ZIC, 11915, 26, 458.269231, 8.346154, 0.000066, 0.000410, 
trial0006180, SHVR, 5694, 14, 406.714286, 11.000000, 0.000036, 0.000541, ZIC, 14540, 26, 559.230769, 10.538462, 0.000060, 0.000465, 
trial0006181, SHVR, 10235, 14, 731.071429, 15.000000, 0.000035, 0.000698, ZIC, 10280, 26, 395.384615, 7.153846, 0.000063, 0.000480, 
trial0006182, SHVR, 5683, 14, 405.928571, 12.428571, 0.000018, 0.000958, ZIC, 14675, 26, 564.423077, 9.384615, 0.000051, 0.000485, 
trial0006183, SHVR, 7372, 14, 526.571429, 14.500000, 0.000004, 0.000721, ZIC, 12582, 26, 483.923077, 8.038462, 0.000080, 0.000355, 
trial0006184, SHVR, 6009, 14, 429.214286, 11.428571, 0.000036, 0.000527, ZIC, 14275, 26, 549.038462, 9.769231, 0.000037, 0.000531, 
trial0006185, SHVR, 7911, 14, 565.071429, 13.428571, 0.000117, 0.000477, ZIC, 11974, 26, 460.538462, 8.307692, 0.000037, 0.000543, 
trial0006186, SHVR, 7544, 14, 538.857143, 12.428571, 0.000017, 0.000420, ZIC, 12417, 26, 477.576923, 9.538462, 0.000047, 0.000491, 
trial0006187, SHVR, 9751, 14, 696.500000, 13.642857, 0.000051, 0.000534, ZIC, 10599, 26, 407.653846, 8.192308, 0.000040, 0.000471, 
trial0006188, SHVR, 10497, 14, 749.785714, 14.071429, 0.000079, 0.000698, ZIC, 9604, 26, 369.384615, 7.576923, 0.000035, 0.000404, 
trial0006189, SHVR, 8830, 14, 630.714286, 14.571429, 0.000059, 0.000578, ZIC, 11999, 26, 461.500000, 8.384615, 0.000058, 0.000451, 
trial0006190, SHVR, 7280, 14, 520.000000, 13.928571, 0.000056, 0.001006, ZIC, 12920, 26, 496.923077, 8.653846, 0.000033, 0.000433, 
trial0006191, SHVR, 9488, 14, 677.714286, 13.571429, 0.000037, 0.000548, ZIC, 10765, 26, 414.038462, 8.692308, 0.000054, 0.000363, 
trial0006192, SHVR, 10111, 14, 722.214286, 13.214286, 0.000019, 0.000618, ZIC, 10652, 26, 409.692308, 8.500000, 0.000055, 0.000563, 
trial0006193, SHVR, 10911, 14, 779.357143, 13.142857, 0.000049, 0.000592, ZIC, 9832, 26, 378.153846, 8.076923, 0.000039, 0.000413, 
trial0006194, SHVR, 9411, 14, 672.214286, 12.928571, 0.000036, 0.000816, ZIC, 10877, 26, 418.346154, 8.500000, 0.000045, 0.000386, 
trial0006195, SHVR, 7306, 14, 521.857143, 10.071429, 0.000025, 0.000439, ZIC, 12580, 26, 483.846154, 9.576923, 0.000021, 0.000460, 
trial0006196, SHVR, 4686, 14, 334.714286, 9.142857, 0.000024, 0.000347, ZIC, 15228, 26, 585.692308, 10.846154, 0.000068, 0.000408, 
trial0006197, SHVR, 8453, 14, 603.785714, 12.500000, 0.000004, 0.000615, ZIC, 11989, 26, 461.115385, 9.115385, 0.000055, 0.000451, 
trial0006198, SHVR, 5687, 14, 406.214286, 11.714286, 0.000028, 0.000391, ZIC, 14794, 26, 569.000000, 9.615385, 0.000035, 0.000383, 
trial0006199, SHVR, 9831, 14, 702.214286, 11.785714, 0.000004, 0.000059, ZIC, 10455, 26, 402.115385, 8.269231, 0.000005, 0.000043, 
trial0006200, SHVR, 9158, 14, 654.142857, 11.071429, 0.000004, 0.000049, ZIC, 11870, 26, 456.538462, 9.653846, 0.000005, 0.000049, 
trial0006201, SHVR, 5195, 14, 371.071429, 11.142857, 0.000004, 0.000055, ZIC, 9184, 26, 353.230769, 9.153846, 0.000005, 0.000042, 
trial0006202, SHVR, 5221, 14, 372.928571, 12.714286, 0.000004, 0.000070, ZIC, 9051, 26, 348.115385, 9.076923, 0.000008, 0.000066, 
trial0006203, SHVR, 5009, 14, 357.785714, 14.785714, 0.000004, 0.000078, ZIC, 9502, 26, 365.461538, 9.192308, 0.000006, 0.000065, 
trial0006204, SHVR, 8787, 14, 627.642857, 16.714286, 0.000008, 0.000166, ZIC, 5817, 26, 223.730769, 6.923077, 0.000014, 0.000084, 
trial0006205, SHVR, 4955, 14, 353.928571, 12.142857, 0.000024, 0.000337, ZIC, 9425, 26, 362.500000, 9.461538, 0.000025, 0.000215, 
trial0006206, SHVR, 9652, 14, 689.428571, 16.142857, 0.000070, 0.000985, ZIC, 5534, 26, 212.846154, 5.846154, 0.000052, 0.000310, 
trial0006207, SHVR, 5700, 14, 407.142857, 13.357143, 0.000052, 0.000652, ZIC, 8817, 26, 339.115385, 8.500000, 0.000071, 0.000445, 
trial0006208, SHVR, 4880, 14, 348.571429, 12.142857, 0.000020, 0.000661, ZIC, 9804, 26, 377.076923, 10.076923, 0.000042, 0.000363, 
trial0006209, SHVR, 7154, 14, 511.000000, 15.928571, 0.000044, 0.000595, ZIC, 7565, 26, 290.961538, 7.423077, 0.000062, 0.000341, 
trial0006210, SHVR, 5619, 14, 401.357143, 11.857143, 0.000033, 0.000747, ZIC, 8938, 26, 343.769231, 9.307692, 0.000071, 0.000365, 
trial0006211, SHVR, 6608, 14, 472.000000, 14.142857, 0.000061, 0.000727, ZIC, 7210, 26, 277.307692, 7.923077, 0.000095, 0.000366, 
trial0006212, SHVR, 5795, 14, 413.928571, 15.142857, 0.000082, 0.000658, ZIC, 9218, 26, 354.538462, 8.538462, 0.000070, 0.000445, 
trial0006213, SHVR, 3507, 14, 250.500000, 12.000000, 0.000015, 0.000575, ZIC, 10392, 26, 399.692308, 9.615385, 0.000055, 0.000428, 
trial0006214, SHVR, 5459, 14, 389.928571, 14.642857, 0.000031, 0.000717, ZIC, 8893, 26, 342.038462, 8.192308, 0.000078, 0.000338, 
trial0006215, SHVR, 9003, 14, 643.071429, 15.571429, 0.000055, 0.000809, ZIC, 5682, 26, 218.538462, 6.846154, 0.000066, 0.000322, 
trial0006216, SHVR, 5035, 14, 359.642857, 11.785714, 0.000067, 0.000607, ZIC, 9504, 26, 365.538462, 9.884615, 0.000080, 0.000384, 
trial0006217, SHVR, 4926, 14, 351.857143, 13.500000, 0.000030, 0.000637, ZIC, 9196, 26, 353.692308, 9.115385, 0.000064, 0.000384, 
trial0006218, SHVR, 5232, 14, 373.714286, 13.142857, 0.000074, 0.000740, ZIC, 9316, 26, 358.307692, 8.384615, 0.000047, 0.000421, 
trial0006219, SHVR, 5791, 14, 413.642857, 13.071429, 0.000042, 0.000661, ZIC, 8898, 26, 342.230769, 9.038462, 0.000080, 0.000442, 
trial0006220, SHVR, 6617, 14, 472.642857, 14.571429, 0.000024, 0.000698, ZIC, 7639, 26, 293.807692, 7.846154, 0.000060, 0.000397, 
trial0006221, SHVR, 3655, 14, 261.071429, 12.857143, 0.000065, 0.000584, ZIC, 9789, 26, 376.500000, 9.230769, 0.000084, 0.000360, 
trial0006222, SHVR, 6287, 14, 449.071429, 15.500000, 0.000018, 0.000825, ZIC, 8160, 26, 313.846154, 8.115385, 0.000056, 0.000321, 
trial0006223, SHVR, 7202, 14, 514.428571, 13.071429, 0.000085, 0.000941, ZIC, 6688, 26, 257.230769, 7.653846, 0.000046, 0.000338, 
trial0006224, SHVR, 3556, 14, 254.000000, 13.571429, 0.000020, 0.000619, ZIC, 10631, 26, 408.884615, 9.846154, 0.000078, 0.000398, 
trial0006225, SHVR, 4924, 14, 351.714286, 13.714286, 0.000055, 0.000671, ZIC, 9366, 26, 360.230769, 9.538462, 0.000035, 0.000411, 
trial0006226, SHVR, 7109, 14, 507.785714, 14.714286, 0.000033, 0.000784, ZIC, 8047, 26, 309.500000, 8.076923, 0.000067, 0.000328, 
trial0006227, SHVR, 5960, 14, 425.714286, 12.214286, 0.000009, 0.000538, ZIC, 8371, 26, 321.961538, 8.807692, 0.000075, 0.000372, 
trial0006228, SHVR, 5189, 14, 370.642857, 15.071429, 0.000075, 0.000718, ZIC, 9249, 26, 355.730769, 8.269231, 0.000040, 0.000341, 
trial0006229, SHVR, 4278, 14, 305.571429, 13.000000, 0.000063, 0.000599, ZIC, 9417, 26, 362.192308, 9.076923, 0.000069, 0.000477, 
trial0006230, SHVR, 9732, 14, 695.142857, 17.714286, 0.000034, 0.000969, ZIC, 5034, 26, 193.615385, 5.615385, 0.000050, 0.000265, 
trial0006231, SHVR, 7587, 14, 541.928571, 14.142857, 0.000032, 0.000770, ZIC, 7426, 26, 285.615385, 8.538462, 0.000064, 0.000381, 
trial0006232, SHVR, 4496, 14, 321.142857, 12.857143, 0.000026, 0.000534, ZIC, 9733, 26, 374.346154, 9.692308, 0.000090, 0.000399, 
trial0006233, SHVR, 4714, 14, 336.714286, 13.428571, 0.000014, 0.000697, ZIC, 9506, 26, 365.615385, 9.461538, 0.000046, 0.000330, 
trial0006234, SHVR, 5048, 14, 360.571429, 14.500000, 0.000060, 0.000799, ZIC, 8619, 26, 331.500000, 8.653846, 0.000042, 0.000312, 
trial0006235, SHVR, 6643, 14, 474.500000, 12.857143, 0.000014, 0.000547, ZIC, 7890, 26, 303.461538, 8.846154, 0.000056, 0.000362, 
trial0006236, SHVR, 4914, 14, 351.000000, 14.428571, 0.000027, 0.000823, ZIC, 9175, 26, 352.884615, 9.076923, 0.000065, 0.000353, 
trial0006237, SHVR, 4517, 14, 322.642857, 12.285714, 0.000036, 0.000554, ZIC, 9690, 26, 372.692308, 9.538462, 0.000023, 0.000346, 
trial0006238, SHVR, 5018, 14, 358.428571, 15.214286, 0.000014, 0.000806, ZIC, 9464, 26, 364.000000, 8.576923, 0.000068, 0.000426, 
trial0006239, SHVR, 6973, 14, 498.071429, 14.500000, 0.000061, 0.000615, ZIC, 7107, 26, 273.346154, 7.807692, 0.000050, 0.000311, 
trial0006240, SHVR, 4464, 14, 318.857143, 12.642857, 0.000056, 0.000625, ZIC, 9727, 26, 374.115385, 9.730769, 0.000026, 0.000421, 
trial0006241, SHVR, 6266, 14, 447.571429, 14.428571, 0.000097, 0.000840, ZIC, 8151, 26, 313.500000, 8.230769, 0.000075, 0.000380, 
trial0006242, SHVR, 6814, 14, 486.714286, 11.857143, 0.000022, 0.000537, ZIC, 7529, 26, 289.576923, 8.923077, 0.000094, 0.000385, 
trial0006243, SHVR, 6757, 14, 482.642857, 13.357143, 0.000046, 0.000626, ZIC, 7871, 26, 302.730769, 8.115385, 0.000052, 0.000276, 
trial0006244, SHVR, 5489, 14, 392.071429, 14.500000, 0.000038, 0.000573, ZIC, 9169, 26, 352.653846, 8.884615, 0.000072, 0.000418, 
trial0006245, SHVR, 4282, 14, 305.857143, 15.285714, 0.000049, 0.000681, ZIC, 9776, 26, 376.000000, 8.692308, 0.000055, 0.000434, 
trial0006246, SHVR, 4377, 14, 312.642857, 14.571429, 0.000073, 0.000784, ZIC, 9374, 26, 360.538462, 9.153846, 0.000047, 0.000385, 
trial0006247, SHVR, 4762, 14, 340.142857, 11.142857, 0.000086, 0.000650, ZIC, 9145, 26, 351.730769, 10.307692, 0.000073, 0.000435, 
trial0006248, SHVR, 4987, 14, 356.214286, 13.785714, 0.000044, 0.000539, ZIC, 9007, 26, 346.423077, 8.423077, 0.000026, 0.000487, 
trial0006249, SHVR, 7871, 14, 562.214286, 15.142857, 0.000037, 0.000785, ZIC, 7125, 26, 274.038462, 7.615385, 0.000049, 0.000364, 
trial0006250, SHVR, 4045, 14, 288.928571, 11.785714, 0.000029, 0.000710, ZIC, 10352, 26, 398.153846, 10.346154, 0.000051, 0.000341, 
trial0006251, SHVR, 5169, 14, 369.214286, 14.642857, 0.000018, 0.000776, ZIC, 9199, 26, 353.807692, 8.500000, 0.000044, 0.000407, 
trial0006252, SHVR, 4861, 14, 347.214286, 12.285714, 0.000061, 0.000632, ZIC, 9354, 26, 359.769231, 9.153846, 0.000029, 0.000368, 
trial0006253, SHVR, 4358, 14, 311.285714, 12.928571, 0.000068, 0.000716, ZIC, 9806, 26, 377.153846, 8.730769, 0.000038, 0.000433, 
trial0006254, SHVR, 5345, 14, 381.785714, 12.642857, 0.000026, 0.000535, ZIC, 9128, 26, 351.076923, 9.038462, 0.000052, 0.000447, 
trial0006255, SHVR, 4549, 14, 324.928571, 11.500000, 0.000021, 0.000766, ZIC, 9449, 26, 363.423077, 9.269231, 0.000035, 0.000452, 
trial0006256, SHVR, 5499, 14, 392.785714, 10.857143, 0.000060, 0.000887, ZIC, 8557, 26, 329.115385, 9.923077, 0.000034, 0.000389, 
trial0006257, SHVR, 5944, 14, 424.571429, 14.571429, 0.000050, 0.000737, ZIC, 7970, 26, 306.538462, 7.692308, 0.000049, 0.000359, 
trial0006258, SHVR, 5842, 14, 417.285714, 12.428571, 0.000050, 0.000557, ZIC, 8023, 26, 308.576923, 9.076923, 0.000037, 0.000448, 
trial0006259, SHVR, 4368, 14, 312.000000, 14.000000, 0.000038, 0.000664, ZIC, 10155, 26, 390.576923, 9.230769, 0.000058, 0.000303, 
trial0006260, SHVR, 5583, 14, 398.785714, 12.571429, 0.000054, 0.000641, ZIC, 8973, 26, 345.115385, 8.230769, 0.000044, 0.000400, 
trial0006261, SHVR, 4799, 14, 342.785714, 13.142857, 0.000046, 0.000454, ZIC, 9994, 26, 384.384615, 9.153846, 0.000054, 0.000312, 
trial0006262, SHVR, 5125, 14, 366.071429, 14.285714, 0.000004, 0.000060, ZIC, 9042, 26, 347.769231, 8.769231, 0.000005, 0.000039, 
trial0006263, SHVR, 5675, 14, 405.357143, 12.928571, 0.000004, 0.000061, ZIC, 8480, 26, 326.153846, 8.346154, 0.000005, 0.000041, 
trial0006264, SHVR, 6594, 14, 471.000000, 15.285714, 0.000004, 0.000073, ZIC, 7668, 26, 294.923077, 7.384615, 0.000005, 0.000037, 
trial0006265, SHVR, 7222, 14, 515.857143, 14.500000, 0.000005, 0.000098, ZIC, 7527, 26, 289.500000, 8.346154, 0.000009, 0.000052, 
trial0006266, SHVR, 4753, 14, 339.500000, 15.000000, 0.000005, 0.000074, ZIC, 10075, 26, 387.500000, 9.307692, 0.000007, 0.000069, 
trial0006267, SHVR, 4898, 14, 349.857143, 12.071429, 0.000006, 0.000124, ZIC, 9145, 26, 351.730769, 9.038462, 0.000011, 0.000069, 
trial0006268, SHVR, 4731, 14, 337.928571, 14.428571, 0.000010, 0.000255, ZIC, 9707, 26, 373.346154, 8.461538, 0.000015, 0.000177, 
trial0006269, SHVR, 5115, 14, 365.357143, 15.000000, 0.000036, 0.000808, ZIC, 9325, 26, 358.653846, 9.076923, 0.000037, 0.000365, 
trial0006270, SHVR, 4099, 14, 292.785714, 11.714286, 0.000024, 0.000569, ZIC, 9771, 26, 375.807692, 10.384615, 0.000060, 0.000413, 
trial0006271, SHVR, 3079, 14, 219.928571, 12.714286, 0.000029, 0.000552, ZIC, 11044, 26, 424.769231, 10.000000, 0.000060, 0.000368, 
trial0006272, SHVR, 5660, 14, 404.285714, 12.928571, 0.000097, 0.000576, ZIC, 8731, 26, 335.807692, 9.192308, 0.000039, 0.000381, 
trial0006273, SHVR, 6206, 14, 443.285714, 12.571429, 0.000038, 0.001110, ZIC, 8086, 26, 311.000000, 8.692308, 0.000070, 0.000383, 
trial0006274, SHVR, 5778, 14, 412.714286, 11.785714, 0.000064, 0.000578, ZIC, 8277, 26, 318.346154, 8.423077, 0.000078, 0.000338, 
trial0006275, SHVR, 4336, 14, 309.714286, 13.500000, 0.000045, 0.000623, ZIC, 9710, 26, 373.461538, 8.884615, 0.000076, 0.000333, 
trial0006276, SHVR, 5133, 14, 366.642857, 12.928571, 0.000076, 0.000617, ZIC, 9363, 26, 360.115385, 9.807692, 0.000064, 0.000480, 
trial0006277, SHVR, 5507, 14, 393.357143, 15.857143, 0.000004, 0.000803, ZIC, 8385, 26, 322.500000, 7.615385, 0.000047, 0.000270, 
trial0006278, SHVR, 7110, 14, 507.857143, 12.928571, 0.000042, 0.000748, ZIC, 7102, 26, 273.153846, 7.576923, 0.000048, 0.000460, 
trial0006279, SHVR, 4468, 14, 319.142857, 12.857143, 0.000046, 0.000480, ZIC, 9520, 26, 366.153846, 9.384615, 0.000075, 0.000393, 
trial0006280, SHVR, 5353, 14, 382.357143, 11.500000, 0.000032, 0.000673, ZIC, 8934, 26, 343.615385, 9.884615, 0.000065, 0.000379, 
trial0006281, SHVR, 4689, 14, 334.928571, 13.428571, 0.000035, 0.000475, ZIC, 9864, 26, 379.384615, 9.307692, 0.000043, 0.000440, 
trial0006282, SHVR, 4826, 14, 344.714286, 13.642857, 0.000061, 0.000554, ZIC, 9607, 26, 369.500000, 8.653846, 0.000028, 0.000416, 
trial0006283, SHVR, 5672, 14, 405.142857, 12.428571, 0.000023, 0.000418, ZIC, 9049, 26, 348.038462, 9.307692, 0.000041, 0.000406, 
trial0006284, SHVR, 4313, 14, 308.071429, 13.071429, 0.000038, 0.000659, ZIC, 10197, 26, 392.192308, 9.115385, 0.000046, 0.000363, 
trial0006285, SHVR, 4820, 14, 344.285714, 12.428571, 0.000045, 0.000550, ZIC, 8867, 26, 341.038462, 8.769231, 0.000058, 0.000416, 
trial0006286, SHVR, 3776, 14, 269.714286, 12.642857, 0.000061, 0.000821, ZIC, 10242, 26, 393.923077, 9.730769, 0.000045, 0.000357, 
trial0006287, SHVR, 5291, 14, 377.928571, 12.571429, 0.000021, 0.000512, ZIC, 8882, 26, 341.615385, 9.461538, 0.000068, 0.000342, 
trial0006288, SHVR, 7907, 14, 564.785714, 14.785714, 0.000026, 0.000661, ZIC, 6676, 26, 256.769231, 7.192308, 0.000070, 0.000332, 
trial0006289, SHVR, 4569, 14, 326.357143, 16.071429, 0.000103, 0.000685, ZIC, 10070, 26, 387.307692, 8.346154, 0.000080, 0.000337, 
trial0006290, SHVR, 7146, 14, 510.428571, 16.142857, 0.000086, 0.000826, ZIC, 7686, 26, 295.615385, 8.000000, 0.000054, 0.000302, 
trial0006291, SHVR, 6988, 14, 499.142857, 16.000000, 0.000024, 0.000672, ZIC, 7892, 26, 303.538462, 8.307692, 0.000057, 0.000435, 
trial0006292, SHVR, 6974, 14, 498.142857, 13.357143, 0.000023, 0.000833, ZIC, 7794, 26, 299.769231, 8.423077, 0.000066, 0.000366, 
trial0006293, SHVR, 5088, 14, 363.428571, 13.071429, 0.000042, 0.000661, ZIC, 9365, 26, 360.192308, 9.192308, 0.000034, 0.000510, 
trial0006294, SHVR, 7963, 14, 568.785714, 13.785714, 0.000048, 0.000860, ZIC, 6717, 26, 258.346154, 7.500000, 0.000054, 0.000276, 
trial0006295, SHVR, 6935, 14, 495.357143, 14.500000, 0.000063, 0.000791, ZIC, 7732, 26, 297.384615, 7.961538, 0.000062, 0.000326, 
trial0006296, SHVR, 6901, 14, 492.928571, 12.642857, 0.000044, 0.000665, ZIC, 7369, 26, 283.423077, 7.961538, 0.000076, 0.000333, 
trial0006297, SHVR, 4578, 14, 327.000000, 14.785714, 0.000063, 0.000950, ZIC, 9782, 26, 376.230769, 9.038462, 0.000051, 0.000357, 
trial0006298, SHVR, 5727, 14, 409.071429, 15.857143, 0.000043, 0.001016, ZIC, 8944, 26, 344.000000, 7.846154, 0.000060, 0.000376, 
trial0006299, SHVR, 6576, 14, 469.714286, 14.571429, 0.000014, 0.000714, ZIC, 7663, 26, 294.730769, 7.615385, 0.000032, 0.000403, 
trial0006300, SHVR, 4919, 14, 351.357143, 14.500000, 0.000035, 0.000637, ZIC, 9281, 26, 356.961538, 8.269231, 0.000056, 0.000370, 
trial0006301, SHVR, 8567, 14, 611.928571, 15.928571, 0.000050, 0.000796, ZIC, 8026, 26, 308.692308, 7.346154, 0.000060, 0.000429, 
trial0006302, SHVR, 7857, 14, 561.214286, 16.214286, 0.000004, 0.000678, ZIC, 8845, 26, 340.192308, 6.961538, 0.000059, 0.000388, 
trial0006303, SHVR, 4099, 14, 292.785714, 11.285714, 0.000031, 0.000600, ZIC, 11439, 26, 439.961538, 10.000000, 0.000048, 0.000364, 
trial0006304, SHVR, 7634, 14, 545.285714, 14.571429, 0.000024, 0.000720, ZIC, 9649, 26, 371.115385, 8.384615, 0.000054, 0.000388, 
trial0006305, SHVR, 7203, 14, 514.500000, 16.000000, 0.000004, 0.000705, ZIC, 9041, 26, 347.730769, 7.307692, 0.000081, 0.000402, 
trial0006306, SHVR, 5422, 14, 387.285714, 12.000000, 0.000014, 0.000697, ZIC, 11082, 26, 426.230769, 9.461538, 0.000057, 0.000413, 
trial0006307, SHVR, 5396, 14, 385.428571, 12.571429, 0.000029, 0.000586, ZIC, 11121, 26, 427.730769, 10.000000, 0.000052, 0.000556, 
trial0006308, SHVR, 3046, 14, 217.571429, 13.142857, 0.000055, 0.000557, ZIC, 12533, 26, 482.038462, 9.153846, 0.000048, 0.000559, 
trial0006309, SHVR, 5419, 14, 387.071429, 13.285714, 0.000069, 0.000599, ZIC, 10488, 26, 403.384615, 8.846154, 0.000058, 0.000430, 
trial0006310, SHVR, 7414, 14, 529.571429, 13.214286, 0.000036, 0.000545, ZIC, 8802, 26, 338.538462, 8.423077, 0.000051, 0.000408, 
trial0006311, SHVR, 7079, 14, 505.642857, 12.714286, 0.000031, 0.000633, ZIC, 9059, 26, 348.423077, 8.538462, 0.000044, 0.000394, 
trial0006312, SHVR, 6531, 14, 466.500000, 14.500000, 0.000062, 0.000758, ZIC, 9593, 26, 368.961538, 7.961538, 0.000066, 0.000401, 
trial0006313, SHVR, 5244, 14, 374.571429, 13.857143, 0.000029, 0.000585, ZIC, 10925, 26, 420.192308, 9.538462, 0.000038, 0.000433, 
trial0006314, SHVR, 7117, 14, 508.357143, 14.428571, 0.000108, 0.000809, ZIC, 9234, 26, 355.153846, 8.076923, 0.000034, 0.000386, 
trial0006315, SHVR, 6694, 14, 478.142857, 12.357143, 0.000058, 0.000454, ZIC, 8843, 26, 340.115385, 8.807692, 0.000063, 0.000381, 
trial0006316, SHVR, 6431, 14, 459.357143, 14.285714, 0.000016, 0.000662, ZIC, 9220, 26, 354.615385, 7.692308, 0.000051, 0.000323, 
trial0006317, SHVR, 6446, 14, 460.428571, 11.357143, 0.000004, 0.000531, ZIC, 9395, 26, 361.346154, 9.192308, 0.000078, 0.000620, 
trial0006318, SHVR, 7285, 14, 520.357143, 14.000000, 0.000057, 0.000624, ZIC, 9402, 26, 361.615385, 8.923077, 0.000045, 0.000364, 
trial0006319, SHVR, 3745, 14, 267.500000, 11.071429, 0.000030, 0.000547, ZIC, 12293, 26, 472.807692, 10.500000, 0.000030, 0.000450, 
trial0006320, SHVR, 7217, 14, 515.500000, 14.214286, 0.000090, 0.000771, ZIC, 9079, 26, 349.192308, 7.884615, 0.000047, 0.000350, 
trial0006321, SHVR, 6661, 14, 475.785714, 13.500000, 0.000035, 0.000640, ZIC, 10376, 26, 399.076923, 8.500000, 0.000050, 0.000439, 
trial0006322, SHVR, 8515, 14, 608.214286, 15.071429, 0.000044, 0.001107, ZIC, 8103, 26, 311.653846, 7.038462, 0.000031, 0.000320, 
trial0006323, SHVR, 7304, 14, 521.714286, 14.500000, 0.000061, 0.000902, ZIC, 8790, 26, 338.076923, 8.346154, 0.000070, 0.000377, 
trial0006324, SHVR, 4685, 14, 334.642857, 11.071429, 0.000026, 0.000421, ZIC, 11525, 26, 443.269231, 9.807692, 0.000047, 0.000377, 
trial0006325, SHVR, 8269, 14, 590.642857, 15.285714, 0.000004, 0.000071, ZIC, 8255, 26, 317.500000, 7.384615, 0.000005, 0.000034, 
trial0006326, SHVR, 5463, 14, 390.214286, 13.714286, 0.000004, 0.000061, ZIC, 10298, 26, 396.076923, 9.000000, 0.000005, 0.000037, 
trial0006327, SHVR, 6634, 14, 473.857143, 12.214286, 0.000004, 0.000054, ZIC, 9400, 26, 361.538462, 9.346154, 0.000005, 0.000042, 
trial0006328, SHVR, 6403, 14, 457.357143, 13.500000, 0.000006, 0.000094, ZIC, 10157, 26, 390.653846, 8.807692, 0.000009, 0.000052, 
trial0006329, SHVR, 7135, 14, 509.642857, 14.500000, 0.000012, 0.000082, ZIC, 8945, 26, 344.038462, 7.730769, 0.000008, 0.000056, 
trial0006330, SHVR, 4874, 14, 348.142857, 13.000000, 0.000014, 0.000093, ZIC, 11739, 26, 451.500000, 9.000000, 0.000010, 0.000079, 
trial0006331, SHVR, 4194, 14, 299.571429, 11.642857, 0.000006, 0.000293, ZIC, 11807, 26, 454.115385, 10.346154, 0.000020, 0.000167, 
trial0006332, SHVR, 7467, 14, 533.357143, 14.642857, 0.000059, 0.000793, ZIC, 8915, 26, 342.884615, 8.346154, 0.000049, 0.000315, 
trial0006333, SHVR, 5934, 14, 423.857143, 12.642857, 0.000053, 0.000643, ZIC, 10448, 26, 401.846154, 9.423077, 0.000062, 0.000362, 
trial0006334, SHVR, 5702, 14, 407.285714, 11.214286, 0.000063, 0.000586, ZIC, 10412, 26, 400.461538, 9.807692, 0.000073, 0.000473, 
trial0006335, SHVR, 7244, 14, 517.428571, 13.142857, 0.000072, 0.000669, ZIC, 8922, 26, 343.153846, 8.769231, 0.000070, 0.000466, 
trial0006336, SHVR, 5072, 14, 362.285714, 11.428571, 0.000054, 0.000342, ZIC, 11415, 26, 439.038462, 9.923077, 0.000073, 0.000539, 
trial0006337, SHVR, 7646, 14, 546.142857, 12.714286, 0.000048, 0.000760, ZIC, 8454, 26, 325.153846, 9.076923, 0.000029, 0.000411, 
trial0006338, SHVR, 5041, 14, 360.071429, 12.642857, 0.000044, 0.000868, ZIC, 11235, 26, 432.115385, 9.269231, 0.000028, 0.000489, 
trial0006339, SHVR, 4996, 14, 356.857143, 9.642857, 0.000056, 0.000609, ZIC, 10584, 26, 407.076923, 10.115385, 0.000029, 0.000399, 
trial0006340, SHVR, 8308, 14, 593.428571, 15.285714, 0.000085, 0.000680, ZIC, 8089, 26, 311.115385, 7.307692, 0.000066, 0.000482, 
trial0006341, SHVR, 7544, 14, 538.857143, 15.714286, 0.000038, 0.000709, ZIC, 8558, 26, 329.153846, 7.076923, 0.000103, 0.000333, 
trial0006342, SHVR, 8076, 14, 576.857143, 11.857143, 0.000024, 0.000582, ZIC, 8147, 26, 313.346154, 8.692308, 0.000081, 0.000465, 
trial0006343, SHVR, 7741, 14, 552.928571, 14.642857, 0.000073, 0.000701, ZIC, 8133, 26, 312.807692, 7.500000, 0.000084, 0.000341, 
trial0006344, SHVR, 3990, 14, 285.000000, 11.428571, 0.000015, 0.000589, ZIC, 12015, 26, 462.115385, 10.000000, 0.000054, 0.000459, 
trial0006345, SHVR, 4338, 14, 309.857143, 13.714286, 0.000043, 0.000767, ZIC, 12046, 26, 463.307692, 9.384615, 0.000051, 0.000518, 
trial0006346, SHVR, 6905, 14, 493.214286, 14.000000, 0.000024, 0.000789, ZIC, 8852, 26, 340.461538, 8.307692, 0.000031, 0.000438, 
trial0006347, SHVR, 7617, 14, 544.071429, 14.071429, 0.000012, 0.000813, ZIC, 8557, 26, 329.115385, 8.500000, 0.000080, 0.000362, 
trial0006348, SHVR, 5569, 14, 397.785714, 11.571429, 0.000043, 0.000651, ZIC, 10169, 26, 391.115385, 9.000000, 0.000048, 0.000402, 
trial0006349, SHVR, 4499, 14, 321.357143, 13.142857, 0.000076, 0.000582, ZIC, 11598, 26, 446.076923, 9.846154, 0.000103, 0.000501, 
trial0006350, SHVR, 5336, 14, 381.142857, 13.357143, 0.000021, 0.000768, ZIC, 10945, 26, 420.961538, 9.269231, 0.000066, 0.000389, 
trial0006351, SHVR, 5108, 14, 364.857143, 12.428571, 0.000010, 0.000671, ZIC, 11171, 26, 429.653846, 9.692308, 0.000068, 0.000418, 
trial0006352, SHVR, 7591, 14, 542.214286, 15.071429, 0.000057, 0.000890, ZIC, 8999, 26, 346.115385, 7.653846, 0.000068, 0.000359, 
trial0006353, SHVR, 7057, 14, 504.071429, 12.000000, 0.000014, 0.000455, ZIC, 8914, 26, 342.846154, 8.769231, 0.000057, 0.000381, 
trial0006354, SHVR, 5884, 14, 420.285714, 10.928571, 0.000033, 0.000492, ZIC, 10231, 26, 393.500000, 9.192308, 0.000049, 0.000500, 
trial0006355, SHVR, 4052, 14, 289.428571, 13.285714, 0.000021, 0.000759, ZIC, 12317, 26, 473.730769, 9.692308, 0.000060, 0.000450, 
trial0006356, SHVR, 7012, 14, 500.857143, 13.000000, 0.000032, 0.000843, ZIC, 9324, 26, 358.615385, 9.000000, 0.000069, 0.000436, 
trial0006357, SHVR, 5110, 14, 365.000000, 14.857143, 0.000034, 0.000600, ZIC, 11031, 26, 424.269231, 8.923077, 0.000047, 0.000375, 
trial0006358, SHVR, 6669, 14, 476.357143, 15.571429, 0.000034, 0.000792, ZIC, 9719, 26, 373.807692, 7.769231, 0.000053, 0.000391, 
trial0006359, SHVR, 5164, 14, 368.857143, 12.285714, 0.000022, 0.000723, ZIC, 10757, 26, 413.730769, 9.538462, 0.000038, 0.000480, 
trial0006360, SHVR, 7160, 14, 511.428571, 12.714286, 0.000018, 0.000756, ZIC, 8835, 26, 339.807692, 8.384615, 0.000071, 0.000359, 
trial0006361, SHVR, 4668, 14, 333.428571, 13.142857, 0.000022, 0.000673, ZIC, 11229, 26, 431.884615, 8.692308, 0.000061, 0.000375, 
trial0006362, SHVR, 4712, 14, 336.571429, 10.857143, 0.000042, 0.000608, ZIC, 10780, 26, 414.615385, 10.538462, 0.000041, 0.000431, 
trial0006363, SHVR, 7710, 14, 550.714286, 14.142857, 0.000004, 0.000610, ZIC, 8432, 26, 324.307692, 7.230769, 0.000056, 0.000456, 
trial0006364, SHVR, 6431, 14, 459.357143, 12.214286, 0.000059, 0.000526, ZIC, 10197, 26, 392.192308, 8.961538, 0.000068, 0.000505, 
trial0006365, SHVR, 3719, 14, 265.642857, 10.857143, 0.000044, 0.000511, ZIC, 11966, 26, 460.230769, 10.000000, 0.000048, 0.000485, 
trial0006366, SHVR, 6833, 14, 488.071429, 12.071429, 0.000024, 0.000635, ZIC, 9465, 26, 364.038462, 9.038462, 0.000063, 0.000393, 
trial0006367, SHVR, 2411, 14, 172.214286, 9.357143, 0.000029, 0.000593, ZIC, 13194, 26, 507.461538, 10.576923, 0.000046, 0.000510, 
trial0006368, SHVR, 4311, 14, 307.928571, 12.214286, 0.000020, 0.000551, ZIC, 11751, 26, 451.961538, 9.730769, 0.000033, 0.000480, 
trial0006369, SHVR, 6922, 14, 494.428571, 14.928571, 0.000093, 0.000646, ZIC, 9845, 26, 378.653846, 8.192308, 0.000031, 0.000386, 
trial0006370, SHVR, 3877, 14, 276.928571, 9.642857, 0.000047, 0.000506, ZIC, 11390, 26, 438.076923, 11.192308, 0.000049, 0.000516, 
trial0006371, SHVR, 4358, 14, 311.285714, 13.000000, 0.000031, 0.000808, ZIC, 11122, 26, 427.769231, 8.846154, 0.000074, 0.000352, 
trial0006372, SHVR, 3358, 14, 239.857143, 12.785714, 0.000052, 0.000658, ZIC, 12638, 26, 486.076923, 10.269231, 0.000059, 0.000393, 
trial0006373, SHVR, 4164, 14, 297.428571, 10.571429, 0.000039, 0.000558, ZIC, 11294, 26, 434.384615, 10.384615, 0.000050, 0.000455, 
trial0006374, SHVR, 4193, 14, 299.500000, 13.142857, 0.000047, 0.000599, ZIC, 11949, 26, 459.576923, 9.846154, 0.000058, 0.000364, 
trial0006375, SHVR, 6266, 14, 447.571429, 11.428571, 0.000043, 0.000449, ZIC, 9946, 26, 382.538462, 10.076923, 0.000071, 0.000537, 
trial0006376, SHVR, 7112, 14, 508.000000, 10.500000, 0.000042, 0.000511, ZIC, 8722, 26, 335.461538, 8.807692, 0.000081, 0.000572, 
trial0006377, SHVR, 6931, 14, 495.071429, 14.357143, 0.000026, 0.000611, ZIC, 8807, 26, 338.730769, 7.653846, 0.000047, 0.000274, 
trial0006378, SHVR, 7395, 14, 528.214286, 13.857143, 0.000033, 0.000706, ZIC, 9407, 26, 361.807692, 8.692308, 0.000063, 0.000314, 
trial0006379, SHVR, 6384, 14, 456.000000, 12.357143, 0.000044, 0.000790, ZIC, 9808, 26, 377.230769, 9.576923, 0.000047, 0.000542, 
trial0006380, SHVR, 6481, 14, 462.928571, 14.642857, 0.000013, 0.000681, ZIC, 10090, 26, 388.076923, 8.730769, 0.000041, 0.000459, 
trial0006381, SHVR, 9032, 14, 645.142857, 11.571429, 0.000018, 0.001025, ZIC, 7606, 26, 292.538462, 7.923077, 0.000029, 0.000472, 
trial0006382, SHVR, 7367, 14, 526.214286, 13.428571, 0.000037, 0.000801, ZIC, 8971, 26, 345.038462, 8.076923, 0.000048, 0.000418, 
trial0006383, SHVR, 5193, 14, 370.928571, 11.000000, 0.000029, 0.000603, ZIC, 10434, 26, 401.307692, 10.076923, 0.000061, 0.000385, 
trial0006384, SHVR, 5598, 14, 399.857143, 11.928571, 0.000041, 0.000682, ZIC, 10867, 26, 417.961538, 10.192308, 0.000071, 0.000340, 
trial0006385, SHVR, 4136, 14, 295.428571, 10.142857, 0.000051, 0.000359, ZIC, 11217, 26, 431.423077, 9.538462, 0.000078, 0.000359, 
trial0006386, SHVR, 3424, 14, 244.571429, 13.285714, 0.000028, 0.000529, ZIC, 12928, 26, 497.230769, 9.461538, 0.000086, 0.000302, 
trial0006387, SHVR, 5949, 14, 424.928571, 11.500000, 0.000025, 0.000456, ZIC, 9901, 26, 380.807692, 9.884615, 0.000042, 0.000440, 
trial0006388, SHVR, 5651, 14, 403.642857, 14.214286, 0.000004, 0.000070, ZIC, 10394, 26, 399.769231, 8.807692, 0.000005, 0.000056, 
trial0006389, SHVR, 4118, 14, 294.142857, 12.500000, 0.000004, 0.000052, ZIC, 11934, 26, 459.000000, 9.961538, 0.000005, 0.000045, 
trial0006390, SHVR, 4687, 14, 334.785714, 11.142857, 0.000004, 0.000051, ZIC, 11725, 26, 450.961538, 10.153846, 0.000005, 0.000044, 
trial0006391, SHVR, 6445, 14, 460.357143, 13.214286, 0.000004, 0.000080, ZIC, 9685, 26, 372.500000, 9.115385, 0.000005, 0.000053, 
trial0006392, SHVR, 7458, 14, 532.714286, 15.714286, 0.000004, 0.000095, ZIC, 8149, 26, 313.423077, 7.230769, 0.000007, 0.000045, 
trial0006393, SHVR, 5830, 14, 416.428571, 13.428571, 0.000004, 0.000080, ZIC, 10496, 26, 403.692308, 9.538462, 0.000007, 0.000078, 
trial0006394, SHVR, 5855, 14, 418.214286, 11.214286, 0.000010, 0.000139, ZIC, 9827, 26, 377.961538, 9.653846, 0.000016, 0.000099, 
trial0006395, SHVR, 7117, 14, 508.357143, 13.142857, 0.000019, 0.000375, ZIC, 9365, 26, 360.192308, 8.538462, 0.000082, 0.000377, 
trial0006396, SHVR, 8949, 14, 639.214286, 15.214286, 0.000034, 0.000887, ZIC, 7423, 26, 285.500000, 6.730769, 0.000038, 0.000323, 
trial0006397, SHVR, 7562, 14, 540.142857, 16.714286, 0.000044, 0.000611, ZIC, 8946, 26, 344.076923, 7.769231, 0.000035, 0.000381, 
trial0006398, SHVR, 7950, 14, 567.857143, 14.714286, 0.000090, 0.000674, ZIC, 8408, 26, 323.384615, 7.923077, 0.000050, 0.000421, 
trial0006399, SHVR, 8834, 14, 631.000000, 14.500000, 0.000089, 0.000715, ZIC, 7818, 26, 300.692308, 8.192308, 0.000039, 0.000401, 
trial0006400, SHVR, 5480, 14, 391.428571, 13.000000, 0.000036, 0.000605, ZIC, 10782, 26, 414.692308, 9.153846, 0.000047, 0.000490, 
trial0006401, SHVR, 6090, 14, 435.000000, 13.857143, 0.000022, 0.000784, ZIC, 9374, 26, 360.538462, 8.538462, 0.000084, 0.000445, 
trial0006402, SHVR, 9533, 14, 680.928571, 16.571429, 0.000036, 0.000902, ZIC, 6580, 26, 253.076923, 6.615385, 0.000066, 0.000352, 
trial0006403, SHVR, 4335, 14, 309.642857, 10.928571, 0.000037, 0.000658, ZIC, 11477, 26, 441.423077, 10.346154, 0.000028, 0.000548, 
trial0006404, SHVR, 7033, 14, 502.357143, 14.142857, 0.000084, 0.000702, ZIC, 9639, 26, 370.730769, 8.461538, 0.000061, 0.000364, 
trial0006405, SHVR, 5165, 14, 368.928571, 13.928571, 0.000100, 0.000606, ZIC, 11067, 26, 425.653846, 9.269231, 0.000080, 0.000398, 
trial0006406, SHVR, 6837, 14, 488.357143, 15.071429, 0.000037, 0.000713, ZIC, 9300, 26, 357.692308, 8.192308, 0.000038, 0.000337, 
trial0006407, SHVR, 6479, 14, 462.785714, 12.785714, 0.000035, 0.000633, ZIC, 9348, 26, 359.538462, 7.807692, 0.000050, 0.000481, 
trial0006408, SHVR, 7015, 14, 501.071429, 14.857143, 0.000048, 0.000813, ZIC, 9139, 26, 351.500000, 8.307692, 0.000072, 0.000346, 
trial0006409, SHVR, 5639, 14, 402.785714, 13.071429, 0.000031, 0.000703, ZIC, 10211, 26, 392.730769, 9.192308, 0.000072, 0.000406, 
trial0006410, SHVR, 2398, 14, 171.285714, 10.285714, 0.000031, 0.000542, ZIC, 13098, 26, 503.769231, 12.000000, 0.000062, 0.000518, 
trial0006411, SHVR, 5255, 14, 375.357143, 10.642857, 0.000047, 0.000680, ZIC, 10763, 26, 413.961538, 9.961538, 0.000055, 0.000533, 
trial0006412, SHVR, 3379, 14, 241.357143, 11.285714, 0.000022, 0.000501, ZIC, 12046, 26, 463.307692, 10.461538, 0.000046, 0.000499, 
trial0006413, SHVR, 8977, 14, 641.214286, 14.500000, 0.000009, 0.000600, ZIC, 7369, 26, 283.423077, 7.192308, 0.000064, 0.000490, 
trial0006414, SHVR, 7135, 14, 509.642857, 14.500000, 0.000039, 0.000782, ZIC, 9001, 26, 346.192308, 8.269231, 0.000077, 0.000427, 
trial0006415, SHVR, 6801, 14, 485.785714, 13.071429, 0.000043, 0.000764, ZIC, 9452, 26, 363.538462, 8.423077, 0.000088, 0.000413, 
trial0006416, SHVR, 6580, 14, 470.000000, 13.428571, 0.000051, 0.000645, ZIC, 9326, 26, 358.692308, 8.769231, 0.000103, 0.000382, 
trial0006417, SHVR, 4952, 14, 353.714286, 10.642857, 0.000070, 0.000283, ZIC, 11049, 26, 424.961538, 10.423077, 0.000035, 0.000521, 
trial0006418, SHVR, 4168, 14, 297.714286, 11.714286, 0.000035, 0.000705, ZIC, 11938, 26, 459.153846, 10.153846, 0.000086, 0.000457, 
trial0006419, SHVR, 8162, 14, 583.000000, 14.571429, 0.000035, 0.000761, ZIC, 7971, 26, 306.576923, 7.000000, 0.000032, 0.000450, 
trial0006420, SHVR, 6754, 14, 482.428571, 13.642857, 0.000051, 0.000609, ZIC, 8855, 26, 340.576923, 8.576923, 0.000033, 0.000365, 
trial0006421, SHVR, 8013, 14, 572.357143, 13.071429, 0.000054, 0.001054, ZIC, 8144, 26, 313.230769, 8.115385, 0.000042, 0.000461, 
trial0006422, SHVR, 4930, 14, 352.142857, 14.357143, 0.000069, 0.000475, ZIC, 11200, 26, 430.769231, 9.269231, 0.000118, 0.000465, 
trial0006423, SHVR, 6639, 14, 474.214286, 13.428571, 0.000023, 0.000564, ZIC, 9140, 26, 351.538462, 8.384615, 0.000065, 0.000410, 
trial0006424, SHVR, 6790, 14, 485.000000, 14.642857, 0.000029, 0.000827, ZIC, 9476, 26, 364.461538, 8.192308, 0.000061, 0.000431, 
trial0006425, SHVR, 3732, 14, 266.571429, 10.928571, 0.000025, 0.000514, ZIC, 12538, 26, 482.230769, 10.423077, 0.000048, 0.000434, 
trial0006426, SHVR, 9647, 14, 689.071429, 17.142857, 0.000054, 0.000887, ZIC, 6736, 26, 259.076923, 6.461538, 0.000053, 0.000311, 
trial0006427, SHVR, 5346, 14, 381.857143, 11.785714, 0.000036, 0.000582, ZIC, 10759, 26, 413.807692, 9.576923, 0.000062, 0.000422, 
trial0006428, SHVR, 6027, 14, 430.500000, 12.642857, 0.000015, 0.000563, ZIC, 9399, 26, 361.500000, 9.038462, 0.000040, 0.000481, 
trial0006429, SHVR, 7561, 14, 540.071429, 13.357143, 0.000014, 0.000518, ZIC, 8697, 26, 334.500000, 8.192308, 0.000057, 0.000438, 
trial0006430, SHVR, 6562, 14, 468.714286, 14.142857, 0.000047, 0.000684, ZIC, 10032, 26, 385.846154, 8.615385, 0.000030, 0.000373, 
trial0006431, SHVR, 9446, 14, 674.714286, 15.642857, 0.000050, 0.000667, ZIC, 7331, 26, 281.961538, 7.576923, 0.000041, 0.000393, 
trial0006432, SHVR, 5051, 14, 360.785714, 11.785714, 0.000049, 0.000447, ZIC, 10714, 26, 412.076923, 9.961538, 0.000035, 0.000410, 
trial0006433, SHVR, 5852, 14, 418.000000, 14.500000, 0.000026, 0.000674, ZIC, 10126, 26, 389.461538, 9.038462, 0.000059, 0.000403, 
trial0006434, SHVR, 6880, 14, 491.428571, 14.428571, 0.000021, 0.000728, ZIC, 9240, 26, 355.384615, 8.000000, 0.000033, 0.000476, 
trial0006435, SHVR, 6383, 14, 455.928571, 13.571429, 0.000048, 0.000518, ZIC, 9517, 26, 366.038462, 8.307692, 0.000061, 0.000349, 
trial0006436, SHVR, 9028, 14, 644.857143, 14.285714, 0.000115, 0.000719, ZIC, 6901, 26, 265.423077, 7.153846, 0.000068, 0.000357, 
trial0006437, SHVR, 4398, 14, 314.142857, 13.071429, 0.000010, 0.000541, ZIC, 10798, 26, 415.307692, 9.269231, 0.000090, 0.000396, 
trial0006438, SHVR, 7880, 14, 562.857143, 11.642857, 0.000056, 0.000599, ZIC, 8010, 26, 308.076923, 9.192308, 0.000073, 0.000409, 
trial0006439, SHVR, 7808, 14, 557.714286, 14.071429, 0.000059, 0.000610, ZIC, 8866, 26, 341.000000, 7.653846, 0.000078, 0.000429, 
trial0006440, SHVR, 6734, 14, 481.000000, 15.285714, 0.000077, 0.000441, ZIC, 8843, 26, 340.115385, 7.692308, 0.000072, 0.000392, 
trial0006441, SHVR, 5947, 14, 424.785714, 12.428571, 0.000009, 0.000467, ZIC, 10467, 26, 402.576923, 9.692308, 0.000060, 0.000409, 
trial0006442, SHVR, 5516, 14, 394.000000, 13.785714, 0.000092, 0.000619, ZIC, 10465, 26, 402.500000, 9.038462, 0.000050, 0.000445, 
trial0006443, SHVR, 6758, 14, 482.714286, 12.857143, 0.000050, 0.000622, ZIC, 9194, 26, 353.615385, 9.000000, 0.000044, 0.000413, 
trial0006444, SHVR, 4940, 14, 352.857143, 12.000000, 0.000044, 0.000685, ZIC, 11138, 26, 428.384615, 9.923077, 0.000052, 0.000533, 
trial0006445, SHVR, 6001, 14, 428.642857, 14.214286, 0.000017, 0.000663, ZIC, 10113, 26, 388.961538, 8.423077, 0.000081, 0.000389, 
trial0006446, SHVR, 6130, 14, 437.857143, 14.142857, 0.000044, 0.000582, ZIC, 10376, 26, 399.076923, 9.000000, 0.000053, 0.000445, 
trial0006447, SHVR, 5080, 14, 362.857143, 13.285714, 0.000046, 0.000592, ZIC, 10790, 26, 415.000000, 9.461538, 0.000046, 0.000419, 
trial0006448, SHVR, 6700, 14, 478.571429, 14.285714, 0.000041, 0.000675, ZIC, 9304, 26, 357.846154, 8.230769, 0.000037, 0.000411, 
trial0006449, SHVR, 5615, 14, 401.071429, 13.071429, 0.000023, 0.000702, ZIC, 10065, 26, 387.115385, 8.807692, 0.000064, 0.000418, 
trial0006450, SHVR, 5081, 14, 362.928571, 11.285714, 0.000075, 0.000584, ZIC, 10710, 26, 411.923077, 10.538462, 0.000030, 0.000478, 
trial0006451, SHVR, 5779, 14, 412.785714, 12.285714, 0.000004, 0.000074, ZIC, 10436, 26, 401.384615, 9.846154, 0.000026, 0.000071, 
trial0006452, SHVR, 5013, 14, 358.071429, 10.500000, 0.000004, 0.000045, ZIC, 10709, 26, 411.884615, 10.346154, 0.000005, 0.000047, 
trial0006453, SHVR, 5283, 14, 377.357143, 11.000000, 0.000004, 0.000056, ZIC, 10852, 26, 417.384615, 10.307692, 0.000005, 0.000046, 
trial0006454, SHVR, 9064, 14, 647.428571, 14.714286, 0.000004, 0.000091, ZIC, 7642, 26, 293.923077, 6.923077, 0.000007, 0.000045, 
trial0006455, SHVR, 4209, 14, 300.642857, 13.785714, 0.000005, 0.000100, ZIC, 11668, 26, 448.769231, 8.500000, 0.000011, 0.000053, 
trial0006456, SHVR, 4623, 14, 330.214286, 10.857143, 0.000006, 0.000110, ZIC, 10541, 26, 405.423077, 9.923077, 0.000007, 0.000070, 
trial0006457, SHVR, 6492, 14, 463.714286, 13.571429, 0.000009, 0.000188, ZIC, 10001, 26, 384.653846, 9.000000, 0.000014, 0.000110, 
trial0006458, SHVR, 7271, 14, 519.357143, 15.285714, 0.000014, 0.000724, ZIC, 9165, 26, 352.500000, 8.000000, 0.000043, 0.000397, 
trial0006459, SHVR, 7388, 14, 527.714286, 12.428571, 0.000033, 0.000700, ZIC, 8966, 26, 344.846154, 8.384615, 0.000069, 0.000449, 
trial0006460, SHVR, 9089, 14, 649.214286, 14.785714, 0.000009, 0.000795, ZIC, 7250, 26, 278.846154, 7.576923, 0.000067, 0.000439, 
trial0006461, SHVR, 6214, 14, 443.857143, 12.071429, 0.000042, 0.000643, ZIC, 9715, 26, 373.653846, 9.115385, 0.000041, 0.000394, 
trial0006462, SHVR, 4886, 14, 349.000000, 14.357143, 0.000091, 0.000827, ZIC, 10807, 26, 415.653846, 8.500000, 0.000045, 0.000404, 
trial0006463, SHVR, 5404, 14, 386.000000, 14.714286, 0.000049, 0.000504, ZIC, 10801, 26, 415.423077, 9.076923, 0.000040, 0.000411, 
trial0006464, SHVR, 5724, 14, 408.857143, 12.142857, 0.000034, 0.000583, ZIC, 10078, 26, 387.615385, 9.846154, 0.000081, 0.000468, 
trial0006465, SHVR, 8357, 14, 596.928571, 15.071429, 0.000042, 0.000763, ZIC, 7786, 26, 299.461538, 8.115385, 0.000066, 0.000420, 
trial0006466, SHVR, 5682, 14, 405.857143, 13.428571, 0.000018, 0.000524, ZIC, 10312, 26, 396.615385, 9.000000, 0.000075, 0.000359, 
trial0006467, SHVR, 5372, 14, 383.714286, 12.857143, 0.000031, 0.000767, ZIC, 10379, 26, 399.192308, 9.307692, 0.000060, 0.000442, 
trial0006468, SHVR, 7098, 14, 507.000000, 14.642857, 0.000052, 0.000730, ZIC, 8768, 26, 337.230769, 8.423077, 0.000080, 0.000413, 
trial0006469, SHVR, 5115, 14, 365.357143, 12.642857, 0.000031, 0.000505, ZIC, 11291, 26, 434.269231, 9.269231, 0.000047, 0.000417, 
trial0006470, SHVR, 4535, 14, 323.928571, 12.142857, 0.000035, 0.000548, ZIC, 11140, 26, 428.461538, 10.000000, 0.000055, 0.000465, 
trial0006471, SHVR, 7329, 14, 523.500000, 13.928571, 0.000021, 0.000774, ZIC, 9122, 26, 350.846154, 8.653846, 0.000040, 0.000386, 
trial0006472, SHVR, 5909, 14, 422.071429, 13.857143, 0.000053, 0.000537, ZIC, 10416, 26, 400.615385, 9.538462, 0.000048, 0.000453, 
trial0006473, SHVR, 5940, 14, 424.285714, 13.285714, 0.000096, 0.000861, ZIC, 9465, 26, 364.038462, 8.846154, 0.000066, 0.000352, 
trial0006474, SHVR, 7330, 14, 523.571429, 13.214286, 0.000061, 0.000670, ZIC, 9035, 26, 347.500000, 8.500000, 0.000055, 0.000364, 
trial0006475, SHVR, 3831, 14, 273.642857, 11.642857, 0.000063, 0.000437, ZIC, 11935, 26, 459.038462, 9.576923, 0.000077, 0.000406, 
trial0006476, SHVR, 8004, 14, 571.714286, 13.928571, 0.000015, 0.000758, ZIC, 7717, 26, 296.807692, 7.730769, 0.000113, 0.000354, 
trial0006477, SHVR, 5497, 14, 392.642857, 13.428571, 0.000032, 0.000514, ZIC, 10336, 26, 397.538462, 9.153846, 0.000042, 0.000402, 
trial0006478, SHVR, 6376, 14, 455.428571, 13.571429, 0.000079, 0.000746, ZIC, 9541, 26, 366.961538, 8.538462, 0.000061, 0.000373, 
trial0006479, SHVR, 6126, 14, 437.571429, 13.785714, 0.000060, 0.000622, ZIC, 9923, 26, 381.653846, 9.192308, 0.000056, 0.000539, 
trial0006480, SHVR, 4763, 14, 340.214286, 9.500000, 0.000033, 0.000731, ZIC, 10960, 26, 421.538462, 10.576923, 0.000037, 0.000456, 
trial0006481, SHVR, 5945, 14, 424.642857, 12.571429, 0.000051, 0.000521, ZIC, 10077, 26, 387.576923, 9.461538, 0.000061, 0.000370, 
trial0006482, SHVR, 5619, 14, 401.357143, 13.357143, 0.000073, 0.000604, ZIC, 10514, 26, 404.384615, 8.961538, 0.000062, 0.000381, 
trial0006483, SHVR, 4526, 14, 323.285714, 10.714286, 0.000100, 0.000480, ZIC, 11211, 26, 431.192308, 11.000000, 0.000026, 0.000503, 
trial0006484, SHVR, 6601, 14, 471.500000, 10.571429, 0.000040, 0.000561, ZIC, 9853, 26, 378.961538, 9.538462, 0.000060, 0.000506, 
trial0006485, SHVR, 4266, 14, 304.714286, 12.785714, 0.000054, 0.000556, ZIC, 11417, 26, 439.115385, 9.807692, 0.000027, 0.000384, 
trial0006486, SHVR, 3005, 14, 214.642857, 13.000000, 0.000045, 0.000614, ZIC, 12079, 26, 464.576923, 9.461538, 0.000078, 0.000477, 
trial0006487, SHVR, 5705, 14, 407.500000, 13.571429, 0.000067, 0.000594, ZIC, 10021, 26, 385.423077, 8.692308, 0.000059, 0.000455, 
trial0006488, SHVR, 9965, 14, 711.785714, 14.857143, 0.000013, 0.000919, ZIC, 6319, 26, 243.038462, 6.846154, 0.000056, 0.000407, 
trial0006489, SHVR, 6707, 14, 479.071429, 12.928571, 0.000059, 0.000595, ZIC, 9620, 26, 370.000000, 9.038462, 0.000050, 0.000532, 
trial0006490, SHVR, 7471, 14, 533.642857, 11.642857, 0.000045, 0.000507, ZIC, 8627, 26, 331.807692, 9.269231, 0.000080, 0.000464, 
trial0006491, SHVR, 5417, 14, 386.928571, 14.500000, 0.000089, 0.000601, ZIC, 11121, 26, 427.730769, 9.115385, 0.000039, 0.000347, 
trial0006492, SHVR, 5785, 14, 413.214286, 13.000000, 0.000034, 0.000893, ZIC, 10135, 26, 389.807692, 9.461538, 0.000031, 0.000378, 
trial0006493, SHVR, 8047, 14, 574.785714, 14.071429, 0.000033, 0.000714, ZIC, 7934, 26, 305.153846, 7.884615, 0.000054, 0.000375, 
trial0006494, SHVR, 7220, 14, 515.714286, 14.642857, 0.000017, 0.000714, ZIC, 9177, 26, 352.961538, 7.807692, 0.000051, 0.000428, 
trial0006495, SHVR, 4800, 14, 342.857143, 12.928571, 0.000037, 0.000689, ZIC, 11012, 26, 423.538462, 8.961538, 0.000073, 0.000500, 
trial0006496, SHVR, 5284, 14, 377.428571, 10.857143, 0.000094, 0.000620, ZIC, 10761, 26, 413.884615, 10.076923, 0.000072, 0.000565, 
trial0006497, SHVR, 8347, 14, 596.214286, 14.500000, 0.000078, 0.000716, ZIC, 8115, 26, 312.115385, 7.269231, 0.000056, 0.000398, 
trial0006498, SHVR, 4579, 14, 327.071429, 11.571429, 0.000026, 0.000641, ZIC, 11576, 26, 445.230769, 9.615385, 0.000079, 0.000435, 
trial0006499, SHVR, 8677, 14, 619.785714, 16.285714, 0.000066, 0.000668, ZIC, 7946, 26, 305.615385, 7.000000, 0.000069, 0.000330, 
trial0006500, SHVR, 4895, 14, 349.642857, 13.071429, 0.000058, 0.000450, ZIC, 11279, 26, 433.807692, 9.346154, 0.000096, 0.000526, 
