trial0001001, AA, 327, 16, 20.494237, 6.125000, 0.000009, 0.002250, ZIC, 1721, 24, 71.712175, 3.166667, 0.000006, 0.000029, 
trial0001002, AA, 1514, 16, 94.676280, 8.937500, 0.000010, 0.003152, ZIC, 659, 24, 27.465814, 1.541667, 0.000006, 0.000024, 
trial0001003, AA, 1259, 16, 78.733660, 8.750000, 0.000010, 0.004050, ZIC, 795, 24, 33.135893, 1.666667, 0.000006, 0.000025, 
trial0001004, AA, 1754, 16, 109.681755, 10.187500, 0.000010, 0.002162, ZIC, 502, 24, 20.920496, 1.125000, 0.000006, 0.000023, 
trial0001005, AA, 1712, 16, 107.009557, 8.875000, 0.000010, 0.003110, ZIC, 674, 24, 28.118629, 2.000000, 0.000006, 0.000025, 
trial0001006, AA, 1041, 16, 65.087812, 8.500000, 0.000010, 0.005229, ZIC, 1104, 24, 46.024792, 2.250000, 0.000006, 0.000027, 
trial0001007, AA, 1571, 16, 98.237268, 9.125000, 0.000010, 0.001708, ZIC, 890, 24, 37.091821, 1.916667, 0.000006, 0.000026, 
trial0001008, AA, 946, 16, 59.181287, 7.812500, 0.000010, 0.001763, ZIC, 1298, 24, 54.087476, 2.708333, 0.000006, 0.000032, 
trial0001009, AA, 1197, 16, 74.813822, 6.625000, 0.000010, 0.002589, ZIC, 781, 24, 32.582452, 1.833333, 0.000006, 0.000024, 
trial0001010, AA, 911, 16, 56.979446, 5.375000, 0.000008, 0.001251, ZIC, 649, 24, 27.055369, 1.916667, 0.000006, 0.000023, 
trial0001011, AA, 1091, 16, 68.195398, 7.312500, 0.000010, 0.003264, ZIC, 1171, 24, 48.828068, 2.208333, 0.000006, 0.000026, 
trial0001012, AA, 1608, 16, 100.556535, 8.750000, 0.000010, 0.002787, ZIC, 602, 24, 25.087310, 2.083333, 0.000006, 0.000023, 
trial0001013, AA, 1207, 16, 75.480720, 6.937500, 0.000010, 0.002917, ZIC, 1023, 24, 42.637853, 2.541667, 0.000006, 0.000025, 
trial0001014, AA, 472, 16, 29.535979, 5.875000, 0.000009, 0.002333, ZIC, 1629, 24, 67.892681, 3.833333, 0.000006, 0.000030, 
trial0001015, AA, 1495, 16, 93.489582, 8.812500, 0.000010, 0.004303, ZIC, 757, 24, 31.548612, 1.875000, 0.000006, 0.000023, 
trial0001016, AA, 1533, 16, 95.874773, 8.375000, 0.000009, 0.001031, ZIC, 485, 24, 20.208484, 1.833333, 0.000006, 0.000022, 
trial0001017, AA, 392, 16, 24.535191, 5.750000, 0.000010, 0.002925, ZIC, 2221, 24, 92.559873, 3.916667, 0.000006, 0.000031, 
trial0001018, AA, 1478, 16, 92.411939, 7.437500, 0.000010, 0.004053, ZIC, 848, 24, 35.350374, 2.708333, 0.000006, 0.000025, 
trial0001019, AA, 580, 16, 36.270449, 5.062500, 0.000010, 0.003468, ZIC, 1482, 24, 61.778034, 3.708333, 0.000006, 0.000027, 
trial0001020, AA, 1099, 16, 68.734074, 7.375000, 0.000009, 0.001679, ZIC, 981, 24, 40.885618, 2.583333, 0.000006, 0.000026, 
trial0001021, AA, 1432, 16, 89.534267, 8.625000, 0.000010, 0.001386, ZIC, 1044, 24, 43.518822, 2.083333, 0.000006, 0.000026, 
trial0001022, AA, 554, 16, 34.660154, 6.437500, 0.000010, 0.002060, ZIC, 1675, 24, 69.809897, 3.125000, 0.000006, 0.000028, 
trial0001023, AA, 595, 16, 37.248999, 7.000000, 0.000010, 0.004550, ZIC, 1457, 24, 60.709001, 3.000000, 0.000006, 0.000027, 
trial0001024, AA, 394, 16, 24.675482, 6.812500, 0.000010, 0.003054, ZIC, 1796, 24, 74.841345, 3.791667, 0.000006, 0.000030, 
trial0001025, AA, 826, 16, 51.665163, 7.250000, 0.000010, 0.002052, ZIC, 1353, 24, 56.389891, 2.916667, 0.000006, 0.000026, 
trial0001026, AA, 571, 16, 35.718288, 7.125000, 0.000009, 0.002525, ZIC, 1358, 24, 56.604475, 3.083333, 0.000006, 0.000026, 
trial0001027, AA, 1080, 16, 67.539824, 6.375000, 0.000010, 0.002106, ZIC, 957, 24, 39.890118, 2.333333, 0.000006, 0.000027, 
trial0001028, AA, 248, 16, 15.560009, 5.437500, 0.000010, 0.003846, ZIC, 1524, 24, 63.501661, 3.875000, 0.000006, 0.000027, 
trial0001029, AA, 1035, 16, 64.710304, 6.687500, 0.000010, 0.003218, ZIC, 635, 24, 26.484798, 2.208333, 0.000006, 0.000023, 
trial0001030, AA, 688, 16, 43.008950, 6.875000, 0.000010, 0.001288, ZIC, 874, 24, 36.452367, 2.416667, 0.000006, 0.000023, 
trial0001031, AA, 783, 16, 48.982842, 6.312500, 0.000010, 0.002940, ZIC, 1222, 24, 50.928105, 2.875000, 0.000006, 0.000028, 
trial0001032, AA, 1133, 16, 70.871652, 7.187500, 0.000010, 0.003087, ZIC, 959, 24, 39.960565, 2.708333, 0.000006, 0.000023, 
trial0001033, AA, 1184, 16, 74.003663, 7.687500, 0.000009, 0.002069, ZIC, 958, 24, 39.955892, 2.541667, 0.000006, 0.000028, 
trial0001034, AA, 1634, 16, 102.135020, 8.062500, 0.000010, 0.003845, ZIC, 391, 24, 16.326653, 1.291667, 0.000006, 0.000022, 
trial0001035, AA, 832, 16, 52.021821, 5.875000, 0.000009, 0.003666, ZIC, 1349, 24, 56.235453, 3.166667, 0.000006, 0.000028, 
trial0001036, AA, 832, 16, 52.030650, 4.687500, 0.000010, 0.004914, ZIC, 939, 24, 39.146234, 2.958333, 0.000006, 0.000025, 
trial0001037, AA, 929, 16, 58.075961, 7.750000, 0.000009, 0.002553, ZIC, 1121, 24, 46.741026, 2.666667, 0.000006, 0.000025, 
trial0001038, AA, 940, 16, 58.755812, 8.062500, 0.000010, 0.001630, ZIC, 1200, 24, 50.037792, 2.791667, 0.000006, 0.000029, 
trial0001039, AA, 860, 16, 53.764102, 9.000000, 0.000009, 0.001637, ZIC, 1327, 24, 55.323932, 2.833333, 0.000006, 0.000029, 
trial0001040, AA, 1231, 16, 76.944270, 8.625000, 0.000010, 0.002940, ZIC, 1010, 24, 42.120487, 2.083333, 0.000006, 0.000026, 
trial0001041, AA, 1489, 16, 93.103617, 7.812500, 0.000010, 0.005814, ZIC, 895, 24, 37.305922, 2.208333, 0.000006, 0.000025, 
trial0001042, AA, 1455, 16, 90.996522, 7.250000, 0.000010, 0.002733, ZIC, 552, 24, 23.002319, 1.583333, 0.000006, 0.000022, 
trial0001043, AA, 1209, 16, 75.593280, 8.250000, 0.000010, 0.003275, ZIC, 733, 24, 30.562814, 1.666667, 0.000006, 0.000026, 
trial0001044, AA, 1497, 16, 93.583285, 9.687500, 0.000010, 0.002450, ZIC, 724, 24, 30.194477, 1.958333, 0.000006, 0.000025, 
trial0001045, AA, 1012, 16, 63.284832, 8.812500, 0.000009, 0.000966, ZIC, 1160, 24, 48.351778, 2.958333, 0.000006, 0.000027, 
trial0001046, AA, 1340, 16, 83.804094, 8.812500, 0.000010, 0.003240, ZIC, 924, 24, 38.505604, 2.208333, 0.000006, 0.000025, 
trial0001047, AA, 1398, 16, 87.430224, 7.812500, 0.000010, 0.003413, ZIC, 536, 24, 22.338184, 1.458333, 0.000006, 0.000022, 
trial0001048, AA, 912, 16, 57.039999, 6.875000, 0.000010, 0.003835, ZIC, 1142, 24, 47.598334, 2.250000, 0.000006, 0.000028, 
trial0001049, AA, 400, 16, 25.055472, 5.312500, 0.000010, 0.004001, ZIC, 1805, 24, 75.213019, 3.875000, 0.000006, 0.000029, 
trial0001050, AA, 514, 16, 32.141049, 6.000000, 0.000008, 0.002632, ZIC, 1908, 24, 79.530967, 4.000000, 0.000006, 0.000028, 
trial0001051, AA, 1306, 16, 81.638350, 9.125000, 0.000010, 0.001971, ZIC, 579, 24, 24.157766, 1.583333, 0.000006, 0.000023, 
trial0001052, AA, 792, 16, 49.541937, 5.375000, 0.000010, 0.004231, ZIC, 1237, 24, 51.555375, 2.750000, 0.000006, 0.000026, 
trial0001053, AA, 927, 16, 57.977225, 6.250000, 0.000010, 0.003474, ZIC, 1066, 24, 44.431850, 2.416667, 0.000006, 0.000025, 
trial0001054, AA, 1403, 16, 87.716018, 8.062500, 0.000010, 0.001405, ZIC, 842, 24, 35.105988, 1.958333, 0.000006, 0.000026, 
trial0001055, AA, 1918, 16, 119.933168, 10.750000, 0.000011, 0.000714, ZIC, 247, 24, 10.294555, 0.916667, 0.000006, 0.000023, 
trial0001056, AA, 1115, 16, 69.705591, 8.375000, 0.000009, 0.001263, ZIC, 996, 24, 41.529606, 2.000000, 0.000006, 0.000024, 
trial0001057, AA, 1521, 16, 95.098555, 8.625000, 0.000009, 0.001433, ZIC, 718, 24, 29.934297, 1.833333, 0.000006, 0.000024, 
trial0001058, AA, 977, 16, 61.080757, 7.500000, 0.000010, 0.002825, ZIC, 1424, 24, 59.362829, 2.750000, 0.000006, 0.000027, 
trial0001059, AA, 598, 16, 37.431523, 7.437500, 0.000009, 0.002119, ZIC, 1297, 24, 54.045651, 2.958333, 0.000006, 0.000026, 
trial0001060, AA, 837, 16, 52.369969, 5.875000, 0.000010, 0.002671, ZIC, 1321, 24, 55.045021, 3.166667, 0.000006, 0.000027, 
trial0001061, AA, 1799, 16, 112.461812, 8.500000, 0.000009, 0.001137, ZIC, 345, 24, 14.400459, 1.750000, 0.000006, 0.000022, 
trial0001062, AA, 1102, 16, 68.906848, 7.062500, 0.000011, 0.003469, ZIC, 787, 24, 32.812101, 1.958333, 0.000006, 0.000025, 
trial0001063, AA, 683, 16, 42.706772, 5.500000, 0.000010, 0.004599, ZIC, 1190, 24, 49.612152, 3.250000, 0.000006, 0.000026, 
trial0001064, AA, 1804, 16, 112.775373, 8.500000, 0.000010, 0.001551, ZIC, 348, 24, 14.524751, 1.000000, 0.000006, 0.000024, 
trial0001065, AA, 337, 16, 21.119211, 5.500000, 0.000010, 0.003388, ZIC, 1185, 24, 49.378859, 3.250000, 0.000006, 0.000026, 
trial0001066, AA, 596, 16, 37.280744, 4.625000, 0.000010, 0.003277, ZIC, 1108, 24, 46.187838, 2.833333, 0.000006, 0.000026, 
trial0001067, AA, 1250, 16, 78.145875, 8.625000, 0.000010, 0.002268, ZIC, 1424, 24, 59.361083, 2.750000, 0.000006, 0.000027, 
trial0001068, AA, 1255, 16, 78.480210, 6.625000, 0.000010, 0.002826, ZIC, 857, 24, 35.721527, 1.750000, 0.000006, 0.000026, 
trial0001069, AA, 1039, 16, 64.982846, 6.312500, 0.000010, 0.004314, ZIC, 1225, 24, 51.053103, 2.541667, 0.000006, 0.000026, 
trial0001070, AA, 465, 16, 29.095491, 4.437500, 0.000010, 0.003772, ZIC, 1616, 24, 67.353006, 3.291667, 0.000006, 0.000029, 
trial0001071, AA, 909, 16, 56.833450, 6.562500, 0.000009, 0.004276, ZIC, 1533, 24, 63.902700, 3.041667, 0.000006, 0.000028, 
trial0001072, AA, 414, 16, 25.916111, 4.250000, 0.000010, 0.003551, ZIC, 1154, 24, 48.097593, 3.416667, 0.000006, 0.000025, 
trial0001073, AA, 725, 16, 45.324043, 6.562500, 0.000010, 0.003255, ZIC, 1319, 24, 54.992305, 2.958333, 0.000006, 0.000028, 
trial0001074, AA, 1046, 16, 65.404355, 6.500000, 0.000010, 0.001804, ZIC, 867, 24, 36.147097, 2.916667, 0.000006, 0.000024, 
trial0001075, AA, 575, 16, 35.978648, 7.000000, 0.000010, 0.003114, ZIC, 1786, 24, 74.430901, 3.416667, 0.000006, 0.000031, 
trial0001076, AA, 981, 16, 61.350756, 8.000000, 0.000010, 0.004430, ZIC, 1239, 24, 51.641163, 2.666667, 0.000006, 0.000028, 
trial0001077, AA, 849, 16, 53.097380, 5.937500, 0.000010, 0.003120, ZIC, 1649, 24, 68.726747, 2.625000, 0.000006, 0.000029, 
trial0001078, AA, 1881, 16, 117.614871, 9.000000, 0.000009, 0.002569, ZIC, 364, 24, 15.173420, 1.416667, 0.000006, 0.000022, 
trial0001079, AA, 488, 16, 30.537718, 6.500000, 0.000010, 0.002886, ZIC, 1542, 24, 64.266521, 3.666667, 0.000006, 0.000028, 
trial0001080, AA, 852, 16, 53.253312, 5.125000, 0.000009, 0.003496, ZIC, 1082, 24, 45.122792, 3.166667, 0.000006, 0.000024, 
trial0001081, AA, 1459, 16, 91.188982, 6.687500, 0.000009, 0.001321, ZIC, 633, 24, 26.415679, 2.208333, 0.000006, 0.000022, 
trial0001082, AA, 798, 16, 49.902934, 6.750000, 0.000010, 0.002197, ZIC, 1234, 24, 51.439710, 2.833333, 0.000006, 0.000026, 
trial0001083, AA, 1665, 16, 104.115426, 8.250000, 0.000009, 0.001238, ZIC, 590, 24, 24.589716, 1.250000, 0.000006, 0.000025, 
trial0001084, AA, 957, 16, 59.843258, 6.750000, 0.000010, 0.004605, ZIC, 936, 24, 39.021161, 2.416667, 0.000006, 0.000025, 
trial0001085, AA, 1608, 16, 100.552162, 7.375000, 0.000010, 0.003222, ZIC, 689, 24, 28.715226, 2.083333, 0.000006, 0.000024, 
trial0001086, AA, 839, 16, 52.487525, 5.437500, 0.000010, 0.004452, ZIC, 1210, 24, 50.424984, 2.875000, 0.000006, 0.000028, 
trial0001087, AA, 1361, 16, 85.065532, 6.312500, 0.000010, 0.002144, ZIC, 671, 24, 27.997979, 2.375000, 0.000006, 0.000022, 
trial0001088, AA, 621, 16, 38.873287, 5.375000, 0.000009, 0.002528, ZIC, 1499, 24, 62.459476, 3.750000, 0.000006, 0.000028, 
trial0001089, AA, 846, 16, 52.910583, 6.562500, 0.000010, 0.005263, ZIC, 1543, 24, 64.309611, 2.958333, 0.000006, 0.000028, 
trial0001090, AA, 822, 16, 51.411464, 7.187500, 0.000010, 0.002181, ZIC, 1134, 24, 47.267357, 2.875000, 0.000006, 0.000025, 
trial0001091, AA, 1594, 16, 99.637480, 6.812500, 0.000010, 0.001849, ZIC, 540, 24, 22.533347, 2.125000, 0.000006, 0.000023, 
trial0001092, AA, 1605, 16, 100.349338, 7.437500, 0.000010, 0.004197, ZIC, 950, 24, 39.600441, 2.125000, 0.000006, 0.000026, 
trial0001093, AA, 1088, 16, 68.035060, 7.437500, 0.000009, 0.002459, ZIC, 1141, 24, 47.559960, 2.375000, 0.000006, 0.000027, 
trial0001094, AA, 879, 16, 54.944534, 4.062500, 0.000009, 0.001389, ZIC, 785, 24, 32.745311, 2.875000, 0.000006, 0.000022, 
trial0001095, AA, 622, 16, 38.880932, 5.687500, 0.000009, 0.002287, ZIC, 1309, 24, 54.579379, 3.125000, 0.000006, 0.000026, 
trial0001096, AA, 897, 16, 56.097568, 6.562500, 0.000010, 0.001561, ZIC, 1156, 24, 48.184955, 3.041667, 0.000006, 0.000025, 
trial0001097, AA, 1789, 16, 111.829553, 9.937500, 0.000009, 0.000697, ZIC, 876, 24, 36.530298, 1.791667, 0.000006, 0.000026, 
trial0001098, AA, 1200, 16, 75.031342, 7.875000, 0.000010, 0.003368, ZIC, 922, 24, 38.437439, 2.166667, 0.000006, 0.000025, 
trial0001099, AA, 650, 16, 40.659025, 6.875000, 0.000010, 0.001955, ZIC, 1217, 24, 50.727317, 2.916667, 0.000006, 0.000025, 
trial0001100, AA, 996, 16, 62.301639, 7.187500, 0.000011, 0.002537, ZIC, 967, 24, 40.298907, 2.375000, 0.000006, 0.000024, 
trial0001101, AA, 4860, 16, 303.774569, 12.062500, 0.000010, 0.000561, ZIC, 8673, 24, 361.400287, 7.625000, 0.000006, 0.000028, 
trial0001102, AA, 4331, 16, 270.697582, 12.937500, 0.000010, 0.000498, ZIC, 8951, 24, 372.993278, 8.208333, 0.000006, 0.000028, 
trial0001103, AA, 6349, 16, 396.874897, 10.812500, 0.000010, 0.000778, ZIC, 7206, 24, 300.250069, 8.541667, 0.000006, 0.000025, 
trial0001104, AA, 4413, 16, 275.838604, 14.000000, 0.000010, 0.000497, ZIC, 9183, 24, 382.649264, 8.500000, 0.000006, 0.000028, 
trial0001105, AA, 8137, 16, 508.575122, 14.562500, 0.000010, 0.000445, ZIC, 4764, 24, 198.533252, 5.958333, 0.000006, 0.000024, 
trial0001106, AA, 4797, 16, 299.860279, 14.125000, 0.000010, 0.000541, ZIC, 8354, 24, 348.093147, 7.583333, 0.000006, 0.000026, 
trial0001107, AA, 8477, 16, 529.815992, 15.000000, 0.000010, 0.000461, ZIC, 5302, 24, 220.956005, 6.833333, 0.000006, 0.000025, 
trial0001108, AA, 2807, 16, 175.474382, 8.937500, 0.000010, 0.000743, ZIC, 9831, 24, 409.642078, 10.041667, 0.000006, 0.000027, 
trial0001109, AA, 3360, 16, 210.023636, 11.687500, 0.000010, 0.000586, ZIC, 9933, 24, 413.900910, 8.375000, 0.000006, 0.000027, 
trial0001110, AA, 5594, 16, 349.658645, 14.562500, 0.000010, 0.000449, ZIC, 7618, 24, 317.435903, 7.625000, 0.000006, 0.000028, 
trial0001111, AA, 6454, 16, 403.414491, 14.437500, 0.000010, 0.000481, ZIC, 6996, 24, 291.515339, 7.541667, 0.000006, 0.000028, 
trial0001112, AA, 5568, 16, 348.060551, 12.875000, 0.000010, 0.000622, ZIC, 7319, 24, 304.959632, 7.000000, 0.000006, 0.000025, 
trial0001113, AA, 6648, 16, 415.505380, 16.312500, 0.000010, 0.000498, ZIC, 6968, 24, 290.371413, 6.458333, 0.000006, 0.000026, 
trial0001114, AA, 5166, 16, 322.912752, 10.750000, 0.000010, 0.000644, ZIC, 8221, 24, 342.558165, 8.500000, 0.000006, 0.000028, 
trial0001115, AA, 6278, 16, 392.395520, 12.687500, 0.000010, 0.000548, ZIC, 6667, 24, 277.819653, 7.791667, 0.000006, 0.000025, 
trial0001116, AA, 6582, 16, 411.377168, 13.562500, 0.000010, 0.000511, ZIC, 6806, 24, 283.623555, 7.041667, 0.000006, 0.000026, 
trial0001117, AA, 6924, 16, 432.756574, 11.750000, 0.000010, 0.000552, ZIC, 5991, 24, 249.662284, 6.666667, 0.000006, 0.000024, 
trial0001118, AA, 5166, 16, 322.883737, 13.187500, 0.000010, 0.000523, ZIC, 8470, 24, 352.952508, 7.375000, 0.000006, 0.000027, 
trial0001119, AA, 6472, 16, 404.551576, 13.750000, 0.000010, 0.000478, ZIC, 7492, 24, 312.173949, 7.000000, 0.000006, 0.000026, 
trial0001120, AA, 4661, 16, 291.360324, 13.187500, 0.000010, 0.000531, ZIC, 8692, 24, 362.176451, 8.541667, 0.000006, 0.000027, 
trial0001121, AA, 5405, 16, 337.835603, 12.625000, 0.000010, 0.000531, ZIC, 8083, 24, 336.817931, 8.333333, 0.000006, 0.000028, 
trial0001122, AA, 6182, 16, 386.421171, 13.250000, 0.000010, 0.000539, ZIC, 7141, 24, 297.552553, 7.416667, 0.000006, 0.000029, 
trial0001123, AA, 9302, 16, 581.384989, 14.187500, 0.000010, 0.000544, ZIC, 4133, 24, 172.243340, 6.291667, 0.000006, 0.000027, 
trial0001124, AA, 8740, 16, 546.282879, 13.625000, 0.000010, 0.000641, ZIC, 4993, 24, 208.061414, 6.250000, 0.000006, 0.000024, 
trial0001125, AA, 6705, 16, 419.097474, 14.500000, 0.000010, 0.000492, ZIC, 6833, 24, 284.726684, 6.833333, 0.000006, 0.000028, 
trial0001126, AA, 3624, 16, 226.511771, 12.312500, 0.000010, 0.000528, ZIC, 10072, 24, 419.700486, 8.375000, 0.000006, 0.000030, 
trial0001127, AA, 4421, 16, 276.344749, 13.125000, 0.000010, 0.000648, ZIC, 9266, 24, 386.103501, 7.416667, 0.000006, 0.000026, 
trial0001128, AA, 8312, 16, 519.561915, 15.375000, 0.000010, 0.000482, ZIC, 5766, 24, 240.250390, 6.166667, 0.000006, 0.000026, 
trial0001129, AA, 6104, 16, 381.530211, 11.000000, 0.000010, 0.000665, ZIC, 6799, 24, 283.313193, 8.333333, 0.000006, 0.000026, 
trial0001130, AA, 6253, 16, 390.851443, 10.500000, 0.000010, 0.000790, ZIC, 6696, 24, 279.015705, 7.416667, 0.000006, 0.000024, 
trial0001131, AA, 2394, 16, 149.675325, 12.875000, 0.000010, 0.000582, ZIC, 11128, 24, 463.674783, 8.666667, 0.000006, 0.000027, 
trial0001132, AA, 5830, 16, 364.404467, 13.500000, 0.000010, 0.000487, ZIC, 7739, 24, 322.480355, 8.000000, 0.000006, 0.000029, 
trial0001133, AA, 4074, 16, 254.673234, 13.625000, 0.000010, 0.000498, ZIC, 9181, 24, 382.551177, 8.750000, 0.000006, 0.000030, 
trial0001134, AA, 7286, 16, 455.408538, 14.125000, 0.000010, 0.000450, ZIC, 5952, 24, 248.019308, 7.500000, 0.000006, 0.000027, 
trial0001135, AA, 5081, 16, 317.606206, 14.500000, 0.000010, 0.000450, ZIC, 7794, 24, 324.762530, 7.750000, 0.000006, 0.000027, 
trial0001136, AA, 3658, 16, 228.668516, 11.250000, 0.000010, 0.000498, ZIC, 10088, 24, 420.345990, 8.666667, 0.000006, 0.000027, 
trial0001137, AA, 9458, 16, 591.137680, 13.750000, 0.000010, 0.000487, ZIC, 4498, 24, 187.449880, 5.666667, 0.000006, 0.000026, 
trial0001138, AA, 8657, 16, 541.095828, 13.750000, 0.000010, 0.000558, ZIC, 5331, 24, 222.144448, 6.083333, 0.000006, 0.000027, 
trial0001139, AA, 6698, 16, 418.642468, 15.437500, 0.000010, 0.000408, ZIC, 6230, 24, 259.613355, 6.875000, 0.000006, 0.000026, 
trial0001140, AA, 4057, 16, 253.607260, 13.375000, 0.000010, 0.000429, ZIC, 9296, 24, 387.345160, 8.833333, 0.000006, 0.000029, 
trial0001141, AA, 3962, 16, 247.650387, 14.937500, 0.000010, 0.000414, ZIC, 9353, 24, 389.733075, 8.208333, 0.000006, 0.000027, 
trial0001142, AA, 4372, 16, 273.256428, 12.250000, 0.000010, 0.000636, ZIC, 8783, 24, 365.995715, 9.500000, 0.000006, 0.000028, 
trial0001143, AA, 7427, 16, 464.217514, 13.250000, 0.000010, 0.000547, ZIC, 5733, 24, 238.896657, 7.416667, 0.000006, 0.000024, 
trial0001144, AA, 3607, 16, 225.453596, 12.312500, 0.000010, 0.000548, ZIC, 9363, 24, 390.155936, 8.708333, 0.000006, 0.000029, 
trial0001145, AA, 2637, 16, 164.818166, 12.062500, 0.000010, 0.000538, ZIC, 10817, 24, 450.746223, 9.291667, 0.000006, 0.000027, 
trial0001146, AA, 5437, 16, 339.874061, 13.562500, 0.000010, 0.000407, ZIC, 7841, 24, 326.708959, 7.541667, 0.000006, 0.000027, 
trial0001147, AA, 5980, 16, 373.762511, 11.250000, 0.000010, 0.000770, ZIC, 7258, 24, 302.449993, 6.916667, 0.000006, 0.000025, 
trial0001148, AA, 4304, 16, 269.006580, 10.187500, 0.000010, 0.000773, ZIC, 8993, 24, 374.745613, 9.208333, 0.000006, 0.000026, 
trial0001149, AA, 3872, 16, 242.047012, 11.500000, 0.000010, 0.000643, ZIC, 8722, 24, 363.426992, 7.583333, 0.000006, 0.000027, 
trial0001150, AA, 5938, 16, 371.156144, 12.250000, 0.000010, 0.000537, ZIC, 6729, 24, 280.395904, 7.000000, 0.000006, 0.000026, 
trial0001151, AA, 8899, 16, 556.216257, 13.937500, 0.000010, 0.000471, ZIC, 4950, 24, 206.272495, 6.041667, 0.000006, 0.000025, 
trial0001152, AA, 4747, 16, 296.746225, 12.500000, 0.000010, 0.000501, ZIC, 8558, 24, 356.585850, 8.666667, 0.000006, 0.000027, 
trial0001153, AA, 7056, 16, 441.033484, 14.437500, 0.000010, 0.000478, ZIC, 6379, 24, 265.811011, 6.625000, 0.000006, 0.000027, 
trial0001154, AA, 5757, 16, 359.848726, 10.562500, 0.000010, 0.000646, ZIC, 7489, 24, 312.059182, 8.708333, 0.000006, 0.000027, 
trial0001155, AA, 6037, 16, 377.317274, 15.937500, 0.000010, 0.000461, ZIC, 8137, 24, 339.080151, 6.458333, 0.000005, 0.000028, 
trial0001156, AA, 7264, 16, 454.024487, 14.062500, 0.000010, 0.000531, ZIC, 6386, 24, 266.108675, 6.875000, 0.000006, 0.000027, 
trial0001157, AA, 3407, 16, 212.983911, 10.812500, 0.000010, 0.000733, ZIC, 9329, 24, 388.719059, 9.541667, 0.000006, 0.000026, 
trial0001158, AA, 7572, 16, 473.308916, 14.375000, 0.000010, 0.000459, ZIC, 5920, 24, 246.669056, 7.000000, 0.000006, 0.000026, 
trial0001159, AA, 6200, 16, 387.517962, 11.625000, 0.000010, 0.000712, ZIC, 6891, 24, 287.154692, 7.416667, 0.000006, 0.000026, 
trial0001160, AA, 6532, 16, 408.299139, 13.875000, 0.000010, 0.000547, ZIC, 6474, 24, 269.758907, 7.583333, 0.000006, 0.000026, 
trial0001161, AA, 5853, 16, 365.853248, 14.687500, 0.000010, 0.000447, ZIC, 7592, 24, 316.347834, 7.541667, 0.000006, 0.000029, 
trial0001162, AA, 5774, 16, 360.898969, 13.437500, 0.000010, 0.000522, ZIC, 7530, 24, 313.775687, 7.875000, 0.000006, 0.000027, 
trial0001163, AA, 5134, 16, 320.926252, 11.812500, 0.000010, 0.000819, ZIC, 7677, 24, 319.882499, 7.375000, 0.000006, 0.000026, 
trial0001164, AA, 5188, 16, 324.260515, 10.437500, 0.000010, 0.000681, ZIC, 7825, 24, 326.076324, 7.875000, 0.000006, 0.000026, 
trial0001165, AA, 6766, 16, 422.924319, 12.312500, 0.000010, 0.000447, ZIC, 6290, 24, 262.092121, 7.625000, 0.000006, 0.000027, 
trial0001166, AA, 5931, 16, 370.703362, 14.437500, 0.000010, 0.000490, ZIC, 7752, 24, 323.031092, 6.958333, 0.000006, 0.000026, 
trial0001167, AA, 4275, 16, 267.230965, 11.875000, 0.000010, 0.000576, ZIC, 9388, 24, 391.179356, 8.083333, 0.000006, 0.000028, 
trial0001168, AA, 4780, 16, 298.791646, 11.875000, 0.000010, 0.000517, ZIC, 8413, 24, 350.555569, 7.666667, 0.000006, 0.000028, 
trial0001169, AA, 4458, 16, 278.684967, 13.250000, 0.000010, 0.000498, ZIC, 9216, 24, 384.001689, 8.833333, 0.000006, 0.000029, 
trial0001170, AA, 5689, 16, 355.617952, 13.687500, 0.000010, 0.000456, ZIC, 7609, 24, 317.046365, 8.291667, 0.000006, 0.000027, 
trial0001171, AA, 5197, 16, 324.822904, 11.062500, 0.000010, 0.000756, ZIC, 7646, 24, 318.618064, 7.541667, 0.000006, 0.000025, 
trial0001172, AA, 4559, 16, 284.959477, 14.875000, 0.000010, 0.000393, ZIC, 8893, 24, 370.568682, 8.000000, 0.000006, 0.000029, 
trial0001173, AA, 7822, 16, 488.921085, 17.437500, 0.000010, 0.000509, ZIC, 5966, 24, 248.594277, 5.791667, 0.000006, 0.000026, 
trial0001174, AA, 4571, 16, 285.722058, 8.312500, 0.000010, 0.000777, ZIC, 8223, 24, 342.643628, 9.291667, 0.000006, 0.000028, 
trial0001175, AA, 6821, 16, 426.353507, 12.250000, 0.000010, 0.000610, ZIC, 6120, 24, 255.014328, 7.500000, 0.000006, 0.000024, 
trial0001176, AA, 5378, 16, 336.181860, 13.687500, 0.000010, 0.000442, ZIC, 8149, 24, 339.545427, 7.458333, 0.000006, 0.000026, 
trial0001177, AA, 6791, 16, 424.440805, 12.375000, 0.000010, 0.000620, ZIC, 6553, 24, 273.081130, 7.166667, 0.000006, 0.000026, 
trial0001178, AA, 5407, 16, 337.947184, 12.812500, 0.000010, 0.000457, ZIC, 7916, 24, 329.868544, 7.541667, 0.000006, 0.000028, 
trial0001179, AA, 2008, 16, 125.500808, 11.500000, 0.000010, 0.000761, ZIC, 11128, 24, 463.707795, 10.166667, 0.000006, 0.000029, 
trial0001180, AA, 6833, 16, 427.079646, 13.562500, 0.000010, 0.000464, ZIC, 6077, 24, 253.238569, 6.541667, 0.000006, 0.000027, 
trial0001181, AA, 6358, 16, 397.402278, 13.250000, 0.000010, 0.000467, ZIC, 6849, 24, 285.398481, 8.166667, 0.000006, 0.000027, 
trial0001182, AA, 7501, 16, 468.816225, 14.687500, 0.000010, 0.000538, ZIC, 5724, 24, 238.539184, 6.375000, 0.000006, 0.000026, 
trial0001183, AA, 3825, 16, 239.114311, 8.937500, 0.000010, 0.000715, ZIC, 9826, 24, 409.423793, 9.625000, 0.000006, 0.000027, 
trial0001184, AA, 5809, 16, 363.079501, 11.312500, 0.000010, 0.000849, ZIC, 7631, 24, 317.988666, 7.541667, 0.000006, 0.000026, 
trial0001185, AA, 4671, 16, 291.947909, 13.250000, 0.000010, 0.000484, ZIC, 8795, 24, 366.493060, 7.750000, 0.000006, 0.000027, 
trial0001186, AA, 5443, 16, 340.202626, 12.312500, 0.000010, 0.000536, ZIC, 7515, 24, 313.156583, 7.291667, 0.000006, 0.000026, 
trial0001187, AA, 4487, 16, 280.442312, 11.187500, 0.000010, 0.000836, ZIC, 8716, 24, 363.205125, 7.458333, 0.000006, 0.000027, 
trial0001188, AA, 7121, 16, 445.092085, 13.437500, 0.000010, 0.000548, ZIC, 6209, 24, 258.730277, 6.958333, 0.000006, 0.000027, 
trial0001189, AA, 6210, 16, 388.137508, 12.187500, 0.000010, 0.000526, ZIC, 7182, 24, 299.283328, 7.875000, 0.000006, 0.000025, 
trial0001190, AA, 5996, 16, 374.774295, 11.062500, 0.000010, 0.000504, ZIC, 6907, 24, 287.817137, 7.708333, 0.000006, 0.000026, 
trial0001191, AA, 6986, 16, 436.660905, 12.750000, 0.000010, 0.000511, ZIC, 5922, 24, 246.767730, 8.166667, 0.000006, 0.000028, 
trial0001192, AA, 5338, 16, 333.625508, 12.562500, 0.000010, 0.000472, ZIC, 8184, 24, 341.041328, 8.541667, 0.000006, 0.000027, 
trial0001193, AA, 4283, 16, 267.699455, 14.000000, 0.000010, 0.000718, ZIC, 9058, 24, 377.450363, 7.166667, 0.000006, 0.000029, 
trial0001194, AA, 6781, 16, 423.865259, 12.437500, 0.000010, 0.000560, ZIC, 6563, 24, 273.464827, 7.458333, 0.000006, 0.000026, 
trial0001195, AA, 7196, 16, 449.769874, 15.562500, 0.000010, 0.000451, ZIC, 6424, 24, 267.695084, 6.958333, 0.000006, 0.000029, 
trial0001196, AA, 6506, 16, 406.671535, 13.375000, 0.000010, 0.000584, ZIC, 6547, 24, 272.802310, 6.833333, 0.000006, 0.000026, 
trial0001197, AA, 4810, 16, 300.687403, 11.125000, 0.000010, 0.000495, ZIC, 8959, 24, 373.291731, 8.000000, 0.000006, 0.000028, 
trial0001198, AA, 5493, 16, 343.356357, 13.937500, 0.000010, 0.000506, ZIC, 8163, 24, 340.137429, 8.541667, 0.000006, 0.000029, 
trial0001199, AA, 6414, 16, 400.914338, 16.125000, 0.000010, 0.000444, ZIC, 7012, 24, 292.182108, 6.916667, 0.000006, 0.000030, 
trial0001200, AA, 5646, 16, 352.927893, 13.250000, 0.000010, 0.000496, ZIC, 8110, 24, 337.923072, 7.500000, 0.000006, 0.000029, 
trial0001201, AA, 11685, 16, 730.374537, 18.937500, 0.000010, 0.000577, ZIC, 14040, 24, 585.000308, 12.958333, 0.000006, 0.000032, 
trial0001202, AA, 12984, 16, 811.519821, 18.125000, 0.000010, 0.000554, ZIC, 12936, 24, 539.028453, 13.083333, 0.000006, 0.000030, 
trial0001203, AA, 9435, 16, 589.692156, 18.375000, 0.000010, 0.000577, ZIC, 16514, 24, 688.121896, 14.416667, 0.000006, 0.000033, 
trial0001204, AA, 8893, 16, 555.874704, 18.000000, 0.000010, 0.000539, ZIC, 16900, 24, 704.166864, 14.916667, 0.000006, 0.000035, 
trial0001205, AA, 11431, 16, 714.478038, 18.250000, 0.000010, 0.000545, ZIC, 14478, 24, 603.264641, 13.416667, 0.000006, 0.000035, 
trial0001206, AA, 11013, 16, 688.337550, 17.687500, 0.000010, 0.000543, ZIC, 14825, 24, 617.733300, 14.541667, 0.000006, 0.000031, 
trial0001207, AA, 8909, 16, 556.862642, 17.500000, 0.000010, 0.000568, ZIC, 16302, 24, 679.258239, 14.583333, 0.000006, 0.000035, 
trial0001208, AA, 12997, 16, 812.335126, 17.562500, 0.000010, 0.000527, ZIC, 13071, 24, 544.651583, 13.291667, 0.000006, 0.000032, 
trial0001209, AA, 11597, 16, 724.840830, 18.687500, 0.000010, 0.000565, ZIC, 13858, 24, 577.439447, 12.458333, 0.000006, 0.000032, 
trial0001210, AA, 10619, 16, 663.706107, 18.312500, 0.000010, 0.000565, ZIC, 14976, 24, 624.029262, 14.875000, 0.000006, 0.000031, 
trial0001211, AA, 10307, 16, 644.211542, 17.125000, 0.000010, 0.000540, ZIC, 15380, 24, 640.858972, 14.000000, 0.000006, 0.000032, 
trial0001212, AA, 12381, 16, 773.843140, 18.000000, 0.000010, 0.000502, ZIC, 13335, 24, 555.646240, 12.750000, 0.000006, 0.000033, 
trial0001213, AA, 11661, 16, 728.825861, 17.500000, 0.000010, 0.000537, ZIC, 14014, 24, 583.949426, 13.416667, 0.000006, 0.000032, 
trial0001214, AA, 10842, 16, 677.661280, 16.687500, 0.000010, 0.000538, ZIC, 14976, 24, 624.017480, 15.125000, 0.000006, 0.000033, 
trial0001215, AA, 8445, 16, 527.826911, 18.000000, 0.000010, 0.000525, ZIC, 17281, 24, 720.073726, 15.083333, 0.000006, 0.000036, 
trial0001216, AA, 10593, 16, 662.076012, 18.437500, 0.000010, 0.000564, ZIC, 14912, 24, 621.365992, 13.875000, 0.000006, 0.000033, 
trial0001217, AA, 10127, 16, 632.993940, 17.312500, 0.000010, 0.000518, ZIC, 15324, 24, 638.504040, 13.625000, 0.000006, 0.000034, 
trial0001218, AA, 11404, 16, 712.803921, 18.812500, 0.000010, 0.000579, ZIC, 14635, 24, 609.797386, 13.625000, 0.000006, 0.000031, 
trial0001219, AA, 10717, 16, 669.835865, 18.250000, 0.000010, 0.000563, ZIC, 15566, 24, 648.609423, 14.250000, 0.000006, 0.000033, 
trial0001220, AA, 12327, 16, 770.471482, 19.000000, 0.000010, 0.000623, ZIC, 13784, 24, 574.352345, 13.250000, 0.000006, 0.000031, 
trial0001221, AA, 10773, 16, 673.372178, 18.187500, 0.000010, 0.000539, ZIC, 15209, 24, 633.710215, 14.125000, 0.000006, 0.000032, 
trial0001222, AA, 10510, 16, 656.919347, 18.375000, 0.000010, 0.000526, ZIC, 15188, 24, 632.845435, 13.583333, 0.000006, 0.000033, 
trial0001223, AA, 11519, 16, 719.937853, 18.750000, 0.000010, 0.000591, ZIC, 14564, 24, 606.874765, 14.000000, 0.000006, 0.000030, 
trial0001224, AA, 10996, 16, 687.298419, 18.687500, 0.000010, 0.000570, ZIC, 15169, 24, 632.051054, 13.541667, 0.000006, 0.000033, 
trial0001225, AA, 11787, 16, 736.744180, 18.250000, 0.000010, 0.000549, ZIC, 13680, 24, 570.003880, 13.666667, 0.000006, 0.000031, 
trial0001226, AA, 12820, 16, 801.297715, 19.000000, 0.000010, 0.000641, ZIC, 13112, 24, 546.343190, 13.083333, 0.000006, 0.000030, 
trial0001227, AA, 11044, 16, 690.265751, 18.375000, 0.000010, 0.000576, ZIC, 14299, 24, 595.822833, 13.000000, 0.000006, 0.000031, 
trial0001228, AA, 11886, 16, 742.880206, 18.500000, 0.000010, 0.000555, ZIC, 14081, 24, 586.746530, 13.583333, 0.000006, 0.000030, 
trial0001229, AA, 10282, 16, 642.643351, 17.812500, 0.000010, 0.000565, ZIC, 15213, 24, 633.904432, 14.041667, 0.000006, 0.000033, 
trial0001230, AA, 12649, 16, 790.567869, 17.125000, 0.000010, 0.000577, ZIC, 13255, 24, 552.329754, 13.666667, 0.000006, 0.000033, 
trial0001231, AA, 9831, 16, 614.440939, 16.875000, 0.000010, 0.000509, ZIC, 15859, 24, 660.831041, 14.083333, 0.000006, 0.000032, 
trial0001232, AA, 11755, 16, 734.733552, 19.000000, 0.000010, 0.000629, ZIC, 13716, 24, 571.510965, 12.833333, 0.000006, 0.000030, 
trial0001233, AA, 9715, 16, 607.238989, 17.250000, 0.000010, 0.000522, ZIC, 15853, 24, 660.549007, 14.666667, 0.000006, 0.000029, 
trial0001234, AA, 10940, 16, 683.771665, 17.937500, 0.000010, 0.000551, ZIC, 14916, 24, 621.527223, 13.875000, 0.000006, 0.000035, 
trial0001235, AA, 10085, 16, 630.368097, 19.000000, 0.000010, 0.000573, ZIC, 15460, 24, 644.171268, 13.583333, 0.000006, 0.000036, 
trial0001236, AA, 12619, 16, 788.745157, 18.062500, 0.000010, 0.000579, ZIC, 13169, 24, 548.711562, 13.208333, 0.000006, 0.000032, 
trial0001237, AA, 12385, 16, 774.076334, 18.625000, 0.000010, 0.000602, ZIC, 13515, 24, 563.157444, 12.833333, 0.000006, 0.000030, 
trial0001238, AA, 13105, 16, 819.100724, 17.437500, 0.000010, 0.000549, ZIC, 12710, 24, 529.599517, 13.291667, 0.000006, 0.000033, 
trial0001239, AA, 11354, 16, 709.658798, 19.000000, 0.000010, 0.000580, ZIC, 14055, 24, 585.644135, 12.916667, 0.000006, 0.000032, 
trial0001240, AA, 12332, 16, 770.789623, 18.312500, 0.000010, 0.000537, ZIC, 13673, 24, 569.723584, 13.541667, 0.000006, 0.000028, 
trial0001241, AA, 8383, 16, 523.963441, 18.375000, 0.000010, 0.000531, ZIC, 17333, 24, 722.232706, 14.916667, 0.000006, 0.000035, 
trial0001242, AA, 10356, 16, 647.289479, 18.562500, 0.000010, 0.000545, ZIC, 15523, 24, 646.807014, 12.958333, 0.000006, 0.000034, 
trial0001243, AA, 11859, 16, 741.211055, 18.875000, 0.000010, 0.000601, ZIC, 13255, 24, 552.317630, 12.750000, 0.000006, 0.000029, 
trial0001244, AA, 11061, 16, 691.319402, 18.875000, 0.000010, 0.000609, ZIC, 14288, 24, 595.370399, 12.583333, 0.000006, 0.000031, 
trial0001245, AA, 10589, 16, 661.837042, 18.250000, 0.000010, 0.000575, ZIC, 15112, 24, 629.691972, 13.750000, 0.000006, 0.000033, 
trial0001246, AA, 12318, 16, 769.876740, 19.000000, 0.000011, 0.000608, ZIC, 13085, 24, 545.248840, 12.166667, 0.000006, 0.000029, 
trial0001247, AA, 11787, 16, 736.716524, 18.687500, 0.000011, 0.000607, ZIC, 14011, 24, 583.813984, 13.125000, 0.000006, 0.000032, 
trial0001248, AA, 12881, 16, 805.065216, 17.125000, 0.000010, 0.000531, ZIC, 13131, 24, 547.164856, 13.166667, 0.000006, 0.000035, 
trial0001249, AA, 12065, 16, 754.096192, 18.437500, 0.000010, 0.000543, ZIC, 14254, 24, 593.935872, 13.208333, 0.000006, 0.000032, 
trial0001250, AA, 11017, 16, 688.613578, 16.500000, 0.000010, 0.000570, ZIC, 14348, 24, 597.840948, 14.000000, 0.000006, 0.000032, 
trial0001251, AA, 11962, 16, 747.676581, 17.875000, 0.000010, 0.000574, ZIC, 14080, 24, 586.673946, 13.666667, 0.000006, 0.000033, 
trial0001252, AA, 12031, 16, 751.958373, 18.250000, 0.000010, 0.000549, ZIC, 14099, 24, 587.486085, 13.083333, 0.000006, 0.000034, 
trial0001253, AA, 9294, 16, 580.932844, 17.875000, 0.000010, 0.000519, ZIC, 16648, 24, 693.669771, 14.666667, 0.000006, 0.000032, 
trial0001254, AA, 8581, 16, 536.347716, 17.437500, 0.000010, 0.000508, ZIC, 17114, 24, 713.101523, 14.625000, 0.000006, 0.000033, 
trial0001255, AA, 11626, 16, 726.677254, 18.937500, 0.000010, 0.000607, ZIC, 14422, 24, 600.923497, 12.708333, 0.000006, 0.000033, 
trial0001256, AA, 11597, 16, 724.863894, 17.937500, 0.000010, 0.000567, ZIC, 14054, 24, 585.590738, 13.458333, 0.000006, 0.000032, 
trial0001257, AA, 11033, 16, 689.612546, 18.812500, 0.000010, 0.000602, ZIC, 15278, 24, 636.591636, 13.958333, 0.000006, 0.000029, 
trial0001258, AA, 11963, 16, 747.706342, 18.625000, 0.000010, 0.000553, ZIC, 13734, 24, 572.279105, 13.250000, 0.000006, 0.000029, 
trial0001259, AA, 12138, 16, 758.645118, 18.812500, 0.000010, 0.000596, ZIC, 13527, 24, 563.653255, 12.125000, 0.000006, 0.000031, 
trial0001260, AA, 12549, 16, 784.316204, 19.000000, 0.000010, 0.000634, ZIC, 12955, 24, 539.830864, 13.083333, 0.000006, 0.000029, 
trial0001261, AA, 12359, 16, 772.496449, 18.625000, 0.000010, 0.000594, ZIC, 13110, 24, 546.252367, 13.250000, 0.000006, 0.000031, 
trial0001262, AA, 11257, 16, 703.622210, 17.812500, 0.000010, 0.000547, ZIC, 14053, 24, 585.543527, 13.958333, 0.000006, 0.000030, 
trial0001263, AA, 10440, 16, 652.554020, 17.375000, 0.000010, 0.000523, ZIC, 14167, 24, 590.297320, 13.333333, 0.000006, 0.000032, 
trial0001264, AA, 10735, 16, 670.981333, 18.812500, 0.000010, 0.000594, ZIC, 15217, 24, 634.054111, 14.291667, 0.000006, 0.000034, 
trial0001265, AA, 9385, 16, 586.578094, 18.312500, 0.000010, 0.000552, ZIC, 16070, 24, 669.614604, 14.625000, 0.000006, 0.000032, 
trial0001266, AA, 11259, 16, 703.731457, 18.750000, 0.000010, 0.000548, ZIC, 14532, 24, 605.512362, 13.250000, 0.000006, 0.000032, 
trial0001267, AA, 11403, 16, 712.695771, 18.500000, 0.000010, 0.000558, ZIC, 14194, 24, 591.452819, 13.750000, 0.000006, 0.000033, 
trial0001268, AA, 11603, 16, 725.219799, 18.250000, 0.000010, 0.000569, ZIC, 14384, 24, 599.353467, 13.083333, 0.000006, 0.000031, 
trial0001269, AA, 11160, 16, 697.515338, 18.312500, 0.000010, 0.000542, ZIC, 14977, 24, 624.073108, 13.541667, 0.000006, 0.000032, 
trial0001270, AA, 10513, 16, 657.085347, 18.000000, 0.000010, 0.000525, ZIC, 15333, 24, 638.901436, 13.500000, 0.000006, 0.000036, 
trial0001271, AA, 13209, 16, 825.577990, 18.750000, 0.000010, 0.000590, ZIC, 12362, 24, 515.114673, 12.500000, 0.000006, 0.000029, 
trial0001272, AA, 8700, 16, 543.775212, 17.125000, 0.000010, 0.000516, ZIC, 17115, 24, 713.149859, 15.333333, 0.000006, 0.000033, 
trial0001273, AA, 11023, 16, 688.968238, 17.437500, 0.000010, 0.000559, ZIC, 14548, 24, 606.187841, 13.458333, 0.000006, 0.000032, 
trial0001274, AA, 11204, 16, 700.310262, 18.125000, 0.000010, 0.000551, ZIC, 14508, 24, 604.501492, 13.333333, 0.000006, 0.000033, 
trial0001275, AA, 9612, 16, 600.774348, 18.250000, 0.000010, 0.000514, ZIC, 15972, 24, 665.525435, 14.666667, 0.000006, 0.000032, 
trial0001276, AA, 11672, 16, 729.531077, 18.687500, 0.000010, 0.000601, ZIC, 14042, 24, 585.104282, 12.958333, 0.000006, 0.000031, 
trial0001277, AA, 12871, 16, 804.484699, 18.937500, 0.000010, 0.000588, ZIC, 12854, 24, 535.593534, 12.541667, 0.000006, 0.000028, 
trial0001278, AA, 10633, 16, 664.572841, 18.625000, 0.000010, 0.000529, ZIC, 15468, 24, 644.534773, 13.500000, 0.000006, 0.000031, 
trial0001279, AA, 10772, 16, 673.257319, 18.437500, 0.000010, 0.000592, ZIC, 14926, 24, 621.953454, 14.125000, 0.000006, 0.000034, 
trial0001280, AA, 13032, 16, 814.521703, 18.125000, 0.000010, 0.000580, ZIC, 12671, 24, 527.985531, 13.250000, 0.000006, 0.000032, 
trial0001281, AA, 8752, 16, 547.029948, 18.500000, 0.000010, 0.000585, ZIC, 17361, 24, 723.396702, 14.166667, 0.000006, 0.000034, 
trial0001282, AA, 10802, 16, 675.174473, 17.937500, 0.000010, 0.000560, ZIC, 15120, 24, 630.008685, 14.291667, 0.000006, 0.000034, 
trial0001283, AA, 9610, 16, 600.636536, 18.750000, 0.000010, 0.000581, ZIC, 15759, 24, 656.658976, 14.750000, 0.000006, 0.000031, 
trial0001284, AA, 10857, 16, 678.597937, 18.500000, 0.000010, 0.000546, ZIC, 15095, 24, 628.976375, 13.416667, 0.000006, 0.000035, 
trial0001285, AA, 9437, 16, 589.864611, 18.250000, 0.000010, 0.000544, ZIC, 16340, 24, 680.840259, 13.750000, 0.000006, 0.000035, 
trial0001286, AA, 12155, 16, 759.735973, 17.375000, 0.000010, 0.000564, ZIC, 13162, 24, 548.426018, 13.416667, 0.000006, 0.000035, 
trial0001287, AA, 12686, 16, 792.916350, 19.000000, 0.000010, 0.000623, ZIC, 13009, 24, 542.055767, 12.583333, 0.000006, 0.000031, 
trial0001288, AA, 13850, 16, 865.667193, 18.937500, 0.000010, 0.000629, ZIC, 11896, 24, 495.680205, 11.791667, 0.000006, 0.000027, 
trial0001289, AA, 11468, 16, 716.798875, 18.875000, 0.000010, 0.000597, ZIC, 13955, 24, 581.467416, 12.916667, 0.000006, 0.000031, 
trial0001290, AA, 11730, 16, 733.128116, 17.750000, 0.000010, 0.000536, ZIC, 14540, 24, 605.872923, 14.083333, 0.000006, 0.000034, 
trial0001291, AA, 10242, 16, 640.138114, 19.000000, 0.000010, 0.000586, ZIC, 15440, 24, 643.366258, 13.916667, 0.000006, 0.000032, 
trial0001292, AA, 13527, 16, 845.449270, 16.812500, 0.000010, 0.000540, ZIC, 12240, 24, 510.033820, 13.125000, 0.000006, 0.000031, 
trial0001293, AA, 12296, 16, 768.553917, 18.937500, 0.000010, 0.000611, ZIC, 13360, 24, 556.672389, 12.958333, 0.000006, 0.000029, 
trial0001294, AA, 13333, 16, 833.314145, 18.312500, 0.000011, 0.000585, ZIC, 12837, 24, 534.915570, 13.291667, 0.000006, 0.000027, 
trial0001295, AA, 10182, 16, 636.433538, 17.500000, 0.000010, 0.000521, ZIC, 15616, 24, 650.669308, 14.333333, 0.000006, 0.000032, 
trial0001296, AA, 11394, 16, 712.146879, 16.750000, 0.000010, 0.000522, ZIC, 13912, 24, 579.693748, 13.000000, 0.000006, 0.000031, 
trial0001297, AA, 10505, 16, 656.585482, 19.000000, 0.000010, 0.000592, ZIC, 14958, 24, 623.276346, 13.000000, 0.000006, 0.000032, 
trial0001298, AA, 11876, 16, 742.301932, 17.812500, 0.000010, 0.000567, ZIC, 13797, 24, 574.882045, 13.041667, 0.000006, 0.000032, 
trial0001299, AA, 9797, 16, 612.329292, 18.312500, 0.000010, 0.000536, ZIC, 16122, 24, 671.780472, 13.958333, 0.000006, 0.000035, 
trial0001300, AA, 13920, 16, 870.024819, 18.437500, 0.000010, 0.000583, ZIC, 11451, 24, 477.150120, 12.541667, 0.000006, 0.000033, 
trial0001301, AA, 6892, 16, 430.770523, 9.875000, 0.000010, 0.003155, ZIC, 4535, 24, 188.986318, 5.666667, 0.000006, 0.000026, 
trial0001302, AA, 4310, 16, 269.425985, 8.937500, 0.000009, 0.001229, ZIC, 6717, 24, 279.882676, 7.291667, 0.000006, 0.000031, 
trial0001303, AA, 6221, 16, 388.845198, 12.125000, 0.000010, 0.002289, ZIC, 5251, 24, 218.811535, 5.666667, 0.000006, 0.000029, 
trial0001304, AA, 3625, 16, 226.576568, 11.187500, 0.000010, 0.000924, ZIC, 8005, 24, 333.573955, 7.208333, 0.000006, 0.000036, 
trial0001305, AA, 2989, 16, 186.836274, 8.812500, 0.000010, 0.002556, ZIC, 8143, 24, 339.317484, 8.541667, 0.000006, 0.000034, 
trial0001306, AA, 5688, 16, 355.561513, 11.375000, 0.000010, 0.001447, ZIC, 4836, 24, 201.500658, 5.916667, 0.000006, 0.000031, 
trial0001307, AA, 5164, 16, 322.756491, 8.562500, 0.000010, 0.002200, ZIC, 6824, 24, 284.370673, 7.375000, 0.000006, 0.000036, 
trial0001308, AA, 6744, 16, 421.503017, 14.187500, 0.000009, 0.000359, ZIC, 4645, 24, 193.581322, 5.458333, 0.000006, 0.000033, 
trial0001309, AA, 5117, 16, 319.819326, 8.812500, 0.000010, 0.001561, ZIC, 5694, 24, 237.287116, 6.541667, 0.000006, 0.000030, 
trial0001310, AA, 5052, 16, 315.797409, 12.500000, 0.000010, 0.002397, ZIC, 6251, 24, 260.468394, 6.083333, 0.000006, 0.000031, 
trial0001311, AA, 6356, 16, 397.271900, 13.375000, 0.000010, 0.001295, ZIC, 5327, 24, 221.985400, 5.500000, 0.000006, 0.000037, 
trial0001312, AA, 6497, 16, 406.073204, 11.687500, 0.000010, 0.002227, ZIC, 5399, 24, 224.992864, 5.791667, 0.000006, 0.000034, 
trial0001313, AA, 6858, 16, 428.686712, 13.500000, 0.000010, 0.000655, ZIC, 4483, 24, 186.792192, 5.000000, 0.000006, 0.000026, 
trial0001314, AA, 7091, 16, 443.192334, 12.312500, 0.000010, 0.002665, ZIC, 4433, 24, 184.746777, 5.958333, 0.000006, 0.000031, 
trial0001315, AA, 7326, 16, 457.902777, 9.937500, 0.000009, 0.001278, ZIC, 3877, 24, 161.564815, 5.708333, 0.000006, 0.000028, 
trial0001316, AA, 6477, 16, 404.812742, 12.750000, 0.000010, 0.003729, ZIC, 4454, 24, 185.624838, 5.833333, 0.000006, 0.000032, 
trial0001317, AA, 4622, 16, 288.936945, 11.312500, 0.000010, 0.001284, ZIC, 6226, 24, 259.417037, 7.375000, 0.000006, 0.000032, 
trial0001318, AA, 5523, 16, 345.202503, 12.500000, 0.000010, 0.001031, ZIC, 6095, 24, 253.989998, 6.583333, 0.000006, 0.000043, 
trial0001319, AA, 6126, 16, 382.903764, 13.625000, 0.000010, 0.002398, ZIC, 5351, 24, 222.980824, 5.916667, 0.000006, 0.000033, 
trial0001320, AA, 6141, 16, 383.860560, 14.187500, 0.000011, 0.001414, ZIC, 4931, 24, 205.467960, 5.791667, 0.000006, 0.000034, 
trial0001321, AA, 2959, 16, 184.984606, 7.500000, 0.000010, 0.002885, ZIC, 7079, 24, 294.968596, 8.416667, 0.000006, 0.000027, 
trial0001322, AA, 4124, 16, 257.751408, 11.125000, 0.000010, 0.003769, ZIC, 7141, 24, 297.582395, 7.500000, 0.000006, 0.000033, 
trial0001323, AA, 4129, 16, 258.110127, 12.312500, 0.000010, 0.000975, ZIC, 6705, 24, 279.384915, 6.541667, 0.000006, 0.000030, 
trial0001324, AA, 3830, 16, 239.431265, 8.687500, 0.000010, 0.002260, ZIC, 7469, 24, 311.212490, 7.541667, 0.000006, 0.000034, 
trial0001325, AA, 6041, 16, 377.623360, 12.375000, 0.000009, 0.001121, ZIC, 5464, 24, 227.667760, 6.250000, 0.000006, 0.000034, 
trial0001326, AA, 3858, 16, 241.178789, 10.312500, 0.000010, 0.002366, ZIC, 7724, 24, 321.839140, 7.541667, 0.000006, 0.000029, 
trial0001327, AA, 5296, 16, 331.040364, 11.187500, 0.000009, 0.001849, ZIC, 5581, 24, 232.556424, 6.791667, 0.000006, 0.000032, 
trial0001328, AA, 6474, 16, 404.656208, 12.375000, 0.000010, 0.000609, ZIC, 4919, 24, 204.979195, 5.500000, 0.000006, 0.000026, 
trial0001329, AA, 3915, 16, 244.725374, 10.812500, 0.000009, 0.000733, ZIC, 7278, 24, 303.266417, 7.625000, 0.000006, 0.000034, 
trial0001330, AA, 5056, 16, 316.056975, 11.375000, 0.000010, 0.001077, ZIC, 6110, 24, 254.587017, 6.083333, 0.000006, 0.000031, 
trial0001331, AA, 4616, 16, 288.511300, 11.187500, 0.000010, 0.001073, ZIC, 5837, 24, 243.242467, 6.708333, 0.000006, 0.000030, 
trial0001332, AA, 5580, 16, 348.790019, 13.187500, 0.000010, 0.001351, ZIC, 6282, 24, 261.764988, 6.041667, 0.000006, 0.000033, 
trial0001333, AA, 4119, 16, 257.485446, 11.437500, 0.000009, 0.002212, ZIC, 6759, 24, 281.634702, 6.791667, 0.000006, 0.000031, 
trial0001334, AA, 4284, 16, 267.789921, 12.187500, 0.000009, 0.001821, ZIC, 7011, 24, 292.140053, 6.541667, 0.000006, 0.000033, 
trial0001335, AA, 6060, 16, 378.772050, 10.937500, 0.000010, 0.002474, ZIC, 5191, 24, 216.318633, 5.791667, 0.000006, 0.000028, 
trial0001336, AA, 4085, 16, 255.342745, 10.687500, 0.000010, 0.001133, ZIC, 6707, 24, 279.479836, 7.375000, 0.000006, 0.000033, 
trial0001337, AA, 5529, 16, 345.598640, 11.187500, 0.000010, 0.002398, ZIC, 5870, 24, 244.600907, 6.958333, 0.000006, 0.000028, 
trial0001338, AA, 8045, 16, 502.868630, 13.625000, 0.000010, 0.000704, ZIC, 3640, 24, 151.670913, 4.416667, 0.000006, 0.000028, 
trial0001339, AA, 5708, 16, 356.778132, 13.375000, 0.000010, 0.001048, ZIC, 5213, 24, 217.231245, 5.916667, 0.000006, 0.000031, 
trial0001340, AA, 4619, 16, 288.715211, 11.500000, 0.000010, 0.001460, ZIC, 6568, 24, 273.689859, 7.083333, 0.000006, 0.000035, 
trial0001341, AA, 2294, 16, 143.396986, 8.312500, 0.000010, 0.001348, ZIC, 8083, 24, 336.818676, 7.708333, 0.000006, 0.000028, 
trial0001342, AA, 5083, 16, 317.709728, 12.187500, 0.000010, 0.000601, ZIC, 6518, 24, 271.610181, 6.125000, 0.000006, 0.000029, 
trial0001343, AA, 5066, 16, 316.669097, 12.062500, 0.000010, 0.002304, ZIC, 5993, 24, 249.720602, 7.125000, 0.000006, 0.000029, 
trial0001344, AA, 4706, 16, 294.166431, 10.562500, 0.000010, 0.000908, ZIC, 6202, 24, 258.430712, 6.875000, 0.000006, 0.000031, 
trial0001345, AA, 5846, 16, 365.389067, 12.125000, 0.000010, 0.002010, ZIC, 5755, 24, 239.823955, 6.333333, 0.000006, 0.000034, 
trial0001346, AA, 6470, 16, 404.427109, 12.750000, 0.000010, 0.001479, ZIC, 4861, 24, 202.548594, 5.416667, 0.000006, 0.000029, 
trial0001347, AA, 5210, 16, 325.658497, 12.125000, 0.000010, 0.001487, ZIC, 6362, 24, 265.102668, 5.750000, 0.000006, 0.000030, 
trial0001348, AA, 2599, 16, 162.497884, 10.312500, 0.000009, 0.000666, ZIC, 7390, 24, 307.918077, 7.041667, 0.000006, 0.000030, 
trial0001349, AA, 5677, 16, 354.834951, 13.500000, 0.000010, 0.000662, ZIC, 5461, 24, 227.568366, 6.250000, 0.000006, 0.000033, 
trial0001350, AA, 3035, 16, 189.730608, 8.937500, 0.000010, 0.001016, ZIC, 7823, 24, 325.971262, 8.791667, 0.000006, 0.000033, 
trial0001351, AA, 4906, 16, 306.676828, 11.937500, 0.000010, 0.002424, ZIC, 5922, 24, 246.757115, 5.625000, 0.000006, 0.000027, 
trial0001352, AA, 4281, 16, 267.598636, 10.562500, 0.000010, 0.002510, ZIC, 6692, 24, 278.850909, 7.041667, 0.000006, 0.000033, 
trial0001353, AA, 5458, 16, 341.169832, 11.125000, 0.000010, 0.001193, ZIC, 5583, 24, 232.636779, 5.750000, 0.000006, 0.000028, 
trial0001354, AA, 4328, 16, 270.542608, 11.437500, 0.000010, 0.002537, ZIC, 6865, 24, 286.054928, 7.208333, 0.000006, 0.000033, 
trial0001355, AA, 6928, 16, 433.018569, 12.062500, 0.000010, 0.002201, ZIC, 4630, 24, 192.945954, 6.541667, 0.000006, 0.000029, 
trial0001356, AA, 3440, 16, 215.028035, 8.937500, 0.000010, 0.002023, ZIC, 7806, 24, 325.272977, 7.791667, 0.000006, 0.000033, 
trial0001357, AA, 5196, 16, 324.795914, 10.312500, 0.000009, 0.000824, ZIC, 6311, 24, 262.969391, 6.791667, 0.000006, 0.000031, 
trial0001358, AA, 4351, 16, 271.995529, 10.250000, 0.000010, 0.003669, ZIC, 7336, 24, 305.669647, 7.416667, 0.000006, 0.000040, 
trial0001359, AA, 4574, 16, 285.886193, 11.312500, 0.000009, 0.000551, ZIC, 6536, 24, 272.367538, 6.208333, 0.000006, 0.000031, 
trial0001360, AA, 7110, 16, 444.402088, 12.687500, 0.000010, 0.001436, ZIC, 4445, 24, 185.231941, 5.041667, 0.000006, 0.000030, 
trial0001361, AA, 5128, 16, 320.513024, 10.625000, 0.000010, 0.001552, ZIC, 6444, 24, 268.532984, 6.416667, 0.000006, 0.000030, 
trial0001362, AA, 6208, 16, 388.041990, 11.937500, 0.000010, 0.001291, ZIC, 5177, 24, 215.722007, 6.458333, 0.000007, 0.000032, 
trial0001363, AA, 6010, 16, 375.685947, 11.000000, 0.000010, 0.000970, ZIC, 5522, 24, 230.084368, 5.916667, 0.000006, 0.000033, 
trial0001364, AA, 4694, 16, 293.433506, 10.875000, 0.000010, 0.002166, ZIC, 6188, 24, 257.835996, 7.000000, 0.000006, 0.000027, 
trial0001365, AA, 5135, 16, 320.948404, 13.187500, 0.000010, 0.000357, ZIC, 5901, 24, 245.909397, 6.291667, 0.000006, 0.000031, 
trial0001366, AA, 7140, 16, 446.295206, 13.437500, 0.000010, 0.001373, ZIC, 4416, 24, 184.011529, 4.791667, 0.000006, 0.000028, 
trial0001367, AA, 5926, 16, 370.406649, 10.562500, 0.000010, 0.001555, ZIC, 5890, 24, 245.437234, 6.625000, 0.000006, 0.000029, 
trial0001368, AA, 8832, 16, 552.007197, 14.750000, 0.000010, 0.000623, ZIC, 2931, 24, 122.161869, 4.166667, 0.000006, 0.000028, 
trial0001369, AA, 6692, 16, 418.284774, 10.437500, 0.000010, 0.004838, ZIC, 5138, 24, 214.101817, 6.208333, 0.000006, 0.000033, 
trial0001370, AA, 6553, 16, 409.617749, 14.312500, 0.000010, 0.001345, ZIC, 4982, 24, 207.588168, 4.958333, 0.000006, 0.000026, 
trial0001371, AA, 4103, 16, 256.437926, 11.312500, 0.000009, 0.001103, ZIC, 6703, 24, 279.333049, 7.291667, 0.000006, 0.000033, 
trial0001372, AA, 3299, 16, 206.188464, 10.375000, 0.000010, 0.001461, ZIC, 7471, 24, 311.332691, 8.416667, 0.000006, 0.000034, 
trial0001373, AA, 6559, 16, 409.952399, 14.312500, 0.000010, 0.000543, ZIC, 4796, 24, 199.865067, 4.791667, 0.000006, 0.000028, 
trial0001374, AA, 2684, 16, 167.796217, 11.187500, 0.000010, 0.002480, ZIC, 7352, 24, 306.344189, 7.458333, 0.000006, 0.000029, 
trial0001375, AA, 5687, 16, 355.499350, 12.687500, 0.000009, 0.000499, ZIC, 5421, 24, 225.875433, 6.041667, 0.000006, 0.000028, 
trial0001376, AA, 2154, 16, 134.638197, 9.750000, 0.000010, 0.000829, ZIC, 8596, 24, 358.199535, 9.083333, 0.000006, 0.000031, 
trial0001377, AA, 5604, 16, 350.301326, 12.000000, 0.000010, 0.001836, ZIC, 6070, 24, 252.924116, 6.083333, 0.000006, 0.000035, 
trial0001378, AA, 3743, 16, 233.951014, 11.687500, 0.000009, 0.000531, ZIC, 7545, 24, 314.407658, 7.291667, 0.000006, 0.000035, 
trial0001379, AA, 6562, 16, 410.154824, 11.812500, 0.000009, 0.000368, ZIC, 5004, 24, 208.521784, 5.375000, 0.000006, 0.000033, 
trial0001380, AA, 6907, 16, 431.707291, 10.750000, 0.000010, 0.001993, ZIC, 3974, 24, 165.611806, 6.166667, 0.000006, 0.000028, 
trial0001381, AA, 7268, 16, 454.269747, 12.125000, 0.000010, 0.001198, ZIC, 4523, 24, 188.486835, 4.833333, 0.000006, 0.000026, 
trial0001382, AA, 5508, 16, 344.260901, 13.562500, 0.000009, 0.000404, ZIC, 5756, 24, 239.867732, 6.208333, 0.000006, 0.000029, 
trial0001383, AA, 4210, 16, 263.140586, 11.562500, 0.000009, 0.001180, ZIC, 6677, 24, 278.239609, 6.875000, 0.000006, 0.000033, 
trial0001384, AA, 4248, 16, 265.506332, 7.375000, 0.000009, 0.001413, ZIC, 7314, 24, 304.787445, 7.916667, 0.000006, 0.000034, 
trial0001385, AA, 2360, 16, 147.539830, 9.375000, 0.000010, 0.002455, ZIC, 8239, 24, 343.306780, 8.750000, 0.000006, 0.000031, 
trial0001386, AA, 3997, 16, 249.818412, 10.250000, 0.000010, 0.002545, ZIC, 6906, 24, 287.787725, 7.416667, 0.000006, 0.000034, 
trial0001387, AA, 5312, 16, 332.007384, 11.875000, 0.000010, 0.000831, ZIC, 5606, 24, 233.620077, 6.333333, 0.000006, 0.000032, 
trial0001388, AA, 5403, 16, 337.733409, 10.812500, 0.000009, 0.000414, ZIC, 6052, 24, 252.177727, 7.041667, 0.000006, 0.000031, 
trial0001389, AA, 4038, 16, 252.384695, 13.562500, 0.000010, 0.000640, ZIC, 6345, 24, 264.410204, 5.875000, 0.000006, 0.000028, 
trial0001390, AA, 5808, 16, 363.005144, 12.437500, 0.000009, 0.000649, ZIC, 5657, 24, 235.746571, 6.208333, 0.000006, 0.000033, 
trial0001391, AA, 4280, 16, 267.512043, 11.062500, 0.000010, 0.002862, ZIC, 6705, 24, 279.408638, 6.875000, 0.000006, 0.000032, 
trial0001392, AA, 4454, 16, 278.390633, 11.812500, 0.000010, 0.001616, ZIC, 6763, 24, 281.822911, 6.791667, 0.000006, 0.000030, 
trial0001393, AA, 6362, 16, 397.639321, 11.375000, 0.000010, 0.002747, ZIC, 4928, 24, 205.365453, 6.083333, 0.000006, 0.000032, 
trial0001394, AA, 5014, 16, 313.388357, 10.937500, 0.000009, 0.000588, ZIC, 5670, 24, 236.282762, 7.041667, 0.000006, 0.000034, 
trial0001395, AA, 5193, 16, 324.621784, 10.375000, 0.000009, 0.001985, ZIC, 5600, 24, 233.335477, 7.166667, 0.000006, 0.000029, 
trial0001396, AA, 3580, 16, 223.769558, 10.437500, 0.000009, 0.000421, ZIC, 7154, 24, 298.111961, 7.875000, 0.000006, 0.000036, 
trial0001397, AA, 6459, 16, 403.717557, 11.750000, 0.000010, 0.002607, ZIC, 4689, 24, 195.396629, 5.416667, 0.000006, 0.000026, 
trial0001398, AA, 4159, 16, 259.975560, 10.062500, 0.000010, 0.001804, ZIC, 6294, 24, 262.266293, 6.958333, 0.000006, 0.000029, 
trial0001399, AA, 7000, 16, 437.522302, 12.000000, 0.000010, 0.002331, ZIC, 4744, 24, 197.693465, 5.916667, 0.000006, 0.000026, 
trial0001400, AA, 3829, 16, 239.349055, 10.250000, 0.000010, 0.000676, ZIC, 7337, 24, 305.725630, 7.750000, 0.000006, 0.000029, 
trial0001401, AA, 5952, 16, 372.021827, 14.625000, 0.000010, 0.000556, ZIC, 6854, 24, 285.610449, 8.583333, 0.000006, 0.000035, 
trial0001402, AA, 5518, 16, 344.924707, 15.000000, 0.000010, 0.000600, ZIC, 6984, 24, 291.008529, 9.333333, 0.000006, 0.000035, 
trial0001403, AA, 6890, 16, 430.656588, 16.250000, 0.000010, 0.000620, ZIC, 5937, 24, 247.395608, 7.583333, 0.000006, 0.000049, 
trial0001404, AA, 6981, 16, 436.342309, 17.562500, 0.000011, 0.000817, ZIC, 6719, 24, 279.980127, 7.625000, 0.000007, 0.000037, 
trial0001405, AA, 6762, 16, 422.674093, 17.500000, 0.000061, 0.001269, ZIC, 5914, 24, 246.425605, 7.750000, 0.000014, 0.000076, 
trial0001406, AA, 5982, 16, 373.898299, 15.500000, 0.000039, 0.003830, ZIC, 7163, 24, 298.484467, 8.833333, 0.000040, 0.000263, 
trial0001407, AA, 5033, 16, 314.570921, 16.562500, 0.000103, 0.005486, ZIC, 7809, 24, 325.411052, 10.041667, 0.000051, 0.000335, 
trial0001408, AA, 5526, 16, 345.384206, 16.062500, 0.000127, 0.004377, ZIC, 7699, 24, 320.827196, 9.791667, 0.000047, 0.000423, 
trial0001409, AA, 6212, 16, 388.290053, 17.062500, 0.000128, 0.005749, ZIC, 7125, 24, 296.889965, 8.625000, 0.000048, 0.000319, 
trial0001410, AA, 4952, 16, 309.545082, 14.625000, 0.000090, 0.006366, ZIC, 7600, 24, 316.678279, 9.833333, 0.000055, 0.000280, 
trial0001411, AA, 5909, 16, 369.345553, 16.437500, 0.000046, 0.005586, ZIC, 7213, 24, 300.561298, 8.875000, 0.000048, 0.000366, 
trial0001412, AA, 4895, 16, 305.993529, 12.875000, 0.000113, 0.007262, ZIC, 8065, 24, 336.045980, 11.000000, 0.000061, 0.000297, 
trial0001413, AA, 6186, 16, 386.632125, 14.875000, 0.000040, 0.004533, ZIC, 6606, 24, 275.286917, 9.000000, 0.000107, 0.000296, 
trial0001414, AA, 6628, 16, 414.276631, 17.062500, 0.000131, 0.005002, ZIC, 6609, 24, 275.398913, 7.875000, 0.000050, 0.000264, 
trial0001415, AA, 6746, 16, 421.679028, 15.562500, 0.000029, 0.005791, ZIC, 6157, 24, 256.547314, 8.375000, 0.000086, 0.000372, 
trial0001416, AA, 8786, 16, 549.176894, 17.500000, 0.000099, 0.004913, ZIC, 5100, 24, 212.507071, 7.000000, 0.000059, 0.000340, 
trial0001417, AA, 8054, 16, 503.408414, 16.750000, 0.000058, 0.005839, ZIC, 4826, 24, 201.102724, 7.000000, 0.000049, 0.000328, 
trial0001418, AA, 6809, 16, 425.582314, 16.250000, 0.000080, 0.006378, ZIC, 6252, 24, 260.528457, 7.833333, 0.000054, 0.000408, 
trial0001419, AA, 7159, 16, 447.461889, 17.312500, 0.000012, 0.005441, ZIC, 5781, 24, 240.900407, 7.958333, 0.000049, 0.000279, 
trial0001420, AA, 6753, 16, 422.089393, 16.312500, 0.000106, 0.005460, ZIC, 5919, 24, 246.648738, 7.791667, 0.000033, 0.000316, 
trial0001421, AA, 5336, 16, 333.518864, 15.562500, 0.000012, 0.004573, ZIC, 7356, 24, 306.529091, 8.875000, 0.000089, 0.000412, 
trial0001422, AA, 6766, 16, 422.894883, 16.312500, 0.000294, 0.005035, ZIC, 6184, 24, 257.695078, 8.791667, 0.000058, 0.000371, 
trial0001423, AA, 6877, 16, 429.848789, 14.875000, 0.000035, 0.004998, ZIC, 6263, 24, 260.975807, 9.000000, 0.000079, 0.000387, 
trial0001424, AA, 7081, 16, 442.595634, 16.500000, 0.000081, 0.005705, ZIC, 6331, 24, 263.811244, 7.583333, 0.000072, 0.000363, 
trial0001425, AA, 4572, 16, 285.759581, 14.937500, 0.000114, 0.004307, ZIC, 7701, 24, 320.910279, 9.541667, 0.000054, 0.000294, 
trial0001426, AA, 6730, 16, 420.648108, 17.437500, 0.000203, 0.005397, ZIC, 6625, 24, 276.067928, 8.458333, 0.000076, 0.000295, 
trial0001427, AA, 7542, 16, 471.422481, 16.500000, 0.000037, 0.006516, ZIC, 5896, 24, 245.676680, 7.500000, 0.000080, 0.000409, 
trial0001428, AA, 5677, 16, 354.833644, 16.187500, 0.000209, 0.006350, ZIC, 7589, 24, 316.235904, 9.125000, 0.000069, 0.000284, 
trial0001429, AA, 5381, 16, 336.347959, 16.062500, 0.000181, 0.003898, ZIC, 7234, 24, 301.434694, 9.208333, 0.000036, 0.000331, 
trial0001430, AA, 6856, 16, 428.516124, 14.937500, 0.000072, 0.005102, ZIC, 6281, 24, 261.739251, 8.541667, 0.000050, 0.000406, 
trial0001431, AA, 5589, 16, 349.357109, 13.875000, 0.000340, 0.009269, ZIC, 7196, 24, 299.845261, 9.666667, 0.000081, 0.000452, 
trial0001432, AA, 5791, 16, 361.989040, 14.562500, 0.000026, 0.006430, ZIC, 7013, 24, 292.215640, 8.791667, 0.000065, 0.000345, 
trial0001433, AA, 5790, 16, 361.919652, 15.312500, 0.000125, 0.005125, ZIC, 6831, 24, 284.636898, 9.125000, 0.000047, 0.000312, 
trial0001434, AA, 4926, 16, 307.934134, 12.937500, 0.000012, 0.009236, ZIC, 7753, 24, 323.043911, 10.125000, 0.000058, 0.000313, 
trial0001435, AA, 5510, 16, 344.376119, 14.125000, 0.000048, 0.004798, ZIC, 7670, 24, 319.624254, 10.083333, 0.000072, 0.000265, 
trial0001436, AA, 7511, 16, 469.452711, 14.562500, 0.000076, 0.006672, ZIC, 5892, 24, 245.531526, 8.125000, 0.000079, 0.000330, 
trial0001437, AA, 5511, 16, 344.479709, 15.500000, 0.000038, 0.004697, ZIC, 7002, 24, 291.763527, 8.916667, 0.000065, 0.000369, 
trial0001438, AA, 7262, 16, 453.934949, 16.062500, 0.000086, 0.006417, ZIC, 6244, 24, 260.168367, 8.708333, 0.000063, 0.000343, 
trial0001439, AA, 7414, 16, 463.382066, 18.062500, 0.000113, 0.005993, ZIC, 5564, 24, 231.870289, 7.125000, 0.000051, 0.000278, 
trial0001440, AA, 7742, 16, 483.921015, 16.500000, 0.000253, 0.004378, ZIC, 4994, 24, 208.094323, 7.166667, 0.000095, 0.000328, 
trial0001441, AA, 5708, 16, 356.799047, 15.250000, 0.000119, 0.004922, ZIC, 7033, 24, 293.050635, 9.916667, 0.000110, 0.000268, 
trial0001442, AA, 4785, 16, 299.082758, 15.250000, 0.000070, 0.004424, ZIC, 7934, 24, 330.611495, 10.083333, 0.000074, 0.000247, 
trial0001443, AA, 7329, 16, 458.062561, 15.437500, 0.000203, 0.007798, ZIC, 6153, 24, 256.416626, 8.291667, 0.000078, 0.000250, 
trial0001444, AA, 6244, 16, 390.275050, 18.125000, 0.000137, 0.006097, ZIC, 7074, 24, 294.774967, 8.166667, 0.000032, 0.000268, 
trial0001445, AA, 4891, 16, 305.704034, 14.812500, 0.000029, 0.004920, ZIC, 8048, 24, 335.363977, 10.875000, 0.000054, 0.000421, 
trial0001446, AA, 7524, 16, 470.311479, 18.562500, 0.000114, 0.005717, ZIC, 5841, 24, 243.375680, 7.125000, 0.000080, 0.000277, 
trial0001447, AA, 5154, 16, 322.174737, 14.312500, 0.000135, 0.006509, ZIC, 7447, 24, 310.300175, 9.875000, 0.000065, 0.000272, 
trial0001448, AA, 5211, 16, 325.703026, 16.062500, 0.000012, 0.005646, ZIC, 7527, 24, 313.656316, 9.458333, 0.000061, 0.000339, 
trial0001449, AA, 5492, 16, 343.296695, 16.687500, 0.000125, 0.005512, ZIC, 7223, 24, 300.968870, 8.375000, 0.000053, 0.000295, 
trial0001450, AA, 5185, 16, 324.084863, 14.187500, 0.000022, 0.007916, ZIC, 7514, 24, 313.110092, 9.458333, 0.000041, 0.000287, 
trial0001451, AA, 5890, 16, 368.184400, 16.375000, 0.000058, 0.004935, ZIC, 6760, 24, 281.668734, 8.416667, 0.000074, 0.000380, 
trial0001452, AA, 4077, 16, 254.859370, 14.687500, 0.000079, 0.004469, ZIC, 8579, 24, 357.468753, 10.791667, 0.000088, 0.000335, 
trial0001453, AA, 4977, 16, 311.124701, 15.437500, 0.000072, 0.004595, ZIC, 7729, 24, 322.041866, 10.125000, 0.000091, 0.000288, 
trial0001454, AA, 6143, 16, 383.946339, 16.625000, 0.000172, 0.004809, ZIC, 7264, 24, 302.702441, 8.750000, 0.000089, 0.000381, 
trial0001455, AA, 9354, 16, 584.686082, 16.437500, 0.000096, 0.005866, ZIC, 4157, 24, 173.209278, 6.625000, 0.000053, 0.000284, 
trial0001456, AA, 4352, 16, 272.015482, 12.562500, 0.000080, 0.005110, ZIC, 7793, 24, 324.739678, 11.125000, 0.000064, 0.000418, 
trial0001457, AA, 5953, 16, 372.123645, 16.375000, 0.000064, 0.004868, ZIC, 7104, 24, 296.000903, 8.916667, 0.000067, 0.000369, 
trial0001458, AA, 5058, 16, 316.149972, 14.812500, 0.000064, 0.002373, ZIC, 7841, 24, 326.733352, 9.708333, 0.000037, 0.000158, 
trial0001459, AA, 5850, 16, 365.626752, 15.375000, 0.000010, 0.000546, ZIC, 7520, 24, 313.373832, 9.500000, 0.000006, 0.000034, 
trial0001460, AA, 5765, 16, 360.333427, 15.500000, 0.000010, 0.000455, ZIC, 7326, 24, 305.277715, 9.500000, 0.000006, 0.000031, 
trial0001461, AA, 6679, 16, 417.475513, 14.375000, 0.000010, 0.000668, ZIC, 6365, 24, 265.224658, 9.416667, 0.000006, 0.000030, 
trial0001462, AA, 4599, 16, 287.439882, 16.437500, 0.000010, 0.000717, ZIC, 8198, 24, 341.623412, 9.541667, 0.000007, 0.000058, 
trial0001463, AA, 6809, 16, 425.580456, 14.562500, 0.000010, 0.000946, ZIC, 6641, 24, 276.738029, 9.041667, 0.000012, 0.000040, 
trial0001464, AA, 8067, 16, 504.190676, 17.687500, 0.000011, 0.001223, ZIC, 5403, 24, 225.164549, 6.375000, 0.000011, 0.000059, 
trial0001465, AA, 4624, 16, 289.014256, 14.375000, 0.000157, 0.002965, ZIC, 7536, 24, 314.032163, 9.916667, 0.000037, 0.000218, 
trial0001466, AA, 6236, 16, 389.759401, 16.187500, 0.000023, 0.005305, ZIC, 6733, 24, 280.577066, 9.041667, 0.000050, 0.000301, 
trial0001467, AA, 6589, 16, 411.870576, 15.937500, 0.000054, 0.005400, ZIC, 6084, 24, 253.502949, 8.375000, 0.000069, 0.000208, 
trial0001468, AA, 5582, 16, 348.876266, 15.562500, 0.000089, 0.004489, ZIC, 7550, 24, 314.624156, 9.375000, 0.000060, 0.000409, 
trial0001469, AA, 7758, 16, 484.914924, 17.062500, 0.000150, 0.006039, ZIC, 5385, 24, 224.390050, 6.958333, 0.000068, 0.000296, 
trial0001470, AA, 6442, 16, 402.650385, 15.937500, 0.000128, 0.004347, ZIC, 6177, 24, 257.399743, 8.208333, 0.000054, 0.000244, 
trial0001471, AA, 6683, 16, 417.730217, 17.000000, 0.000078, 0.005158, ZIC, 6630, 24, 276.263189, 8.333333, 0.000109, 0.000354, 
trial0001472, AA, 4799, 16, 299.954667, 13.500000, 0.000077, 0.004844, ZIC, 8518, 24, 354.946889, 10.583333, 0.000063, 0.000318, 
trial0001473, AA, 5538, 16, 346.158375, 15.375000, 0.000129, 0.004748, ZIC, 7365, 24, 306.894417, 9.500000, 0.000059, 0.000395, 
trial0001474, AA, 8906, 16, 556.657965, 17.125000, 0.000091, 0.005773, ZIC, 4584, 24, 191.019690, 6.083333, 0.000081, 0.000284, 
trial0001475, AA, 5392, 16, 337.051702, 16.062500, 0.000027, 0.005244, ZIC, 7277, 24, 303.215532, 9.291667, 0.000055, 0.000391, 
trial0001476, AA, 7505, 16, 469.081637, 16.687500, 0.000260, 0.005335, ZIC, 5206, 24, 216.945576, 7.625000, 0.000080, 0.000335, 
trial0001477, AA, 6057, 16, 378.600053, 17.000000, 0.000157, 0.005074, ZIC, 6847, 24, 285.308298, 8.416667, 0.000071, 0.000403, 
trial0001478, AA, 7781, 16, 486.374357, 16.187500, 0.000087, 0.005336, ZIC, 5971, 24, 248.792095, 7.791667, 0.000039, 0.000363, 
trial0001479, AA, 4018, 16, 251.149272, 15.000000, 0.000199, 0.005473, ZIC, 8613, 24, 358.900486, 9.666667, 0.000042, 0.000294, 
trial0001480, AA, 5323, 16, 332.733527, 15.875000, 0.000154, 0.005273, ZIC, 7321, 24, 305.052649, 8.666667, 0.000048, 0.000302, 
trial0001481, AA, 6362, 16, 397.651373, 15.437500, 0.000180, 0.006030, ZIC, 6641, 24, 276.732418, 9.041667, 0.000043, 0.000363, 
trial0001482, AA, 7581, 16, 473.859803, 16.750000, 0.000349, 0.004734, ZIC, 6107, 24, 254.468465, 8.333333, 0.000073, 0.000374, 
trial0001483, AA, 3247, 16, 202.946618, 14.750000, 0.000024, 0.004049, ZIC, 8848, 24, 368.702255, 11.333333, 0.000046, 0.000341, 
trial0001484, AA, 7327, 16, 457.962484, 15.437500, 0.000074, 0.005333, ZIC, 5632, 24, 234.691678, 7.708333, 0.000036, 0.000377, 
trial0001485, AA, 6600, 16, 412.503781, 16.812500, 0.000097, 0.004753, ZIC, 6212, 24, 258.872479, 8.625000, 0.000068, 0.000437, 
trial0001486, AA, 6992, 16, 437.004543, 16.937500, 0.000072, 0.005109, ZIC, 6029, 24, 251.246971, 7.458333, 0.000047, 0.000324, 
trial0001487, AA, 4970, 16, 310.642553, 15.562500, 0.000166, 0.004803, ZIC, 7373, 24, 307.238298, 9.708333, 0.000043, 0.000268, 
trial0001488, AA, 5947, 16, 371.703936, 16.312500, 0.000047, 0.004749, ZIC, 6803, 24, 283.489043, 8.708333, 0.000061, 0.000350, 
trial0001489, AA, 4077, 16, 254.864662, 12.875000, 0.000201, 0.006625, ZIC, 7903, 24, 329.298559, 11.000000, 0.000062, 0.000318, 
trial0001490, AA, 8427, 16, 526.728372, 18.000000, 0.000051, 0.005878, ZIC, 5229, 24, 217.889419, 6.916667, 0.000082, 0.000340, 
trial0001491, AA, 6079, 16, 379.977501, 16.000000, 0.000100, 0.005792, ZIC, 6659, 24, 277.473333, 9.166667, 0.000066, 0.000286, 
trial0001492, AA, 4583, 16, 286.478260, 15.062500, 0.000058, 0.008515, ZIC, 8115, 24, 338.139494, 9.958333, 0.000076, 0.000358, 
trial0001493, AA, 4444, 16, 277.773281, 14.375000, 0.000129, 0.005027, ZIC, 8806, 24, 366.942813, 10.666667, 0.000059, 0.000450, 
trial0001494, AA, 6219, 16, 388.695122, 16.062500, 0.000141, 0.005041, ZIC, 6676, 24, 278.203252, 8.875000, 0.000037, 0.000367, 
trial0001495, AA, 5833, 16, 364.578869, 13.875000, 0.000029, 0.004661, ZIC, 6829, 24, 284.572421, 9.500000, 0.000066, 0.000337, 
trial0001496, AA, 5348, 16, 334.309924, 14.500000, 0.000125, 0.005609, ZIC, 7853, 24, 327.210051, 9.833333, 0.000074, 0.000515, 
trial0001497, AA, 6799, 16, 424.971358, 14.625000, 0.000025, 0.007386, ZIC, 5863, 24, 244.310761, 8.833333, 0.000040, 0.000316, 
trial0001498, AA, 6272, 16, 392.055729, 16.875000, 0.000086, 0.005677, ZIC, 7253, 24, 302.212847, 8.166667, 0.000067, 0.000369, 
trial0001499, AA, 7800, 16, 487.502146, 16.562500, 0.000154, 0.005921, ZIC, 5600, 24, 233.373570, 7.458333, 0.000068, 0.000278, 
trial0001500, AA, 5833, 16, 364.612039, 15.500000, 0.000089, 0.006452, ZIC, 7068, 24, 294.508641, 8.750000, 0.000043, 0.000356, 
