trial0008501, 000600, AA, 4522, 18, 251.222222, GDX, 104, 4, 26.000000, ZIC, 66, 2, 33.000000, ZIP, 934, 8, 116.750000, 90, 104, 
trial0008502, 000600, AA, 2635, 18, 146.388889, GDX, 145, 4, 36.250000, ZIC, 287, 2, 143.500000, ZIP, 1314, 8, 164.250000, 162, 163, 
trial0008503, 000600, AA, 2817, 18, 156.500000, GDX, 256, 4, 64.000000, ZIC, 429, 2, 214.500000, ZIP, 1627, 8, 203.375000, 109, 120, 
trial0008504, 000600, AA, 2174, 18, 120.777778, GDX, 462, 4, 115.500000, ZIC, 903, 2, 451.500000, ZIP, 2433, 8, 304.125000, 107, 112, 
trial0008505, 000600, AA, 3982, 18, 221.222222, GDX, 203, 4, 50.750000, ZIC, 30, 2, 15.000000, ZIP, 1013, 8, 126.625000, 148, 164, 
trial0008506, 000600, AA, 4615, 18, 256.388889, GDX, 1004, 4, 251.000000, ZIC, 0, 2, 0.000000, ZIP, 478, 8, 59.750000, 164, 168, 
trial0008507, 000600, AA, 3459, 18, 192.166667, GDX, 305, 4, 76.250000, ZIC, 276, 2, 138.000000, ZIP, 2025, 8, 253.125000, 80, 86, 
trial0008508, 000600, AA, 3074, 18, 170.777778, GDX, 1745, 4, 436.250000, ZIC, 371, 2, 185.500000, ZIP, 979, 8, 122.375000, 130, 134, 
trial0008509, 000600, AA, 3480, 18, 193.333333, GDX, 0, 4, 0.000000, ZIC, 338, 2, 169.000000, ZIP, 1337, 8, 167.125000, 101, 110, 
trial0008510, 000600, AA, 2989, 18, 166.055556, GDX, 10, 4, 2.500000, ZIC, 387, 2, 193.500000, ZIP, 1438, 8, 179.750000, 85, 119, 
trial0008511, 000600, AA, 2872, 18, 159.555556, GDX, 928, 4, 232.000000, ZIC, 168, 2, 84.000000, ZIP, 2190, 8, 273.750000, 117, 122, 
trial0008512, 000600, AA, 2692, 18, 149.555556, GDX, 688, 4, 172.000000, ZIC, 33, 2, 16.500000, ZIP, 1935, 8, 241.875000, 108, 113, 
trial0008513, 000600, AA, 2239, 18, 124.388889, GDX, 335, 4, 83.750000, ZIC, 0, 2, 0.000000, ZIP, 2232, 8, 279.000000, 165, 167, 
trial0008514, 000600, AA, 2460, 18, 136.666667, GDX, 743, 4, 185.750000, ZIC, 0, 2, 0.000000, ZIP, 763, 8, 95.375000, 115, 123, 
trial0008515, 000600, AA, 4062, 18, 225.666667, GDX, 263, 4, 65.750000, ZIC, 52, 2, 26.000000, ZIP, 1500, 8, 187.500000, 137, 138, 
trial0008516, 000600, AA, 2390, 18, 132.777778, GDX, 970, 4, 242.500000, ZIC, 0, 2, 0.000000, ZIP, 1697, 8, 212.125000, 148, 151, 
trial0008517, 000600, AA, 3897, 18, 216.500000, GDX, 679, 4, 169.750000, ZIC, 406, 2, 203.000000, ZIP, 1468, 8, 183.500000, 155, 156, 
trial0008518, 000600, AA, 2234, 18, 124.111111, GDX, 1116, 4, 279.000000, ZIC, 826, 2, 413.000000, ZIP, 811, 8, 101.375000, 174, 178, 
trial0008519, 000600, AA, 3922, 18, 217.888889, GDX, 670, 4, 167.500000, ZIC, 0, 2, 0.000000, ZIP, 999, 8, 124.875000, 160, 186, 
trial0008520, 000600, AA, 4067, 18, 225.944444, GDX, 1060, 4, 265.000000, ZIC, 29, 2, 14.500000, ZIP, 1173, 8, 146.625000, 121, 123, 
trial0008521, 000600, AA, 1140, 18, 63.333333, GDX, 428, 4, 107.000000, ZIC, 0, 2, 0.000000, ZIP, 1142, 8, 142.750000, 110, 113, 
trial0008522, 000600, AA, 1708, 18, 94.888889, GDX, 308, 4, 77.000000, ZIC, 18, 2, 9.000000, ZIP, 615, 8, 76.875000, 112, 127, 
trial0008523, 000600, AA, 1615, 18, 89.722222, GDX, 0, 4, 0.000000, ZIC, 0, 2, 0.000000, ZIP, 274, 8, 34.250000, 153, 160, 
trial0008524, 000600, AA, 1478, 18, 82.111111, GDX, 109, 4, 27.250000, ZIC, 93, 2, 46.500000, ZIP, 575, 8, 71.875000, 137, 138, 
trial0008525, 000600, AA, 695, 18, 38.611111, GDX, 194, 4, 48.500000, ZIC, 30, 2, 15.000000, ZIP, 570, 8, 71.250000, 126, 131, 
trial0008526, 000600, AA, 1347, 18, 74.833333, GDX, 89, 4, 22.250000, ZIC, 135, 2, 67.500000, ZIP, 64, 8, 8.000000, 158, 166, 
trial0008527, 000600, AA, 1042, 18, 57.888889, GDX, 36, 4, 9.000000, ZIC, 0, 2, 0.000000, ZIP, 713, 8, 89.125000, 160, 161, 
trial0008528, 000600, AA, 1244, 18, 69.111111, GDX, 263, 4, 65.750000, ZIC, 0, 2, 0.000000, ZIP, 1035, 8, 129.375000, 146, 147, 
trial0008529, 000600, AA, 1008, 18, 56.000000, GDX, 332, 4, 83.000000, ZIC, 343, 2, 171.500000, ZIP, 815, 8, 101.875000, 147, 159, 
trial0008530, 000600, AA, 1688, 18, 93.777778, GDX, 270, 4, 67.500000, ZIC, 225, 2, 112.500000, ZIP, 186, 8, 23.250000, 135, 138, 
trial0008531, 000600, AA, 1262, 18, 70.111111, GDX, 202, 4, 50.500000, ZIC, 29, 2, 14.500000, ZIP, 830, 8, 103.750000, 132, 140, 
trial0008532, 000600, AA, 730, 18, 40.555556, GDX, 380, 4, 95.000000, ZIC, 93, 2, 46.500000, ZIP, 944, 8, 118.000000, 165, 166, 
trial0008533, 000600, AA, 1565, 18, 86.944444, GDX, 139, 4, 34.750000, ZIC, 105, 2, 52.500000, ZIP, 692, 8, 86.500000, 170, 174, 
trial0008534, 000600, AA, 973, 18, 54.055556, GDX, 608, 4, 152.000000, ZIC, 25, 2, 12.500000, ZIP, 976, 8, 122.000000, 117, 124, 
trial0008535, 000600, AA, 1810, 18, 100.555556, GDX, 78, 4, 19.500000, ZIC, 0, 2, 0.000000, ZIP, 552, 8, 69.000000, 158, 159, 
trial0008536, 000600, AA, 1782, 18, 99.000000, GDX, 242, 4, 60.500000, ZIC, 0, 2, 0.000000, ZIP, 268, 8, 33.500000, 170, 176, 
trial0008537, 000600, AA, 1379, 18, 76.611111, GDX, 499, 4, 124.750000, ZIC, 7, 2, 3.500000, ZIP, 720, 8, 90.000000, 122, 125, 
trial0008538, 000600, AA, 1843, 18, 102.388889, GDX, 100, 4, 25.000000, ZIC, 0, 2, 0.000000, ZIP, 588, 8, 73.500000, 112, 113, 
trial0008539, 000600, AA, 1356, 18, 75.333333, GDX, 275, 4, 68.750000, ZIC, 29, 2, 14.500000, ZIP, 273, 8, 34.125000, 158, 159, 
trial0008540, 000600, AA, 2212, 18, 122.888889, GDX, 117, 4, 29.250000, ZIC, 264, 2, 132.000000, ZIP, 390, 8, 48.750000, 111, 118, 
trial0008541, 000600, AA, 2342, 18, 130.111111, GDX, 424, 4, 106.000000, ZIC, 75, 2, 37.500000, ZIP, 867, 8, 108.375000, 115, 129, 
trial0008542, 000600, AA, 1072, 18, 59.555556, GDX, 289, 4, 72.250000, ZIC, 108, 2, 54.000000, ZIP, 1001, 8, 125.125000, 132, 156, 
trial0008543, 000600, AA, 1363, 18, 75.722222, GDX, 387, 4, 96.750000, ZIC, 663, 2, 331.500000, ZIP, 966, 8, 120.750000, 149, 151, 
trial0008544, 000600, AA, 1865, 18, 103.611111, GDX, 482, 4, 120.500000, ZIC, 184, 2, 92.000000, ZIP, 311, 8, 38.875000, 137, 151, 
trial0008545, 000600, AA, 2099, 18, 116.611111, GDX, 399, 4, 99.750000, ZIC, 4, 2, 2.000000, ZIP, 954, 8, 119.250000, 109, 141, 
trial0008546, 000600, AA, 1492, 18, 82.888889, GDX, 135, 4, 33.750000, ZIC, 69, 2, 34.500000, ZIP, 853, 8, 106.625000, 119, 122, 
trial0008547, 000600, AA, 2163, 18, 120.166667, GDX, 195, 4, 48.750000, ZIC, 308, 2, 154.000000, ZIP, 276, 8, 34.500000, 178, 190, 
trial0008548, 000600, AA, 1669, 18, 92.722222, GDX, 451, 4, 112.750000, ZIC, 12, 2, 6.000000, ZIP, 1325, 8, 165.625000, 108, 124, 
trial0008549, 000600, AA, 1582, 18, 87.888889, GDX, 580, 4, 145.000000, ZIC, 367, 2, 183.500000, ZIP, 1225, 8, 153.125000, 135, 148, 
trial0008550, 000600, AA, 2020, 18, 112.222222, GDX, 115, 4, 28.750000, ZIC, 357, 2, 178.500000, ZIP, 888, 8, 111.000000, 135, 136, 
trial0008551, 000600, AA, 1859, 18, 103.277778, GDX, 157, 4, 39.250000, ZIC, 519, 2, 259.500000, ZIP, 520, 8, 65.000000, 126, 127, 
trial0008552, 000600, AA, 2443, 18, 135.722222, GDX, 514, 4, 128.500000, ZIC, 0, 2, 0.000000, ZIP, 436, 8, 54.500000, 120, 136, 
trial0008553, 000600, AA, 1987, 18, 110.388889, GDX, 6, 4, 1.500000, ZIC, 141, 2, 70.500000, ZIP, 651, 8, 81.375000, 130, 131, 
trial0008554, 000600, AA, 1925, 18, 106.944444, GDX, 560, 4, 140.000000, ZIC, 54, 2, 27.000000, ZIP, 197, 8, 24.625000, 152, 158, 
trial0008555, 000600, AA, 2769, 18, 153.833333, GDX, 335, 4, 83.750000, ZIC, 0, 2, 0.000000, ZIP, 692, 8, 86.500000, 131, 133, 
trial0008556, 000600, AA, 1201, 18, 66.722222, GDX, 831, 4, 207.750000, ZIC, 0, 2, 0.000000, ZIP, 710, 8, 88.750000, 146, 147, 
trial0008557, 000600, AA, 1954, 18, 108.555556, GDX, 244, 4, 61.000000, ZIC, 96, 2, 48.000000, ZIP, 1008, 8, 126.000000, 122, 130, 
trial0008558, 000600, AA, 1393, 18, 77.388889, GDX, 949, 4, 237.250000, ZIC, 0, 2, 0.000000, ZIP, 1151, 8, 143.875000, 122, 138, 
trial0008559, 000600, AA, 2180, 18, 121.111111, GDX, 348, 4, 87.000000, ZIC, 142, 2, 71.000000, ZIP, 358, 8, 44.750000, 180, 181, 
trial0008560, 000600, AA, 1715, 18, 95.277778, GDX, 881, 4, 220.250000, ZIC, 10, 2, 5.000000, ZIP, 857, 8, 107.125000, 115, 123, 
trial0008561, 000600, AA, 1797, 18, 99.833333, GDX, 1090, 4, 272.500000, ZIC, 243, 2, 121.500000, ZIP, 1177, 8, 147.125000, 121, 135, 
trial0008562, 000600, AA, 3272, 18, 181.777778, GDX, 206, 4, 51.500000, ZIC, 5, 2, 2.500000, ZIP, 925, 8, 115.625000, 86, 87, 
trial0008563, 000600, AA, 2139, 18, 118.833333, GDX, 260, 4, 65.000000, ZIC, 49, 2, 24.500000, ZIP, 1671, 8, 208.875000, 59, 82, 
trial0008564, 000600, AA, 2088, 18, 116.000000, GDX, 127, 4, 31.750000, ZIC, 0, 2, 0.000000, ZIP, 1782, 8, 222.750000, 87, 88, 
trial0008565, 000600, AA, 1933, 18, 107.388889, GDX, 290, 4, 72.500000, ZIC, 0, 2, 0.000000, ZIP, 1321, 8, 165.125000, 98, 105, 
trial0008566, 000600, AA, 2238, 18, 124.333333, GDX, 0, 4, 0.000000, ZIC, 464, 2, 232.000000, ZIP, 922, 8, 115.250000, 63, 72, 
trial0008567, 000600, AA, 2886, 18, 160.333333, GDX, 172, 4, 43.000000, ZIC, 0, 2, 0.000000, ZIP, 775, 8, 96.875000, 89, 105, 
trial0008568, 000600, AA, 2413, 18, 134.055556, GDX, 230, 4, 57.500000, ZIC, 48, 2, 24.000000, ZIP, 1047, 8, 130.875000, 63, 65, 
trial0008569, 000600, AA, 2654, 18, 147.444444, GDX, 352, 4, 88.000000, ZIC, 0, 2, 0.000000, ZIP, 548, 8, 68.500000, 70, 79, 
trial0008570, 000600, AA, 1591, 18, 88.388889, GDX, 1183, 4, 295.750000, ZIC, 50, 2, 25.000000, ZIP, 995, 8, 124.375000, 104, 115, 
trial0008571, 000600, AA, 2115, 18, 117.500000, GDX, 860, 4, 215.000000, ZIC, 171, 2, 85.500000, ZIP, 887, 8, 110.875000, 68, 72, 
trial0008572, 000600, AA, 2335, 18, 129.722222, GDX, 34, 4, 8.500000, ZIC, 420, 2, 210.000000, ZIP, 1269, 8, 158.625000, 85, 90, 
trial0008573, 000600, AA, 1857, 18, 103.166667, GDX, 646, 4, 161.500000, ZIC, 136, 2, 68.000000, ZIP, 1003, 8, 125.375000, 87, 93, 
trial0008574, 000600, AA, 2154, 18, 119.666667, GDX, 1159, 4, 289.750000, ZIC, 375, 2, 187.500000, ZIP, 587, 8, 73.375000, 124, 127, 
trial0008575, 000600, AA, 2860, 18, 158.888889, GDX, 370, 4, 92.500000, ZIC, 281, 2, 140.500000, ZIP, 312, 8, 39.000000, 70, 71, 
trial0008576, 000600, AA, 1334, 18, 74.111111, GDX, 382, 4, 95.500000, ZIC, 393, 2, 196.500000, ZIP, 1471, 8, 183.875000, 127, 129, 
trial0008577, 000600, AA, 2430, 18, 135.000000, GDX, 471, 4, 117.750000, ZIC, 181, 2, 90.500000, ZIP, 560, 8, 70.000000, 80, 85, 
trial0008578, 000600, AA, 2487, 18, 138.166667, GDX, 320, 4, 80.000000, ZIC, 111, 2, 55.500000, ZIP, 839, 8, 104.875000, 75, 89, 
trial0008579, 000600, AA, 2014, 18, 111.888889, GDX, 292, 4, 73.000000, ZIC, 466, 2, 233.000000, ZIP, 1015, 8, 126.875000, 69, 85, 
trial0008580, 000600, AA, 2621, 18, 145.611111, GDX, 637, 4, 159.250000, ZIC, 30, 2, 15.000000, ZIP, 501, 8, 62.625000, 102, 108, 
trial0008581, 000600, AA, 2519, 18, 139.944444, GDX, 944, 4, 236.000000, ZIC, 45, 2, 22.500000, ZIP, 968, 8, 121.000000, 124, 137, 
trial0008582, 000600, AA, 1907, 18, 105.944444, GDX, 605, 4, 151.250000, ZIC, 490, 2, 245.000000, ZIP, 1123, 8, 140.375000, 119, 123, 
trial0008583, 000600, AA, 1875, 18, 104.166667, GDX, 869, 4, 217.250000, ZIC, 102, 2, 51.000000, ZIP, 903, 8, 112.875000, 164, 175, 
trial0008584, 000600, AA, 3093, 18, 171.833333, GDX, 118, 4, 29.500000, ZIC, 242, 2, 121.000000, ZIP, 907, 8, 113.375000, 175, 180, 
trial0008585, 000600, AA, 2212, 18, 122.888889, GDX, 440, 4, 110.000000, ZIC, 443, 2, 221.500000, ZIP, 1327, 8, 165.875000, 104, 123, 
trial0008586, 000600, AA, 3269, 18, 181.611111, GDX, 70, 4, 17.500000, ZIC, 363, 2, 181.500000, ZIP, 793, 8, 99.125000, 177, 180, 
trial0008587, 000600, AA, 3653, 18, 202.944444, GDX, 105, 4, 26.250000, ZIC, 0, 2, 0.000000, ZIP, 902, 8, 112.750000, 101, 125, 
trial0008588, 000600, AA, 3247, 18, 180.388889, GDX, 114, 4, 28.500000, ZIC, 0, 2, 0.000000, ZIP, 912, 8, 114.000000, 141, 148, 
trial0008589, 000600, AA, 1699, 18, 94.388889, GDX, 487, 4, 121.750000, ZIC, 414, 2, 207.000000, ZIP, 1272, 8, 159.000000, 148, 165, 
trial0008590, 000600, AA, 2225, 18, 123.611111, GDX, 204, 4, 51.000000, ZIC, 28, 2, 14.000000, ZIP, 880, 8, 110.000000, 142, 160, 
trial0008591, 000600, AA, 2560, 18, 142.222222, GDX, 1012, 4, 253.000000, ZIC, 0, 2, 0.000000, ZIP, 1016, 8, 127.000000, 109, 127, 
trial0008592, 000600, AA, 3410, 18, 189.444444, GDX, 0, 4, 0.000000, ZIC, 26, 2, 13.000000, ZIP, 815, 8, 101.875000, 146, 173, 
trial0008593, 000600, AA, 2213, 18, 122.944444, GDX, 327, 4, 81.750000, ZIC, 499, 2, 249.500000, ZIP, 1049, 8, 131.125000, 154, 159, 
trial0008594, 000600, AA, 3559, 18, 197.722222, GDX, 585, 4, 146.250000, ZIC, 0, 2, 0.000000, ZIP, 226, 8, 28.250000, 112, 145, 
trial0008595, 000600, AA, 2173, 18, 120.722222, GDX, 289, 4, 72.250000, ZIC, 301, 2, 150.500000, ZIP, 1539, 8, 192.375000, 115, 116, 
trial0008596, 000600, AA, 3342, 18, 185.666667, GDX, 306, 4, 76.500000, ZIC, 0, 2, 0.000000, ZIP, 1303, 8, 162.875000, 108, 114, 
trial0008597, 000600, AA, 2851, 18, 158.388889, GDX, 1024, 4, 256.000000, ZIC, 0, 2, 0.000000, ZIP, 1729, 8, 216.125000, 120, 121, 
trial0008598, 000600, AA, 3838, 18, 213.222222, GDX, 341, 4, 85.250000, ZIC, 402, 2, 201.000000, ZIP, 1133, 8, 141.625000, 116, 149, 
trial0008599, 000600, AA, 2969, 18, 164.944444, GDX, 377, 4, 94.250000, ZIC, 195, 2, 97.500000, ZIP, 1805, 8, 225.625000, 118, 123, 
trial0008600, 000600, AA, 3449, 18, 191.611111, GDX, 964, 4, 241.000000, ZIC, 52, 2, 26.000000, ZIP, 951, 8, 118.875000, 117, 118, 
trial0008601, 000600, AA, 1750, 18, 97.222222, GDX, 636, 4, 159.000000, ZIC, 40, 2, 20.000000, ZIP, 1956, 8, 244.500000, 130, 131, 
trial0008602, 000600, AA, 3255, 18, 180.833333, GDX, 38, 4, 9.500000, ZIC, 75, 2, 37.500000, ZIP, 1361, 8, 170.125000, 124, 133, 
trial0008603, 000600, AA, 2898, 18, 161.000000, GDX, 596, 4, 149.000000, ZIC, 48, 2, 24.000000, ZIP, 1088, 8, 136.000000, 128, 129, 
trial0008604, 000600, AA, 2728, 18, 151.555556, GDX, 46, 4, 11.500000, ZIC, 493, 2, 246.500000, ZIP, 853, 8, 106.625000, 118, 128, 
trial0008605, 000600, AA, 3687, 18, 204.833333, GDX, 80, 4, 20.000000, ZIC, 399, 2, 199.500000, ZIP, 421, 8, 52.625000, 141, 144, 
trial0008606, 000600, AA, 2543, 18, 141.277778, GDX, 3, 4, 0.750000, ZIC, 112, 2, 56.000000, ZIP, 1881, 8, 235.125000, 110, 123, 
trial0008607, 000600, AA, 2319, 18, 128.833333, GDX, 0, 4, 0.000000, ZIC, 542, 2, 271.000000, ZIP, 1591, 8, 198.875000, 116, 133, 
trial0008608, 000600, AA, 2377, 18, 132.055556, GDX, 34, 4, 8.500000, ZIC, 567, 2, 283.500000, ZIP, 1571, 8, 196.375000, 128, 130, 
trial0008609, 000600, AA, 2092, 18, 116.222222, GDX, 583, 4, 145.750000, ZIC, 316, 2, 158.000000, ZIP, 1364, 8, 170.500000, 130, 131, 
trial0008610, 000600, AA, 2309, 18, 128.277778, GDX, 1363, 4, 340.750000, ZIC, 440, 2, 220.000000, ZIP, 359, 8, 44.875000, 135, 137, 
trial0008611, 000600, AA, 1627, 18, 90.388889, GDX, 34, 4, 8.500000, ZIC, 0, 2, 0.000000, ZIP, 1875, 8, 234.375000, 148, 158, 
trial0008612, 000600, AA, 2477, 18, 137.611111, GDX, 311, 4, 77.750000, ZIC, 292, 2, 146.000000, ZIP, 296, 8, 37.000000, 120, 127, 
trial0008613, 000600, AA, 1941, 18, 107.833333, GDX, 417, 4, 104.250000, ZIC, 76, 2, 38.000000, ZIP, 558, 8, 69.750000, 124, 126, 
trial0008614, 000600, AA, 1576, 18, 87.555556, GDX, 591, 4, 147.750000, ZIC, 244, 2, 122.000000, ZIP, 887, 8, 110.875000, 185, 195, 
trial0008615, 000600, AA, 2066, 18, 114.777778, GDX, 409, 4, 102.250000, ZIC, 80, 2, 40.000000, ZIP, 668, 8, 83.500000, 124, 154, 
trial0008616, 000600, AA, 1410, 18, 78.333333, GDX, 250, 4, 62.500000, ZIC, 41, 2, 20.500000, ZIP, 1055, 8, 131.875000, 152, 158, 
trial0008617, 000600, AA, 1212, 18, 67.333333, GDX, 1031, 4, 257.750000, ZIC, 87, 2, 43.500000, ZIP, 1269, 8, 158.625000, 142, 146, 
trial0008618, 000600, AA, 2052, 18, 114.000000, GDX, 679, 4, 169.750000, ZIC, 0, 2, 0.000000, ZIP, 702, 8, 87.750000, 176, 178, 
trial0008619, 000600, AA, 2147, 18, 119.277778, GDX, 156, 4, 39.000000, ZIC, 0, 2, 0.000000, ZIP, 926, 8, 115.750000, 155, 156, 
trial0008620, 000600, AA, 1939, 18, 107.722222, GDX, 489, 4, 122.250000, ZIC, 0, 2, 0.000000, ZIP, 57, 8, 7.125000, 144, 149, 
trial0008621, 000600, AA, 1292, 18, 71.777778, GDX, 406, 4, 101.500000, ZIC, 0, 2, 0.000000, ZIP, 1404, 8, 175.500000, 127, 129, 
trial0008622, 000600, AA, 1841, 18, 102.277778, GDX, 888, 4, 222.000000, ZIC, 123, 2, 61.500000, ZIP, 456, 8, 57.000000, 173, 178, 
trial0008623, 000600, AA, 1610, 18, 89.444444, GDX, 749, 4, 187.250000, ZIC, 13, 2, 6.500000, ZIP, 1015, 8, 126.875000, 120, 123, 
trial0008624, 000600, AA, 1154, 18, 64.111111, GDX, 460, 4, 115.000000, ZIC, 251, 2, 125.500000, ZIP, 1072, 8, 134.000000, 167, 168, 
trial0008625, 000600, AA, 1588, 18, 88.222222, GDX, 102, 4, 25.500000, ZIC, 46, 2, 23.000000, ZIP, 1415, 8, 176.875000, 116, 124, 
trial0008626, 000600, AA, 1887, 18, 104.833333, GDX, 562, 4, 140.500000, ZIC, 331, 2, 165.500000, ZIP, 530, 8, 66.250000, 117, 118, 
trial0008627, 000600, AA, 1784, 18, 99.111111, GDX, 310, 4, 77.500000, ZIC, 99, 2, 49.500000, ZIP, 774, 8, 96.750000, 142, 149, 
trial0008628, 000600, AA, 2070, 18, 115.000000, GDX, 304, 4, 76.000000, ZIC, 28, 2, 14.000000, ZIP, 489, 8, 61.125000, 137, 153, 
trial0008629, 000600, AA, 1707, 18, 94.833333, GDX, 205, 4, 51.250000, ZIC, 399, 2, 199.500000, ZIP, 676, 8, 84.500000, 124, 130, 
trial0008630, 000600, AA, 1589, 18, 88.277778, GDX, 211, 4, 52.750000, ZIC, 95, 2, 47.500000, ZIP, 745, 8, 93.125000, 132, 133, 
trial0008631, 000600, AA, 1531, 18, 85.055556, GDX, 960, 4, 240.000000, ZIC, 49, 2, 24.500000, ZIP, 759, 8, 94.875000, 118, 125, 
trial0008632, 000600, AA, 957, 18, 53.166667, GDX, 310, 4, 77.500000, ZIC, 124, 2, 62.000000, ZIP, 1230, 8, 153.750000, 132, 134, 
trial0008633, 000600, AA, 2015, 18, 111.944444, GDX, 57, 4, 14.250000, ZIC, 0, 2, 0.000000, ZIP, 970, 8, 121.250000, 134, 139, 
trial0008634, 000600, AA, 1543, 18, 85.722222, GDX, 117, 4, 29.250000, ZIC, 373, 2, 186.500000, ZIP, 1160, 8, 145.000000, 114, 138, 
trial0008635, 000600, AA, 1674, 18, 93.000000, GDX, 31, 4, 7.750000, ZIC, 99, 2, 49.500000, ZIP, 1303, 8, 162.875000, 166, 168, 
trial0008636, 000600, AA, 1914, 18, 106.333333, GDX, 89, 4, 22.250000, ZIC, 74, 2, 37.000000, ZIP, 584, 8, 73.000000, 158, 163, 
trial0008637, 000600, AA, 1788, 18, 99.333333, GDX, 216, 4, 54.000000, ZIC, 154, 2, 77.000000, ZIP, 796, 8, 99.500000, 137, 141, 
trial0008638, 000600, AA, 1877, 18, 104.277778, GDX, 278, 4, 69.500000, ZIC, 312, 2, 156.000000, ZIP, 557, 8, 69.625000, 122, 128, 
trial0008639, 000600, AA, 2041, 18, 113.388889, GDX, 224, 4, 56.000000, ZIC, 0, 2, 0.000000, ZIP, 520, 8, 65.000000, 162, 165, 
trial0008640, 000600, AA, 1952, 18, 108.444444, GDX, 119, 4, 29.750000, ZIC, 69, 2, 34.500000, ZIP, 873, 8, 109.125000, 119, 123, 
trial0008641, 000600, AA, 1201, 18, 66.722222, GDX, 823, 4, 205.750000, ZIC, 267, 2, 133.500000, ZIP, 933, 8, 116.625000, 114, 118, 
trial0008642, 000600, AA, 1597, 18, 88.722222, GDX, 434, 4, 108.500000, ZIC, 255, 2, 127.500000, ZIP, 609, 8, 76.125000, 111, 118, 
trial0008643, 000600, AA, 1436, 18, 79.777778, GDX, 669, 4, 167.250000, ZIC, 5, 2, 2.500000, ZIP, 1126, 8, 140.750000, 92, 103, 
trial0008644, 000600, AA, 1266, 18, 70.333333, GDX, 743, 4, 185.750000, ZIC, 167, 2, 83.500000, ZIP, 1078, 8, 134.750000, 83, 108, 
trial0008645, 000600, AA, 2139, 18, 118.833333, GDX, 131, 4, 32.750000, ZIC, 144, 2, 72.000000, ZIP, 658, 8, 82.250000, 101, 130, 
trial0008646, 000600, AA, 2059, 18, 114.388889, GDX, 399, 4, 99.750000, ZIC, 0, 2, 0.000000, ZIP, 582, 8, 72.750000, 93, 101, 
trial0008647, 000600, AA, 1576, 18, 87.555556, GDX, 226, 4, 56.500000, ZIC, 19, 2, 9.500000, ZIP, 1128, 8, 141.000000, 146, 151, 
trial0008648, 000600, AA, 1728, 18, 96.000000, GDX, 243, 4, 60.750000, ZIC, 25, 2, 12.500000, ZIP, 1053, 8, 131.625000, 96, 99, 
trial0008649, 000600, AA, 1888, 18, 104.888889, GDX, 210, 4, 52.500000, ZIC, 222, 2, 111.000000, ZIP, 809, 8, 101.125000, 103, 122, 
trial0008650, 000600, AA, 1426, 18, 79.222222, GDX, 330, 4, 82.500000, ZIC, 21, 2, 10.500000, ZIP, 1340, 8, 167.500000, 93, 94, 
trial0008651, 000600, AA, 1430, 18, 79.444444, GDX, 746, 4, 186.500000, ZIC, 12, 2, 6.000000, ZIP, 914, 8, 114.250000, 102, 113, 
trial0008652, 000600, AA, 2083, 18, 115.722222, GDX, 42, 4, 10.500000, ZIC, 217, 2, 108.500000, ZIP, 814, 8, 101.750000, 92, 94, 
trial0008653, 000600, AA, 1868, 18, 103.777778, GDX, 322, 4, 80.500000, ZIC, 17, 2, 8.500000, ZIP, 559, 8, 69.875000, 130, 138, 
trial0008654, 000600, AA, 1838, 18, 102.111111, GDX, 253, 4, 63.250000, ZIC, 270, 2, 135.000000, ZIP, 671, 8, 83.875000, 111, 116, 
trial0008655, 000600, AA, 1748, 18, 97.111111, GDX, 242, 4, 60.500000, ZIC, 32, 2, 16.000000, ZIP, 830, 8, 103.750000, 147, 162, 
trial0008656, 000600, AA, 1638, 18, 91.000000, GDX, 805, 4, 201.250000, ZIC, 268, 2, 134.000000, ZIP, 409, 8, 51.125000, 88, 102, 
trial0008657, 000600, AA, 1303, 18, 72.388889, GDX, 0, 4, 0.000000, ZIC, 322, 2, 161.000000, ZIP, 1179, 8, 147.375000, 102, 104, 
trial0008658, 000600, AA, 1550, 18, 86.111111, GDX, 484, 4, 121.000000, ZIC, 95, 2, 47.500000, ZIP, 670, 8, 83.750000, 135, 139, 
trial0008659, 000600, AA, 1613, 18, 89.611111, GDX, 361, 4, 90.250000, ZIC, 40, 2, 20.000000, ZIP, 892, 8, 111.500000, 89, 100, 
trial0008660, 000600, AA, 2216, 18, 123.111111, GDX, 268, 4, 67.000000, ZIC, 0, 2, 0.000000, ZIP, 603, 8, 75.375000, 88, 93, 
trial0008661, 000600, AA, 1478, 18, 82.111111, GDX, 610, 4, 152.500000, ZIC, 0, 2, 0.000000, ZIP, 608, 8, 76.000000, 103, 111, 
trial0008662, 000600, AA, 1829, 18, 101.611111, GDX, 27, 4, 6.750000, ZIC, 565, 2, 282.500000, ZIP, 645, 8, 80.625000, 109, 125, 
trial0008663, 000600, AA, 2445, 18, 135.833333, GDX, 211, 4, 52.750000, ZIC, 34, 2, 17.000000, ZIP, 587, 8, 73.375000, 72, 75, 
trial0008664, 000600, AA, 1342, 18, 74.555556, GDX, 405, 4, 101.250000, ZIC, 222, 2, 111.000000, ZIP, 354, 8, 44.250000, 131, 140, 
trial0008665, 000600, AA, 1358, 18, 75.444444, GDX, 304, 4, 76.000000, ZIC, 84, 2, 42.000000, ZIP, 949, 8, 118.625000, 90, 91, 
trial0008666, 000600, AA, 2236, 18, 124.222222, GDX, 207, 4, 51.750000, ZIC, 8, 2, 4.000000, ZIP, 589, 8, 73.625000, 120, 129, 
trial0008667, 000600, AA, 1904, 18, 105.777778, GDX, 586, 4, 146.500000, ZIC, 0, 2, 0.000000, ZIP, 522, 8, 65.250000, 80, 82, 
trial0008668, 000600, AA, 1827, 18, 101.500000, GDX, 19, 4, 4.750000, ZIC, 14, 2, 7.000000, ZIP, 779, 8, 97.375000, 77, 78, 
trial0008669, 000600, AA, 1971, 18, 109.500000, GDX, 303, 4, 75.750000, ZIC, 0, 2, 0.000000, ZIP, 747, 8, 93.375000, 75, 76, 
trial0008670, 000600, AA, 844, 18, 46.888889, GDX, 241, 4, 60.250000, ZIC, 0, 2, 0.000000, ZIP, 941, 8, 117.625000, 70, 75, 
trial0008671, 000600, AA, 1635, 18, 90.833333, GDX, 541, 4, 135.250000, ZIC, 121, 2, 60.500000, ZIP, 605, 8, 75.625000, 71, 79, 
trial0008672, 000600, AA, 2102, 18, 116.777778, GDX, 681, 4, 170.250000, ZIC, 51, 2, 25.500000, ZIP, 316, 8, 39.500000, 104, 106, 
trial0008673, 000600, AA, 1532, 18, 85.111111, GDX, 292, 4, 73.000000, ZIC, 6, 2, 3.000000, ZIP, 967, 8, 120.875000, 75, 79, 
trial0008674, 000600, AA, 1509, 18, 83.833333, GDX, 216, 4, 54.000000, ZIC, 367, 2, 183.500000, ZIP, 656, 8, 82.000000, 88, 92, 
trial0008675, 000600, AA, 967, 18, 53.722222, GDX, 334, 4, 83.500000, ZIC, 45, 2, 22.500000, ZIP, 921, 8, 115.125000, 82, 85, 
trial0008676, 000600, AA, 1824, 18, 101.333333, GDX, 217, 4, 54.250000, ZIC, 16, 2, 8.000000, ZIP, 862, 8, 107.750000, 82, 87, 
trial0008677, 000600, AA, 1627, 18, 90.388889, GDX, 278, 4, 69.500000, ZIC, 16, 2, 8.000000, ZIP, 616, 8, 77.000000, 78, 92, 
trial0008678, 000600, AA, 1959, 18, 108.833333, GDX, 350, 4, 87.500000, ZIC, 144, 2, 72.000000, ZIP, 317, 8, 39.625000, 118, 120, 
trial0008679, 000600, AA, 1517, 18, 84.277778, GDX, 194, 4, 48.500000, ZIC, 34, 2, 17.000000, ZIP, 1087, 8, 135.875000, 129, 130, 
trial0008680, 000600, AA, 1766, 18, 98.111111, GDX, 303, 4, 75.750000, ZIC, 60, 2, 30.000000, ZIP, 861, 8, 107.625000, 79, 80, 
trial0008681, 000600, AA, 350, 18, 19.444444, GDX, 160, 4, 40.000000, ZIC, 0, 2, 0.000000, ZIP, 130, 8, 16.250000, 156, 166, 
trial0008682, 000600, AA, 468, 18, 26.000000, GDX, 91, 4, 22.750000, ZIC, 14, 2, 7.000000, ZIP, 434, 8, 54.250000, 113, 117, 
trial0008683, 000600, AA, 377, 18, 20.944444, GDX, 166, 4, 41.500000, ZIC, 0, 2, 0.000000, ZIP, 5, 8, 0.625000, 162, 164, 
trial0008684, 000600, AA, 489, 18, 27.166667, GDX, 52, 4, 13.000000, ZIC, 0, 2, 0.000000, ZIP, 23, 8, 2.875000, 131, 135, 
trial0008685, 000600, AA, 362, 18, 20.111111, GDX, 131, 4, 32.750000, ZIC, 26, 2, 13.000000, ZIP, 28, 8, 3.500000, 156, 158, 
trial0008686, 000600, AA, 445, 18, 24.722222, GDX, 77, 4, 19.250000, ZIC, 0, 2, 0.000000, ZIP, 26, 8, 3.250000, 141, 142, 
trial0008687, 000600, AA, 280, 18, 15.555556, GDX, 194, 4, 48.500000, ZIC, 0, 2, 0.000000, ZIP, 323, 8, 40.375000, 110, 117, 
trial0008688, 000600, AA, 345, 18, 19.166667, GDX, 54, 4, 13.500000, ZIC, 11, 2, 5.500000, ZIP, 223, 8, 27.875000, 169, 172, 
trial0008689, 000600, AA, 215, 18, 11.944444, GDX, 277, 4, 69.250000, ZIC, 0, 2, 0.000000, ZIP, 4, 8, 0.500000, 117, 119, 
trial0008690, 000600, AA, 284, 18, 15.777778, GDX, 80, 4, 20.000000, ZIC, 0, 2, 0.000000, ZIP, 172, 8, 21.500000, 130, 135, 
trial0008691, 000600, AA, 710, 18, 39.444444, GDX, 96, 4, 24.000000, ZIC, 2, 2, 1.000000, ZIP, 58, 8, 7.250000, 116, 119, 
trial0008692, 000600, AA, 370, 18, 20.555556, GDX, 65, 4, 16.250000, ZIC, 3, 2, 1.500000, ZIP, 75, 8, 9.375000, 118, 119, 
trial0008693, 000600, AA, 368, 18, 20.444444, GDX, 216, 4, 54.000000, ZIC, 0, 2, 0.000000, ZIP, 403, 8, 50.375000, 100, 130, 
trial0008694, 000600, AA, 539, 18, 29.944444, GDX, 0, 4, 0.000000, ZIC, 40, 2, 20.000000, ZIP, 85, 8, 10.625000, 108, 110, 
trial0008695, 000600, AA, 411, 18, 22.833333, GDX, 66, 4, 16.500000, ZIC, 4, 2, 2.000000, ZIP, 41, 8, 5.125000, 108, 110, 
trial0008696, 000600, AA, 465, 18, 25.833333, GDX, 74, 4, 18.500000, ZIC, 19, 2, 9.500000, ZIP, 218, 8, 27.250000, 169, 170, 
trial0008697, 000600, AA, 431, 18, 23.944444, GDX, 104, 4, 26.000000, ZIC, 4, 2, 2.000000, ZIP, 132, 8, 16.500000, 110, 111, 
trial0008698, 000600, AA, 383, 18, 21.277778, GDX, 0, 4, 0.000000, ZIC, 0, 2, 0.000000, ZIP, 95, 8, 11.875000, 165, 167, 
trial0008699, 000600, AA, 382, 18, 21.222222, GDX, 18, 4, 4.500000, ZIC, 0, 2, 0.000000, ZIP, 111, 8, 13.875000, 152, 153, 
trial0008700, 000600, AA, 541, 18, 30.055556, GDX, 65, 4, 16.250000, ZIC, 19, 2, 9.500000, ZIP, 96, 8, 12.000000, 102, 103, 
trial0008701, 000600, AA, 495, 18, 27.500000, GDX, 142, 4, 35.500000, ZIC, 0, 2, 0.000000, ZIP, 93, 8, 11.625000, 93, 97, 
trial0008702, 000600, AA, 366, 18, 20.333333, GDX, 117, 4, 29.250000, ZIC, 0, 2, 0.000000, ZIP, 255, 8, 31.875000, 113, 127, 
trial0008703, 000600, AA, 438, 18, 24.333333, GDX, 11, 4, 2.750000, ZIC, 10, 2, 5.000000, ZIP, 303, 8, 37.875000, 108, 111, 
trial0008704, 000600, AA, 304, 18, 16.888889, GDX, 56, 4, 14.000000, ZIC, 55, 2, 27.500000, ZIP, 192, 8, 24.000000, 129, 130, 
trial0008705, 000600, AA, 300, 18, 16.666667, GDX, 194, 4, 48.500000, ZIC, 72, 2, 36.000000, ZIP, 232, 8, 29.000000, 119, 122, 
trial0008706, 000600, AA, 327, 18, 18.166667, GDX, 122, 4, 30.500000, ZIC, 34, 2, 17.000000, ZIP, 153, 8, 19.125000, 137, 141, 
trial0008707, 000600, AA, 549, 18, 30.500000, GDX, 3, 4, 0.750000, ZIC, 63, 2, 31.500000, ZIP, 325, 8, 40.625000, 145, 148, 
trial0008708, 000600, AA, 486, 18, 27.000000, GDX, 38, 4, 9.500000, ZIC, 0, 2, 0.000000, ZIP, 165, 8, 20.625000, 161, 162, 
trial0008709, 000600, AA, 590, 18, 32.777778, GDX, 82, 4, 20.500000, ZIC, 97, 2, 48.500000, ZIP, 137, 8, 17.125000, 145, 149, 
trial0008710, 000600, AA, 472, 18, 26.222222, GDX, 244, 4, 61.000000, ZIC, 0, 2, 0.000000, ZIP, 182, 8, 22.750000, 154, 161, 
trial0008711, 000600, AA, 230, 18, 12.777778, GDX, 148, 4, 37.000000, ZIC, 29, 2, 14.500000, ZIP, 25, 8, 3.125000, 156, 157, 
trial0008712, 000600, AA, 738, 18, 41.000000, GDX, 12, 4, 3.000000, ZIC, 9, 2, 4.500000, ZIP, 106, 8, 13.250000, 143, 146, 
trial0008713, 000600, AA, 372, 18, 20.666667, GDX, 229, 4, 57.250000, ZIC, 5, 2, 2.500000, ZIP, 378, 8, 47.250000, 112, 115, 
trial0008714, 000600, AA, 315, 18, 17.500000, GDX, 11, 4, 2.750000, ZIC, 52, 2, 26.000000, ZIP, 72, 8, 9.000000, 155, 156, 
trial0008715, 000600, AA, 377, 18, 20.944444, GDX, 51, 4, 12.750000, ZIC, 3, 2, 1.500000, ZIP, 92, 8, 11.500000, 158, 161, 
trial0008716, 000600, AA, 475, 18, 26.388889, GDX, 83, 4, 20.750000, ZIC, 52, 2, 26.000000, ZIP, 167, 8, 20.875000, 105, 106, 
trial0008717, 000600, AA, 317, 18, 17.611111, GDX, 197, 4, 49.250000, ZIC, 11, 2, 5.500000, ZIP, 147, 8, 18.375000, 95, 101, 
trial0008718, 000600, AA, 533, 18, 29.611111, GDX, 294, 4, 73.500000, ZIC, 0, 2, 0.000000, ZIP, 196, 8, 24.500000, 162, 166, 
trial0008719, 000600, AA, 552, 18, 30.666667, GDX, 77, 4, 19.250000, ZIC, 0, 2, 0.000000, ZIP, 28, 8, 3.500000, 99, 102, 
trial0008720, 000600, AA, 319, 18, 17.722222, GDX, 46, 4, 11.500000, ZIC, 4, 2, 2.000000, ZIP, 63, 8, 7.875000, 128, 135, 
trial0008721, 000600, AA, 2680, 18, 148.888889, GDX, 653, 4, 163.250000, ZIC, 0, 2, 0.000000, ZIP, 351, 8, 43.875000, 113, 116, 
trial0008722, 000600, AA, 2388, 18, 132.666667, GDX, 216, 4, 54.000000, ZIC, 0, 2, 0.000000, ZIP, 887, 8, 110.875000, 186, 188, 
trial0008723, 000600, AA, 1930, 18, 107.222222, GDX, 342, 4, 85.500000, ZIC, 324, 2, 162.000000, ZIP, 461, 8, 57.625000, 163, 168, 
trial0008724, 000600, AA, 1355, 18, 75.277778, GDX, 251, 4, 62.750000, ZIC, 329, 2, 164.500000, ZIP, 1096, 8, 137.000000, 115, 122, 
trial0008725, 000600, AA, 2104, 18, 116.888889, GDX, 254, 4, 63.500000, ZIC, 140, 2, 70.000000, ZIP, 1038, 8, 129.750000, 142, 155, 
trial0008726, 000600, AA, 2929, 18, 162.722222, GDX, 38, 4, 9.500000, ZIC, 0, 2, 0.000000, ZIP, 375, 8, 46.875000, 122, 139, 
trial0008727, 000600, AA, 674, 18, 37.444444, GDX, 693, 4, 173.250000, ZIC, 79, 2, 39.500000, ZIP, 1784, 8, 223.000000, 102, 185, 
trial0008728, 000600, AA, 1822, 18, 101.222222, GDX, 675, 4, 168.750000, ZIC, 9, 2, 4.500000, ZIP, 536, 8, 67.000000, 152, 153, 
trial0008729, 000600, AA, 2212, 18, 122.888889, GDX, 434, 4, 108.500000, ZIC, 57, 2, 28.500000, ZIP, 901, 8, 112.625000, 150, 161, 
trial0008730, 000600, AA, 1335, 18, 74.166667, GDX, 100, 4, 25.000000, ZIC, 10, 2, 5.000000, ZIP, 1421, 8, 177.625000, 96, 102, 
trial0008731, 000600, AA, 2308, 18, 128.222222, GDX, 190, 4, 47.500000, ZIC, 414, 2, 207.000000, ZIP, 1059, 8, 132.375000, 125, 146, 
trial0008732, 000600, AA, 1762, 18, 97.888889, GDX, 514, 4, 128.500000, ZIC, 146, 2, 73.000000, ZIP, 1500, 8, 187.500000, 118, 126, 
trial0008733, 000600, AA, 1731, 18, 96.166667, GDX, 1025, 4, 256.250000, ZIC, 0, 2, 0.000000, ZIP, 658, 8, 82.250000, 149, 184, 
trial0008734, 000600, AA, 2586, 18, 143.666667, GDX, 99, 4, 24.750000, ZIC, 23, 2, 11.500000, ZIP, 638, 8, 79.750000, 164, 166, 
trial0008735, 000600, AA, 1838, 18, 102.111111, GDX, 137, 4, 34.250000, ZIC, 328, 2, 164.000000, ZIP, 1110, 8, 138.750000, 129, 131, 
trial0008736, 000600, AA, 1851, 18, 102.833333, GDX, 585, 4, 146.250000, ZIC, 0, 2, 0.000000, ZIP, 1294, 8, 161.750000, 153, 154, 
trial0008737, 000600, AA, 2151, 18, 119.500000, GDX, 662, 4, 165.500000, ZIC, 59, 2, 29.500000, ZIP, 724, 8, 90.500000, 160, 162, 
trial0008738, 000600, AA, 2157, 18, 119.833333, GDX, 4, 4, 1.000000, ZIC, 130, 2, 65.000000, ZIP, 1117, 8, 139.625000, 146, 151, 
trial0008739, 000600, AA, 1796, 18, 99.777778, GDX, 1112, 4, 278.000000, ZIC, 22, 2, 11.000000, ZIP, 701, 8, 87.625000, 109, 112, 
trial0008740, 000600, AA, 1838, 18, 102.111111, GDX, 139, 4, 34.750000, ZIC, 365, 2, 182.500000, ZIP, 1214, 8, 151.750000, 114, 115, 
trial0008741, 000600, AA, 2093, 18, 116.277778, GDX, 356, 4, 89.000000, ZIC, 605, 2, 302.500000, ZIP, 1408, 8, 176.000000, 176, 179, 
trial0008742, 000600, AA, 2513, 18, 139.611111, GDX, 1414, 4, 353.500000, ZIC, 48, 2, 24.000000, ZIP, 1009, 8, 126.125000, 150, 153, 
trial0008743, 000600, AA, 3462, 18, 192.333333, GDX, 180, 4, 45.000000, ZIC, 0, 2, 0.000000, ZIP, 896, 8, 112.000000, 147, 149, 
trial0008744, 000600, AA, 3892, 18, 216.222222, GDX, 299, 4, 74.750000, ZIC, 394, 2, 197.000000, ZIP, 349, 8, 43.625000, 102, 119, 
trial0008745, 000600, AA, 2928, 18, 162.666667, GDX, 643, 4, 160.750000, ZIC, 524, 2, 262.000000, ZIP, 1020, 8, 127.500000, 124, 135, 
trial0008746, 000600, AA, 1409, 18, 78.277778, GDX, 1268, 4, 317.000000, ZIC, 0, 2, 0.000000, ZIP, 1213, 8, 151.625000, 124, 127, 
trial0008747, 000600, AA, 3431, 18, 190.611111, GDX, 1027, 4, 256.750000, ZIC, 0, 2, 0.000000, ZIP, 630, 8, 78.750000, 164, 173, 
trial0008748, 000600, AA, 1769, 18, 98.277778, GDX, 745, 4, 186.250000, ZIC, 106, 2, 53.000000, ZIP, 1128, 8, 141.000000, 94, 96, 
trial0008749, 000600, AA, 3174, 18, 176.333333, GDX, 1093, 4, 273.250000, ZIC, 116, 2, 58.000000, ZIP, 1001, 8, 125.125000, 124, 131, 
trial0008750, 000600, AA, 2145, 18, 119.166667, GDX, 863, 4, 215.750000, ZIC, 0, 2, 0.000000, ZIP, 2085, 8, 260.625000, 134, 135, 
trial0008751, 000600, AA, 2527, 18, 140.388889, GDX, 902, 4, 225.500000, ZIC, 637, 2, 318.500000, ZIP, 1465, 8, 183.125000, 91, 174, 
trial0008752, 000600, AA, 1207, 18, 67.055556, GDX, 651, 4, 162.750000, ZIC, 200, 2, 100.000000, ZIP, 2160, 8, 270.000000, 134, 136, 
trial0008753, 000600, AA, 3785, 18, 210.277778, GDX, 172, 4, 43.000000, ZIC, 0, 2, 0.000000, ZIP, 1174, 8, 146.750000, 127, 138, 
trial0008754, 000600, AA, 2265, 18, 125.833333, GDX, 444, 4, 111.000000, ZIC, 0, 2, 0.000000, ZIP, 1835, 8, 229.375000, 128, 155, 
trial0008755, 000600, AA, 3373, 18, 187.388889, GDX, 218, 4, 54.500000, ZIC, 471, 2, 235.500000, ZIP, 565, 8, 70.625000, 124, 125, 
trial0008756, 000600, AA, 1851, 18, 102.833333, GDX, 11, 4, 2.750000, ZIC, 0, 2, 0.000000, ZIP, 1830, 8, 228.750000, 132, 147, 
trial0008757, 000600, AA, 2357, 18, 130.944444, GDX, 983, 4, 245.750000, ZIC, 399, 2, 199.500000, ZIP, 1155, 8, 144.375000, 121, 122, 
trial0008758, 000600, AA, 3069, 18, 170.500000, GDX, 0, 4, 0.000000, ZIC, 510, 2, 255.000000, ZIP, 593, 8, 74.125000, 107, 118, 
trial0008759, 000600, AA, 2613, 18, 145.166667, GDX, 5, 4, 1.250000, ZIC, 15, 2, 7.500000, ZIP, 1512, 8, 189.000000, 138, 144, 
trial0008760, 000600, AA, 2655, 18, 147.500000, GDX, 1210, 4, 302.500000, ZIC, 192, 2, 96.000000, ZIP, 718, 8, 89.750000, 107, 126, 
trial0008761, 000600, AA, 2410, 18, 133.888889, GDX, 542, 4, 135.500000, ZIC, 9, 2, 4.500000, ZIP, 822, 8, 102.750000, 82, 86, 
trial0008762, 000600, AA, 2314, 18, 128.555556, GDX, 9, 4, 2.250000, ZIC, 51, 2, 25.500000, ZIP, 1317, 8, 164.625000, 81, 85, 
trial0008763, 000600, AA, 3144, 18, 174.666667, GDX, 263, 4, 65.750000, ZIC, 0, 2, 0.000000, ZIP, 608, 8, 76.000000, 73, 74, 
trial0008764, 000600, AA, 1715, 18, 95.277778, GDX, 517, 4, 129.250000, ZIC, 243, 2, 121.500000, ZIP, 1235, 8, 154.375000, 98, 118, 
trial0008765, 000600, AA, 1310, 18, 72.777778, GDX, 966, 4, 241.500000, ZIC, 81, 2, 40.500000, ZIP, 1384, 8, 173.000000, 72, 92, 
trial0008766, 000600, AA, 1963, 18, 109.055556, GDX, 692, 4, 173.000000, ZIC, 67, 2, 33.500000, ZIP, 724, 8, 90.500000, 91, 104, 
trial0008767, 000600, AA, 2097, 18, 116.500000, GDX, 251, 4, 62.750000, ZIC, 540, 2, 270.000000, ZIP, 719, 8, 89.875000, 121, 129, 
trial0008768, 000600, AA, 1936, 18, 107.555556, GDX, 116, 4, 29.000000, ZIC, 148, 2, 74.000000, ZIP, 1029, 8, 128.625000, 128, 135, 
trial0008769, 000600, AA, 2064, 18, 114.666667, GDX, 266, 4, 66.500000, ZIC, 9, 2, 4.500000, ZIP, 1317, 8, 164.625000, 91, 92, 
trial0008770, 000600, AA, 1852, 18, 102.888889, GDX, 742, 4, 185.500000, ZIC, 384, 2, 192.000000, ZIP, 549, 8, 68.625000, 122, 125, 
trial0008771, 000600, AA, 3303, 18, 183.500000, GDX, 183, 4, 45.750000, ZIC, 33, 2, 16.500000, ZIP, 311, 8, 38.875000, 107, 111, 
trial0008772, 000600, AA, 1535, 18, 85.277778, GDX, 893, 4, 223.250000, ZIC, 0, 2, 0.000000, ZIP, 1711, 8, 213.875000, 114, 116, 
trial0008773, 000600, AA, 2358, 18, 131.000000, GDX, 482, 4, 120.500000, ZIC, 285, 2, 142.500000, ZIP, 555, 8, 69.375000, 114, 119, 
trial0008774, 000600, AA, 1883, 18, 104.611111, GDX, 328, 4, 82.000000, ZIC, 150, 2, 75.000000, ZIP, 1796, 8, 224.500000, 103, 104, 
trial0008775, 000600, AA, 2314, 18, 128.555556, GDX, 337, 4, 84.250000, ZIC, 0, 2, 0.000000, ZIP, 1237, 8, 154.625000, 58, 72, 
trial0008776, 000600, AA, 2260, 18, 125.555556, GDX, 106, 4, 26.500000, ZIC, 500, 2, 250.000000, ZIP, 1017, 8, 127.125000, 101, 102, 
trial0008777, 000600, AA, 1744, 18, 96.888889, GDX, 217, 4, 54.250000, ZIC, 75, 2, 37.500000, ZIP, 600, 8, 75.000000, 139, 140, 
trial0008778, 000600, AA, 2214, 18, 123.000000, GDX, 140, 4, 35.000000, ZIC, 153, 2, 76.500000, ZIP, 1212, 8, 151.500000, 80, 82, 
trial0008779, 000600, AA, 1770, 18, 98.333333, GDX, 496, 4, 124.000000, ZIC, 251, 2, 125.500000, ZIP, 1183, 8, 147.875000, 79, 98, 
trial0008780, 000600, AA, 2334, 18, 129.666667, GDX, 272, 4, 68.000000, ZIC, 0, 2, 0.000000, ZIP, 925, 8, 115.625000, 78, 79, 
trial0008781, 000600, AA, 965, 18, 53.611111, GDX, 151, 4, 37.750000, ZIC, 5, 2, 2.500000, ZIP, 87, 8, 10.875000, 76, 77, 
trial0008782, 000600, AA, 659, 18, 36.611111, GDX, 62, 4, 15.500000, ZIC, 277, 2, 138.500000, ZIP, 367, 8, 45.875000, 121, 122, 
trial0008783, 000600, AA, 1033, 18, 57.388889, GDX, 301, 4, 75.250000, ZIC, 26, 2, 13.000000, ZIP, 381, 8, 47.625000, 83, 101, 
trial0008784, 000600, AA, 1051, 18, 58.388889, GDX, 49, 4, 12.250000, ZIC, 241, 2, 120.500000, ZIP, 109, 8, 13.625000, 81, 83, 
trial0008785, 000600, AA, 1019, 18, 56.611111, GDX, 189, 4, 47.250000, ZIC, 56, 2, 28.000000, ZIP, 319, 8, 39.875000, 86, 91, 
trial0008786, 000600, AA, 1261, 18, 70.055556, GDX, 49, 4, 12.250000, ZIC, 0, 2, 0.000000, ZIP, 558, 8, 69.750000, 144, 148, 
trial0008787, 000600, AA, 708, 18, 39.333333, GDX, 242, 4, 60.500000, ZIC, 191, 2, 95.500000, ZIP, 521, 8, 65.125000, 81, 95, 
trial0008788, 000600, AA, 1126, 18, 62.555556, GDX, 184, 4, 46.000000, ZIC, 21, 2, 10.500000, ZIP, 84, 8, 10.500000, 75, 78, 
trial0008789, 000600, AA, 1142, 18, 63.444444, GDX, 150, 4, 37.500000, ZIC, 206, 2, 103.000000, ZIP, 72, 8, 9.000000, 117, 126, 
trial0008790, 000600, AA, 1211, 18, 67.277778, GDX, 411, 4, 102.750000, ZIC, 0, 2, 0.000000, ZIP, 342, 8, 42.750000, 87, 88, 
trial0008791, 000600, AA, 1097, 18, 60.944444, GDX, 107, 4, 26.750000, ZIC, 162, 2, 81.000000, ZIP, 359, 8, 44.875000, 123, 127, 
trial0008792, 000600, AA, 1183, 18, 65.722222, GDX, 0, 4, 0.000000, ZIC, 70, 2, 35.000000, ZIP, 284, 8, 35.500000, 85, 89, 
trial0008793, 000600, AA, 889, 18, 49.388889, GDX, 345, 4, 86.250000, ZIC, 38, 2, 19.000000, ZIP, 270, 8, 33.750000, 76, 80, 
trial0008794, 000600, AA, 829, 18, 46.055556, GDX, 224, 4, 56.000000, ZIC, 59, 2, 29.500000, ZIP, 565, 8, 70.625000, 112, 114, 
trial0008795, 000600, AA, 1021, 18, 56.722222, GDX, 216, 4, 54.000000, ZIC, 48, 2, 24.000000, ZIP, 339, 8, 42.375000, 97, 104, 
trial0008796, 000600, AA, 1018, 18, 56.555556, GDX, 78, 4, 19.500000, ZIC, 0, 2, 0.000000, ZIP, 383, 8, 47.875000, 83, 84, 
trial0008797, 000600, AA, 1059, 18, 58.833333, GDX, 147, 4, 36.750000, ZIC, 0, 2, 0.000000, ZIP, 587, 8, 73.375000, 86, 90, 
trial0008798, 000600, AA, 1022, 18, 56.777778, GDX, 146, 4, 36.500000, ZIC, 0, 2, 0.000000, ZIP, 740, 8, 92.500000, 84, 92, 
trial0008799, 000600, AA, 1084, 18, 60.222222, GDX, 0, 4, 0.000000, ZIC, 167, 2, 83.500000, ZIP, 471, 8, 58.875000, 139, 145, 
trial0008800, 000600, AA, 679, 18, 37.722222, GDX, 24, 4, 6.000000, ZIC, 45, 2, 22.500000, ZIP, 643, 8, 80.375000, 75, 76, 
trial0008801, 000600, AA, 2012, 18, 111.777778, GDX, 887, 4, 221.750000, ZIC, 155, 2, 77.500000, ZIP, 799, 8, 99.875000, 141, 142, 
trial0008802, 000600, AA, 4108, 18, 228.222222, GDX, 281, 4, 70.250000, ZIC, 0, 2, 0.000000, ZIP, 1021, 8, 127.625000, 90, 96, 
trial0008803, 000600, AA, 2910, 18, 161.666667, GDX, 326, 4, 81.500000, ZIC, 332, 2, 166.000000, ZIP, 1135, 8, 141.875000, 90, 95, 
trial0008804, 000600, AA, 2697, 18, 149.833333, GDX, 583, 4, 145.750000, ZIC, 491, 2, 245.500000, ZIP, 786, 8, 98.250000, 80, 81, 
trial0008805, 000600, AA, 1811, 18, 100.611111, GDX, 472, 4, 118.000000, ZIC, 53, 2, 26.500000, ZIP, 1908, 8, 238.500000, 96, 100, 
trial0008806, 000600, AA, 1407, 18, 78.166667, GDX, 1177, 4, 294.250000, ZIC, 222, 2, 111.000000, ZIP, 1437, 8, 179.625000, 97, 98, 
trial0008807, 000600, AA, 2459, 18, 136.611111, GDX, 576, 4, 144.000000, ZIC, 0, 2, 0.000000, ZIP, 1229, 8, 153.625000, 96, 100, 
trial0008808, 000600, AA, 3567, 18, 198.166667, GDX, 187, 4, 46.750000, ZIC, 0, 2, 0.000000, ZIP, 551, 8, 68.875000, 114, 118, 
trial0008809, 000600, AA, 2392, 18, 132.888889, GDX, 569, 4, 142.250000, ZIC, 372, 2, 186.000000, ZIP, 1081, 8, 135.125000, 86, 104, 
trial0008810, 000600, AA, 3755, 18, 208.611111, GDX, 44, 4, 11.000000, ZIC, 541, 2, 270.500000, ZIP, 436, 8, 54.500000, 95, 96, 
trial0008811, 000600, AA, 1936, 18, 107.555556, GDX, 637, 4, 159.250000, ZIC, 109, 2, 54.500000, ZIP, 1929, 8, 241.125000, 113, 133, 
trial0008812, 000600, AA, 2429, 18, 134.944444, GDX, 459, 4, 114.750000, ZIC, 88, 2, 44.000000, ZIP, 1132, 8, 141.500000, 112, 114, 
trial0008813, 000600, AA, 2870, 18, 159.444444, GDX, 251, 4, 62.750000, ZIC, 0, 2, 0.000000, ZIP, 1303, 8, 162.875000, 99, 109, 
trial0008814, 000600, AA, 2709, 18, 150.500000, GDX, 116, 4, 29.000000, ZIC, 333, 2, 166.500000, ZIP, 1533, 8, 191.625000, 84, 94, 
trial0008815, 000600, AA, 2965, 18, 164.722222, GDX, 521, 4, 130.250000, ZIC, 407, 2, 203.500000, ZIP, 483, 8, 60.375000, 117, 130, 
trial0008816, 000600, AA, 2502, 18, 139.000000, GDX, 432, 4, 108.000000, ZIC, 446, 2, 223.000000, ZIP, 604, 8, 75.500000, 98, 107, 
trial0008817, 000600, AA, 3394, 18, 188.555556, GDX, 418, 4, 104.500000, ZIC, 390, 2, 195.000000, ZIP, 904, 8, 113.000000, 112, 113, 
trial0008818, 000600, AA, 2742, 18, 152.333333, GDX, 351, 4, 87.750000, ZIC, 546, 2, 273.000000, ZIP, 1273, 8, 159.125000, 98, 119, 
trial0008819, 000600, AA, 2735, 18, 151.944444, GDX, 685, 4, 171.250000, ZIC, 582, 2, 291.000000, ZIP, 886, 8, 110.750000, 106, 111, 
trial0008820, 000600, AA, 3893, 18, 216.277778, GDX, 81, 4, 20.250000, ZIC, 15, 2, 7.500000, ZIP, 341, 8, 42.625000, 78, 97, 
trial0008821, 000600, AA, 2316, 18, 128.666667, GDX, 1092, 4, 273.000000, ZIC, 384, 2, 192.000000, ZIP, 1446, 8, 180.750000, 84, 86, 
trial0008822, 000600, AA, 2517, 18, 139.833333, GDX, 774, 4, 193.500000, ZIC, 203, 2, 101.500000, ZIP, 1257, 8, 157.125000, 93, 99, 
trial0008823, 000600, AA, 2728, 18, 151.555556, GDX, 699, 4, 174.750000, ZIC, 626, 2, 313.000000, ZIP, 1154, 8, 144.250000, 98, 101, 
trial0008824, 000600, AA, 3228, 18, 179.333333, GDX, 205, 4, 51.250000, ZIC, 467, 2, 233.500000, ZIP, 850, 8, 106.250000, 90, 92, 
trial0008825, 000600, AA, 964, 18, 53.555556, GDX, 686, 4, 171.500000, ZIC, 1111, 2, 555.500000, ZIP, 1938, 8, 242.250000, 115, 130, 
trial0008826, 000600, AA, 2907, 18, 161.500000, GDX, 1003, 4, 250.750000, ZIC, 353, 2, 176.500000, ZIP, 1145, 8, 143.125000, 96, 97, 
trial0008827, 000600, AA, 2673, 18, 148.500000, GDX, 788, 4, 197.000000, ZIC, 123, 2, 61.500000, ZIP, 744, 8, 93.000000, 160, 161, 
trial0008828, 000600, AA, 3951, 18, 219.500000, GDX, 148, 4, 37.000000, ZIC, 382, 2, 191.000000, ZIP, 1087, 8, 135.875000, 74, 86, 
trial0008829, 000600, AA, 2083, 18, 115.722222, GDX, 1072, 4, 268.000000, ZIC, 0, 2, 0.000000, ZIP, 2092, 8, 261.500000, 118, 126, 
trial0008830, 000600, AA, 2720, 18, 151.111111, GDX, 188, 4, 47.000000, ZIC, 9, 2, 4.500000, ZIP, 1564, 8, 195.500000, 113, 114, 
trial0008831, 000600, AA, 3001, 18, 166.722222, GDX, 566, 4, 141.500000, ZIC, 0, 2, 0.000000, ZIP, 1291, 8, 161.375000, 95, 98, 
trial0008832, 000600, AA, 3158, 18, 175.444444, GDX, 602, 4, 150.500000, ZIC, 293, 2, 146.500000, ZIP, 1066, 8, 133.250000, 120, 124, 
trial0008833, 000600, AA, 2965, 18, 164.722222, GDX, 581, 4, 145.250000, ZIC, 215, 2, 107.500000, ZIP, 795, 8, 99.375000, 138, 151, 
trial0008834, 000600, AA, 2819, 18, 156.611111, GDX, 467, 4, 116.750000, ZIC, 0, 2, 0.000000, ZIP, 1308, 8, 163.500000, 139, 143, 
trial0008835, 000600, AA, 2390, 18, 132.777778, GDX, 39, 4, 9.750000, ZIC, 0, 2, 0.000000, ZIP, 1298, 8, 162.250000, 130, 133, 
trial0008836, 000600, AA, 1853, 18, 102.944444, GDX, 521, 4, 130.250000, ZIC, 638, 2, 319.000000, ZIP, 1435, 8, 179.375000, 105, 123, 
trial0008837, 000600, AA, 3033, 18, 168.500000, GDX, 437, 4, 109.250000, ZIC, 0, 2, 0.000000, ZIP, 2012, 8, 251.500000, 88, 89, 
trial0008838, 000600, AA, 2597, 18, 144.277778, GDX, 583, 4, 145.750000, ZIC, 324, 2, 162.000000, ZIP, 1022, 8, 127.750000, 93, 103, 
trial0008839, 000600, AA, 3116, 18, 173.111111, GDX, 222, 4, 55.500000, ZIC, 1, 2, 0.500000, ZIP, 837, 8, 104.625000, 91, 97, 
trial0008840, 000600, AA, 1536, 18, 85.333333, GDX, 795, 4, 198.750000, ZIC, 459, 2, 229.500000, ZIP, 786, 8, 98.250000, 92, 99, 
trial0008841, 000600, AA, 3682, 18, 204.555556, GDX, 478, 4, 119.500000, ZIC, 168, 2, 84.000000, ZIP, 528, 8, 66.000000, 130, 154, 
trial0008842, 000600, AA, 2811, 18, 156.166667, GDX, 101, 4, 25.250000, ZIC, 149, 2, 74.500000, ZIP, 962, 8, 120.250000, 109, 116, 
trial0008843, 000600, AA, 1705, 18, 94.722222, GDX, 556, 4, 139.000000, ZIC, 24, 2, 12.000000, ZIP, 1952, 8, 244.000000, 159, 164, 
trial0008844, 000600, AA, 2807, 18, 155.944444, GDX, 620, 4, 155.000000, ZIC, 662, 2, 331.000000, ZIP, 576, 8, 72.000000, 176, 179, 
trial0008845, 000600, AA, 1930, 18, 107.222222, GDX, 204, 4, 51.000000, ZIC, 614, 2, 307.000000, ZIP, 762, 8, 95.250000, 146, 163, 
trial0008846, 000600, AA, 2701, 18, 150.055556, GDX, 164, 4, 41.000000, ZIC, 490, 2, 245.000000, ZIP, 461, 8, 57.625000, 164, 165, 
trial0008847, 000600, AA, 2953, 18, 164.055556, GDX, 422, 4, 105.500000, ZIC, 416, 2, 208.000000, ZIP, 1057, 8, 132.125000, 114, 132, 
trial0008848, 000600, AA, 3944, 18, 219.111111, GDX, 625, 4, 156.250000, ZIC, 789, 2, 394.500000, ZIP, 87, 8, 10.875000, 161, 171, 
trial0008849, 000600, AA, 3161, 18, 175.611111, GDX, 0, 4, 0.000000, ZIC, 47, 2, 23.500000, ZIP, 1391, 8, 173.875000, 126, 141, 
trial0008850, 000600, AA, 3300, 18, 183.333333, GDX, 977, 4, 244.250000, ZIC, 38, 2, 19.000000, ZIP, 409, 8, 51.125000, 138, 141, 
trial0008851, 000600, AA, 2698, 18, 149.888889, GDX, 567, 4, 141.750000, ZIC, 325, 2, 162.500000, ZIP, 1188, 8, 148.500000, 143, 159, 
trial0008852, 000600, AA, 3217, 18, 178.722222, GDX, 376, 4, 94.000000, ZIC, 208, 2, 104.000000, ZIP, 1069, 8, 133.625000, 172, 189, 
trial0008853, 000600, AA, 3384, 18, 188.000000, GDX, 253, 4, 63.250000, ZIC, 204, 2, 102.000000, ZIP, 1327, 8, 165.875000, 124, 129, 
trial0008854, 000600, AA, 3554, 18, 197.444444, GDX, 125, 4, 31.250000, ZIC, 536, 2, 268.000000, ZIP, 888, 8, 111.000000, 118, 123, 
trial0008855, 000600, AA, 2221, 18, 123.388889, GDX, 876, 4, 219.000000, ZIC, 208, 2, 104.000000, ZIP, 1183, 8, 147.875000, 182, 206, 
trial0008856, 000600, AA, 2535, 18, 140.833333, GDX, 939, 4, 234.750000, ZIC, 81, 2, 40.500000, ZIP, 1314, 8, 164.250000, 175, 176, 
trial0008857, 000600, AA, 2941, 18, 163.388889, GDX, 569, 4, 142.250000, ZIC, 293, 2, 146.500000, ZIP, 149, 8, 18.625000, 134, 141, 
trial0008858, 000600, AA, 2480, 18, 137.777778, GDX, 917, 4, 229.250000, ZIC, 91, 2, 45.500000, ZIP, 573, 8, 71.625000, 134, 142, 
trial0008859, 000600, AA, 3023, 18, 167.944444, GDX, 507, 4, 126.750000, ZIC, 0, 2, 0.000000, ZIP, 958, 8, 119.750000, 118, 155, 
trial0008860, 000600, AA, 1605, 18, 89.166667, GDX, 1005, 4, 251.250000, ZIC, 435, 2, 217.500000, ZIP, 1231, 8, 153.875000, 87, 108, 
trial0008861, 000600, AA, 2455, 18, 136.388889, GDX, 942, 4, 235.500000, ZIC, 216, 2, 108.000000, ZIP, 384, 8, 48.000000, 86, 88, 
trial0008862, 000600, AA, 1577, 18, 87.611111, GDX, 886, 4, 221.500000, ZIC, 355, 2, 177.500000, ZIP, 827, 8, 103.375000, 79, 80, 
trial0008863, 000600, AA, 1810, 18, 100.555556, GDX, 646, 4, 161.500000, ZIC, 27, 2, 13.500000, ZIP, 1171, 8, 146.375000, 86, 92, 
trial0008864, 000600, AA, 1789, 18, 99.388889, GDX, 691, 4, 172.750000, ZIC, 0, 2, 0.000000, ZIP, 1060, 8, 132.500000, 90, 103, 
trial0008865, 000600, AA, 1316, 18, 73.111111, GDX, 1084, 4, 271.000000, ZIC, 356, 2, 178.000000, ZIP, 1061, 8, 132.625000, 67, 76, 
trial0008866, 000600, AA, 2147, 18, 119.277778, GDX, 506, 4, 126.500000, ZIC, 69, 2, 34.500000, ZIP, 813, 8, 101.625000, 79, 108, 
trial0008867, 000600, AA, 2024, 18, 112.444444, GDX, 149, 4, 37.250000, ZIC, 162, 2, 81.000000, ZIP, 901, 8, 112.625000, 121, 123, 
trial0008868, 000600, AA, 1850, 18, 102.777778, GDX, 226, 4, 56.500000, ZIC, 795, 2, 397.500000, ZIP, 834, 8, 104.250000, 73, 75, 
trial0008869, 000600, AA, 2630, 18, 146.111111, GDX, 356, 4, 89.000000, ZIC, 284, 2, 142.000000, ZIP, 658, 8, 82.250000, 106, 110, 
trial0008870, 000600, AA, 1647, 18, 91.500000, GDX, 722, 4, 180.500000, ZIC, 334, 2, 167.000000, ZIP, 1188, 8, 148.500000, 69, 75, 
trial0008871, 000600, AA, 1891, 18, 105.055556, GDX, 609, 4, 152.250000, ZIC, 355, 2, 177.500000, ZIP, 1190, 8, 148.750000, 88, 89, 
trial0008872, 000600, AA, 2677, 18, 148.722222, GDX, 189, 4, 47.250000, ZIC, 748, 2, 374.000000, ZIP, 333, 8, 41.625000, 72, 73, 
trial0008873, 000600, AA, 2447, 18, 135.944444, GDX, 689, 4, 172.250000, ZIC, 226, 2, 113.000000, ZIP, 624, 8, 78.000000, 75, 78, 
trial0008874, 000600, AA, 1431, 18, 79.500000, GDX, 507, 4, 126.750000, ZIC, 108, 2, 54.000000, ZIP, 1275, 8, 159.375000, 72, 82, 
trial0008875, 000600, AA, 2548, 18, 141.555556, GDX, 520, 4, 130.000000, ZIC, 1, 2, 0.500000, ZIP, 929, 8, 116.125000, 82, 92, 
trial0008876, 000600, AA, 1422, 18, 79.000000, GDX, 244, 4, 61.000000, ZIC, 11, 2, 5.500000, ZIP, 1132, 8, 141.500000, 128, 136, 
trial0008877, 000600, AA, 1541, 18, 85.611111, GDX, 232, 4, 58.000000, ZIC, 44, 2, 22.000000, ZIP, 946, 8, 118.250000, 78, 81, 
trial0008878, 000600, AA, 2140, 18, 118.888889, GDX, 1178, 4, 294.500000, ZIC, 322, 2, 161.000000, ZIP, 1069, 8, 133.625000, 106, 107, 
trial0008879, 000600, AA, 3175, 18, 176.388889, GDX, 643, 4, 160.750000, ZIC, 467, 2, 233.500000, ZIP, 366, 8, 45.750000, 74, 85, 
trial0008880, 000600, AA, 1982, 18, 110.111111, GDX, 409, 4, 102.250000, ZIC, 59, 2, 29.500000, ZIP, 1897, 8, 237.125000, 80, 101, 
trial0008881, 000600, AA, 1538, 18, 85.444444, GDX, 293, 4, 73.250000, ZIC, 107, 2, 53.500000, ZIP, 890, 8, 111.250000, 128, 130, 
trial0008882, 000600, AA, 1783, 18, 99.055556, GDX, 36, 4, 9.000000, ZIC, 18, 2, 9.000000, ZIP, 1013, 8, 126.625000, 130, 131, 
trial0008883, 000600, AA, 1540, 18, 85.555556, GDX, 79, 4, 19.750000, ZIC, 153, 2, 76.500000, ZIP, 1142, 8, 142.750000, 122, 130, 
trial0008884, 000600, AA, 1635, 18, 90.833333, GDX, 377, 4, 94.250000, ZIC, 56, 2, 28.000000, ZIP, 992, 8, 124.000000, 131, 132, 
trial0008885, 000600, AA, 1898, 18, 105.444444, GDX, 217, 4, 54.250000, ZIC, 0, 2, 0.000000, ZIP, 784, 8, 98.000000, 132, 135, 
trial0008886, 000600, AA, 1110, 18, 61.666667, GDX, 372, 4, 93.000000, ZIC, 109, 2, 54.500000, ZIP, 1434, 8, 179.250000, 137, 141, 
trial0008887, 000600, AA, 1595, 18, 88.611111, GDX, 493, 4, 123.250000, ZIC, 61, 2, 30.500000, ZIP, 852, 8, 106.500000, 133, 135, 
trial0008888, 000600, AA, 1650, 18, 91.666667, GDX, 530, 4, 132.500000, ZIC, 39, 2, 19.500000, ZIP, 597, 8, 74.625000, 132, 133, 
trial0008889, 000600, AA, 1768, 18, 98.222222, GDX, 249, 4, 62.250000, ZIC, 164, 2, 82.000000, ZIP, 681, 8, 85.125000, 121, 124, 
trial0008890, 000600, AA, 1864, 18, 103.555556, GDX, 16, 4, 4.000000, ZIC, 0, 2, 0.000000, ZIP, 919, 8, 114.875000, 127, 140, 
trial0008891, 000600, AA, 1462, 18, 81.222222, GDX, 787, 4, 196.750000, ZIC, 85, 2, 42.500000, ZIP, 638, 8, 79.750000, 128, 130, 
trial0008892, 000600, AA, 1853, 18, 102.944444, GDX, 637, 4, 159.250000, ZIC, 45, 2, 22.500000, ZIP, 367, 8, 45.875000, 132, 133, 
trial0008893, 000600, AA, 1710, 18, 95.000000, GDX, 141, 4, 35.250000, ZIC, 11, 2, 5.500000, ZIP, 675, 8, 84.375000, 112, 113, 
trial0008894, 000600, AA, 825, 18, 45.833333, GDX, 93, 4, 23.250000, ZIC, 16, 2, 8.000000, ZIP, 797, 8, 99.625000, 134, 136, 
trial0008895, 000600, AA, 1046, 18, 58.111111, GDX, 315, 4, 78.750000, ZIC, 11, 2, 5.500000, ZIP, 520, 8, 65.000000, 184, 187, 
trial0008896, 000600, AA, 1072, 18, 59.555556, GDX, 282, 4, 70.500000, ZIC, 0, 2, 0.000000, ZIP, 960, 8, 120.000000, 172, 174, 
trial0008897, 000600, AA, 1777, 18, 98.722222, GDX, 48, 4, 12.000000, ZIC, 14, 2, 7.000000, ZIP, 598, 8, 74.750000, 115, 122, 
trial0008898, 000600, AA, 1339, 18, 74.388889, GDX, 72, 4, 18.000000, ZIC, 26, 2, 13.000000, ZIP, 377, 8, 47.125000, 131, 133, 
trial0008899, 000600, AA, 924, 18, 51.333333, GDX, 347, 4, 86.750000, ZIC, 151, 2, 75.500000, ZIP, 491, 8, 61.375000, 120, 163, 
trial0008900, 000600, AA, 1756, 18, 97.555556, GDX, 101, 4, 25.250000, ZIC, 0, 2, 0.000000, ZIP, 325, 8, 40.625000, 134, 142, 
trial0008901, 000600, AA, 2455, 18, 136.388889, GDX, 1062, 4, 265.500000, ZIC, 361, 2, 180.500000, ZIP, 1755, 8, 219.375000, 117, 149, 
trial0008902, 000600, AA, 3956, 18, 219.777778, GDX, 741, 4, 185.250000, ZIC, 0, 2, 0.000000, ZIP, 974, 8, 121.750000, 126, 138, 
trial0008903, 000600, AA, 3161, 18, 175.611111, GDX, 587, 4, 146.750000, ZIC, 196, 2, 98.000000, ZIP, 1677, 8, 209.625000, 119, 125, 
trial0008904, 000600, AA, 3748, 18, 208.222222, GDX, 948, 4, 237.000000, ZIC, 85, 2, 42.500000, ZIP, 1060, 8, 132.500000, 106, 108, 
trial0008905, 000600, AA, 2579, 18, 143.277778, GDX, 563, 4, 140.750000, ZIC, 735, 2, 367.500000, ZIP, 1686, 8, 210.750000, 105, 109, 
trial0008906, 000600, AA, 3307, 18, 183.722222, GDX, 1011, 4, 252.750000, ZIC, 219, 2, 109.500000, ZIP, 1010, 8, 126.250000, 94, 110, 
trial0008907, 000600, AA, 3068, 18, 170.444444, GDX, 723, 4, 180.750000, ZIC, 4, 2, 2.000000, ZIP, 1016, 8, 127.000000, 111, 167, 
trial0008908, 000600, AA, 2954, 18, 164.111111, GDX, 2248, 4, 562.000000, ZIC, 102, 2, 51.000000, ZIP, 792, 8, 99.000000, 130, 131, 
trial0008909, 000600, AA, 3037, 18, 168.722222, GDX, 621, 4, 155.250000, ZIC, 0, 2, 0.000000, ZIP, 1755, 8, 219.375000, 104, 111, 
trial0008910, 000600, AA, 3836, 18, 213.111111, GDX, 108, 4, 27.000000, ZIC, 471, 2, 235.500000, ZIP, 586, 8, 73.250000, 146, 147, 
trial0008911, 000600, AA, 3445, 18, 191.388889, GDX, 989, 4, 247.250000, ZIC, 0, 2, 0.000000, ZIP, 1306, 8, 163.250000, 106, 111, 
trial0008912, 000600, AA, 3259, 18, 181.055556, GDX, 382, 4, 95.500000, ZIC, 44, 2, 22.000000, ZIP, 1214, 8, 151.750000, 171, 172, 
trial0008913, 000600, AA, 3252, 18, 180.666667, GDX, 645, 4, 161.250000, ZIC, 224, 2, 112.000000, ZIP, 473, 8, 59.125000, 114, 115, 
trial0008914, 000600, AA, 4805, 18, 266.944444, GDX, 764, 4, 191.000000, ZIC, 0, 2, 0.000000, ZIP, 93, 8, 11.625000, 107, 112, 
trial0008915, 000600, AA, 3287, 18, 182.611111, GDX, 452, 4, 113.000000, ZIC, 592, 2, 296.000000, ZIP, 428, 8, 53.500000, 89, 108, 
trial0008916, 000600, AA, 3867, 18, 214.833333, GDX, 498, 4, 124.500000, ZIC, 442, 2, 221.000000, ZIP, 576, 8, 72.000000, 122, 124, 
trial0008917, 000600, AA, 3181, 18, 176.722222, GDX, 1281, 4, 320.250000, ZIC, 524, 2, 262.000000, ZIP, 926, 8, 115.750000, 104, 112, 
trial0008918, 000600, AA, 3818, 18, 212.111111, GDX, 815, 4, 203.750000, ZIC, 0, 2, 0.000000, ZIP, 1570, 8, 196.250000, 132, 138, 
trial0008919, 000600, AA, 3493, 18, 194.055556, GDX, 203, 4, 50.750000, ZIC, 603, 2, 301.500000, ZIP, 1610, 8, 201.250000, 94, 106, 
trial0008920, 000600, AA, 3568, 18, 198.222222, GDX, 723, 4, 180.750000, ZIC, 229, 2, 114.500000, ZIP, 375, 8, 46.875000, 124, 147, 
trial0008921, 000600, AA, 1525, 18, 84.722222, GDX, 587, 4, 146.750000, ZIC, 231, 2, 115.500000, ZIP, 861, 8, 107.625000, 140, 146, 
trial0008922, 000600, AA, 1587, 18, 88.166667, GDX, 296, 4, 74.000000, ZIC, 288, 2, 144.000000, ZIP, 1188, 8, 148.500000, 126, 154, 
trial0008923, 000600, AA, 1746, 18, 97.000000, GDX, 89, 4, 22.250000, ZIC, 383, 2, 191.500000, ZIP, 1085, 8, 135.625000, 168, 184, 
trial0008924, 000600, AA, 1878, 18, 104.333333, GDX, 313, 4, 78.250000, ZIC, 96, 2, 48.000000, ZIP, 749, 8, 93.625000, 127, 131, 
trial0008925, 000600, AA, 1926, 18, 107.000000, GDX, 376, 4, 94.000000, ZIC, 102, 2, 51.000000, ZIP, 1226, 8, 153.250000, 139, 180, 
trial0008926, 000600, AA, 1351, 18, 75.055556, GDX, 0, 4, 0.000000, ZIC, 6, 2, 3.000000, ZIP, 1022, 8, 127.750000, 172, 179, 
trial0008927, 000600, AA, 2567, 18, 142.611111, GDX, 338, 4, 84.500000, ZIC, 17, 2, 8.500000, ZIP, 415, 8, 51.875000, 152, 153, 
trial0008928, 000600, AA, 1430, 18, 79.444444, GDX, 661, 4, 165.250000, ZIC, 45, 2, 22.500000, ZIP, 846, 8, 105.750000, 178, 182, 
trial0008929, 000600, AA, 1824, 18, 101.333333, GDX, 322, 4, 80.500000, ZIC, 451, 2, 225.500000, ZIP, 420, 8, 52.500000, 181, 182, 
trial0008930, 000600, AA, 2176, 18, 120.888889, GDX, 0, 4, 0.000000, ZIC, 471, 2, 235.500000, ZIP, 289, 8, 36.125000, 119, 145, 
trial0008931, 000600, AA, 1141, 18, 63.388889, GDX, 974, 4, 243.500000, ZIC, 311, 2, 155.500000, ZIP, 882, 8, 110.250000, 120, 132, 
trial0008932, 000600, AA, 1646, 18, 91.444444, GDX, 690, 4, 172.500000, ZIC, 146, 2, 73.000000, ZIP, 856, 8, 107.000000, 124, 128, 
trial0008933, 000600, AA, 1641, 18, 91.166667, GDX, 467, 4, 116.750000, ZIC, 224, 2, 112.000000, ZIP, 370, 8, 46.250000, 120, 126, 
trial0008934, 000600, AA, 2311, 18, 128.388889, GDX, 1, 4, 0.250000, ZIC, 0, 2, 0.000000, ZIP, 617, 8, 77.125000, 162, 180, 
trial0008935, 000600, AA, 1230, 18, 68.333333, GDX, 449, 4, 112.250000, ZIC, 282, 2, 141.000000, ZIP, 599, 8, 74.875000, 157, 159, 
trial0008936, 000600, AA, 2050, 18, 113.888889, GDX, 288, 4, 72.000000, ZIC, 242, 2, 121.000000, ZIP, 87, 8, 10.875000, 114, 129, 
trial0008937, 000600, AA, 1302, 18, 72.333333, GDX, 648, 4, 162.000000, ZIC, 32, 2, 16.000000, ZIP, 1420, 8, 177.500000, 122, 130, 
trial0008938, 000600, AA, 1131, 18, 62.833333, GDX, 246, 4, 61.500000, ZIC, 407, 2, 203.500000, ZIP, 483, 8, 60.375000, 164, 168, 
trial0008939, 000600, AA, 1129, 18, 62.722222, GDX, 226, 4, 56.500000, ZIC, 0, 2, 0.000000, ZIP, 1219, 8, 152.375000, 133, 134, 
trial0008940, 000600, AA, 1445, 18, 80.277778, GDX, 423, 4, 105.750000, ZIC, 378, 2, 189.000000, ZIP, 931, 8, 116.375000, 142, 146, 
trial0008941, 000600, AA, 2573, 18, 142.944444, GDX, 472, 4, 118.000000, ZIC, 135, 2, 67.500000, ZIP, 534, 8, 66.750000, 154, 155, 
trial0008942, 000600, AA, 1411, 18, 78.388889, GDX, 428, 4, 107.000000, ZIC, 452, 2, 226.000000, ZIP, 845, 8, 105.625000, 92, 189, 
trial0008943, 000600, AA, 2817, 18, 156.500000, GDX, 656, 4, 164.000000, ZIC, 2, 2, 1.000000, ZIP, 763, 8, 95.375000, 172, 177, 
trial0008944, 000600, AA, 2436, 18, 135.333333, GDX, 3, 4, 0.750000, ZIC, 217, 2, 108.500000, ZIP, 1056, 8, 132.000000, 193, 194, 
trial0008945, 000600, AA, 2108, 18, 117.111111, GDX, 560, 4, 140.000000, ZIC, 0, 2, 0.000000, ZIP, 1967, 8, 245.875000, 138, 151, 
trial0008946, 000600, AA, 2133, 18, 118.500000, GDX, 414, 4, 103.500000, ZIC, 355, 2, 177.500000, ZIP, 928, 8, 116.000000, 131, 142, 
trial0008947, 000600, AA, 2263, 18, 125.722222, GDX, 338, 4, 84.500000, ZIC, 177, 2, 88.500000, ZIP, 1421, 8, 177.625000, 177, 180, 
trial0008948, 000600, AA, 2041, 18, 113.388889, GDX, 247, 4, 61.750000, ZIC, 55, 2, 27.500000, ZIP, 786, 8, 98.250000, 155, 157, 
trial0008949, 000600, AA, 2320, 18, 128.888889, GDX, 443, 4, 110.750000, ZIC, 252, 2, 126.000000, ZIP, 290, 8, 36.250000, 145, 146, 
trial0008950, 000600, AA, 1660, 18, 92.222222, GDX, 177, 4, 44.250000, ZIC, 232, 2, 116.000000, ZIP, 891, 8, 111.375000, 168, 169, 
trial0008951, 000600, AA, 2373, 18, 131.833333, GDX, 1080, 4, 270.000000, ZIC, 0, 2, 0.000000, ZIP, 988, 8, 123.500000, 174, 179, 
trial0008952, 000600, AA, 1502, 18, 83.444444, GDX, 910, 4, 227.500000, ZIC, 647, 2, 323.500000, ZIP, 1110, 8, 138.750000, 141, 150, 
trial0008953, 000600, AA, 1895, 18, 105.277778, GDX, 687, 4, 171.750000, ZIC, 0, 2, 0.000000, ZIP, 1382, 8, 172.750000, 194, 195, 
trial0008954, 000600, AA, 2110, 18, 117.222222, GDX, 443, 4, 110.750000, ZIC, 450, 2, 225.000000, ZIP, 806, 8, 100.750000, 148, 170, 
trial0008955, 000600, AA, 2917, 18, 162.055556, GDX, 35, 4, 8.750000, ZIC, 251, 2, 125.500000, ZIP, 1041, 8, 130.125000, 153, 158, 
trial0008956, 000600, AA, 3229, 18, 179.388889, GDX, 9, 4, 2.250000, ZIC, 170, 2, 85.000000, ZIP, 710, 8, 88.750000, 152, 157, 
trial0008957, 000600, AA, 2478, 18, 137.666667, GDX, 240, 4, 60.000000, ZIC, 9, 2, 4.500000, ZIP, 1238, 8, 154.750000, 161, 185, 
trial0008958, 000600, AA, 2752, 18, 152.888889, GDX, 663, 4, 165.750000, ZIC, 283, 2, 141.500000, ZIP, 164, 8, 20.500000, 146, 150, 
trial0008959, 000600, AA, 2047, 18, 113.722222, GDX, 366, 4, 91.500000, ZIC, 153, 2, 76.500000, ZIP, 1205, 8, 150.625000, 147, 154, 
trial0008960, 000600, AA, 1631, 18, 90.611111, GDX, 932, 4, 233.000000, ZIC, 0, 2, 0.000000, ZIP, 1685, 8, 210.625000, 121, 160, 
trial0008961, 000600, AA, 630, 18, 35.000000, GDX, 271, 4, 67.750000, ZIC, 0, 2, 0.000000, ZIP, 415, 8, 51.875000, 107, 115, 
trial0008962, 000600, AA, 729, 18, 40.500000, GDX, 155, 4, 38.750000, ZIC, 167, 2, 83.500000, ZIP, 51, 8, 6.375000, 171, 185, 
trial0008963, 000600, AA, 715, 18, 39.722222, GDX, 144, 4, 36.000000, ZIC, 0, 2, 0.000000, ZIP, 397, 8, 49.625000, 175, 181, 
trial0008964, 000600, AA, 790, 18, 43.888889, GDX, 229, 4, 57.250000, ZIC, 0, 2, 0.000000, ZIP, 454, 8, 56.750000, 164, 166, 
trial0008965, 000600, AA, 1046, 18, 58.111111, GDX, 50, 4, 12.500000, ZIC, 0, 2, 0.000000, ZIP, 23, 8, 2.875000, 115, 116, 
trial0008966, 000600, AA, 1074, 18, 59.666667, GDX, 276, 4, 69.000000, ZIC, 13, 2, 6.500000, ZIP, 187, 8, 23.375000, 112, 120, 
trial0008967, 000600, AA, 868, 18, 48.222222, GDX, 133, 4, 33.250000, ZIC, 0, 2, 0.000000, ZIP, 420, 8, 52.500000, 120, 124, 
trial0008968, 000600, AA, 990, 18, 55.000000, GDX, 39, 4, 9.750000, ZIC, 0, 2, 0.000000, ZIP, 102, 8, 12.750000, 112, 113, 
trial0008969, 000600, AA, 646, 18, 35.888889, GDX, 139, 4, 34.750000, ZIC, 33, 2, 16.500000, ZIP, 173, 8, 21.625000, 171, 177, 
trial0008970, 000600, AA, 546, 18, 30.333333, GDX, 184, 4, 46.000000, ZIC, 96, 2, 48.000000, ZIP, 223, 8, 27.875000, 110, 113, 
trial0008971, 000600, AA, 425, 18, 23.611111, GDX, 388, 4, 97.000000, ZIC, 71, 2, 35.500000, ZIP, 387, 8, 48.375000, 130, 132, 
trial0008972, 000600, AA, 1153, 18, 64.055556, GDX, 83, 4, 20.750000, ZIC, 23, 2, 11.500000, ZIP, 227, 8, 28.375000, 157, 160, 
trial0008973, 000600, AA, 914, 18, 50.777778, GDX, 121, 4, 30.250000, ZIC, 35, 2, 17.500000, ZIP, 420, 8, 52.500000, 139, 145, 
trial0008974, 000600, AA, 668, 18, 37.111111, GDX, 92, 4, 23.000000, ZIC, 0, 2, 0.000000, ZIP, 493, 8, 61.625000, 113, 117, 
trial0008975, 000600, AA, 684, 18, 38.000000, GDX, 25, 4, 6.250000, ZIC, 43, 2, 21.500000, ZIP, 78, 8, 9.750000, 169, 171, 
trial0008976, 000600, AA, 670, 18, 37.222222, GDX, 109, 4, 27.250000, ZIC, 3, 2, 1.500000, ZIP, 40, 8, 5.000000, 164, 167, 
trial0008977, 000600, AA, 740, 18, 41.111111, GDX, 27, 4, 6.750000, ZIC, 8, 2, 4.000000, ZIP, 142, 8, 17.750000, 162, 163, 
trial0008978, 000600, AA, 898, 18, 49.888889, GDX, 64, 4, 16.000000, ZIC, 0, 2, 0.000000, ZIP, 342, 8, 42.750000, 142, 152, 
trial0008979, 000600, AA, 890, 18, 49.444444, GDX, 85, 4, 21.250000, ZIC, 160, 2, 80.000000, ZIP, 223, 8, 27.875000, 126, 134, 
trial0008980, 000600, AA, 603, 18, 33.500000, GDX, 305, 4, 76.250000, ZIC, 7, 2, 3.500000, ZIP, 223, 8, 27.875000, 173, 174, 
trial0008981, 000600, AA, 1345, 18, 74.722222, GDX, 94, 4, 23.500000, ZIC, 0, 2, 0.000000, ZIP, 655, 8, 81.875000, 180, 182, 
trial0008982, 000600, AA, 1189, 18, 66.055556, GDX, 117, 4, 29.250000, ZIC, 41, 2, 20.500000, ZIP, 1181, 8, 147.625000, 138, 142, 
trial0008983, 000600, AA, 1385, 18, 76.944444, GDX, 62, 4, 15.500000, ZIC, 299, 2, 149.500000, ZIP, 731, 8, 91.375000, 124, 128, 
trial0008984, 000600, AA, 1029, 18, 57.166667, GDX, 29, 4, 7.250000, ZIC, 17, 2, 8.500000, ZIP, 1623, 8, 202.875000, 149, 151, 
trial0008985, 000600, AA, 1146, 18, 63.666667, GDX, 501, 4, 125.250000, ZIC, 54, 2, 27.000000, ZIP, 256, 8, 32.000000, 122, 138, 
trial0008986, 000600, AA, 902, 18, 50.111111, GDX, 442, 4, 110.500000, ZIC, 237, 2, 118.500000, ZIP, 359, 8, 44.875000, 166, 170, 
trial0008987, 000600, AA, 603, 18, 33.500000, GDX, 327, 4, 81.750000, ZIC, 23, 2, 11.500000, ZIP, 384, 8, 48.000000, 112, 187, 
trial0008988, 000600, AA, 1441, 18, 80.055556, GDX, 373, 4, 93.250000, ZIC, 0, 2, 0.000000, ZIP, 606, 8, 75.750000, 183, 186, 
trial0008989, 000600, AA, 1734, 18, 96.333333, GDX, 23, 4, 5.750000, ZIC, 18, 2, 9.000000, ZIP, 505, 8, 63.125000, 181, 189, 
trial0008990, 000600, AA, 684, 18, 38.000000, GDX, 186, 4, 46.500000, ZIC, 160, 2, 80.000000, ZIP, 834, 8, 104.250000, 184, 189, 
trial0008991, 000600, AA, 1530, 18, 85.000000, GDX, 237, 4, 59.250000, ZIC, 59, 2, 29.500000, ZIP, 397, 8, 49.625000, 161, 162, 
trial0008992, 000600, AA, 1179, 18, 65.500000, GDX, 87, 4, 21.750000, ZIC, 70, 2, 35.000000, ZIP, 228, 8, 28.500000, 160, 173, 
trial0008993, 000600, AA, 1676, 18, 93.111111, GDX, 311, 4, 77.750000, ZIC, 4, 2, 2.000000, ZIP, 509, 8, 63.625000, 142, 144, 
trial0008994, 000600, AA, 1817, 18, 100.944444, GDX, 280, 4, 70.000000, ZIC, 4, 2, 2.000000, ZIP, 449, 8, 56.125000, 122, 133, 
trial0008995, 000600, AA, 1139, 18, 63.277778, GDX, 331, 4, 82.750000, ZIC, 270, 2, 135.000000, ZIP, 840, 8, 105.000000, 123, 125, 
trial0008996, 000600, AA, 1236, 18, 68.666667, GDX, 473, 4, 118.250000, ZIC, 23, 2, 11.500000, ZIP, 968, 8, 121.000000, 195, 201, 
trial0008997, 000600, AA, 1342, 18, 74.555556, GDX, 352, 4, 88.000000, ZIC, 30, 2, 15.000000, ZIP, 1001, 8, 125.125000, 147, 160, 
trial0008998, 000600, AA, 1484, 18, 82.444444, GDX, 389, 4, 97.250000, ZIC, 60, 2, 30.000000, ZIP, 923, 8, 115.375000, 140, 180, 
trial0008999, 000600, AA, 832, 18, 46.222222, GDX, 592, 4, 148.000000, ZIC, 163, 2, 81.500000, ZIP, 640, 8, 80.000000, 115, 132, 
trial0009000, 000600, AA, 847, 18, 47.055556, GDX, 17, 4, 4.250000, ZIC, 428, 2, 214.000000, ZIP, 584, 8, 73.000000, 150, 152, 
