trial0005501, 000600, ZIC, 1061, 24, 44.208333, ZIP, 1353, 16, 84.562500, 139, 146, 
trial0005502, 000600, ZIC, 1346, 24, 56.083333, ZIP, 1228, 16, 76.750000, 142, 156, 
trial0005503, 000600, ZIC, 995, 24, 41.458333, ZIP, 1487, 16, 92.937500, 136, 144, 
trial0005504, 000600, ZIC, 1116, 24, 46.500000, ZIP, 1308, 16, 81.750000, 148, 151, 
trial0005505, 000600, ZIC, 1166, 24, 48.583333, ZIP, 1330, 16, 83.125000, 150, 156, 
trial0005506, 000600, ZIC, 1220, 24, 50.833333, ZIP, 940, 16, 58.750000, 140, 151, 
trial0005507, 000600, ZIC, 897, 24, 37.375000, ZIP, 1235, 16, 77.187500, 139, 158, 
trial0005508, 000600, ZIC, 926, 24, 38.583333, ZIP, 1188, 16, 74.250000, 145, 149, 
trial0005509, 000600, ZIC, 1265, 24, 52.708333, ZIP, 811, 16, 50.687500, 144, 153, 
trial0005510, 000600, ZIC, 898, 24, 37.416667, ZIP, 1338, 16, 83.625000, 141, 154, 
trial0005511, 000600, ZIC, 1151, 24, 47.958333, ZIP, 1339, 16, 83.687500, 146, 152, 
trial0005512, 000600, ZIC, 934, 24, 38.916667, ZIP, 1388, 16, 86.750000, 134, 147, 
trial0005513, 000600, ZIC, 957, 24, 39.875000, ZIP, 1327, 16, 82.937500, 142, 154, 
trial0005514, 000600, ZIC, 828, 24, 34.500000, ZIP, 1764, 16, 110.250000, 132, 297, 
trial0005515, 000600, ZIC, 1098, 24, 45.750000, ZIP, 1254, 16, 78.375000, 140, 156, 
trial0005516, 000600, ZIC, 888, 24, 37.000000, ZIP, 1270, 16, 79.375000, 147, 148, 
trial0005517, 000600, ZIC, 1341, 24, 55.875000, ZIP, 825, 16, 51.562500, 141, 150, 
trial0005518, 000600, ZIC, 1120, 24, 46.666667, ZIP, 912, 16, 57.000000, 136, 150, 
trial0005519, 000600, ZIC, 1129, 24, 47.041667, ZIP, 1255, 16, 78.437500, 152, 153, 
trial0005520, 000600, ZIC, 949, 24, 39.541667, ZIP, 1051, 16, 65.687500, 144, 149, 
trial0005521, 000600, ZIC, 1330, 24, 55.416667, ZIP, 956, 16, 59.750000, 144, 155, 
trial0005522, 000600, ZIC, 851, 24, 35.458333, ZIP, 1615, 16, 100.937500, 144, 152, 
trial0005523, 000600, ZIC, 1225, 24, 51.041667, ZIP, 1141, 16, 71.312500, 134, 148, 
trial0005524, 000600, ZIC, 1027, 24, 42.791667, ZIP, 1227, 16, 76.687500, 143, 151, 
trial0005525, 000600, ZIC, 993, 24, 41.375000, ZIP, 1257, 16, 78.562500, 140, 149, 
trial0005526, 000600, ZIC, 1295, 24, 53.958333, ZIP, 1041, 16, 65.062500, 142, 143, 
trial0005527, 000600, ZIC, 985, 24, 41.041667, ZIP, 1465, 16, 91.562500, 149, 158, 
trial0005528, 000600, ZIC, 1148, 24, 47.833333, ZIP, 1180, 16, 73.750000, 143, 149, 
trial0005529, 000600, ZIC, 636, 24, 26.500000, ZIP, 1406, 16, 87.875000, 149, 151, 
trial0005530, 000600, ZIC, 1320, 24, 55.000000, ZIP, 862, 16, 53.875000, 140, 156, 
trial0005531, 000600, ZIC, 1322, 24, 55.083333, ZIP, 1444, 16, 90.250000, 139, 181, 
trial0005532, 000600, ZIC, 1415, 24, 58.958333, ZIP, 1015, 16, 63.437500, 138, 148, 
trial0005533, 000600, ZIC, 1232, 24, 51.333333, ZIP, 1166, 16, 72.875000, 142, 155, 
trial0005534, 000600, ZIC, 1321, 24, 55.041667, ZIP, 1231, 16, 76.937500, 140, 149, 
trial0005535, 000600, ZIC, 1210, 24, 50.416667, ZIP, 1352, 16, 84.500000, 147, 155, 
trial0005536, 000600, ZIC, 693, 24, 28.875000, ZIP, 1499, 16, 93.687500, 144, 147, 
trial0005537, 000600, ZIC, 1233, 24, 51.375000, ZIP, 837, 16, 52.312500, 153, 156, 
trial0005538, 000600, ZIC, 1476, 24, 61.500000, ZIP, 762, 16, 47.625000, 141, 149, 
trial0005539, 000600, ZIC, 973, 24, 40.541667, ZIP, 1119, 16, 69.937500, 146, 150, 
trial0005540, 000600, ZIC, 1345, 24, 56.041667, ZIP, 1087, 16, 67.937500, 143, 147, 
trial0005541, 000600, ZIC, 871, 24, 36.291667, ZIP, 1649, 16, 103.062500, 144, 150, 
trial0005542, 000600, ZIC, 1473, 24, 61.375000, ZIP, 1173, 16, 73.312500, 133, 149, 
trial0005543, 000600, ZIC, 940, 24, 39.166667, ZIP, 1760, 16, 110.000000, 136, 150, 
trial0005544, 000600, ZIC, 1068, 24, 44.500000, ZIP, 1224, 16, 76.500000, 140, 151, 
trial0005545, 000600, ZIC, 811, 24, 33.791667, ZIP, 1577, 16, 98.562500, 142, 149, 
trial0005546, 000600, ZIC, 854, 24, 35.583333, ZIP, 1504, 16, 94.000000, 143, 147, 
trial0005547, 000600, ZIC, 1340, 24, 55.833333, ZIP, 1086, 16, 67.875000, 148, 152, 
trial0005548, 000600, ZIC, 1177, 24, 49.041667, ZIP, 1205, 16, 75.312500, 142, 153, 
trial0005549, 000600, ZIC, 948, 24, 39.500000, ZIP, 1546, 16, 96.625000, 144, 152, 
trial0005550, 000600, ZIC, 1167, 24, 48.625000, ZIP, 1093, 16, 68.312500, 148, 150, 
trial0005551, 000600, ZIC, 1352, 24, 56.333333, ZIP, 1022, 16, 63.875000, 145, 159, 
trial0005552, 000600, ZIC, 930, 24, 38.750000, ZIP, 912, 16, 57.000000, 144, 149, 
trial0005553, 000600, ZIC, 1088, 24, 45.333333, ZIP, 1172, 16, 73.250000, 143, 149, 
trial0005554, 000600, ZIC, 1102, 24, 45.916667, ZIP, 1180, 16, 73.750000, 149, 153, 
trial0005555, 000600, ZIC, 1152, 24, 48.000000, ZIP, 832, 16, 52.000000, 146, 155, 
trial0005556, 000600, ZIC, 908, 24, 37.833333, ZIP, 1204, 16, 75.250000, 144, 154, 
trial0005557, 000600, ZIC, 921, 24, 38.375000, ZIP, 1145, 16, 71.562500, 144, 149, 
trial0005558, 000600, ZIC, 883, 24, 36.791667, ZIP, 1155, 16, 72.187500, 148, 153, 
trial0005559, 000600, ZIC, 1137, 24, 47.375000, ZIP, 1083, 16, 67.687500, 146, 157, 
trial0005560, 000600, ZIC, 1156, 24, 48.166667, ZIP, 1166, 16, 72.875000, 139, 149, 
trial0005561, 000600, ZIC, 1024, 24, 42.666667, ZIP, 1046, 16, 65.375000, 130, 150, 
trial0005562, 000600, ZIC, 869, 24, 36.208333, ZIP, 1031, 16, 64.437500, 142, 151, 
trial0005563, 000600, ZIC, 1551, 24, 64.625000, ZIP, 503, 16, 31.437500, 136, 159, 
trial0005564, 000600, ZIC, 1343, 24, 55.958333, ZIP, 1039, 16, 64.937500, 141, 152, 
trial0005565, 000600, ZIC, 914, 24, 38.083333, ZIP, 1210, 16, 75.625000, 149, 157, 
trial0005566, 000600, ZIC, 954, 24, 39.750000, ZIP, 1176, 16, 73.500000, 148, 150, 
trial0005567, 000600, ZIC, 990, 24, 41.250000, ZIP, 1334, 16, 83.375000, 148, 152, 
trial0005568, 000600, ZIC, 1162, 24, 48.416667, ZIP, 994, 16, 62.125000, 144, 149, 
trial0005569, 000600, ZIC, 1218, 24, 50.750000, ZIP, 1314, 16, 82.125000, 144, 152, 
trial0005570, 000600, ZIC, 762, 24, 31.750000, ZIP, 1288, 16, 80.500000, 144, 151, 
trial0005571, 000600, ZIC, 842, 24, 35.083333, ZIP, 1226, 16, 76.625000, 144, 151, 
trial0005572, 000600, ZIC, 1252, 24, 52.166667, ZIP, 892, 16, 55.750000, 139, 145, 
trial0005573, 000600, ZIC, 854, 24, 35.583333, ZIP, 1428, 16, 89.250000, 143, 151, 
trial0005574, 000600, ZIC, 1227, 24, 51.125000, ZIP, 813, 16, 50.812500, 144, 152, 
trial0005575, 000600, ZIC, 1301, 24, 54.208333, ZIP, 1039, 16, 64.937500, 145, 147, 
trial0005576, 000600, ZIC, 912, 24, 38.000000, ZIP, 1136, 16, 71.000000, 140, 150, 
trial0005577, 000600, ZIC, 1067, 24, 44.458333, ZIP, 983, 16, 61.437500, 142, 154, 
trial0005578, 000600, ZIC, 1171, 24, 48.791667, ZIP, 1101, 16, 68.812500, 138, 153, 
trial0005579, 000600, ZIC, 963, 24, 40.125000, ZIP, 1147, 16, 71.687500, 138, 148, 
trial0005580, 000600, ZIC, 1294, 24, 53.916667, ZIP, 1326, 16, 82.875000, 142, 152, 
trial0005581, 000600, ZIC, 1047, 24, 43.625000, ZIP, 1395, 16, 87.187500, 146, 156, 
trial0005582, 000600, ZIC, 983, 24, 40.958333, ZIP, 1091, 16, 68.187500, 151, 157, 
trial0005583, 000600, ZIC, 1447, 24, 60.291667, ZIP, 1183, 16, 73.937500, 136, 159, 
trial0005584, 000600, ZIC, 1024, 24, 42.666667, ZIP, 1074, 16, 67.125000, 149, 153, 
trial0005585, 000600, ZIC, 1028, 24, 42.833333, ZIP, 1116, 16, 69.750000, 130, 150, 
trial0005586, 000600, ZIC, 1203, 24, 50.125000, ZIP, 1259, 16, 78.687500, 134, 150, 
trial0005587, 000600, ZIC, 1026, 24, 42.750000, ZIP, 1072, 16, 67.000000, 146, 148, 
trial0005588, 000600, ZIC, 1184, 24, 49.333333, ZIP, 1370, 16, 85.625000, 143, 156, 
trial0005589, 000600, ZIC, 1518, 24, 63.250000, ZIP, 912, 16, 57.000000, 143, 149, 
trial0005590, 000600, ZIC, 1308, 24, 54.500000, ZIP, 818, 16, 51.125000, 139, 153, 
trial0005591, 000600, ZIC, 1292, 24, 53.833333, ZIP, 1168, 16, 73.000000, 142, 154, 
trial0005592, 000600, ZIC, 915, 24, 38.125000, ZIP, 1393, 16, 87.062500, 140, 151, 
trial0005593, 000600, ZIC, 893, 24, 37.208333, ZIP, 1335, 16, 83.437500, 141, 154, 
trial0005594, 000600, ZIC, 1269, 24, 52.875000, ZIP, 1079, 16, 67.437500, 145, 151, 
trial0005595, 000600, ZIC, 1015, 24, 42.291667, ZIP, 1261, 16, 78.812500, 141, 147, 
trial0005596, 000600, ZIC, 1276, 24, 53.166667, ZIP, 902, 16, 56.375000, 144, 155, 
trial0005597, 000600, ZIC, 1215, 24, 50.625000, ZIP, 871, 16, 54.437500, 130, 148, 
trial0005598, 000600, ZIC, 1164, 24, 48.500000, ZIP, 1066, 16, 66.625000, 143, 157, 
trial0005599, 000600, ZIC, 1282, 24, 53.416667, ZIP, 894, 16, 55.875000, 141, 149, 
trial0005600, 000600, ZIC, 797, 24, 33.208333, ZIP, 1511, 16, 94.437500, 144, 151, 
trial0005601, 000600, ZIC, 1197, 24, 49.875000, ZIP, 1405, 16, 87.812500, 98, 108, 
trial0005602, 000600, ZIC, 1012, 24, 42.166667, ZIP, 1080, 16, 67.500000, 108, 116, 
trial0005603, 000600, ZIC, 1107, 24, 46.125000, ZIP, 1533, 16, 95.812500, 108, 111, 
trial0005604, 000600, ZIC, 1372, 24, 57.166667, ZIP, 1230, 16, 76.875000, 107, 117, 
trial0005605, 000600, ZIC, 1032, 24, 43.000000, ZIP, 1376, 16, 86.000000, 108, 115, 
trial0005606, 000600, ZIC, 1138, 24, 47.416667, ZIP, 1130, 16, 70.625000, 110, 119, 
trial0005607, 000600, ZIC, 1319, 24, 54.958333, ZIP, 991, 16, 61.937500, 110, 115, 
trial0005608, 000600, ZIC, 904, 24, 37.666667, ZIP, 1480, 16, 92.500000, 115, 122, 
trial0005609, 000600, ZIC, 1103, 24, 45.958333, ZIP, 1363, 16, 85.187500, 111, 117, 
trial0005610, 000600, ZIC, 1254, 24, 52.250000, ZIP, 1188, 16, 74.250000, 107, 119, 
trial0005611, 000600, ZIC, 1008, 24, 42.000000, ZIP, 1096, 16, 68.500000, 104, 114, 
trial0005612, 000600, ZIC, 1241, 24, 51.708333, ZIP, 1045, 16, 65.312500, 102, 108, 
trial0005613, 000600, ZIC, 1394, 24, 58.083333, ZIP, 888, 16, 55.500000, 105, 121, 
trial0005614, 000600, ZIC, 1162, 24, 48.416667, ZIP, 1058, 16, 66.125000, 108, 116, 
trial0005615, 000600, ZIC, 1316, 24, 54.833333, ZIP, 736, 16, 46.000000, 108, 117, 
trial0005616, 000600, ZIC, 1158, 24, 48.250000, ZIP, 1338, 16, 83.625000, 94, 111, 
trial0005617, 000600, ZIC, 1034, 24, 43.083333, ZIP, 1468, 16, 91.750000, 108, 115, 
trial0005618, 000600, ZIC, 1183, 24, 49.291667, ZIP, 835, 16, 52.187500, 112, 116, 
trial0005619, 000600, ZIC, 943, 24, 39.291667, ZIP, 1117, 16, 69.812500, 120, 123, 
trial0005620, 000600, ZIC, 1032, 24, 43.000000, ZIP, 1094, 16, 68.375000, 108, 112, 
trial0005621, 000600, ZIC, 817, 24, 34.041667, ZIP, 1275, 16, 79.687500, 109, 113, 
trial0005622, 000600, ZIC, 1348, 24, 56.166667, ZIP, 1160, 16, 72.500000, 108, 109, 
trial0005623, 000600, ZIC, 1543, 24, 64.291667, ZIP, 767, 16, 47.937500, 104, 119, 
trial0005624, 000600, ZIC, 1488, 24, 62.000000, ZIP, 936, 16, 58.500000, 107, 113, 
trial0005625, 000600, ZIC, 1231, 24, 51.291667, ZIP, 1169, 16, 73.062500, 100, 113, 
trial0005626, 000600, ZIC, 1210, 24, 50.416667, ZIP, 1002, 16, 62.625000, 108, 123, 
trial0005627, 000600, ZIC, 1450, 24, 60.416667, ZIP, 964, 16, 60.250000, 109, 123, 
trial0005628, 000600, ZIC, 955, 24, 39.791667, ZIP, 1503, 16, 93.937500, 106, 123, 
trial0005629, 000600, ZIC, 899, 24, 37.458333, ZIP, 1435, 16, 89.687500, 100, 118, 
trial0005630, 000600, ZIC, 1157, 24, 48.208333, ZIP, 1163, 16, 72.687500, 112, 116, 
trial0005631, 000600, ZIC, 1316, 24, 54.833333, ZIP, 786, 16, 49.125000, 115, 120, 
trial0005632, 000600, ZIC, 1097, 24, 45.708333, ZIP, 1091, 16, 68.187500, 113, 115, 
trial0005633, 000600, ZIC, 1569, 24, 65.375000, ZIP, 903, 16, 56.437500, 103, 119, 
trial0005634, 000600, ZIC, 937, 24, 39.041667, ZIP, 1229, 16, 76.812500, 102, 110, 
trial0005635, 000600, ZIC, 1226, 24, 51.083333, ZIP, 862, 16, 53.875000, 119, 124, 
trial0005636, 000600, ZIC, 1137, 24, 47.375000, ZIP, 1065, 16, 66.562500, 104, 114, 
trial0005637, 000600, ZIC, 1241, 24, 51.708333, ZIP, 917, 16, 57.312500, 98, 105, 
trial0005638, 000600, ZIC, 985, 24, 41.041667, ZIP, 921, 16, 57.562500, 106, 109, 
trial0005639, 000600, ZIC, 955, 24, 39.791667, ZIP, 1293, 16, 80.812500, 106, 117, 
trial0005640, 000600, ZIC, 1589, 24, 66.208333, ZIP, 821, 16, 51.312500, 106, 111, 
trial0005641, 000600, ZIC, 1112, 24, 46.333333, ZIP, 1364, 16, 85.250000, 102, 119, 
trial0005642, 000600, ZIC, 1083, 24, 45.125000, ZIP, 1157, 16, 72.312500, 114, 119, 
trial0005643, 000600, ZIC, 1107, 24, 46.125000, ZIP, 1277, 16, 79.812500, 110, 115, 
trial0005644, 000600, ZIC, 912, 24, 38.000000, ZIP, 1458, 16, 91.125000, 110, 114, 
trial0005645, 000600, ZIC, 1050, 24, 43.750000, ZIP, 1248, 16, 78.000000, 96, 118, 
trial0005646, 000600, ZIC, 1005, 24, 41.875000, ZIP, 1283, 16, 80.187500, 113, 114, 
trial0005647, 000600, ZIC, 1459, 24, 60.791667, ZIP, 685, 16, 42.812500, 110, 118, 
trial0005648, 000600, ZIC, 1020, 24, 42.500000, ZIP, 1396, 16, 87.250000, 106, 117, 
trial0005649, 000600, ZIC, 1399, 24, 58.291667, ZIP, 1075, 16, 67.187500, 110, 116, 
trial0005650, 000600, ZIC, 886, 24, 36.916667, ZIP, 1234, 16, 77.125000, 110, 114, 
trial0005651, 000600, ZIC, 1341, 24, 55.875000, ZIP, 1253, 16, 78.312500, 104, 120, 
trial0005652, 000600, ZIC, 1427, 24, 59.458333, ZIP, 1325, 16, 82.812500, 109, 112, 
trial0005653, 000600, ZIC, 1549, 24, 64.541667, ZIP, 819, 16, 51.187500, 110, 113, 
trial0005654, 000600, ZIC, 1071, 24, 44.625000, ZIP, 1271, 16, 79.437500, 108, 113, 
trial0005655, 000600, ZIC, 1342, 24, 55.916667, ZIP, 1148, 16, 71.750000, 110, 115, 
trial0005656, 000600, ZIC, 893, 24, 37.208333, ZIP, 1047, 16, 65.437500, 110, 116, 
trial0005657, 000600, ZIC, 1131, 24, 47.125000, ZIP, 1271, 16, 79.437500, 102, 107, 
trial0005658, 000600, ZIC, 1094, 24, 45.583333, ZIP, 1470, 16, 91.875000, 106, 119, 
trial0005659, 000600, ZIC, 1116, 24, 46.500000, ZIP, 1066, 16, 66.625000, 112, 121, 
trial0005660, 000600, ZIC, 1348, 24, 56.166667, ZIP, 1046, 16, 65.375000, 107, 117, 
trial0005661, 000600, ZIC, 1102, 24, 45.916667, ZIP, 960, 16, 60.000000, 108, 116, 
trial0005662, 000600, ZIC, 1084, 24, 45.166667, ZIP, 1354, 16, 84.625000, 114, 123, 
trial0005663, 000600, ZIC, 1781, 24, 74.208333, ZIP, 701, 16, 43.812500, 103, 119, 
trial0005664, 000600, ZIC, 1264, 24, 52.666667, ZIP, 1418, 16, 88.625000, 110, 118, 
trial0005665, 000600, ZIC, 1241, 24, 51.708333, ZIP, 1033, 16, 64.562500, 110, 115, 
trial0005666, 000600, ZIC, 1387, 24, 57.791667, ZIP, 1395, 16, 87.187500, 101, 104, 
trial0005667, 000600, ZIC, 853, 24, 35.541667, ZIP, 1463, 16, 91.437500, 107, 113, 
trial0005668, 000600, ZIC, 1623, 24, 67.625000, ZIP, 827, 16, 51.687500, 109, 116, 
trial0005669, 000600, ZIC, 1160, 24, 48.333333, ZIP, 1294, 16, 80.875000, 107, 116, 
trial0005670, 000600, ZIC, 992, 24, 41.333333, ZIP, 1028, 16, 64.250000, 116, 118, 
trial0005671, 000600, ZIC, 1046, 24, 43.583333, ZIP, 1308, 16, 81.750000, 103, 111, 
trial0005672, 000600, ZIC, 934, 24, 38.916667, ZIP, 1046, 16, 65.375000, 105, 111, 
trial0005673, 000600, ZIC, 1105, 24, 46.041667, ZIP, 1333, 16, 83.312500, 113, 119, 
trial0005674, 000600, ZIC, 821, 24, 34.208333, ZIP, 1435, 16, 89.687500, 108, 111, 
trial0005675, 000600, ZIC, 1260, 24, 52.500000, ZIP, 1224, 16, 76.500000, 111, 120, 
trial0005676, 000600, ZIC, 1212, 24, 50.500000, ZIP, 1158, 16, 72.375000, 104, 116, 
trial0005677, 000600, ZIC, 1218, 24, 50.750000, ZIP, 1128, 16, 70.500000, 112, 115, 
trial0005678, 000600, ZIC, 1122, 24, 46.750000, ZIP, 1028, 16, 64.250000, 110, 117, 
trial0005679, 000600, ZIC, 952, 24, 39.666667, ZIP, 1060, 16, 66.250000, 103, 111, 
trial0005680, 000600, ZIC, 1459, 24, 60.791667, ZIP, 669, 16, 41.812500, 116, 120, 
trial0005681, 000600, ZIC, 1012, 24, 42.166667, ZIP, 1036, 16, 64.750000, 104, 117, 
trial0005682, 000600, ZIC, 1385, 24, 57.708333, ZIP, 779, 16, 48.687500, 102, 116, 
trial0005683, 000600, ZIC, 1341, 24, 55.875000, ZIP, 1029, 16, 64.312500, 108, 116, 
trial0005684, 000600, ZIC, 1513, 24, 63.041667, ZIP, 1123, 16, 70.187500, 109, 114, 
trial0005685, 000600, ZIC, 982, 24, 40.916667, ZIP, 878, 16, 54.875000, 108, 112, 
trial0005686, 000600, ZIC, 961, 24, 40.041667, ZIP, 1479, 16, 92.437500, 110, 115, 
trial0005687, 000600, ZIC, 1093, 24, 45.541667, ZIP, 1513, 16, 94.562500, 108, 113, 
trial0005688, 000600, ZIC, 1241, 24, 51.708333, ZIP, 1087, 16, 67.937500, 103, 122, 
trial0005689, 000600, ZIC, 1068, 24, 44.500000, ZIP, 1178, 16, 73.625000, 110, 111, 
trial0005690, 000600, ZIC, 1257, 24, 52.375000, ZIP, 1149, 16, 71.812500, 107, 111, 
trial0005691, 000600, ZIC, 1112, 24, 46.333333, ZIP, 1160, 16, 72.500000, 108, 122, 
trial0005692, 000600, ZIC, 1280, 24, 53.333333, ZIP, 1274, 16, 79.625000, 107, 113, 
trial0005693, 000600, ZIC, 1004, 24, 41.833333, ZIP, 1414, 16, 88.375000, 107, 113, 
trial0005694, 000600, ZIC, 1439, 24, 59.958333, ZIP, 1019, 16, 63.687500, 105, 120, 
trial0005695, 000600, ZIC, 989, 24, 41.208333, ZIP, 1275, 16, 79.687500, 103, 118, 
trial0005696, 000600, ZIC, 1140, 24, 47.500000, ZIP, 1562, 16, 97.625000, 103, 126, 
trial0005697, 000600, ZIC, 1220, 24, 50.833333, ZIP, 1086, 16, 67.875000, 106, 124, 
trial0005698, 000600, ZIC, 1141, 24, 47.541667, ZIP, 1119, 16, 69.937500, 108, 120, 
trial0005699, 000600, ZIC, 1154, 24, 48.083333, ZIP, 1292, 16, 80.750000, 113, 118, 
trial0005700, 000600, ZIC, 1229, 24, 51.208333, ZIP, 1325, 16, 82.812500, 109, 123, 
trial0005701, 000600, ZIC, 5970, 24, 248.750000, ZIP, 3366, 16, 210.375000, 139, 163, 
trial0005702, 000600, ZIC, 4784, 24, 199.333333, ZIP, 4678, 16, 292.375000, 122, 144, 
trial0005703, 000600, ZIC, 5834, 24, 243.083333, ZIP, 3244, 16, 202.750000, 132, 188, 
trial0005704, 000600, ZIC, 4181, 24, 174.208333, ZIP, 5125, 16, 320.312500, 146, 159, 
trial0005705, 000600, ZIC, 5897, 24, 245.708333, ZIP, 3883, 16, 242.687500, 137, 202, 
trial0005706, 000600, ZIC, 5405, 24, 225.208333, ZIP, 4027, 16, 251.687500, 144, 149, 
trial0005707, 000600, ZIC, 4232, 24, 176.333333, ZIP, 4870, 16, 304.375000, 152, 163, 
trial0005708, 000600, ZIC, 3804, 24, 158.500000, ZIP, 5352, 16, 334.500000, 119, 160, 
trial0005709, 000600, ZIC, 5398, 24, 224.916667, ZIP, 3758, 16, 234.875000, 145, 174, 
trial0005710, 000600, ZIC, 4578, 24, 190.750000, ZIP, 4344, 16, 271.500000, 119, 149, 
trial0005711, 000600, ZIC, 6363, 24, 265.125000, ZIP, 2895, 16, 180.937500, 127, 165, 
trial0005712, 000600, ZIC, 5298, 24, 220.750000, ZIP, 4056, 16, 253.500000, 133, 172, 
trial0005713, 000600, ZIC, 5955, 24, 248.125000, ZIP, 2829, 16, 176.812500, 144, 183, 
trial0005714, 000600, ZIC, 3896, 24, 162.333333, ZIP, 5386, 16, 336.625000, 129, 172, 
trial0005715, 000600, ZIC, 6624, 24, 276.000000, ZIP, 3066, 16, 191.625000, 132, 173, 
trial0005716, 000600, ZIC, 5173, 24, 215.541667, ZIP, 4355, 16, 272.187500, 155, 169, 
trial0005717, 000600, ZIC, 4264, 24, 177.666667, ZIP, 4790, 16, 299.375000, 146, 156, 
trial0005718, 000600, ZIC, 4565, 24, 190.208333, ZIP, 4837, 16, 302.312500, 138, 171, 
trial0005719, 000600, ZIC, 4867, 24, 202.791667, ZIP, 4253, 16, 265.812500, 158, 164, 
trial0005720, 000600, ZIC, 5306, 24, 221.083333, ZIP, 3952, 16, 247.000000, 134, 156, 
trial0005721, 000600, ZIC, 6040, 24, 251.666667, ZIP, 3158, 16, 197.375000, 139, 164, 
trial0005722, 000600, ZIC, 4393, 24, 183.041667, ZIP, 4883, 16, 305.187500, 126, 173, 
trial0005723, 000600, ZIC, 4998, 24, 208.250000, ZIP, 4116, 16, 257.250000, 138, 171, 
trial0005724, 000600, ZIC, 4135, 24, 172.291667, ZIP, 4481, 16, 280.062500, 137, 159, 
trial0005725, 000600, ZIC, 4990, 24, 207.916667, ZIP, 4772, 16, 298.250000, 134, 178, 
trial0005726, 000600, ZIC, 6157, 24, 256.541667, ZIP, 2603, 16, 162.687500, 111, 171, 
trial0005727, 000600, ZIC, 3506, 24, 146.083333, ZIP, 5284, 16, 330.250000, 144, 156, 
trial0005728, 000600, ZIC, 3887, 24, 161.958333, ZIP, 5317, 16, 332.312500, 129, 162, 
trial0005729, 000600, ZIC, 4530, 24, 188.750000, ZIP, 4578, 16, 286.125000, 150, 165, 
trial0005730, 000600, ZIC, 5393, 24, 224.708333, ZIP, 4045, 16, 252.812500, 124, 161, 
trial0005731, 000600, ZIC, 4632, 24, 193.000000, ZIP, 4692, 16, 293.250000, 137, 166, 
trial0005732, 000600, ZIC, 4505, 24, 187.708333, ZIP, 5023, 16, 313.937500, 146, 153, 
trial0005733, 000600, ZIC, 5074, 24, 211.416667, ZIP, 3956, 16, 247.250000, 122, 130, 
trial0005734, 000600, ZIC, 5673, 24, 236.375000, ZIP, 3825, 16, 239.062500, 138, 166, 
trial0005735, 000600, ZIC, 4869, 24, 202.875000, ZIP, 4509, 16, 281.812500, 127, 174, 
trial0005736, 000600, ZIC, 4432, 24, 184.666667, ZIP, 4880, 16, 305.000000, 155, 161, 
trial0005737, 000600, ZIC, 4361, 24, 181.708333, ZIP, 4399, 16, 274.937500, 138, 145, 
trial0005738, 000600, ZIC, 5835, 24, 243.125000, ZIP, 3225, 16, 201.562500, 150, 184, 
trial0005739, 000600, ZIC, 5631, 24, 234.625000, ZIP, 3465, 16, 216.562500, 134, 165, 
trial0005740, 000600, ZIC, 4315, 24, 179.791667, ZIP, 5345, 16, 334.062500, 117, 171, 
trial0005741, 000600, ZIC, 4495, 24, 187.291667, ZIP, 5201, 16, 325.062500, 151, 159, 
trial0005742, 000600, ZIC, 2788, 24, 116.166667, ZIP, 6362, 16, 397.625000, 150, 171, 
trial0005743, 000600, ZIC, 3131, 24, 130.458333, ZIP, 5731, 16, 358.187500, 158, 176, 
trial0005744, 000600, ZIC, 5602, 24, 233.416667, ZIP, 3620, 16, 226.250000, 161, 171, 
trial0005745, 000600, ZIC, 3933, 24, 163.875000, ZIP, 5433, 16, 339.562500, 164, 194, 
trial0005746, 000600, ZIC, 4993, 24, 208.041667, ZIP, 4367, 16, 272.937500, 134, 161, 
trial0005747, 000600, ZIC, 5111, 24, 212.958333, ZIP, 4285, 16, 267.812500, 131, 196, 
trial0005748, 000600, ZIC, 6665, 24, 277.708333, ZIP, 1939, 16, 121.187500, 127, 180, 
trial0005749, 000600, ZIC, 3913, 24, 163.041667, ZIP, 5099, 16, 318.687500, 130, 166, 
trial0005750, 000600, ZIC, 4191, 24, 174.625000, ZIP, 5379, 16, 336.187500, 146, 158, 
trial0005751, 000600, ZIC, 5620, 24, 234.166667, ZIP, 3248, 16, 203.000000, 134, 190, 
trial0005752, 000600, ZIC, 4775, 24, 198.958333, ZIP, 4945, 16, 309.062500, 126, 190, 
trial0005753, 000600, ZIC, 5662, 24, 235.916667, ZIP, 3836, 16, 239.750000, 119, 134, 
trial0005754, 000600, ZIC, 4606, 24, 191.916667, ZIP, 4922, 16, 307.625000, 128, 159, 
trial0005755, 000600, ZIC, 4721, 24, 196.708333, ZIP, 4687, 16, 292.937500, 147, 154, 
trial0005756, 000600, ZIC, 5502, 24, 229.250000, ZIP, 3306, 16, 206.625000, 150, 182, 
trial0005757, 000600, ZIC, 5108, 24, 212.833333, ZIP, 3340, 16, 208.750000, 143, 150, 
trial0005758, 000600, ZIC, 4707, 24, 196.125000, ZIP, 4641, 16, 290.062500, 130, 159, 
trial0005759, 000600, ZIC, 5184, 24, 216.000000, ZIP, 4122, 16, 257.625000, 145, 152, 
trial0005760, 000600, ZIC, 4972, 24, 207.166667, ZIP, 4370, 16, 273.125000, 145, 180, 
trial0005761, 000600, ZIC, 5234, 24, 218.083333, ZIP, 3940, 16, 246.250000, 140, 153, 
trial0005762, 000600, ZIC, 5877, 24, 244.875000, ZIP, 3441, 16, 215.062500, 148, 170, 
trial0005763, 000600, ZIC, 4316, 24, 179.833333, ZIP, 4558, 16, 284.875000, 116, 160, 
trial0005764, 000600, ZIC, 7072, 24, 294.666667, ZIP, 1586, 16, 99.125000, 114, 171, 
trial0005765, 000600, ZIC, 5756, 24, 239.833333, ZIP, 3838, 16, 239.875000, 143, 186, 
trial0005766, 000600, ZIC, 4346, 24, 181.083333, ZIP, 4804, 16, 300.250000, 147, 152, 
trial0005767, 000600, ZIC, 4945, 24, 206.041667, ZIP, 4451, 16, 278.187500, 139, 163, 
trial0005768, 000600, ZIC, 3760, 24, 156.666667, ZIP, 6002, 16, 375.125000, 149, 156, 
trial0005769, 000600, ZIC, 5469, 24, 227.875000, ZIP, 4539, 16, 283.687500, 122, 196, 
trial0005770, 000600, ZIC, 5814, 24, 242.250000, ZIP, 3072, 16, 192.000000, 119, 152, 
trial0005771, 000600, ZIC, 3743, 24, 155.958333, ZIP, 5731, 16, 358.187500, 151, 158, 
trial0005772, 000600, ZIC, 4278, 24, 178.250000, ZIP, 5052, 16, 315.750000, 145, 148, 
trial0005773, 000600, ZIC, 5932, 24, 247.166667, ZIP, 3656, 16, 228.500000, 135, 160, 
trial0005774, 000600, ZIC, 4993, 24, 208.041667, ZIP, 3959, 16, 247.437500, 122, 166, 
trial0005775, 000600, ZIC, 3653, 24, 152.208333, ZIP, 5461, 16, 341.312500, 115, 156, 
trial0005776, 000600, ZIC, 5226, 24, 217.750000, ZIP, 4182, 16, 261.375000, 115, 139, 
trial0005777, 000600, ZIC, 5307, 24, 221.125000, ZIP, 3807, 16, 237.937500, 135, 142, 
trial0005778, 000600, ZIC, 6151, 24, 256.291667, ZIP, 2789, 16, 174.312500, 134, 139, 
trial0005779, 000600, ZIC, 5537, 24, 230.708333, ZIP, 3313, 16, 207.062500, 127, 129, 
trial0005780, 000600, ZIC, 4123, 24, 171.791667, ZIP, 5327, 16, 332.937500, 152, 153, 
trial0005781, 000600, ZIC, 5230, 24, 217.916667, ZIP, 3686, 16, 230.375000, 134, 171, 
trial0005782, 000600, ZIC, 4645, 24, 193.541667, ZIP, 4499, 16, 281.187500, 143, 165, 
trial0005783, 000600, ZIC, 5220, 24, 217.500000, ZIP, 4326, 16, 270.375000, 126, 161, 
trial0005784, 000600, ZIC, 4545, 24, 189.375000, ZIP, 4905, 16, 306.562500, 135, 189, 
trial0005785, 000600, ZIC, 4278, 24, 178.250000, ZIP, 4920, 16, 307.500000, 120, 157, 
trial0005786, 000600, ZIC, 4885, 24, 203.541667, ZIP, 4913, 16, 307.062500, 122, 171, 
trial0005787, 000600, ZIC, 7084, 24, 295.166667, ZIP, 2072, 16, 129.500000, 140, 165, 
trial0005788, 000600, ZIC, 4006, 24, 166.916667, ZIP, 4670, 16, 291.875000, 150, 154, 
trial0005789, 000600, ZIC, 4674, 24, 194.750000, ZIP, 4872, 16, 304.500000, 124, 178, 
trial0005790, 000600, ZIC, 6622, 24, 275.916667, ZIP, 2948, 16, 184.250000, 132, 154, 
trial0005791, 000600, ZIC, 5775, 24, 240.625000, ZIP, 3765, 16, 235.312500, 139, 164, 
trial0005792, 000600, ZIC, 4195, 24, 174.791667, ZIP, 4619, 16, 288.687500, 152, 158, 
trial0005793, 000600, ZIC, 5266, 24, 219.416667, ZIP, 4472, 16, 279.500000, 131, 160, 
trial0005794, 000600, ZIC, 5002, 24, 208.416667, ZIP, 4466, 16, 279.125000, 143, 156, 
trial0005795, 000600, ZIC, 6935, 24, 288.958333, ZIP, 2389, 16, 149.312500, 128, 164, 
trial0005796, 000600, ZIC, 5542, 24, 230.916667, ZIP, 3902, 16, 243.875000, 139, 159, 
trial0005797, 000600, ZIC, 4901, 24, 204.208333, ZIP, 4723, 16, 295.187500, 146, 153, 
trial0005798, 000600, ZIC, 6339, 24, 264.125000, ZIP, 3009, 16, 188.062500, 127, 167, 
trial0005799, 000600, ZIC, 3667, 24, 152.791667, ZIP, 5039, 16, 314.937500, 142, 155, 
trial0005800, 000600, ZIC, 5450, 24, 227.083333, ZIP, 3820, 16, 238.750000, 139, 160, 
trial0005801, 000600, ZIC, 3736, 24, 155.666667, ZIP, 2188, 16, 136.750000, 173, 189, 
trial0005802, 000600, ZIC, 2672, 24, 111.333333, ZIP, 2640, 16, 165.000000, 160, 207, 
trial0005803, 000600, ZIC, 3301, 24, 137.541667, ZIP, 1959, 16, 122.437500, 180, 186, 
trial0005804, 000600, ZIC, 3807, 24, 158.625000, ZIP, 2125, 16, 132.812500, 164, 189, 
trial0005805, 000600, ZIC, 1759, 24, 73.291667, ZIP, 3957, 16, 247.312500, 185, 192, 
trial0005806, 000600, ZIC, 2897, 24, 120.708333, ZIP, 2655, 16, 165.937500, 158, 172, 
trial0005807, 000600, ZIC, 3160, 24, 131.666667, ZIP, 2340, 16, 146.250000, 172, 185, 
trial0005808, 000600, ZIC, 3092, 24, 128.833333, ZIP, 2708, 16, 169.250000, 180, 183, 
trial0005809, 000600, ZIC, 3446, 24, 143.583333, ZIP, 2194, 16, 137.125000, 156, 196, 
trial0005810, 000600, ZIC, 3029, 24, 126.208333, ZIP, 3135, 16, 195.937500, 175, 189, 
trial0005811, 000600, ZIC, 4010, 24, 167.083333, ZIP, 1534, 16, 95.875000, 173, 193, 
trial0005812, 000600, ZIC, 2874, 24, 119.750000, ZIP, 2666, 16, 166.625000, 166, 189, 
trial0005813, 000600, ZIC, 2934, 24, 122.250000, ZIP, 2806, 16, 175.375000, 183, 194, 
trial0005814, 000600, ZIC, 2468, 24, 102.833333, ZIP, 3468, 16, 216.750000, 164, 182, 
trial0005815, 000600, ZIC, 3131, 24, 130.458333, ZIP, 2457, 16, 153.562500, 168, 220, 
trial0005816, 000600, ZIC, 3663, 24, 152.625000, ZIP, 2325, 16, 145.312500, 181, 184, 
trial0005817, 000600, ZIC, 3001, 24, 125.041667, ZIP, 2579, 16, 161.187500, 172, 197, 
trial0005818, 000600, ZIC, 3336, 24, 139.000000, ZIP, 2192, 16, 137.000000, 167, 206, 
trial0005819, 000600, ZIC, 2970, 24, 123.750000, ZIP, 2886, 16, 180.375000, 176, 185, 
trial0005820, 000600, ZIC, 2794, 24, 116.416667, ZIP, 2878, 16, 179.875000, 183, 194, 
trial0005821, 000600, ZIC, 3112, 24, 129.666667, ZIP, 2404, 16, 150.250000, 166, 178, 
trial0005822, 000600, ZIC, 2964, 24, 123.500000, ZIP, 2852, 16, 178.250000, 176, 185, 
trial0005823, 000600, ZIC, 3157, 24, 131.541667, ZIP, 2287, 16, 142.937500, 155, 193, 
trial0005824, 000600, ZIC, 3387, 24, 141.125000, ZIP, 2221, 16, 138.812500, 167, 202, 
trial0005825, 000600, ZIC, 3186, 24, 132.750000, ZIP, 2430, 16, 151.875000, 168, 193, 
trial0005826, 000600, ZIC, 3291, 24, 137.125000, ZIP, 2225, 16, 139.062500, 168, 188, 
trial0005827, 000600, ZIC, 2656, 24, 110.666667, ZIP, 2936, 16, 183.500000, 160, 189, 
trial0005828, 000600, ZIC, 3020, 24, 125.833333, ZIP, 2432, 16, 152.000000, 153, 195, 
trial0005829, 000600, ZIC, 2734, 24, 113.916667, ZIP, 2782, 16, 173.875000, 174, 182, 
trial0005830, 000600, ZIC, 3431, 24, 142.958333, ZIP, 2653, 16, 165.812500, 168, 203, 
trial0005831, 000600, ZIC, 3532, 24, 147.166667, ZIP, 2256, 16, 141.000000, 163, 193, 
trial0005832, 000600, ZIC, 4057, 24, 169.041667, ZIP, 1919, 16, 119.937500, 172, 189, 
trial0005833, 000600, ZIC, 2606, 24, 108.583333, ZIP, 2670, 16, 166.875000, 176, 186, 
trial0005834, 000600, ZIC, 3040, 24, 126.666667, ZIP, 3188, 16, 199.250000, 164, 193, 
trial0005835, 000600, ZIC, 3108, 24, 129.500000, ZIP, 2144, 16, 134.000000, 184, 193, 
trial0005836, 000600, ZIC, 3311, 24, 137.958333, ZIP, 2545, 16, 159.062500, 175, 189, 
trial0005837, 000600, ZIC, 1968, 24, 82.000000, ZIP, 3356, 16, 209.750000, 184, 194, 
trial0005838, 000600, ZIC, 2007, 24, 83.625000, ZIP, 3377, 16, 211.062500, 171, 198, 
trial0005839, 000600, ZIC, 3400, 24, 141.666667, ZIP, 2160, 16, 135.000000, 178, 188, 
trial0005840, 000600, ZIC, 3680, 24, 153.333333, ZIP, 2192, 16, 137.000000, 178, 189, 
trial0005841, 000600, ZIC, 2777, 24, 115.708333, ZIP, 2739, 16, 171.187500, 176, 178, 
trial0005842, 000600, ZIC, 3586, 24, 149.416667, ZIP, 2638, 16, 164.875000, 152, 165, 
trial0005843, 000600, ZIC, 2322, 24, 96.750000, ZIP, 3846, 16, 240.375000, 170, 173, 
trial0005844, 000600, ZIC, 3087, 24, 128.625000, ZIP, 2377, 16, 148.562500, 176, 202, 
trial0005845, 000600, ZIC, 2788, 24, 116.166667, ZIP, 2732, 16, 170.750000, 167, 185, 
trial0005846, 000600, ZIC, 3760, 24, 156.666667, ZIP, 2252, 16, 140.750000, 172, 185, 
trial0005847, 000600, ZIC, 3357, 24, 139.875000, ZIP, 2107, 16, 131.687500, 160, 202, 
trial0005848, 000600, ZIC, 3434, 24, 143.083333, ZIP, 2306, 16, 144.125000, 166, 201, 
trial0005849, 000600, ZIC, 2758, 24, 114.916667, ZIP, 3146, 16, 196.625000, 179, 187, 
trial0005850, 000600, ZIC, 2896, 24, 120.666667, ZIP, 3148, 16, 196.750000, 163, 208, 
trial0005851, 000600, ZIC, 2616, 24, 109.000000, ZIP, 2948, 16, 184.250000, 175, 181, 
trial0005852, 000600, ZIC, 3309, 24, 137.875000, ZIP, 2487, 16, 155.437500, 172, 186, 
trial0005853, 000600, ZIC, 2089, 24, 87.041667, ZIP, 3207, 16, 200.437500, 181, 185, 
trial0005854, 000600, ZIC, 3156, 24, 131.500000, ZIP, 2604, 16, 162.750000, 168, 195, 
trial0005855, 000600, ZIC, 2630, 24, 109.583333, ZIP, 3526, 16, 220.375000, 174, 185, 
trial0005856, 000600, ZIC, 2575, 24, 107.291667, ZIP, 3305, 16, 206.562500, 164, 198, 
trial0005857, 000600, ZIC, 3516, 24, 146.500000, ZIP, 1952, 16, 122.000000, 172, 198, 
trial0005858, 000600, ZIC, 2765, 24, 115.208333, ZIP, 2707, 16, 169.187500, 176, 184, 
trial0005859, 000600, ZIC, 2541, 24, 105.875000, ZIP, 2919, 16, 182.437500, 173, 183, 
trial0005860, 000600, ZIC, 2775, 24, 115.625000, ZIP, 3053, 16, 190.812500, 179, 192, 
trial0005861, 000600, ZIC, 3521, 24, 146.708333, ZIP, 1939, 16, 121.187500, 169, 186, 
trial0005862, 000600, ZIC, 3890, 24, 162.083333, ZIP, 1414, 16, 88.375000, 167, 197, 
trial0005863, 000600, ZIC, 3826, 24, 159.416667, ZIP, 1942, 16, 121.375000, 157, 196, 
trial0005864, 000600, ZIC, 3773, 24, 157.208333, ZIP, 1583, 16, 98.937500, 172, 180, 
trial0005865, 000600, ZIC, 2491, 24, 103.791667, ZIP, 3205, 16, 200.312500, 151, 193, 
trial0005866, 000600, ZIC, 3615, 24, 150.625000, ZIP, 2425, 16, 151.562500, 171, 195, 
trial0005867, 000600, ZIC, 2444, 24, 101.833333, ZIP, 3192, 16, 199.500000, 161, 206, 
trial0005868, 000600, ZIC, 3148, 24, 131.166667, ZIP, 2772, 16, 173.250000, 172, 197, 
trial0005869, 000600, ZIC, 3049, 24, 127.041667, ZIP, 2843, 16, 177.687500, 176, 193, 
trial0005870, 000600, ZIC, 2060, 24, 85.833333, ZIP, 2976, 16, 186.000000, 168, 177, 
trial0005871, 000600, ZIC, 2396, 24, 99.833333, ZIP, 3052, 16, 190.750000, 172, 178, 
trial0005872, 000600, ZIC, 2443, 24, 101.791667, ZIP, 3381, 16, 211.312500, 172, 189, 
trial0005873, 000600, ZIC, 2706, 24, 112.750000, ZIP, 2798, 16, 174.875000, 156, 194, 
trial0005874, 000600, ZIC, 3053, 24, 127.208333, ZIP, 2703, 16, 168.937500, 167, 193, 
trial0005875, 000600, ZIC, 3234, 24, 134.750000, ZIP, 2146, 16, 134.125000, 172, 181, 
trial0005876, 000600, ZIC, 3183, 24, 132.625000, ZIP, 1813, 16, 113.312500, 160, 203, 
trial0005877, 000600, ZIC, 3123, 24, 130.125000, ZIP, 2365, 16, 147.812500, 160, 189, 
trial0005878, 000600, ZIC, 2049, 24, 85.375000, ZIP, 3031, 16, 189.437500, 172, 186, 
trial0005879, 000600, ZIC, 2243, 24, 93.458333, ZIP, 3713, 16, 232.062500, 167, 188, 
trial0005880, 000600, ZIC, 2922, 24, 121.750000, ZIP, 2822, 16, 176.375000, 153, 178, 
trial0005881, 000600, ZIC, 2557, 24, 106.541667, ZIP, 2751, 16, 171.937500, 170, 190, 
trial0005882, 000600, ZIC, 3567, 24, 148.625000, ZIP, 2441, 16, 152.562500, 164, 184, 
trial0005883, 000600, ZIC, 2913, 24, 121.375000, ZIP, 2691, 16, 168.187500, 164, 166, 
trial0005884, 000600, ZIC, 2966, 24, 123.583333, ZIP, 2666, 16, 166.625000, 176, 201, 
trial0005885, 000600, ZIC, 3350, 24, 139.583333, ZIP, 2438, 16, 152.375000, 160, 182, 
trial0005886, 000600, ZIC, 2803, 24, 116.791667, ZIP, 2917, 16, 182.312500, 162, 185, 
trial0005887, 000600, ZIC, 2562, 24, 106.750000, ZIP, 3114, 16, 194.625000, 186, 193, 
trial0005888, 000600, ZIC, 3282, 24, 136.750000, ZIP, 1914, 16, 119.625000, 151, 191, 
trial0005889, 000600, ZIC, 3319, 24, 138.291667, ZIP, 2917, 16, 182.312500, 178, 181, 
trial0005890, 000600, ZIC, 2981, 24, 124.208333, ZIP, 2423, 16, 151.437500, 161, 189, 
trial0005891, 000600, ZIC, 3462, 24, 144.250000, ZIP, 2526, 16, 157.875000, 170, 190, 
trial0005892, 000600, ZIC, 3529, 24, 147.041667, ZIP, 2255, 16, 140.937500, 160, 198, 
trial0005893, 000600, ZIC, 2432, 24, 101.333333, ZIP, 3436, 16, 214.750000, 167, 209, 
trial0005894, 000600, ZIC, 2413, 24, 100.541667, ZIP, 3315, 16, 207.187500, 165, 186, 
trial0005895, 000600, ZIC, 4004, 24, 166.833333, ZIP, 1520, 16, 95.000000, 176, 185, 
trial0005896, 000600, ZIC, 2973, 24, 123.875000, ZIP, 3183, 16, 198.937500, 177, 184, 
trial0005897, 000600, ZIC, 3325, 24, 138.541667, ZIP, 2331, 16, 145.687500, 164, 184, 
trial0005898, 000600, ZIC, 3124, 24, 130.166667, ZIP, 2672, 16, 167.000000, 163, 201, 
trial0005899, 000600, ZIC, 3155, 24, 131.458333, ZIP, 2961, 16, 185.062500, 172, 179, 
trial0005900, 000600, ZIC, 2864, 24, 119.333333, ZIP, 2520, 16, 157.500000, 172, 183, 
trial0005901, 000600, ZIC, 6836, 24, 284.833333, ZIP, 4343, 16, 271.437500, 155, 184, 
trial0005902, 000600, ZIC, 7536, 24, 314.000000, ZIP, 3545, 16, 221.562500, 141, 165, 
trial0005903, 000600, ZIC, 7031, 24, 292.958333, ZIP, 4358, 16, 272.375000, 136, 213, 
trial0005904, 000600, ZIC, 5561, 24, 231.708333, ZIP, 5331, 16, 333.187500, 134, 173, 
trial0005905, 000600, ZIC, 5931, 24, 247.125000, ZIP, 5059, 16, 316.187500, 128, 133, 
trial0005906, 000600, ZIC, 7135, 24, 297.291667, ZIP, 3813, 16, 238.312500, 141, 153, 
trial0005907, 000600, ZIC, 5990, 24, 249.583333, ZIP, 4433, 16, 277.062500, 105, 184, 
trial0005908, 000600, ZIC, 5004, 24, 208.500000, ZIP, 5986, 16, 374.125000, 151, 163, 
trial0005909, 000600, ZIC, 5682, 24, 236.750000, ZIP, 5539, 16, 346.187500, 128, 177, 
trial0005910, 000600, ZIC, 7705, 24, 321.041667, ZIP, 3166, 16, 197.875000, 147, 182, 
trial0005911, 000600, ZIC, 4477, 24, 186.541667, ZIP, 5855, 16, 365.937500, 169, 172, 
trial0005912, 000600, ZIC, 6261, 24, 260.875000, ZIP, 5023, 16, 313.937500, 116, 177, 
trial0005913, 000600, ZIC, 6071, 24, 252.958333, ZIP, 5276, 16, 329.750000, 132, 195, 
trial0005914, 000600, ZIC, 6092, 24, 253.833333, ZIP, 4653, 16, 290.812500, 125, 163, 
trial0005915, 000600, ZIC, 5467, 24, 227.791667, ZIP, 5341, 16, 333.812500, 124, 167, 
trial0005916, 000600, ZIC, 5131, 24, 213.791667, ZIP, 6496, 16, 406.000000, 126, 184, 
trial0005917, 000600, ZIC, 4645, 24, 193.541667, ZIP, 6310, 16, 394.375000, 157, 172, 
trial0005918, 000600, ZIC, 6467, 24, 269.458333, ZIP, 4572, 16, 285.750000, 133, 185, 
trial0005919, 000600, ZIC, 6368, 24, 265.333333, ZIP, 5630, 16, 351.875000, 148, 164, 
trial0005920, 000600, ZIC, 4967, 24, 206.958333, ZIP, 6611, 16, 413.187500, 144, 180, 
trial0005921, 000600, ZIC, 4860, 24, 202.500000, ZIP, 5934, 16, 370.875000, 133, 171, 
trial0005922, 000600, ZIC, 5848, 24, 243.666667, ZIP, 5933, 16, 370.812500, 155, 167, 
trial0005923, 000600, ZIC, 6214, 24, 258.916667, ZIP, 5357, 16, 334.812500, 132, 171, 
trial0005924, 000600, ZIC, 5005, 24, 208.541667, ZIP, 6391, 16, 399.437500, 154, 179, 
trial0005925, 000600, ZIC, 5702, 24, 237.583333, ZIP, 6009, 16, 375.562500, 121, 178, 
trial0005926, 000600, ZIC, 4744, 24, 197.666667, ZIP, 5511, 16, 344.437500, 128, 192, 
trial0005927, 000600, ZIC, 7272, 24, 303.000000, ZIP, 3592, 16, 224.500000, 141, 153, 
trial0005928, 000600, ZIC, 7263, 24, 302.625000, ZIP, 3839, 16, 239.937500, 134, 165, 
trial0005929, 000600, ZIC, 6133, 24, 255.541667, ZIP, 4549, 16, 284.312500, 131, 178, 
trial0005930, 000600, ZIC, 5294, 24, 220.583333, ZIP, 6221, 16, 388.812500, 141, 185, 
trial0005931, 000600, ZIC, 7608, 24, 317.000000, ZIP, 3732, 16, 233.250000, 141, 155, 
trial0005932, 000600, ZIC, 6636, 24, 276.500000, ZIP, 4375, 16, 273.437500, 132, 139, 
trial0005933, 000600, ZIC, 7204, 24, 300.166667, ZIP, 3394, 16, 212.125000, 161, 173, 
trial0005934, 000600, ZIC, 5616, 24, 234.000000, ZIP, 5479, 16, 342.437500, 147, 176, 
trial0005935, 000600, ZIC, 6164, 24, 256.833333, ZIP, 4672, 16, 292.000000, 125, 200, 
trial0005936, 000600, ZIC, 6184, 24, 257.666667, ZIP, 5205, 16, 325.312500, 133, 188, 
trial0005937, 000600, ZIC, 5169, 24, 215.375000, ZIP, 5338, 16, 333.625000, 139, 161, 
trial0005938, 000600, ZIC, 6768, 24, 282.000000, ZIP, 4950, 16, 309.375000, 134, 184, 
trial0005939, 000600, ZIC, 6988, 24, 291.166667, ZIP, 4366, 16, 272.875000, 148, 198, 
trial0005940, 000600, ZIC, 4951, 24, 206.291667, ZIP, 6480, 16, 405.000000, 141, 178, 
trial0005941, 000600, ZIC, 6882, 24, 286.750000, ZIP, 4458, 16, 278.625000, 125, 186, 
trial0005942, 000600, ZIC, 5841, 24, 243.375000, ZIP, 5240, 16, 327.500000, 144, 177, 
trial0005943, 000600, ZIC, 4215, 24, 175.625000, ZIP, 6579, 16, 411.187500, 141, 205, 
trial0005944, 000600, ZIC, 7136, 24, 297.333333, ZIP, 3385, 16, 211.562500, 134, 208, 
trial0005945, 000600, ZIC, 4664, 24, 194.333333, ZIP, 6970, 16, 435.625000, 127, 196, 
trial0005946, 000600, ZIC, 5690, 24, 237.083333, ZIP, 5741, 16, 358.812500, 142, 170, 
trial0005947, 000600, ZIC, 6993, 24, 291.375000, ZIP, 4522, 16, 282.625000, 113, 174, 
trial0005948, 000600, ZIC, 7014, 24, 292.250000, ZIP, 3402, 16, 212.625000, 111, 194, 
trial0005949, 000600, ZIC, 4505, 24, 187.708333, ZIP, 5330, 16, 333.125000, 160, 184, 
trial0005950, 000600, ZIC, 5742, 24, 239.250000, ZIP, 5136, 16, 321.000000, 127, 198, 
trial0005951, 000600, ZIC, 5594, 24, 233.083333, ZIP, 5473, 16, 342.062500, 155, 200, 
trial0005952, 000600, ZIC, 5861, 24, 244.208333, ZIP, 5724, 16, 357.750000, 129, 210, 
trial0005953, 000600, ZIC, 5473, 24, 228.041667, ZIP, 5895, 16, 368.437500, 140, 184, 
trial0005954, 000600, ZIC, 5960, 24, 248.333333, ZIP, 5401, 16, 337.562500, 134, 200, 
trial0005955, 000600, ZIC, 7573, 24, 315.541667, ZIP, 3032, 16, 189.500000, 141, 184, 
trial0005956, 000600, ZIC, 7807, 24, 325.291667, ZIP, 3281, 16, 205.062500, 122, 211, 
trial0005957, 000600, ZIC, 4535, 24, 188.958333, ZIP, 6462, 16, 403.875000, 149, 167, 
trial0005958, 000600, ZIC, 6164, 24, 256.833333, ZIP, 4931, 16, 308.187500, 133, 191, 
trial0005959, 000600, ZIC, 4506, 24, 187.750000, ZIP, 7219, 16, 451.187500, 155, 163, 
trial0005960, 000600, ZIC, 5624, 24, 234.333333, ZIP, 5373, 16, 335.812500, 135, 159, 
trial0005961, 000600, ZIC, 5995, 24, 249.791667, ZIP, 4904, 16, 306.500000, 132, 169, 
trial0005962, 000600, ZIC, 6094, 24, 253.916667, ZIP, 5603, 16, 350.187500, 148, 169, 
trial0005963, 000600, ZIC, 5797, 24, 241.541667, ZIP, 5312, 16, 332.000000, 109, 192, 
trial0005964, 000600, ZIC, 6432, 24, 268.000000, ZIP, 5062, 16, 316.375000, 140, 177, 
trial0005965, 000600, ZIC, 6484, 24, 270.166667, ZIP, 4051, 16, 253.187500, 146, 178, 
trial0005966, 000600, ZIC, 6235, 24, 259.791667, ZIP, 5245, 16, 327.812500, 120, 147, 
trial0005967, 000600, ZIC, 5522, 24, 230.083333, ZIP, 5335, 16, 333.437500, 151, 164, 
trial0005968, 000600, ZIC, 7117, 24, 296.541667, ZIP, 4118, 16, 257.375000, 140, 178, 
trial0005969, 000600, ZIC, 6301, 24, 262.541667, ZIP, 5123, 16, 320.187500, 135, 171, 
trial0005970, 000600, ZIC, 7275, 24, 303.125000, ZIP, 3848, 16, 240.500000, 140, 187, 
trial0005971, 000600, ZIC, 7461, 24, 310.875000, ZIP, 3956, 16, 247.250000, 148, 172, 
trial0005972, 000600, ZIC, 5927, 24, 246.958333, ZIP, 4860, 16, 303.750000, 145, 186, 
trial0005973, 000600, ZIC, 5693, 24, 237.208333, ZIP, 5878, 16, 367.375000, 139, 178, 
trial0005974, 000600, ZIC, 8237, 24, 343.208333, ZIP, 3068, 16, 191.750000, 139, 171, 
trial0005975, 000600, ZIC, 8287, 24, 345.291667, ZIP, 2535, 16, 158.437500, 127, 199, 
trial0005976, 000600, ZIC, 8039, 24, 334.958333, ZIP, 2573, 16, 160.812500, 138, 173, 
trial0005977, 000600, ZIC, 7247, 24, 301.958333, ZIP, 3736, 16, 233.500000, 127, 174, 
trial0005978, 000600, ZIC, 7264, 24, 302.666667, ZIP, 4293, 16, 268.312500, 119, 191, 
trial0005979, 000600, ZIC, 5353, 24, 223.041667, ZIP, 6449, 16, 403.062500, 163, 167, 
trial0005980, 000600, ZIC, 6327, 24, 263.625000, ZIP, 4418, 16, 276.125000, 126, 191, 
trial0005981, 000600, ZIC, 4993, 24, 208.041667, ZIP, 6165, 16, 385.312500, 156, 162, 
trial0005982, 000600, ZIC, 5628, 24, 234.500000, ZIP, 6041, 16, 377.562500, 127, 205, 
trial0005983, 000600, ZIC, 6010, 24, 250.416667, ZIP, 5610, 16, 350.625000, 140, 180, 
trial0005984, 000600, ZIC, 5904, 24, 246.000000, ZIP, 5821, 16, 363.812500, 158, 198, 
trial0005985, 000600, ZIC, 6065, 24, 252.708333, ZIP, 4967, 16, 310.437500, 145, 186, 
trial0005986, 000600, ZIC, 5165, 24, 215.208333, ZIP, 5860, 16, 366.250000, 120, 201, 
trial0005987, 000600, ZIC, 7448, 24, 310.333333, ZIP, 3423, 16, 213.937500, 122, 183, 
trial0005988, 000600, ZIC, 6283, 24, 261.791667, ZIP, 4679, 16, 292.437500, 155, 168, 
trial0005989, 000600, ZIC, 7320, 24, 305.000000, ZIP, 3698, 16, 231.125000, 134, 178, 
trial0005990, 000600, ZIC, 6540, 24, 272.500000, ZIP, 4793, 16, 299.562500, 115, 186, 
trial0005991, 000600, ZIC, 5503, 24, 229.291667, ZIP, 5368, 16, 335.500000, 146, 156, 
trial0005992, 000600, ZIC, 6306, 24, 262.750000, ZIP, 5265, 16, 329.062500, 154, 168, 
trial0005993, 000600, ZIC, 5728, 24, 238.666667, ZIP, 5766, 16, 360.375000, 126, 166, 
trial0005994, 000600, ZIC, 6656, 24, 277.333333, ZIP, 4390, 16, 274.375000, 144, 200, 
trial0005995, 000600, ZIC, 4993, 24, 208.041667, ZIP, 6277, 16, 392.312500, 127, 169, 
trial0005996, 000600, ZIC, 4786, 24, 199.416667, ZIP, 6218, 16, 388.625000, 148, 192, 
trial0005997, 000600, ZIC, 7297, 24, 304.041667, ZIP, 3833, 16, 239.562500, 147, 199, 
trial0005998, 000600, ZIC, 7444, 24, 310.166667, ZIP, 3721, 16, 232.562500, 141, 177, 
trial0005999, 000600, ZIC, 5488, 24, 228.666667, ZIP, 5537, 16, 346.062500, 153, 156, 
trial0006000, 000600, ZIC, 6673, 24, 278.041667, ZIP, 4485, 16, 280.312500, 134, 188, 
